model,method,bench,case,efficacy_rate_pre,efficacy_rate_post,efficacy_magnitude_pre,efficacy_magnitude_post,efficacy_log_magnitude_pre,efficacy_log_magnitude_post,generalisation_rate_pre,generalisation_rate_post,generalisation_magnitude_pre,generalisation_magnitude_post,generalisation_log_magnitude_pre,generalisation_log_magnitude_post,specificity_rate_pre,specificity_rate_post,specificity_magnitude_pre,specificity_magnitude_post,specificity_log_magnitude_pre,specificity_log_magnitude_post
gpt2-xl,alphaedit,counterfact,11983,0.0,1.0,-0.035034467206226785,0.9563056073695876,-2.203125,18.455322265625,0.0,1.0,-0.028673716851927166,0.6816275533318232,-2.828125,18.47998046875,0.1,0.3,-0.05226381362812356,-0.03025912558772262,-2.9,-1.08203125
gpt2-xl,alphaedit,counterfact,13602,0.0,1.0,-0.34097088986750385,0.994441050731595,-5.1796875,10.80694580078125,0.0,1.0,-0.23452253641349685,0.4281149239158159,-3.125,5.35302734375,0.1,0.1,-0.06303524984020961,-0.0679291816199363,-2.7609375,-2.55234375
gpt2-xl,alphaedit,counterfact,15471,0.0,1.0,-0.38282174221897797,0.9881080336332567,-3.38671875,14.863037109375,0.0,1.0,-0.005167339495487418,0.07146879691044092,-3.234375,11.2265625,0.2,0.7,0.005386846049748541,0.048112470005535084,-2.15,2.30078125
gpt2-xl,alphaedit,counterfact,4190,0.0,1.0,-0.0001370159167991621,0.9386932184401363,-2.0,8.18701171875,0.0,1.0,-0.0022561344350142164,0.26910270422265586,-1.828125,5.994140625,0.2,0.2,-0.0001988198951367333,-0.00027389913202785146,-1.459375,-1.178125
gpt2-xl,alphaedit,counterfact,2414,0.0,1.0,-9.661210218331326e-07,0.9906446205307364,-0.375,20.1156005859375,0.0,1.0,-0.0001960743391723173,0.36686658304838604,-2.765625,16.935546875,0.7,0.9,0.00016030153640752626,0.00019849808645540666,1.546875,1.784375
gpt2-xl,alphaedit,counterfact,11701,0.0,1.0,-0.24289220444183754,0.9916730267852377,-6.8359375,17.74163818359375,0.0,1.0,-0.0022547688772528098,0.21167224584776037,-3.953125,5.3828125,0.1,0.2,0.001248769269764582,0.0050926167213411425,-0.9328125,-0.534375
gpt2-xl,alphaedit,counterfact,16141,0.0,1.0,-0.08465945329979688,0.9767847985811426,-7.90625,7.3209228515625,0.0,1.0,-0.10823578000680016,0.9366446342708838,-9.9140625,7.8706817626953125,0.0,0.0,-0.17927342793266993,-0.17537228220542783,-7.964599609375,-6.455126953125
gpt2-xl,alphaedit,counterfact,19724,1.0,1.0,0.08125005674636333,0.11818372153890203,1.875,2.3125,0.0,1.0,-0.01447320037622579,0.194065322593541,-0.5390625,2.06640625,0.5,0.5,-0.060210301249724575,-0.04658182932835718,-1.59296875,-0.95078125
gpt2-xl,alphaedit,counterfact,12635,0.0,1.0,-0.0011692259284704595,0.9307214056978074,-6.5625,10.92822265625,0.0,1.0,-0.0025347393640018086,0.5514735919407514,-4.703125,7.90625,0.0,0.0,-0.037995151133827273,-0.04008847184712676,-9.9109375,-9.9390625
gpt2-xl,alphaedit,counterfact,3748,0.0,1.0,-0.0032295911967189605,0.9884703022700311,-3.0625,21.7384033203125,0.0,1.0,-0.058174629155476,0.9418386481602452,-4.7578125,19.12664794921875,0.8,0.8,-0.003987646327243211,-0.0035982598463095245,0.3921875,0.90625
gpt2-xl,alphaedit,counterfact,17374,1.0,1.0,0.0038574376793497336,0.995986153097349,0.5,9.371063232421875,1.0,1.0,0.018096835996504523,0.9839133598475212,1.9765625,9.98382568359375,0.2,0.2,-0.07792036081405926,-0.10576725400267921,-2.4578125,-2.23125
gpt2-xl,alphaedit,counterfact,2723,1.0,1.0,0.00019920421077567778,0.9136266453648488,1.4375,13.59716796875,0.0,1.0,-9.91205832862665e-05,0.0022264045056187487,-2.84375,4.015625,0.3,0.3,-0.0004398497098436105,-6.36202514504529e-05,-1.30625,-1.034375
gpt2-xl,alphaedit,counterfact,2759,0.0,1.0,-0.390049588627212,0.9868426269847058,-9.49609375,16.48675537109375,0.0,1.0,-0.24545607283864718,0.95550034296084,-7.802734375,13.01654052734375,0.0,0.9,-0.29960799849144093,0.7896821344629824,-8.363671875,12.646710205078126
gpt2-xl,alphaedit,counterfact,21054,0.0,1.0,-0.0879652431126335,0.9800460392732956,-3.71875,11.1673583984375,0.0,1.0,-0.013377028632421148,0.010125835804864484,-1.3671875,5.609375,0.4,0.4,-0.12667673227624782,-0.13016469002162953,-1.407421875,-0.97890625
gpt2-xl,alphaedit,counterfact,12756,1.0,1.0,1.5565135787799256e-05,0.9922162845679228,2.6875,13.3046875,0.5,1.0,-0.0002832049227838198,0.44345708229365927,0.8125,5.30419921875,1.0,1.0,0.00014249314096201647,0.06618511914589673,2.6,3.39296875
gpt2-xl,alphaedit,counterfact,14633,0.0,1.0,-0.0007102683387857542,0.9902590753552861,-1.40625,10.677734375,0.0,1.0,-0.005660478866916139,0.016035038943698558,-1.515625,5.453125,0.2,0.7,-0.0018816165869375285,0.009612707228144352,-1.115625,0.4265625
gpt2-xl,alphaedit,counterfact,21068,1.0,1.0,0.00023960169685773578,0.9913704406601067,0.8125,17.8663330078125,0.5,1.0,2.8713448523576103e-05,0.9934901794045008,-0.53125,17.02471160888672,0.7,0.8,0.0001314712857294846,0.00025114343311341043,0.0625,0.20625
gpt2-xl,alphaedit,counterfact,3509,0.0,1.0,-0.009149976774170294,0.9961448450328602,-2.09375,13.058639526367188,0.0,1.0,-0.04185536440785224,0.9935364847270043,-2.84375,14.61850357055664,0.0,0.2,-0.01158929174575984,-0.005493662494121574,-2.9703125,-1.534375
gpt2-xl,alphaedit,counterfact,2106,0.0,1.0,-0.00032422102279129356,0.890185098168291,-0.3125,9.0712890625,0.0,1.0,-0.0013158625859850765,0.28616373904996445,-2.109375,6.21875,0.0,0.0,-0.0017799510139308785,-0.0019363501103702011,-1.85625,-1.6875
gpt2-xl,alphaedit,counterfact,17265,0.0,1.0,-0.0002402861448496554,0.8321943877468542,-1.4375,3.9912109375,0.5,1.0,-0.02304228544752965,0.23724919420265772,0.265625,5.1796875,0.4,0.4,0.0020806520615766133,0.00244603966769277,-0.33125,-0.1984375
gpt2-xl,alphaedit,genie,followed_by_6150,0.0,1.0,-0.45723947585937913,0.9835875945135208,-4.460782368977864,4.324922243754069,,,,,,,,,,,,
gpt2-xl,alphaedit,genie,director_229,0.0,1.0,-0.19073794409554068,0.9669263120396486,-1.7348554134368896,8.037857055664062,,,,,,,,,,,,
gpt2-xl,alphaedit,genie,headquarters_2162,0.0,1.0,-0.6781502081287826,0.9958617565899817,-4.485135555267334,7.527686834335327,,,,,,,,,,,,
gpt2-xl,alphaedit,genie,field_of_work_1687,0.0,1.0,-0.0023539678480889222,0.9457819794738855,-2.53125,9.4443359375,,,,,,,,,,,,
gpt2-xl,alphaedit,genie,director_3768,1.0,1.0,0.0011514089697078622,0.983214687734193,0.008264333009719849,6.671839088201523,,,,,,,,,,,,
gpt2-xl,alphaedit,genie,occupation_2544,0.0,1.0,-0.0004194308752338286,0.5419700040713603,-1.7890625,3.6767578125,,,,,,,,,,,,
gpt2-xl,alphaedit,genie,production_company_4721,1.0,1.0,0.002784585155472983,0.987260379439627,0.596354166666667,9.367472330729168,,,,,,,,,,,,
gpt2-xl,alphaedit,genie,continent_7135,0.0,1.0,-0.10992095474074155,0.9698169012851976,-4.33642578125,6.9234619140625,,,,,,,,,,,,
gpt2-xl,alphaedit,genie,spouse_2997,0.0,1.0,-0.0015909737782467774,0.8559375068647312,-0.947916666666667,5.921346028645833,,,,,,,,,,,,
gpt2-xl,alphaedit,genie,genre_3080,1.0,1.0,9.951427940199082e-05,0.8541933402368558,4.421875,12.2174072265625,,,,,,,,,,,,
gpt2-xl,alphaedit,genie,award_received_5077,0.0,1.0,-0.10032099260848232,0.46906218072129735,-2.089836351799242,2.4488645611387314,,,,,,,,,,,,
gpt2-xl,alphaedit,genie,country_3694,0.0,1.0,-0.20639900175995504,0.9141868998804591,-8.3597900390625,3.5911865234375,,,,,,,,,,,,
gpt2-xl,alphaedit,genie,followed_by_3324,0.0,1.0,-0.002079009505932542,0.671805390170856,-3.109375000000001,15.935546874999998,,,,,,,,,,,,
gpt2-xl,alphaedit,genie,field_of_work_100,0.0,1.0,-0.0011082960174881107,0.9137071221951578,-3.026041666666667,10.2535400390625,,,,,,,,,,,,
gpt2-xl,alphaedit,genie,composer_4902,0.0,1.0,-0.019747894754614914,0.8940243030028601,-0.4177144368489585,3.0753084818522134,,,,,,,,,,,,
gpt2-xl,alphaedit,genie,genre_4732,0.0,1.0,-0.002280972222612063,0.34010945476996235,-6.79296875,7.921875,,,,,,,,,,,,
gpt2-xl,alphaedit,genie,director_7311,1.0,1.0,0.011223163256969877,0.944100893592155,1.34375,9.598795572916666,,,,,,,,,,,,
gpt2-xl,alphaedit,genie,country_6584,0.0,1.0,-0.028302268643205588,0.8622123610235399,-1.21630859375,2.50775146484375,,,,,,,,,,,,
gpt2-xl,alphaedit,genie,genre_4642,1.0,1.0,0.002383053429436406,0.8896041757702597,1.05859375,3.4315185546875,,,,,,,,,,,,
gpt2-xl,alphaedit,genie,country_of_citizenship_2431,0.0,1.0,-0.11477508694119587,0.982709394493873,-1.5318603515625,4.779991149902344,,,,,,,,,,,,
gpt2-xl,alphaedit,mquake,2640,0.25,0.75,0.002348882615116932,0.26311900437757263,-0.6902031557900566,0.9783555320331027,,,,,,,,,,,,
gpt2-xl,alphaedit,mquake,248,0.0,1.0,-0.012547796258034741,0.7116266789045154,-2.3439670138888893,6.642873128255208,,,,,,,,,,,,
gpt2-xl,alphaedit,mquake,2121,1.0,1.0,0.04201966305657037,0.9890117489668637,0.30202884144253206,10.207737816704643,,,,,,,,,,,,
gpt2-xl,alphaedit,mquake,825,0.5,1.0,-0.11915682505011553,0.4527434774235407,0.839192708333333,14.199625651041666,,,,,,,,,,,,
gpt2-xl,alphaedit,mquake,2014,0.6666666666666666,1.0,0.15373366469231042,0.36887397331081817,5.091335478283111,10.548397972470239,,,,,,,,,,,,
gpt2-xl,alphaedit,mquake,713,0.0,0.5,-0.05887559853640765,0.4750289495412768,-2.7500839233398438,-5.480224609375,,,,,,,,,,,,
gpt2-xl,alphaedit,mquake,1872,0.0,1.0,-0.021947113649732695,0.638346249643431,-1.5802408854166665,4.797810872395833,,,,,,,,,,,,
gpt2-xl,alphaedit,mquake,562,0.5,1.0,0.017819576603022476,0.4395030864384011,0.7703685760498047,5.169638951619467,,,,,,,,,,,,
gpt2-xl,alphaedit,mquake,595,1.0,1.0,0.06417274970862626,0.41245569774792923,3.5552940368652344,4.2893829345703125,,,,,,,,,,,,
gpt2-xl,alphaedit,mquake,1554,0.0,1.0,-0.9139759227623918,0.9852441081245439,-7.42626953125,12.485137939453125,,,,,,,,,,,,
gpt2-xl,alphaedit,mquake,1291,0.5,1.0,0.014945420232000795,0.17856839282656714,0.6406898498535156,0.6933018820626397,,,,,,,,,,,,
gpt2-xl,alphaedit,mquake,1655,1.0,0.5,0.04009851785171226,0.488976580424292,1.886474609375,0.1160888671875,,,,,,,,,,,,
gpt2-xl,alphaedit,mquake,681,0.0,1.0,-0.039557859201668225,0.9522958779479255,-0.3116682767868042,3.456197534288679,,,,,,,,,,,,
gpt2-xl,alphaedit,mquake,1162,1.0,1.0,0.003914717420914749,0.994173215952119,1.19873046875,11.822288513183594,,,,,,,,,,,,
gpt2-xl,alphaedit,mquake,1997,1.0,1.0,0.0077817568668070115,0.9875378284750718,1.7685546875,11.596843719482422,,,,,,,,,,,,
gpt2-xl,alphaedit,mquake,2526,0.75,1.0,0.04867920332712039,0.26025154715155535,4.661306309700012,8.064217269420624,,,,,,,,,,,,
gpt2-xl,alphaedit,mquake,2752,0.0,0.25,-0.0051023593134906405,0.2441855243047938,-2.40866752465566,-1.439619302749634,,,,,,,,,,,,
gpt2-xl,alphaedit,mquake,696,0.0,1.0,-0.0008709429784170613,0.993187336676446,-0.8046875,17.0869140625,,,,,,,,,,,,
gpt2-xl,alphaedit,mquake,606,0.0,1.0,-0.1035693303291096,0.9464162728833417,-5.0514068603515625,3.34136962890625,,,,,,,,,,,,
gpt2-xl,alphaedit,mquake,1946,0.3333333333333333,0.3333333333333333,-0.001759156818747945,0.3212402804415211,-0.546142578125,0.7064615885416666,,,,,,,,,,,,
gpt2-xl,alphaedit,ripple,ripple_popular_row272,0.0,1.0,-0.12627165993588874,0.466530000801261,-3.154229482014974,5.347157796223958,,,,,,,,,,,,
gpt2-xl,alphaedit,ripple,ripple_popular_row528,0.0,1.0,-0.0002395587894529437,0.9517251107232508,-7.1640625,8.72412109375,,,,,,,,,,,,
gpt2-xl,alphaedit,ripple,ripple_popular_row137,1.0,1.0,0.003208769918582646,0.7725723330588845,6.2600453694661455,17.741970380147297,,,,,,,,,,,,
gpt2-xl,alphaedit,ripple,ripple_popular_row865,0.0,1.0,-0.02476231675138274,0.9687984061981041,-0.893147786458333,7.125356038411458,,,,,,,,,,,,
gpt2-xl,alphaedit,ripple,ripple_popular_row147,0.0,1.0,-0.11756553348912963,0.9855706571942322,-2.6816136837005615,6.194554766019185,,,,,,,,,,,,
gpt2-xl,alphaedit,ripple,ripple_popular_row86,0.0,1.0,-0.03284857421988085,0.9091821777322557,-5.428396606445313,6.719377136230468,,,,,,,,,,,,
gpt2-xl,alphaedit,ripple,ripple_popular_row827,0.0,1.0,-0.01320504416694285,0.5006183189588317,-4.666666666666667,10.99560546875,,,,,,,,,,,,
gpt2-xl,alphaedit,ripple,ripple_popular_row607,0.0,1.0,-0.0012723989706900757,0.4767972684513553,-4.552083333333334,10.696858723958334,,,,,,,,,,,,
gpt2-xl,alphaedit,ripple,ripple_popular_row377,1.0,1.0,0.004564265023868388,0.8903417433759591,3.274088541666667,18.88385009765625,,,,,,,,,,,,
gpt2-xl,alphaedit,ripple,ripple_popular_row454,0.0,1.0,-0.11649619885153087,0.677814687852325,-5.23046875,7.744364420572917,,,,,,,,,,,,
gpt2-xl,alphaedit,ripple,ripple_popular_row339,0.0,1.0,-0.0023953715268627183,0.9014659021283506,-1.307291666666667,11.177530924479166,,,,,,,,,,,,
gpt2-xl,alphaedit,ripple,ripple_popular_row744,0.0,1.0,-0.025324497399974125,0.9764988896347186,-5.305555725097657,4.008135986328125,,,,,,,,,,,,
gpt2-xl,alphaedit,ripple,ripple_popular_row639,0.0,1.0,-0.0110519697378152,0.758743026597214,-2.845947265625,8.453287760416666,,,,,,,,,,,,
gpt2-xl,alphaedit,ripple,ripple_popular_row437,0.0,1.0,-0.27481935244454525,0.9809848563984821,-5.447052001953125,4.345563888549805,,,,,,,,,,,,
gpt2-xl,alphaedit,ripple,ripple_popular_row273,1.0,1.0,0.004657427094103678,0.9408682338707015,2.725789388020833,6.397745768229167,,,,,,,,,,,,
gpt2-xl,alphaedit,ripple,ripple_popular_row353,0.0,1.0,-0.013343921552156357,0.5010368219500557,-0.283999721209208,4.7124786376953125,,,,,,,,,,,,
gpt2-xl,alphaedit,ripple,ripple_popular_row371,0.0,1.0,-0.10074496570563836,0.9719967661973641,-3.9469947814941406,4.9595947265625,,,,,,,,,,,,
gpt2-xl,alphaedit,ripple,ripple_popular_row646,0.0,1.0,-0.392071967288463,0.9111943896681545,-4.5052227020263675,6.348178100585938,,,,,,,,,,,,
gpt2-xl,alphaedit,ripple,ripple_popular_row129,0.0,1.0,-0.03818317167295291,0.8757459366821831,-4.704671223958334,5.40472412109375,,,,,,,,,,,,
gpt2-xl,alphaedit,ripple,ripple_popular_row602,1.0,1.0,0.009241835676083818,0.6365112902214893,3.171337890625,11.79825439453125,,,,,,,,,,,,
gpt2-xl,alphaedit,ripple,ripple_random_row1779,1.0,1.0,4.905636647478933e-05,0.9897342119712812,0.125,16.239681243896484,,,,,,,,,,,,
gpt2-xl,alphaedit,ripple,ripple_random_row70,0.0,1.0,-0.14565894618703365,0.9383432709400248,-1.3417775472005207,3.101274617513021,,,,,,,,,,,,
gpt2-xl,alphaedit,ripple,ripple_random_row1359,0.0,1.0,-0.026071609284287096,0.2978584173532438,-2.174298604329427,4.879906972249349,,,,,,,,,,,,
gpt2-xl,alphaedit,ripple,ripple_random_row1105,0.0,1.0,-0.020372426554067097,0.43532379817517597,-5.828125,15.9183349609375,,,,,,,,,,,,
gpt2-xl,alphaedit,ripple,ripple_random_row1751,0.0,1.0,-0.16562326145772904,0.963993196041796,-4.6026611328125,4.8592987060546875,,,,,,,,,,,,
gpt2-xl,alphaedit,ripple,ripple_random_row1170,1.0,1.0,0.006328859344154638,0.9888625344677147,1.625325520833333,21.863800048828125,,,,,,,,,,,,
gpt2-xl,alphaedit,ripple,ripple_random_row661,0.0,1.0,-0.0021934873371075693,0.7712223452373747,-0.49869791666666696,3.2335611979166665,,,,,,,,,,,,
gpt2-xl,alphaedit,ripple,ripple_random_row381,0.0,1.0,-0.03478966739457956,0.9711930328853537,-1.770833333333333,7.315185546875,,,,,,,,,,,,
gpt2-xl,alphaedit,ripple,ripple_random_row317,0.0,1.0,-0.003904772583676479,0.9408078877226534,-3.19921875,8.398180643717447,,,,,,,,,,,,
gpt2-xl,alphaedit,ripple,ripple_random_row250,1.0,1.0,0.005578493175052221,0.9929852621800421,5.938802083333333,16.492960611979168,,,,,,,,,,,,
gpt2-xl,alphaedit,ripple,ripple_random_row455,0.0,1.0,-0.0016380856096232489,0.7935013620917796,-2.6875,5.5849609375,,,,,,,,,,,,
gpt2-xl,alphaedit,ripple,ripple_random_row998,0.0,1.0,-0.0073084008482437735,0.6857659550171886,-1.862630208333333,21.12278111775716,,,,,,,,,,,,
gpt2-xl,alphaedit,ripple,ripple_random_row689,0.0,1.0,-0.05868307870414052,0.9978926082591703,-1.216796875,16.24789047241211,,,,,,,,,,,,
gpt2-xl,alphaedit,ripple,ripple_random_row787,1.0,1.0,0.0030552830599224123,0.9903601581193123,0.5263671875,7.584409077962239,,,,,,,,,,,,
gpt2-xl,alphaedit,ripple,ripple_random_row115,1.0,1.0,0.049436598504420004,0.9825681215786457,1.1005555987358093,12.232419267296791,,,,,,,,,,,,
gpt2-xl,alphaedit,ripple,ripple_random_row541,0.0,1.0,-0.060585402978963664,0.9157083841770057,-2.475390625,6.472797502790179,,,,,,,,,,,,
gpt2-xl,alphaedit,ripple,ripple_random_row1317,0.0,1.0,-0.0005560721260982912,0.8074206269956826,-0.3708333333333327,10.046549479166666,,,,,,,,,,,,
gpt2-xl,alphaedit,ripple,ripple_random_row901,0.0,1.0,-0.020561382532115497,0.1377732130381156,-3.783203125,8.45556640625,,,,,,,,,,,,
gpt2-xl,alphaedit,ripple,ripple_random_row436,0.0,1.0,-0.029847762217127444,0.943010669505763,-1.8671875,18.566322326660156,,,,,,,,,,,,
gpt2-xl,alphaedit,ripple,ripple_random_row834,0.0,1.0,-0.224259578951463,0.9656553941274334,-3.59918212890625,3.910008748372396,,,,,,,,,,,,
gpt2-xl,alphaedit,zsre,zsre_row8097,1.0,1.0,0.06447440464413451,0.9822072657089758,1.81109619140625,5.459259033203125,1.0,1.0,0.04645956653142804,0.70858439007032,1.827239990234375,4.015846252441406,1.0,1.0,0.006711784580285734,0.006785562436228349,1.6380157470703125,1.65472412109375
gpt2-xl,alphaedit,zsre,zsre_row15599,0.0,1.0,-0.003730474832275628,0.977015244514166,-2.84375,9.726806640625,0.0,1.0,-0.006699429113395981,0.5372075218785349,-2.71875,8.19140625,0.0,0.0,-7.241250244972373e-08,-7.241250244972373e-08,-1.75,-1.75
gpt2-xl,alphaedit,zsre,zsre_row18844,1.0,1.0,8.272617254803248e-05,0.5150733144040727,0.109375,7.2279052734375,1.0,1.0,4.510696549591873e-06,0.6271125213962445,0.0078125,7.479248046875,0.0,0.0,-0.00033985135022967866,-0.00029948557651330443,-0.953125,-0.7890625
gpt2-xl,alphaedit,zsre,zsre_row5765,0.0,1.0,-0.010507272971469993,0.9886319784886363,-2.328125,9.4261474609375,0.0,1.0,-0.009521939321647186,0.9140963678577023,-1.703125,7.67626953125,0.0,0.0,-0.00010714295166188353,-0.00010383383169601415,-7.234375,-7.078125
gpt2-xl,alphaedit,zsre,zsre_row13630,1.0,1.0,0.010259279512788818,0.9940325018521798,0.911214192708333,5.597277800242106,1.0,1.0,0.011426988181385996,0.9800530573415037,1.445393880208333,6.047586441040039,1.0,1.0,0.003155053067620887,0.0032914145238057686,2.402506510416667,2.409016927083333
gpt2-xl,alphaedit,zsre,zsre_row14665,0.0,1.0,-0.008363508681729435,0.8395776723153769,-0.953125,9.8720703125,0.0,1.0,-0.004888315029085304,0.8946108756591021,-0.8125,10.169921875,0.0,0.0,-7.761381907150024e-05,-8.438110229600223e-05,-0.578125,-0.546875
gpt2-xl,alphaedit,zsre,zsre_row12754,0.0,1.0,-0.0006863684377458618,0.9973834992547583,-1.15625,10.559906005859375,0.0,1.0,-0.0002568433110064872,0.9969466610686937,-1.6875,10.746963500976562,1.0,1.0,1.5098181219104483e-08,2.7406743815571572e-08,0.25,0.375
gpt2-xl,alphaedit,zsre,zsre_row8750,0.0,1.0,-0.010631595863093615,0.03452880459956451,-4.901041666666667,5.026041666666666,0.0,1.0,-0.012674554122332954,0.009133594660705947,-5.635416666666667,3.25,0.0,0.0,-0.00032810103502023006,-0.00032472340898993086,-6.604166666666666,-6.65625
gpt2-xl,alphaedit,zsre,zsre_row4307,0.0,1.0,-0.00011688838341249955,0.9450210812302042,-0.21875,5.9720458984375,0.0,1.0,-0.0016004306072078054,0.25223377544782943,-0.6731770833333339,2.3574625651041665,0.0,0.0,-2.5090337725515555e-05,-2.4895190058936404e-05,-2.229166666666668,-2.166666666666668
gpt2-xl,alphaedit,zsre,zsre_row18406,1.0,1.0,0.0017125989813484683,0.998513313955214,2.46875,16.623512268066406,1.0,1.0,0.00041324274155373256,0.9963747969519575,1.375,15.433868408203125,1.0,1.0,0.0016993969445255165,0.0018668374551871621,6.0,6.09375
gpt2-xl,alphaedit,zsre,zsre_row10580,0.0,1.0,-0.0004183447903211338,0.42203085745515684,-2.8359375,8.2938232421875,0.0,1.0,-0.004916980226368003,0.43411512709824657,-5.96875,6.78387451171875,1.0,1.0,2.853625412742645e-05,3.60998179925607e-05,1.2265625,1.421875
gpt2-xl,alphaedit,zsre,zsre_row9259,0.0,0.0,0.0,0.0,0.0,0.0,0.0,0.0,0.0,0.0,0.0,0.0,0.0,0.0,0.0,0.0,0.0,0.0
gpt2-xl,alphaedit,zsre,zsre_row57,0.0,1.0,-3.024570863123265e-07,0.8810845521675665,-0.6875,6.4375,0.0,1.0,-2.8941036768614462e-06,0.7388780817178182,-0.3125,5.576171875,0.0,0.0,-2.2018885140075032e-07,-2.0383293207941573e-07,-0.625,-0.5625
gpt2-xl,alphaedit,zsre,zsre_row19060,0.0,1.0,-0.0001313864316184243,0.9483987083188208,-1.40625,13.243896484375,0.0,1.0,-6.773031261241518e-05,0.982934056558116,-0.375,13.5296630859375,0.0,0.0,-0.0001488008652892181,-0.00015336759416655844,-3.46875,-3.4375
gpt2-xl,alphaedit,zsre,zsre_row16238,0.0,1.0,-1.0283066767544824e-05,0.8380049499943059,-0.1875,15.63576889038086,0.0,1.0,-1.6897497995685038e-05,0.20475207572078988,-0.390625,10.9296875,1.0,1.0,5.249382921459419e-08,5.4160162226541247e-08,0.03125,0.03125
gpt2-xl,alphaedit,zsre,zsre_row9297,1.0,1.0,0.008842992892712374,0.9521089704747419,1.3292968749999998,10.732196044921874,1.0,1.0,0.00818457139279358,0.777795782777895,0.72900390625,6.04794921875,1.0,1.0,0.0016195113430982641,0.001599293277974798,6.1234375,6.0953125
gpt2-xl,alphaedit,zsre,zsre_row15083,1.0,1.0,0.009270581027579706,0.0963960063390054,1.7916190011160715,4.6944510323660715,1.0,1.0,0.017028666067700978,0.17998902816490242,1.764549909319196,5.1103890555245535,1.0,1.0,7.30702869968248e-05,0.00021927475165500082,0.09187360491071406,0.26077008928571477
gpt2-xl,alphaedit,zsre,zsre_row18879,1.0,1.0,0.00527888843489243,0.964313579189241,0.436279296875,9.838714599609375,1.0,1.0,0.002648326732572424,0.9510956288070266,0.41650390625,8.4500732421875,0.0,0.0,-7.625162881506789e-06,-6.363820076406657e-06,-0.78125,-0.671875
gpt2-xl,alphaedit,zsre,zsre_row495,1.0,1.0,0.005068663931417764,0.9762332221256236,1.03125,12.0384521484375,1.0,1.0,0.003274480681009448,0.000911746222222646,1.15625,8.8125,0.0,0.0,-2.8655506920433357e-07,-1.7148637514143734e-07,-0.3125,-0.1875
gpt2-xl,alphaedit,zsre,zsre_row14921,1.0,1.0,0.022966281733954614,0.9757444634105193,0.8479207356770835,4.973598639170329,1.0,1.0,0.016818922799940732,0.9654033355467345,1.1267496744791665,5.484574635823567,1.0,1.0,0.001794209791232961,0.0018254347929381922,3.255208333333333,3.215494791666667
gpt2-xl,anyedit,counterfact,11983,0.0,1.0,-0.035034467206226785,0.9999685158023633,-2.203125,18.12496852874756,0.0,0.5,-0.028673716851927166,0.4993810934268544,-2.828125,5.6405205726623535,0.1,0.8,-0.05226381362812356,0.5962332428238536,-2.9,7.685580062866211
gpt2-xl,anyedit,counterfact,13602,0.0,1.0,-0.34097088986750385,0.9952930863468175,-5.1796875,8.24554443359375,0.0,0.0,-0.23452253641349685,-0.19348582604402936,-3.125,-2.390625,0.1,0.3,-0.06303524984020961,0.05409071038127191,-2.7609375,-0.6612686157226563
gpt2-xl,anyedit,counterfact,15471,0.0,1.0,-0.38282174221897797,0.9998643771727967,-3.38671875,15.37486457824707,0.0,0.0,-0.005167339495487418,-0.0053262535636790535,-3.234375,-3.203125,0.2,0.2,0.005386846049748541,0.09763462260452574,-2.15,-0.756744384765625
gpt2-xl,anyedit,counterfact,4190,0.0,1.0,-0.0001370159167991621,0.9936927124586611,-2.0,8.931304931640625,0.0,0.0,-0.0022561344350142164,-0.00508495612841857,-1.828125,-1.734375,0.2,0.5,-0.0001988198951367333,0.29631017661348635,-1.459375,1.97801513671875
gpt2-xl,anyedit,counterfact,2414,0.0,1.0,-9.661210218331326e-07,0.9999551782688729,-0.375,23.025806107247586,0.0,0.5,-0.0001960743391723173,-0.0003306691440417861,-2.765625,-1.546875,0.7,1.0,0.00016030153640752626,0.10138076581409905,1.546875,4.89007568359375
gpt2-xl,anyedit,counterfact,11701,0.0,1.0,-0.24289220444183754,0.9990505895357472,-6.8359375,20.12405014038086,0.0,0.0,-0.0022547688772528098,-0.002573005547996933,-3.953125,-3.65625,0.1,0.6,0.001248769269764582,0.3824419059665962,-0.9328125,4.7905632019042965
gpt2-xl,anyedit,counterfact,16141,0.0,1.0,-0.08465945329979688,0.9990880188636406,-7.90625,12.311592102050781,0.0,0.0,-0.10823578000680016,-0.12911503430816257,-9.9140625,-7.96875,0.0,0.1,-0.17927342793266993,-0.06322522649910546,-7.964599609375,-5.008465576171875
gpt2-xl,anyedit,counterfact,19724,1.0,1.0,0.08125005674636333,0.9997298121059858,1.875,13.562231063842773,0.0,1.0,-0.01447320037622579,0.10189045732184025,-0.5390625,1.265625,0.5,0.5,-0.060210301249724575,0.16250571488109683,-1.59296875,1.5921432495117187
gpt2-xl,anyedit,counterfact,12635,0.0,1.0,-0.0011692259284704595,0.9999742487893719,-6.5625,19.874974250793457,0.0,0.0,-0.0025347393640018086,-0.003794092766337714,-4.703125,-3.03125,0.0,0.1,-0.037995151133827273,-0.07407891643420325,-9.9109375,-6.92421875
gpt2-xl,anyedit,counterfact,3748,0.0,1.0,-0.0032295911967189605,0.9956150740386958,-3.0625,17.12060546875,0.0,0.0,-0.058174629155476,-0.0897589930396459,-4.7578125,-2.8359375,0.8,0.9,-0.003987646327243211,0.039834641767883025,0.3921875,2.59921875
gpt2-xl,anyedit,counterfact,17374,1.0,1.0,0.0038574376793497336,0.9831637717037802,0.5,6.29736328125,1.0,1.0,0.018096835996504523,0.410817310558364,1.9765625,3.6171875,0.2,0.2,-0.07792036081405926,-0.15182958647978964,-2.4578125,-1.694921875
gpt2-xl,anyedit,counterfact,2723,1.0,1.0,0.00019920421077567778,0.9375775010086589,1.4375,12.810546875,0.0,0.0,-9.91205832862665e-05,-0.00011049498402573504,-2.84375,-2.625,0.3,0.3,-0.0004398497098436105,0.2148365744680485,-1.30625,1.191552734375
gpt2-xl,anyedit,counterfact,2759,0.0,1.0,-0.390049588627212,0.9982769168578582,-9.49609375,14.935775756835938,0.0,0.5,-0.24545607283864718,0.2195770932623462,-7.802734375,-1.7421875,0.0,0.3,-0.29960799849144093,0.1956077448629488,-8.363671875,-0.84459228515625
gpt2-xl,anyedit,counterfact,21054,0.0,1.0,-0.0879652431126335,0.9867448353268508,-3.71875,7.5496826171875,0.0,0.0,-0.013377028632421148,-0.013637440532079482,-1.3671875,-1.1484375,0.4,0.6,-0.12667673227624782,0.0853768648660311,-1.407421875,0.88333740234375
gpt2-xl,anyedit,counterfact,12756,1.0,1.0,1.5565135787799256e-05,0.9988562404623186,2.6875,19.123855590820312,0.5,0.5,-0.0002832049227838198,-0.00022330721488817158,0.8125,0.9375,1.0,1.0,0.00014249314096201647,0.29783338591346703,2.6,7.322727203369141
gpt2-xl,anyedit,counterfact,14633,0.0,1.0,-0.0007102683387857542,0.9582629692588791,-1.40625,6.427734375,0.0,0.5,-0.005660478866916139,-0.005844455423644927,-1.515625,-1.0,0.2,0.4,-0.0018816165869375285,0.2054287105115343,-1.115625,0.59775390625
gpt2-xl,anyedit,counterfact,21068,1.0,1.0,0.00023960169685773578,0.9980335507912292,0.8125,20.373031616210938,0.5,0.5,2.8713448523576103e-05,-3.4385643345579464e-05,-0.53125,0.125,0.7,0.8,0.0001314712857294846,0.00041186431931187096,0.0625,0.496875
gpt2-xl,anyedit,counterfact,3509,0.0,1.0,-0.009149976774170294,0.9974459454181609,-2.09375,10.622467041015625,0.0,0.0,-0.04185536440785224,-0.06903683199246297,-2.84375,-0.8125,0.0,0.4,-0.01158929174575984,0.1848266469698876,-2.9703125,0.487652587890625
gpt2-xl,anyedit,counterfact,2106,0.0,1.0,-0.00032422102279129356,0.9895625021267855,-0.3125,9.80206298828125,0.0,0.0,-0.0013158625859850765,-0.0041235250168971845,-2.109375,-1.53125,0.0,0.4,-0.0017799510139308785,0.028895365084617358,-1.85625,-0.63125
gpt2-xl,anyedit,counterfact,17265,0.0,1.0,-0.0002402861448496554,0.9984110638698956,-1.4375,9.186012268066406,0.5,0.5,-0.02304228544752965,-0.019713407265959226,0.265625,0.421875,0.4,0.4,0.0020806520615766133,0.005326650168652805,-0.33125,-0.2
gpt2-xl,anyedit,genie,followed_by_6150,0.0,1.0,-0.45723947585937913,0.9758092569767881,-4.460782368977864,4.39106814066569,,,,,,,,,,,,
gpt2-xl,anyedit,genie,director_229,0.0,1.0,-0.19073794409554068,0.9944684726934482,-1.7348554134368896,8.256065368652344,,,,,,,,,,,,
gpt2-xl,anyedit,genie,headquarters_2162,0.0,1.0,-0.6781502081287826,0.9981059137253816,-4.485135555267334,9.18572074174881,,,,,,,,,,,,
gpt2-xl,anyedit,genie,field_of_work_1687,0.0,1.0,-0.0023539678480889222,0.942017664829747,-2.53125,5.5068359375,,,,,,,,,,,,
gpt2-xl,anyedit,genie,director_3768,1.0,1.0,0.0011514089697078622,0.964050595655189,0.008264333009719849,3.557957947254181,,,,,,,,,,,,
gpt2-xl,anyedit,genie,occupation_2544,0.0,1.0,-0.0004194308752338286,0.8902660848596575,-1.7890625,4.03826904296875,,,,,,,,,,,,
gpt2-xl,anyedit,genie,production_company_4721,1.0,1.0,0.002784585155472983,0.9749912968200662,0.596354166666667,7.410662333170572,,,,,,,,,,,,
gpt2-xl,anyedit,genie,continent_7135,0.0,1.0,-0.10992095474074155,0.986071301615558,-4.33642578125,4.49981689453125,,,,,,,,,,,,
gpt2-xl,anyedit,genie,spouse_2997,0.0,1.0,-0.0015909737782467774,0.8852804919606064,-0.947916666666667,5.387939453125,,,,,,,,,,,,
gpt2-xl,anyedit,genie,genre_3080,1.0,1.0,9.951427940199082e-05,0.9827847445495633,4.421875,14.232635498046875,,,,,,,,,,,,
gpt2-xl,anyedit,genie,award_received_5077,0.0,1.0,-0.10032099260848232,0.6336244598352063,-2.089836351799242,1.6762621330492424,,,,,,,,,,,,
gpt2-xl,anyedit,genie,country_3694,0.0,1.0,-0.20639900175995504,0.8794993289292705,-8.3597900390625,2.597503662109375,,,,,,,,,,,,
gpt2-xl,anyedit,genie,followed_by_3324,0.0,1.0,-0.002079009505932542,0.9457064336636292,-3.109375000000001,16.423343658447266,,,,,,,,,,,,
gpt2-xl,anyedit,genie,field_of_work_100,0.0,1.0,-0.0011082960174881107,0.39182117236200714,-3.026041666666667,4.691487630208333,,,,,,,,,,,,
gpt2-xl,anyedit,genie,composer_4902,0.0,1.0,-0.019747894754614914,0.373969613416555,-0.4177144368489585,1.2426910400390625,,,,,,,,,,,,
gpt2-xl,anyedit,genie,genre_4732,0.0,1.0,-0.002280972222612063,0.9640784682708945,-6.79296875,6.97216796875,,,,,,,,,,,,
gpt2-xl,anyedit,genie,director_7311,1.0,1.0,0.011223163256969877,0.9747528566955371,1.34375,6.592987060546875,,,,,,,,,,,,
gpt2-xl,anyedit,genie,country_6584,0.0,1.0,-0.028302268643205588,0.8116298318682169,-1.21630859375,1.970458984375,,,,,,,,,,,,
gpt2-xl,anyedit,genie,genre_4642,1.0,1.0,0.002383053429436406,0.7730491122422294,1.05859375,2.543212890625,,,,,,,,,,,,
gpt2-xl,anyedit,genie,country_of_citizenship_2431,0.0,1.0,-0.11477508694119587,0.884585597342622,-1.5318603515625,2.25665283203125,,,,,,,,,,,,
gpt2-xl,anyedit,mquake,2640,0.25,0.5,0.002348882615116932,0.24062814034425,-0.6902031557900566,0.4625787734985354,,,,,,,,,,,,
gpt2-xl,anyedit,mquake,248,0.0,1.0,-0.012547796258034741,0.30076260822233414,-2.3439670138888893,6.440787421332465,,,,,,,,,,,,
gpt2-xl,anyedit,mquake,2121,1.0,1.0,0.04201966305657037,0.9363549424845565,0.30202884144253206,4.873313201798333,,,,,,,,,,,,
gpt2-xl,anyedit,mquake,825,0.5,1.0,-0.11915682505011553,0.43154194066002793,0.839192708333333,10.738728841145832,,,,,,,,,,,,
gpt2-xl,anyedit,mquake,2014,0.6666666666666666,1.0,0.15373366469231042,0.374495510784664,5.091335478283111,11.381167638869513,,,,,,,,,,,,
gpt2-xl,anyedit,mquake,713,0.0,0.5,-0.05887559853640765,0.45142030522292526,-2.7500839233398438,-5.525371551513672,,,,,,,,,,,,
gpt2-xl,anyedit,mquake,1872,0.0,1.0,-0.021947113649732695,0.9128113253598397,-1.5802408854166665,3.1634012858072915,,,,,,,,,,,,
gpt2-xl,anyedit,mquake,562,0.5,1.0,0.017819576603022476,0.47660783568173976,0.7703685760498047,3.55728816986084,,,,,,,,,,,,
gpt2-xl,anyedit,mquake,595,1.0,1.0,0.06417274970862626,0.5396722651348951,3.5552940368652344,4.350505352020264,,,,,,,,,,,,
gpt2-xl,anyedit,mquake,1554,0.0,1.0,-0.9139759227623918,0.9828529642452983,-7.42626953125,11.795211791992188,,,,,,,,,,,,
gpt2-xl,anyedit,mquake,1291,0.5,1.0,0.014945420232000795,0.2053119259940848,0.6406898498535156,1.1801040513174876,,,,,,,,,,,,
gpt2-xl,anyedit,mquake,1655,1.0,0.5,0.04009851785171226,0.4999168382505198,1.886474609375,0.9169597625732422,,,,,,,,,,,,
gpt2-xl,anyedit,mquake,681,0.0,1.0,-0.039557859201668225,0.7155221383715115,-0.3116682767868042,2.3822337218693326,,,,,,,,,,,,
gpt2-xl,anyedit,mquake,1162,1.0,1.0,0.003914717420914749,0.9978423008575726,1.19873046875,9.34167766571045,,,,,,,,,,,,
gpt2-xl,anyedit,mquake,1997,1.0,1.0,0.0077817568668070115,0.9973820773029412,1.7685546875,10.700526177883148,,,,,,,,,,,,
gpt2-xl,anyedit,mquake,2526,0.75,1.0,0.04867920332712039,0.26242162588313767,4.661306309700012,8.447022366523743,,,,,,,,,,,,
gpt2-xl,anyedit,mquake,2752,0.0,0.25,-0.0051023593134906405,0.23821961119634183,-2.40866752465566,-2.0396421353022256,,,,,,,,,,,,
gpt2-xl,anyedit,mquake,696,0.0,1.0,-0.0008709429784170613,0.9976732565387769,-0.8046875,14.357046127319336,,,,,,,,,,,,
gpt2-xl,anyedit,mquake,606,0.0,1.0,-0.1035693303291096,0.9880132543570563,-5.0514068603515625,4.471950531005859,,,,,,,,,,,,
gpt2-xl,anyedit,mquake,1946,0.3333333333333333,0.6666666666666666,-0.001759156818747945,0.3327708718853896,-0.546142578125,1.6121164957682292,,,,,,,,,,,,
gpt2-xl,anyedit,ripple,ripple_popular_row272,0.0,1.0,-0.12627165993588874,0.08354170646678268,-3.154229482014974,0.8340259790420532,,,,,,,,,,,,
gpt2-xl,anyedit,ripple,ripple_popular_row528,0.0,1.0,-0.0002395587894529437,0.9891704350196671,-7.1640625,9.36810302734375,,,,,,,,,,,,
gpt2-xl,anyedit,ripple,ripple_popular_row137,1.0,1.0,0.003208769918582646,0.20750246317627666,6.2600453694661455,12.677391052246094,,,,,,,,,,,,
gpt2-xl,anyedit,ripple,ripple_popular_row865,0.0,1.0,-0.02476231675138274,0.8862136835673597,-0.893147786458333,6.930961608886719,,,,,,,,,,,,
gpt2-xl,anyedit,ripple,ripple_popular_row147,0.0,1.0,-0.11756553348912963,0.8164087408324485,-2.6816136837005615,2.2208547989527383,,,,,,,,,,,,
gpt2-xl,anyedit,ripple,ripple_popular_row86,0.0,1.0,-0.03284857421988085,0.14197455593933464,-5.428396606445313,1.7856262207031248,,,,,,,,,,,,
gpt2-xl,anyedit,ripple,ripple_popular_row827,0.0,1.0,-0.01320504416694285,0.954786747837697,-4.666666666666667,9.662129720052084,,,,,,,,,,,,
gpt2-xl,anyedit,ripple,ripple_popular_row607,0.0,1.0,-0.0012723989706900757,0.006831385907116369,-4.552083333333334,2.505208333333333,,,,,,,,,,,,
gpt2-xl,anyedit,ripple,ripple_popular_row377,1.0,1.0,0.004564265023868388,0.16640585877417285,3.274088541666667,4.932657877604167,,,,,,,,,,,,
gpt2-xl,anyedit,ripple,ripple_popular_row454,0.0,1.0,-0.11649619885153087,0.659831369075716,-5.23046875,4.0433298746744795,,,,,,,,,,,,
gpt2-xl,anyedit,ripple,ripple_popular_row339,0.0,1.0,-0.0023953715268627183,0.41258065509886005,-1.307291666666667,7.60736083984375,,,,,,,,,,,,
gpt2-xl,anyedit,ripple,ripple_popular_row744,0.0,1.0,-0.025324497399974125,0.9836355935083251,-5.305555725097657,5.786946487426758,,,,,,,,,,,,
gpt2-xl,anyedit,ripple,ripple_popular_row639,0.0,1.0,-0.0110519697378152,0.06555857557116551,-2.845947265625,2.057698567708333,,,,,,,,,,,,
gpt2-xl,anyedit,ripple,ripple_popular_row437,0.0,1.0,-0.27481935244454525,0.5905718038790203,-5.447052001953125,5.245243072509766,,,,,,,,,,,,
gpt2-xl,anyedit,ripple,ripple_popular_row273,1.0,1.0,0.004657427094103678,0.9727491440972597,2.725789388020833,6.183420817057292,,,,,,,,,,,,
gpt2-xl,anyedit,ripple,ripple_popular_row353,0.0,1.0,-0.013343921552156357,0.8831101759278339,-0.283999721209208,4.235969245433807,,,,,,,,,,,,
gpt2-xl,anyedit,ripple,ripple_popular_row371,0.0,1.0,-0.10074496570563836,0.29738198875135613,-3.9469947814941406,1.1727485656738281,,,,,,,,,,,,
gpt2-xl,anyedit,ripple,ripple_popular_row646,0.0,0.0,-0.392071967288463,-0.040171162785939546,-4.5052227020263675,-0.3181675910949706,,,,,,,,,,,,
gpt2-xl,anyedit,ripple,ripple_popular_row129,0.0,1.0,-0.03818317167295291,0.40873073141335936,-4.704671223958334,2.31781005859375,,,,,,,,,,,,
gpt2-xl,anyedit,ripple,ripple_popular_row602,1.0,1.0,0.009241835676083818,0.8096811996640895,3.171337890625,11.9763916015625,,,,,,,,,,,,
gpt2-xl,anyedit,ripple,ripple_random_row1779,1.0,1.0,4.905636647478933e-05,0.9520325329073944,0.125,11.388355255126953,,,,,,,,,,,,
gpt2-xl,anyedit,ripple,ripple_random_row70,0.0,1.0,-0.14565894618703365,0.8481627198895509,-1.3417775472005207,2.056005096435547,,,,,,,,,,,,
gpt2-xl,anyedit,ripple,ripple_random_row1359,0.0,1.0,-0.026071609284287096,0.3779642406883926,-2.174298604329427,6.42498779296875,,,,,,,,,,,,
gpt2-xl,anyedit,ripple,ripple_random_row1105,0.0,1.0,-0.020372426554067097,0.9836855178927995,-5.828125,16.733551025390625,,,,,,,,,,,,
gpt2-xl,anyedit,ripple,ripple_random_row1751,0.0,1.0,-0.16562326145772904,0.9896051228361269,-4.6026611328125,5.291351318359375,,,,,,,,,,,,
gpt2-xl,anyedit,ripple,ripple_random_row1170,1.0,1.0,0.006328859344154638,0.9647358044432959,1.625325520833333,13.40160051981608,,,,,,,,,,,,
gpt2-xl,anyedit,ripple,ripple_random_row661,0.0,1.0,-0.0021934873371075693,0.9822521803212575,-0.49869791666666696,6.483622233072917,,,,,,,,,,,,
gpt2-xl,anyedit,ripple,ripple_random_row381,0.0,1.0,-0.03478966739457956,0.5975514795319121,-1.770833333333333,5.271484375,,,,,,,,,,,,
gpt2-xl,anyedit,ripple,ripple_random_row317,0.0,1.0,-0.003904772583676479,0.6923909392656956,-3.19921875,6.045979817708333,,,,,,,,,,,,
gpt2-xl,anyedit,ripple,ripple_random_row250,1.0,1.0,0.005578493175052221,0.7838875289508352,5.938802083333333,15.756510416666666,,,,,,,,,,,,
gpt2-xl,anyedit,ripple,ripple_random_row455,0.0,1.0,-0.0016380856096232489,0.943553432599421,-2.6875,7.223876953125,,,,,,,,,,,,
gpt2-xl,anyedit,ripple,ripple_random_row998,0.0,1.0,-0.0073084008482437735,0.18276307058331093,-1.862630208333333,10.800455729166666,,,,,,,,,,,,
gpt2-xl,anyedit,ripple,ripple_random_row689,0.0,1.0,-0.05868307870414052,0.987790294419345,-1.216796875,7.238433837890625,,,,,,,,,,,,
gpt2-xl,anyedit,ripple,ripple_random_row787,1.0,1.0,0.0030552830599224123,0.986623234840611,0.5263671875,9.508325537045797,,,,,,,,,,,,
gpt2-xl,anyedit,ripple,ripple_random_row115,1.0,1.0,0.049436598504420004,0.9692844807588151,1.1005555987358093,15.468803063035011,,,,,,,,,,,,
gpt2-xl,anyedit,ripple,ripple_random_row541,0.0,1.0,-0.060585402978963664,0.11375321723626779,-2.475390625,1.2456072126116071,,,,,,,,,,,,
gpt2-xl,anyedit,ripple,ripple_random_row1317,0.0,1.0,-0.0005560721260982912,0.12834305820615785,-0.3708333333333327,6.562947591145834,,,,,,,,,,,,
gpt2-xl,anyedit,ripple,ripple_random_row901,0.0,1.0,-0.020561382532115497,0.17513325358670542,-3.783203125,3.7369842529296875,,,,,,,,,,,,
gpt2-xl,anyedit,ripple,ripple_random_row436,0.0,1.0,-0.029847762217127444,0.9965729600113639,-1.8671875,12.559070587158203,,,,,,,,,,,,
gpt2-xl,anyedit,ripple,ripple_random_row834,0.0,1.0,-0.224259578951463,0.9856008139460047,-3.59918212890625,5.0001068115234375,,,,,,,,,,,,
gpt2-xl,anyedit,zsre,zsre_row8097,1.0,1.0,0.06447440464413451,0.9329192206952329,1.81109619140625,3.4456443786621094,1.0,1.0,0.04645956653142804,0.5109414177929632,1.827239990234375,2.7318649291992188,1.0,1.0,0.006711784580285734,0.0065526543400915346,1.6380157470703125,1.5427322387695312
gpt2-xl,anyedit,zsre,zsre_row15599,0.0,1.0,-0.003730474832275628,0.9973847093906848,-2.84375,9.559951782226562,0.0,0.0,-0.006699429113395981,-0.008364719656891489,-2.71875,-1.5,0.0,0.0,-7.241250244972373e-08,-7.038465420647615e-08,-1.75,-1.625
gpt2-xl,anyedit,zsre,zsre_row18844,1.0,1.0,8.272617254803248e-05,0.9943411353105558,0.109375,7.679845809936523,1.0,1.0,4.510696549591873e-06,0.02978716247464379,0.0078125,3.098876953125,0.0,0.0,-0.00033985135022967866,-0.00032170699689970634,-0.953125,-0.78125
gpt2-xl,anyedit,zsre,zsre_row5765,0.0,1.0,-0.010507272971469993,0.9949223788625333,-2.328125,6.044158935546875,0.0,1.0,-0.009521939321647186,0.4044273748842554,-1.703125,2.703125,0.0,0.0,-0.00010714295166188353,-0.00010383383169601415,-7.234375,-7.078125
gpt2-xl,anyedit,zsre,zsre_row13630,1.0,1.0,0.010259279512788818,0.9989510902323936,0.911214192708333,10.500656525293985,1.0,1.0,0.011426988181385996,0.025436173189213575,1.445393880208333,1.471923828125,1.0,1.0,0.003155053067620887,0.003473811192934061,2.402506510416667,2.447509765625
gpt2-xl,anyedit,zsre,zsre_row14665,0.0,1.0,-0.008363508681729435,0.259555351852587,-0.953125,1.87939453125,0.0,1.0,-0.004888315029085304,0.057948962314065766,-0.8125,0.529296875,0.0,0.0,-7.761381907150024e-05,-7.121838320022595e-05,-0.578125,-0.515625
gpt2-xl,anyedit,zsre,zsre_row12754,0.0,1.0,-0.0006863684377458618,0.38774430523836545,-1.15625,3.30859375,0.0,1.0,-0.0002568433110064872,0.06767387449808987,-1.6875,1.4375,1.0,1.0,1.5098181219104483e-08,2.418636652717143e-08,0.25,0.375
gpt2-xl,anyedit,zsre,zsre_row8750,0.0,1.0,-0.010631595863093615,0.9987547555030131,-4.901041666666667,8.634348551432291,0.0,0.0,-0.012674554122332954,-0.0011720423240892813,-5.635416666666667,-0.11979166666666696,0.0,0.0,-0.00032810103502023006,-0.0003314820148480635,-6.604166666666666,-6.489583333333334
gpt2-xl,anyedit,zsre,zsre_row4307,0.0,1.0,-0.00011688838341249955,0.9624252749011919,-0.21875,5.20159912109375,0.0,1.0,-0.0016004306072078054,0.12189313490692252,-0.6731770833333339,2.4207356770833335,0.0,0.0,-2.5090337725515555e-05,-2.513347361653964e-05,-2.229166666666668,-2.083333333333332
gpt2-xl,anyedit,zsre,zsre_row18406,1.0,1.0,0.0017125989813484683,0.0017125989813484683,2.46875,2.46875,1.0,1.0,0.00041324274155373256,0.00041324274155373256,1.375,1.375,1.0,1.0,0.0016993969445255165,0.0016993969445255165,6.0,6.0
gpt2-xl,anyedit,zsre,zsre_row10580,0.0,1.0,-0.0004183447903211338,0.4219598454941004,-2.8359375,6.084747314453125,0.0,0.0,-0.004916980226368003,-0.008997011791654632,-5.96875,-5.56640625,1.0,1.0,2.853625412742645e-05,3.285278980387935e-05,1.2265625,1.328125
gpt2-xl,anyedit,zsre,zsre_row9259,0.0,0.0,0.0,0.0,0.0,0.0,0.0,0.0,0.0,0.0,0.0,0.0,0.0,0.0,0.0,0.0,0.0,0.0
gpt2-xl,anyedit,zsre,zsre_row57,0.0,1.0,-3.024570863123265e-07,0.8939124275801514,-0.6875,7.107421875,0.0,1.0,-2.8941036768614462e-06,0.20995125921592514,-0.3125,3.8359375,0.0,0.0,-2.2018885140075032e-07,-1.9844534206606224e-07,-0.625,-0.5
gpt2-xl,anyedit,zsre,zsre_row19060,0.0,1.0,-0.0001313864316184243,0.982927718140595,-1.40625,11.7640380859375,0.0,1.0,-6.773031261241518e-05,0.9609681530245885,-0.375,10.866455078125,0.0,0.0,-0.0001488008652892181,-0.00015586299693674135,-3.46875,-3.453125
gpt2-xl,anyedit,zsre,zsre_row16238,0.0,1.0,-1.0283066767544824e-05,0.5517064420737235,-0.1875,11.2802734375,0.0,1.0,-1.6897497995685038e-05,0.002561390075066042,-0.390625,3.53125,1.0,1.0,5.249382921459419e-08,1.47988328169401e-07,0.03125,0.09375
gpt2-xl,anyedit,zsre,zsre_row9297,1.0,1.0,0.008842992892712374,0.8994137551083844,1.3292968749999998,5.9843994140625,1.0,1.0,0.00818457139279358,0.277965221250398,0.72900390625,2.45234375,1.0,1.0,0.0016195113430982641,0.0017556256409353515,6.1234375,6.23515625
gpt2-xl,anyedit,zsre,zsre_row15083,1.0,1.0,0.009270581027579706,0.9565733586069846,1.7916190011160715,7.072522081647601,1.0,1.0,0.017028666067700978,0.2664897382451233,1.764549909319196,4.302810450962612,1.0,1.0,7.30702869968248e-05,0.000117967843907462,0.09187360491071406,0.14380580357142847
gpt2-xl,anyedit,zsre,zsre_row18879,1.0,1.0,0.00527888843489243,0.9967405610708822,0.436279296875,9.65304946899414,1.0,1.0,0.002648326732572424,0.9771168436160167,0.41650390625,7.86785888671875,0.0,0.0,-7.625162881506789e-06,-7.192451641247518e-06,-0.78125,-0.75
gpt2-xl,anyedit,zsre,zsre_row495,1.0,1.0,0.005068663931417764,0.9968353715681207,1.03125,9.184432983398438,1.0,1.0,0.003274480681009448,0.1680905055401406,1.15625,2.25,0.0,0.0,-2.8655506920433357e-07,-1.9431952071355725e-07,-0.3125,-0.1875
gpt2-xl,anyedit,zsre,zsre_row14921,1.0,1.0,0.022966281733954614,0.943051993028967,0.8479207356770835,3.752220789591471,1.0,1.0,0.016818922799940732,0.5460799061189036,1.1267496744791665,2.5504862467447915,1.0,1.0,0.001794209791232961,0.0018398072375589336,3.255208333333333,3.185546875
gpt2-xl,grace,counterfact,11983,0.0,1.0,-0.035034467206226785,0.9984295787717667,-2.203125,21.748428344726562,0.0,0.0,-0.028673716851927166,-0.028673716851927166,-2.828125,-2.828125,0.1,0.2,-0.05226381362812356,0.050653020499150846,-2.9,-0.5860877990722656
gpt2-xl,grace,counterfact,13602,0.0,1.0,-0.34097088986750385,0.9995324831214694,-5.1796875,14.937032699584961,0.0,0.0,-0.23452253641349685,-0.23452253641349685,-3.125,-3.125,0.1,0.1,-0.06303524984020961,-0.06303524984020961,-2.7609375,-2.7609375
gpt2-xl,grace,counterfact,15471,0.0,1.0,-0.38282174221897797,0.9999952316219541,-3.38671875,23.025846161568875,0.0,0.0,-0.005167339495487418,-0.005167339495487418,-3.234375,-3.234375,0.2,0.2,0.005386846049748541,0.005386846049748541,-2.15,-2.15
gpt2-xl,grace,counterfact,4190,0.0,1.0,-0.0001370159167991621,0.9993522351662038,-2.0,12.62435531616211,0.0,0.0,-0.0022561344350142164,-0.0022561344350142164,-1.828125,-1.828125,0.2,0.2,-0.0001988198951367333,-0.0001988198951367333,-1.459375,-1.459375
gpt2-xl,grace,counterfact,2414,0.0,1.0,-9.661210218331326e-07,0.999935152246456,-0.375,23.02578608008694,0.0,0.0,-0.0001960743391723173,-0.0001960743391723173,-2.765625,-2.765625,0.7,0.7,0.00016030153640752626,0.00016030153640752626,1.546875,1.546875
gpt2-xl,grace,counterfact,11701,0.0,1.0,-0.24289220444183754,0.998901969046973,-6.8359375,20.3739013671875,0.0,0.0,-0.0022547688772528098,-0.0022547688772528098,-3.953125,-3.953125,0.1,0.1,0.001248769269764582,0.001248769269764582,-0.9328125,-0.9328125
gpt2-xl,grace,counterfact,16141,0.0,1.0,-0.08465945329979688,0.9894963568443539,-7.90625,15.98944091796875,0.0,0.0,-0.10823578000680016,-0.10823578000680016,-9.9140625,-9.9140625,0.0,0.0,-0.17927342793266993,-0.17927342793266993,-7.964599609375,-7.964599609375
gpt2-xl,grace,counterfact,19724,1.0,1.0,0.08125005674636333,0.9999933124409476,1.875,18.249993324279785,0.0,0.0,-0.01447320037622579,-0.01447320037622579,-0.5390625,-0.5390625,0.5,0.5,-0.060210301249724575,-0.060210301249724575,-1.59296875,-1.59296875
gpt2-xl,grace,counterfact,12635,0.0,1.0,-0.0011692259284704595,0.9999761584084722,-6.5625,23.025827088082547,0.0,0.0,-0.0025347393640018086,-0.0025347393640018086,-4.703125,-4.703125,0.0,0.0,-0.037995151133827273,-0.037995151133827273,-9.9109375,-9.9109375
gpt2-xl,grace,counterfact,3748,0.0,1.0,-0.0032295911967189605,0.999195422716408,-3.0625,23.02504602881741,0.0,0.0,-0.058174629155476,-0.058174629155476,-4.7578125,-4.7578125,0.8,0.8,-0.003987646327243211,-0.003987646327243211,0.3921875,0.3921875
gpt2-xl,grace,counterfact,17374,1.0,1.0,0.0038574376793497336,0.9998946401373069,0.5,10.624918937683105,1.0,1.0,0.018096835996504523,0.018096835996504523,1.9765625,1.9765625,0.2,0.2,-0.07792036081405926,-0.07792036081405926,-2.4578125,-2.4578125
gpt2-xl,grace,counterfact,2723,1.0,1.0,0.00019920421077567778,0.996724716214256,1.4375,17.746719360351562,0.0,0.0,-9.91205832862665e-05,-9.91205832862665e-05,-2.84375,-2.84375,0.3,0.3,-0.0004398497098436105,-0.0004398497098436105,-1.30625,-1.30625
gpt2-xl,grace,counterfact,2759,0.0,1.0,-0.390049588627212,0.9986352674714216,-9.49609375,19.623634338378906,0.0,0.0,-0.24545607283864718,-0.24545607283864718,-7.802734375,-7.802734375,0.0,0.0,-0.29960799849144093,-0.29960799849144093,-8.363671875,-8.363671875
gpt2-xl,grace,counterfact,21054,0.0,1.0,-0.0879652431126335,0.9994965264802083,-3.71875,16.624496459960938,0.0,0.0,-0.013377028632421148,-0.013377028632421148,-1.3671875,-1.3671875,0.4,0.4,-0.12667673227624782,-0.12667673227624782,-1.407421875,-1.407421875
gpt2-xl,grace,counterfact,12756,1.0,1.0,1.5565135787799256e-05,0.9999980925626254,2.6875,23.025849022591824,0.5,0.5,-0.0002832049227838198,-0.0002832049227838198,0.8125,0.8125,1.0,1.0,0.00014249314096201647,0.3000599543828901,2.6,8.698919256155634
gpt2-xl,grace,counterfact,14633,0.0,1.0,-0.0007102683387857542,0.9975541602235997,-1.40625,11.81005859375,0.0,0.0,-0.005660478866916139,-0.005660478866916139,-1.515625,-1.515625,0.2,0.2,-0.0018816165869375285,-0.0018816165869375285,-1.115625,-1.115625
gpt2-xl,grace,counterfact,21068,1.0,1.0,0.00023960169685773578,0.9998388420233599,0.8125,23.025689758980985,0.5,0.5,2.8713448523576103e-05,2.8713448523576103e-05,-0.53125,-0.53125,0.7,0.7,0.0001314712857294846,0.0001314712857294846,0.0625,0.0625
gpt2-xl,grace,counterfact,3509,0.0,1.0,-0.009149976774170294,0.9969205960645443,-2.09375,13.184417724609375,0.0,0.0,-0.04185536440785224,-0.04185536440785224,-2.84375,-2.84375,0.0,0.1,-0.01158929174575984,0.08922167595425827,-2.9703125,-1.4485931396484375
gpt2-xl,grace,counterfact,2106,0.0,1.0,-0.00032422102279129356,0.9938785973582135,-0.3125,11.993865966796875,0.0,0.0,-0.0013158625859850765,-0.0013158625859850765,-2.109375,-2.109375,0.0,0.0,-0.0017799510139308785,-0.0017799510139308785,-1.85625,-1.85625
gpt2-xl,grace,counterfact,17265,0.0,1.0,-0.0002402861448496554,0.9995624916223347,-1.4375,11.937068939208984,0.5,0.5,-0.02304228544752965,-0.02304228544752965,0.265625,0.265625,0.4,0.4,0.0020806520615766133,0.0020806520615766133,-0.33125,-0.33125
gpt2-xl,grace,genie,followed_by_6150,0.0,1.0,-0.45723947585937913,0.9858860074121364,-4.460782368977864,4.826106548309326,,,,,,,,,,,,
gpt2-xl,grace,genie,director_229,0.0,1.0,-0.19073794409554068,0.9973117768643189,-1.7348554134368896,8.290527820587158,,,,,,,,,,,,
gpt2-xl,grace,genie,headquarters_2162,0.0,1.0,-0.6781502081287826,0.9978236433704095,-4.485135555267334,11.56038898229599,,,,,,,,,,,,
gpt2-xl,grace,genie,field_of_work_1687,0.0,1.0,-0.0023539678480889222,0.9984538392467586,-2.53125,10.74847412109375,,,,,,,,,,,,
gpt2-xl,grace,genie,director_3768,1.0,1.0,0.0011514089697078622,0.9904228929571771,0.008264333009719849,5.9350723922252655,,,,,,,,,,,,
gpt2-xl,grace,genie,occupation_2544,0.0,1.0,-0.0004194308752338286,0.9678930816466476,-1.7890625,6.150287628173828,,,,,,,,,,,,
gpt2-xl,grace,genie,production_company_4721,1.0,1.0,0.002784585155472983,0.9856476301269906,0.596354166666667,8.170722325642904,,,,,,,,,,,,
gpt2-xl,grace,genie,continent_7135,0.0,1.0,-0.10992095474074155,0.9642931684930154,-4.33642578125,3.68670654296875,,,,,,,,,,,,
gpt2-xl,grace,genie,spouse_2997,0.0,1.0,-0.0015909737782467774,0.9787198912118787,-0.947916666666667,8.525563557942709,,,,,,,,,,,,
gpt2-xl,grace,genie,genre_3080,1.0,1.0,9.951427940199082e-05,0.9918962641584597,4.421875,21.866863250732422,,,,,,,,,,,,
gpt2-xl,grace,genie,award_received_5077,0.0,1.0,-0.10032099260848232,0.9585514729627146,-2.089836351799242,4.315893577806877,,,,,,,,,,,,
gpt2-xl,grace,genie,country_3694,0.0,1.0,-0.20639900175995504,0.9840833879584467,-8.3597900390625,4.143107986450195,,,,,,,,,,,,
gpt2-xl,grace,genie,followed_by_3324,0.0,1.0,-0.002079009505932542,0.3615563497873053,-3.109375000000001,10.029581705729166,,,,,,,,,,,,
gpt2-xl,grace,genie,field_of_work_100,0.0,1.0,-0.0011082960174881107,0.9636490082470347,-3.026041666666667,7.8067626953125,,,,,,,,,,,,
gpt2-xl,grace,genie,composer_4902,0.0,1.0,-0.019747894754614914,0.9870324862647876,-0.4177144368489585,6.232322692871094,,,,,,,,,,,,
gpt2-xl,grace,genie,genre_4732,0.0,1.0,-0.002280972222612063,0.9980557867155743,-6.79296875,9.005989074707031,,,,,,,,,,,,
gpt2-xl,grace,genie,director_7311,1.0,1.0,0.011223163256969877,0.9838605383075902,1.34375,9.249450047810873,,,,,,,,,,,,
gpt2-xl,grace,genie,country_6584,0.0,1.0,-0.028302268643205588,0.9980689200467193,-1.21630859375,6.499882698059082,,,,,,,,,,,,
gpt2-xl,grace,genie,genre_4642,1.0,1.0,0.002383053429436406,0.9929973796938812,1.05859375,5.8902740478515625,,,,,,,,,,,,
gpt2-xl,grace,genie,country_of_citizenship_2431,0.0,1.0,-0.11477508694119587,0.9923851783728926,-1.5318603515625,4.9374003410339355,,,,,,,,,,,,
gpt2-xl,grace,mquake,2640,0.25,0.5,0.002348882615116932,0.24583454727154752,-0.6902031557900566,0.2981389037200384,,,,,,,,,,,,
gpt2-xl,grace,mquake,248,0.0,1.0,-0.012547796258034741,0.8484455179452357,-2.3439670138888893,12.116906060112846,,,,,,,,,,,,
gpt2-xl,grace,mquake,2121,1.0,1.0,0.04201966305657037,0.9830661602533174,0.30202884144253206,8.30348132716285,,,,,,,,,,,,
gpt2-xl,grace,mquake,825,0.5,1.0,-0.11915682505011553,0.4712626198461792,0.839192708333333,15.103099822066582,,,,,,,,,,,,
gpt2-xl,grace,mquake,2014,0.6666666666666666,1.0,0.15373366469231042,0.36222289138455305,5.091335478283111,10.999534243629093,,,,,,,,,,,,
gpt2-xl,grace,mquake,713,0.0,0.5,-0.05887559853640765,0.4857492504223053,-2.7500839233398438,-6.496366817814467,,,,,,,,,,,,
gpt2-xl,grace,mquake,1872,0.0,1.0,-0.021947113649732695,0.9964297436946622,-1.5802408854166665,7.956938028335571,,,,,,,,,,,,
gpt2-xl,grace,mquake,562,0.5,1.0,0.017819576603022476,0.4949865537383727,0.7703685760498047,4.483048955599466,,,,,,,,,,,,
gpt2-xl,grace,mquake,595,1.0,1.0,0.06417274970862626,0.5045904088297195,3.5552940368652344,5.166144371032715,,,,,,,,,,,,
gpt2-xl,grace,mquake,1554,0.0,1.0,-0.9139759227623918,0.9937596250174517,-7.42626953125,18.49374008178711,,,,,,,,,,,,
gpt2-xl,grace,mquake,1291,0.5,1.0,0.014945420232000795,0.4473446340253868,0.6406898498535156,2.325028283255441,,,,,,,,,,,,
gpt2-xl,grace,mquake,1655,1.0,0.5,0.04009851785171226,0.499928052485155,1.886474609375,0.4123941659927368,,,,,,,,,,,,
gpt2-xl,grace,mquake,681,0.0,1.0,-0.039557859201668225,0.982283259937564,-0.3116682767868042,4.969758697918484,,,,,,,,,,,,
gpt2-xl,grace,mquake,1162,1.0,1.0,0.003914717420914749,0.9972208596045711,1.19873046875,9.786335706710815,,,,,,,,,,,,
gpt2-xl,grace,mquake,1997,1.0,1.0,0.0077817568668070115,0.997743547044131,1.7685546875,14.16961669921875,,,,,,,,,,,,
gpt2-xl,grace,mquake,2526,0.75,1.0,0.04867920332712039,0.2520727882087193,4.661306309700012,10.184018087387084,,,,,,,,,,,,
gpt2-xl,grace,mquake,2752,0.0,0.25,-0.0051023593134906405,0.2492579305794882,-2.40866752465566,-1.431676268577576,,,,,,,,,,,,
gpt2-xl,grace,mquake,696,0.0,1.0,-0.0008709429784170613,0.9995677568948669,-0.8046875,16.29644274711609,,,,,,,,,,,,
gpt2-xl,grace,mquake,606,0.0,1.0,-0.1035693303291096,0.9930221481552605,-5.0514068603515625,5.018547058105469,,,,,,,,,,,,
gpt2-xl,grace,mquake,1946,0.3333333333333333,0.3333333333333333,-0.001759156818747945,0.33232247877816,-0.546142578125,-0.806773714928069,,,,,,,,,,,,
gpt2-xl,grace,ripple,ripple_popular_row272,0.0,1.0,-0.12627165993588874,0.9289867218153935,-3.154229482014974,8.085501352945963,,,,,,,,,,,,
gpt2-xl,grace,ripple,ripple_popular_row528,0.0,1.0,-0.0002395587894529437,0.9999769592364637,-7.1640625,14.753883600234985,,,,,,,,,,,,
gpt2-xl,grace,ripple,ripple_popular_row137,1.0,1.0,0.003208769918582646,0.7554494590331563,6.2600453694661455,22.745408533140733,,,,,,,,,,,,
gpt2-xl,grace,ripple,ripple_popular_row865,0.0,1.0,-0.02476231675138274,0.9830840349277326,-0.893147786458333,10.084543546040853,,,,,,,,,,,,
gpt2-xl,grace,ripple,ripple_popular_row147,0.0,1.0,-0.11756553348912963,0.9372233399820404,-2.6816136837005615,3.6297836105028787,,,,,,,,,,,,
gpt2-xl,grace,ripple,ripple_popular_row86,0.0,1.0,-0.03284857421988085,0.9880673952990144,-5.428396606445313,6.259258270263672,,,,,,,,,,,,
gpt2-xl,grace,ripple,ripple_popular_row827,0.0,1.0,-0.01320504416694285,0.9966520313941251,-4.666666666666667,12.361234029134115,,,,,,,,,,,,
gpt2-xl,grace,ripple,ripple_popular_row607,0.0,1.0,-0.0012723989706900757,0.571535947371105,-4.552083333333334,21.315572102864582,,,,,,,,,,,,
gpt2-xl,grace,ripple,ripple_popular_row377,1.0,1.0,0.004564265023868388,0.9831053541459808,3.274088541666667,18.732961018880207,,,,,,,,,,,,
gpt2-xl,grace,ripple,ripple_popular_row454,0.0,1.0,-0.11649619885153087,0.9260210608194468,-5.23046875,7.314432779947917,,,,,,,,,,,,
gpt2-xl,grace,ripple,ripple_popular_row339,0.0,1.0,-0.0023953715268627183,0.9638523318060224,-1.307291666666667,9.95541779200236,,,,,,,,,,,,
gpt2-xl,grace,ripple,ripple_popular_row744,0.0,1.0,-0.025324497399974125,0.9984033893825377,-5.305555725097657,6.50948281288147,,,,,,,,,,,,
gpt2-xl,grace,ripple,ripple_popular_row639,0.0,1.0,-0.0110519697378152,0.9922009821058259,-2.845947265625,13.210922241210938,,,,,,,,,,,,
gpt2-xl,grace,ripple,ripple_popular_row437,0.0,1.0,-0.27481935244454525,0.9930498565421959,-5.447052001953125,7.329650580883026,,,,,,,,,,,,
gpt2-xl,grace,ripple,ripple_popular_row273,1.0,1.0,0.004657427094103678,0.9544986821843033,2.725789388020833,6.629557291666667,,,,,,,,,,,,
gpt2-xl,grace,ripple,ripple_popular_row353,0.0,1.0,-0.013343921552156357,0.9867830560171426,-0.283999721209208,7.919350306193034,,,,,,,,,,,,
gpt2-xl,grace,ripple,ripple_popular_row371,0.0,1.0,-0.10074496570563836,0.8497877042043187,-3.9469947814941406,2.9897632598876953,,,,,,,,,,,,
gpt2-xl,grace,ripple,ripple_popular_row646,0.0,1.0,-0.392071967288463,0.5335712513916712,-4.5052227020263675,3.4846218109130858,,,,,,,,,,,,
gpt2-xl,grace,ripple,ripple_popular_row129,0.0,1.0,-0.03818317167295291,0.9402620822906747,-4.704671223958334,4.537817637125651,,,,,,,,,,,,
gpt2-xl,grace,ripple,ripple_popular_row602,1.0,1.0,0.009241835676083818,0.9217704590537206,3.171337890625,20.918540954589844,,,,,,,,,,,,
gpt2-xl,grace,ripple,ripple_random_row1779,1.0,1.0,4.905636647478933e-05,0.999401263686557,0.125,18.624401092529297,,,,,,,,,,,,
gpt2-xl,grace,ripple,ripple_random_row70,0.0,1.0,-0.14565894618703365,0.9791414504307558,-1.3417775472005207,4.129915444056193,,,,,,,,,,,,
gpt2-xl,grace,ripple,ripple_random_row1359,0.0,1.0,-0.026071609284287096,0.193211083307631,-2.174298604329427,7.419257481892903,,,,,,,,,,,,
gpt2-xl,grace,ripple,ripple_random_row1105,0.0,1.0,-0.020372426554067097,0.9979421836191893,-5.828125,23.02379099341702,,,,,,,,,,,,
gpt2-xl,grace,ripple,ripple_random_row1751,0.0,1.0,-0.16562326145772904,0.9807596104303875,-4.6026611328125,5.4150543212890625,,,,,,,,,,,,
gpt2-xl,grace,ripple,ripple_random_row1170,1.0,1.0,0.006328859344154638,0.9892549224107623,1.625325520833333,22.48919677734375,,,,,,,,,,,,
gpt2-xl,grace,ripple,ripple_random_row661,0.0,1.0,-0.0021934873371075693,0.9911178670810827,-0.49869791666666696,14.491078694661459,,,,,,,,,,,,
gpt2-xl,grace,ripple,ripple_random_row381,0.0,1.0,-0.03478966739457956,0.9386341382966091,-1.770833333333333,11.061686197916666,,,,,,,,,,,,
gpt2-xl,grace,ripple,ripple_random_row317,0.0,1.0,-0.003904772583676479,0.9829158130285528,-3.19921875,10.825236002604166,,,,,,,,,,,,
gpt2-xl,grace,ripple,ripple_random_row250,1.0,1.0,0.005578493175052221,0.9994727571378561,5.938802083333333,23.025323548043485,,,,,,,,,,,,
gpt2-xl,grace,ripple,ripple_random_row455,0.0,1.0,-0.0016380856096232489,0.9725442747412912,-2.6875,12.472164154052734,,,,,,,,,,,,
gpt2-xl,grace,ripple,ripple_random_row998,0.0,1.0,-0.0073084008482437735,0.955643121788904,-1.862630208333333,20.32962926228841,,,,,,,,,,,,
gpt2-xl,grace,ripple,ripple_random_row689,0.0,1.0,-0.05868307870414052,0.9979940215970169,-1.216796875,13.435493469238281,,,,,,,,,,,,
gpt2-xl,grace,ripple,ripple_random_row787,1.0,1.0,0.0030552830599224123,0.9847737683497648,0.5263671875,12.884948094685873,,,,,,,,,,,,
gpt2-xl,grace,ripple,ripple_random_row115,1.0,1.0,0.049436598504420004,0.9954927225379055,1.1005555987358093,23.021333464110608,,,,,,,,,,,,
gpt2-xl,grace,ripple,ripple_random_row541,0.0,1.0,-0.060585402978963664,0.9818198946903809,-2.475390625,5.378225816999163,,,,,,,,,,,,
gpt2-xl,grace,ripple,ripple_random_row1317,0.0,1.0,-0.0005560721260982912,0.832431050198815,-0.3708333333333327,10.889530436197916,,,,,,,,,,,,
gpt2-xl,grace,ripple,ripple_random_row901,0.0,1.0,-0.020561382532115497,0.8779006435791504,-3.783203125,9.846393585205078,,,,,,,,,,,,
gpt2-xl,grace,ripple,ripple_random_row436,0.0,1.0,-0.029847762217127444,0.9966663974212115,-1.8671875,23.02251175853085,,,,,,,,,,,,
gpt2-xl,grace,ripple,ripple_random_row834,0.0,1.0,-0.224259578951463,0.9861381581624923,-3.59918212890625,4.882609049479167,,,,,,,,,,,,
gpt2-xl,grace,zsre,zsre_row8097,1.0,1.0,0.06447440464413451,0.9935584442842059,1.81109619140625,5.408315658569336,1.0,1.0,0.04645956653142804,0.04645956653142804,1.827239990234375,1.827239990234375,1.0,1.0,0.006711784580285734,0.006711784580285734,1.6380157470703125,1.6380157470703125
gpt2-xl,grace,zsre,zsre_row15599,0.0,1.0,-0.003730474832275628,0.9999443337015684,-2.84375,13.999945163726807,0.0,0.0,-0.006699429113395981,-0.006699429113395981,-2.71875,-2.71875,0.0,0.0,-7.241250244972373e-08,-7.241250244972373e-08,-1.75,-1.75
gpt2-xl,grace,zsre,zsre_row18844,1.0,1.0,8.272617254803248e-05,0.9936737159283107,0.109375,7.49518609046936,1.0,1.0,4.510696549591873e-06,4.510696549591873e-06,0.0078125,0.0078125,0.0,0.0,-0.00033985135022967866,-0.00033985135022967866,-0.953125,-0.953125
gpt2-xl,grace,zsre,zsre_row5765,0.0,1.0,-0.010507272971469993,0.9999797203524577,-2.328125,12.718732714653015,0.0,0.0,-0.009521939321647186,-0.009521939321647186,-1.703125,-1.703125,0.0,0.0,-0.00010714295166188353,-0.00010714295166188353,-7.234375,-7.234375
gpt2-xl,grace,zsre,zsre_row13630,1.0,1.0,0.010259279512788818,0.998432817795369,0.911214192708333,10.388965288798014,1.0,1.0,0.011426988181385996,0.011426988181385996,1.445393880208333,1.445393880208333,1.0,1.0,0.003155053067620887,0.003155053067620887,2.402506510416667,2.402506510416667
gpt2-xl,grace,zsre,zsre_row14665,0.0,1.0,-0.008363508681729435,0.9640984092227162,-0.953125,10.338470458984375,0.0,0.0,-0.004888315029085304,-0.004888315029085304,-0.8125,-0.8125,0.0,0.0,-7.761381907150024e-05,-7.761381907150024e-05,-0.578125,-0.578125
gpt2-xl,grace,zsre,zsre_row12754,0.0,1.0,-0.0006863684377458618,0.9966616420470509,-1.15625,12.996658325195312,0.0,0.0,-0.0002568433110064872,-0.0002568433110064872,-1.6875,-1.6875,1.0,1.0,1.5098181219104483e-08,1.5098181219104483e-08,0.25,0.25
gpt2-xl,grace,zsre,zsre_row8750,0.0,1.0,-0.010631595863093615,0.9990624813960551,-4.901041666666667,9.92098617553711,0.0,0.0,-0.012674554122332954,-0.012674554122332954,-5.635416666666667,-5.635416666666667,0.0,0.0,-0.00032810103502023006,-0.00032810103502023006,-6.604166666666666,-6.604166666666666
gpt2-xl,grace,zsre,zsre_row4307,0.0,1.0,-0.00011688838341249955,0.974873802239332,-0.21875,9.677740414937338,0.0,0.0,-0.0016004306072078054,-0.0016004306072078054,-0.6731770833333339,-0.6731770833333339,0.0,0.0,-2.5090337725515555e-05,-2.5090337725515555e-05,-2.229166666666668,-2.229166666666668
gpt2-xl,grace,zsre,zsre_row18406,1.0,1.0,0.0017125989813484683,0.9998493307940134,2.46875,23.025700249398465,1.0,1.0,0.00041324274155373256,0.00041324274155373256,1.375,1.375,1.0,1.0,0.0016993969445255165,0.0016993969445255165,6.0,6.0
gpt2-xl,grace,zsre,zsre_row10580,0.0,1.0,-0.0004183447903211338,0.968046895013139,-2.8359375,11.358161926269531,0.0,0.0,-0.004916980226368003,-0.004916980226368003,-5.96875,-5.96875,1.0,1.0,2.853625412742645e-05,2.853625412742645e-05,1.2265625,1.2265625
gpt2-xl,grace,zsre,zsre_row9259,0.0,0.0,0.0,0.0,0.0,0.0,0.0,0.0,0.0,0.0,0.0,0.0,0.0,0.0,0.0,0.0,0.0,0.0
gpt2-xl,grace,zsre,zsre_row57,0.0,1.0,-3.024570863123265e-07,0.9953712386186719,-0.6875,13.995361328125,0.0,0.0,-2.8941036768614462e-06,-2.8941036768614462e-06,-0.3125,-0.3125,0.0,0.0,-2.2018885140075032e-07,-2.2018885140075032e-07,-0.625,-0.625
gpt2-xl,grace,zsre,zsre_row19060,0.0,1.0,-0.0001313864316184243,0.9986714627211568,-1.40625,13.170547485351562,0.0,0.0,-6.773031261241518e-05,-6.773031261241518e-05,-0.375,-0.375,0.0,0.0,-0.0001488008652892181,-0.0001488008652892181,-3.46875,-3.46875
gpt2-xl,grace,zsre,zsre_row16238,0.0,1.0,-1.0283066767544824e-05,0.8915413777400016,-0.1875,15.978946685791016,0.0,0.0,-1.6897497995685038e-05,-1.6897497995685038e-05,-0.390625,-0.390625,1.0,1.0,5.249382921459419e-08,5.249382921459419e-08,0.03125,0.03125
gpt2-xl,grace,zsre,zsre_row9297,1.0,1.0,0.008842992892712374,0.9875226441158397,1.3292968749999998,9.971865844726562,1.0,1.0,0.00818457139279358,0.00818457139279358,0.72900390625,0.72900390625,1.0,1.0,0.0016195113430982641,0.0016195113430982641,6.1234375,6.1234375
gpt2-xl,grace,zsre,zsre_row15083,1.0,1.0,0.009270581027579706,0.9843678544090105,1.7916190011160715,7.772612013135638,1.0,1.0,0.017028666067700978,0.017028666067700978,1.764549909319196,1.764549909319196,1.0,1.0,7.30702869968248e-05,7.30702869968248e-05,0.09187360491071406,0.09187360491071406
gpt2-xl,grace,zsre,zsre_row18879,1.0,1.0,0.00527888843489243,0.99795810652267,0.436279296875,9.65427017211914,1.0,1.0,0.002648326732572424,0.002648326732572424,0.41650390625,0.41650390625,0.0,0.0,-7.625162881506789e-06,-7.625162881506789e-06,-0.78125,-0.78125
gpt2-xl,grace,zsre,zsre_row495,1.0,1.0,0.005068663931417764,0.999350252316221,1.03125,13.436851501464844,1.0,1.0,0.003274480681009448,0.003274480681009448,1.15625,1.15625,0.0,0.0,-2.8655506920433357e-07,-2.8655506920433357e-07,-0.3125,-0.3125
gpt2-xl,grace,zsre,zsre_row14921,1.0,1.0,0.022966281733954614,0.9956846907435136,0.8479207356770835,7.181982676188151,1.0,1.0,0.016818922799940732,0.016818922799940732,1.1267496744791665,1.1267496744791665,1.0,1.0,0.001794209791232961,0.001794209791232961,3.255208333333333,3.255208333333333
gpt2-xl,memit,counterfact,11983,0.0,1.0,-0.035034467206226785,0.9936421214850915,-2.203125,19.993621826171875,0.0,1.0,-0.028673716851927166,0.802487362935094,-2.828125,17.315460205078125,0.1,0.2,-0.05226381362812356,-0.0471558711833381,-2.9,-2.26796875
gpt2-xl,memit,counterfact,13602,0.0,1.0,-0.34097088986750385,0.9928115056564725,-5.1796875,11.3052978515625,0.0,1.0,-0.23452253641349685,0.41097917697827324,-3.125,5.29931640625,0.1,0.1,-0.06303524984020961,-0.06740183184974824,-2.7609375,-2.60390625
gpt2-xl,memit,counterfact,15471,0.0,1.0,-0.38282174221897797,0.9962780058244212,-3.38671875,12.05877685546875,0.0,1.0,-0.005167339495487418,0.036714940710988575,-3.234375,8.578125,0.2,0.4,0.005386846049748541,0.019151407964903853,-2.15,-1.23828125
gpt2-xl,memit,counterfact,4190,0.0,1.0,-0.0001370159167991621,0.9610636469728925,-2.0,7.804443359375,0.0,1.0,-0.0022561344350142164,0.5544388307804402,-1.828125,4.4306640625,0.2,0.2,-0.0001988198951367333,-0.00025055620690406135,-1.459375,-1.30625
gpt2-xl,memit,counterfact,2414,0.0,1.0,-9.661210218331326e-07,0.9893153003531234,-0.375,19.4892578125,0.0,1.0,-0.0001960743391723173,0.3501062159569157,-2.765625,16.1240234375,0.7,0.8,0.00016030153640752626,0.00018514895196297952,1.546875,1.7
gpt2-xl,memit,counterfact,11701,0.0,1.0,-0.24289220444183754,0.9820951652975421,-6.8359375,14.23193359375,0.0,1.0,-0.0022547688772528098,0.19576591846788283,-3.953125,4.4375,0.1,0.2,0.001248769269764582,0.003313310955621608,-0.9328125,-0.69375
gpt2-xl,memit,counterfact,16141,0.0,1.0,-0.08465945329979688,0.9801080462692696,-7.90625,8.5426025390625,0.0,1.0,-0.10823578000680016,0.9117662243488169,-9.9140625,8.46728515625,0.0,0.0,-0.17927342793266993,-0.17811715356629867,-7.964599609375,-7.315625
gpt2-xl,memit,counterfact,19724,1.0,1.0,0.08125005674636333,0.10375596215061898,1.875,2.140625,0.0,0.5,-0.01447320037622579,-0.00957474857108984,-0.5390625,-0.046875,0.5,0.5,-0.060210301249724575,-0.05727128339402469,-1.59296875,-1.39140625
gpt2-xl,memit,counterfact,12635,0.0,1.0,-0.0011692259284704595,0.9421032284763257,-6.5625,9.5654296875,0.0,1.0,-0.0025347393640018086,0.6699717542484206,-4.703125,7.302734375,0.0,0.0,-0.037995151133827273,-0.039807876293876984,-9.9109375,-9.93203125
gpt2-xl,memit,counterfact,3748,0.0,1.0,-0.0032295911967189605,0.9805385441878256,-3.0625,19.6053466796875,0.0,1.0,-0.058174629155476,0.9103248351943823,-4.7578125,17.5286865234375,0.8,0.8,-0.003987646327243211,-0.004168318857358569,0.3921875,0.6484375
gpt2-xl,memit,counterfact,17374,1.0,1.0,0.0038574376793497336,0.9961135324450754,0.5,8.871246337890625,1.0,1.0,0.018096835996504523,0.9746450625741132,1.9765625,9.09942626953125,0.2,0.2,-0.07792036081405926,-0.09161986029738203,-2.4578125,-2.33828125
gpt2-xl,memit,counterfact,2723,1.0,1.0,0.00019920421077567778,0.9252989563191317,1.4375,13.29736328125,0.0,1.0,-9.91205832862665e-05,0.0007904576262038896,-2.84375,3.125,0.3,0.3,-0.0004398497098436105,-0.00033603814449083643,-1.30625,-1.190625
gpt2-xl,memit,counterfact,2759,0.0,1.0,-0.390049588627212,0.9907655329195112,-9.49609375,17.49072265625,0.0,1.0,-0.24545607283864718,0.9467793118657911,-7.802734375,13.194305419921875,0.0,0.9,-0.29960799849144093,0.7068418729013011,-8.363671875,9.76156005859375
gpt2-xl,memit,counterfact,21054,0.0,1.0,-0.0879652431126335,0.9744745407416618,-3.71875,7.9744873046875,0.0,1.0,-0.013377028632421148,0.011621166734421633,-1.3671875,4.3984375,0.4,0.4,-0.12667673227624782,-0.12866492229702586,-1.407421875,-1.184765625
gpt2-xl,memit,counterfact,12756,1.0,1.0,1.5565135787799256e-05,0.8295239743944884,2.6875,7.8759765625,0.5,1.0,-0.0002832049227838198,0.040685240131338694,0.8125,2.875,1.0,1.0,0.00014249314096201647,0.0007749291030401818,2.6,2.759375
gpt2-xl,memit,counterfact,14633,0.0,1.0,-0.0007102683387857542,0.9934451174277429,-1.40625,9.99346923828125,0.0,1.0,-0.005660478866916139,0.03075720563048706,-1.515625,5.15625,0.2,0.2,-0.0018816165869375285,-0.002051460080893546,-1.115625,-0.75
gpt2-xl,memit,counterfact,21068,1.0,1.0,0.00023960169685773578,0.9460871732133457,0.8125,14.257080078125,0.5,1.0,2.8713448523576103e-05,0.9847090163224147,-0.53125,16.672088623046875,0.7,0.8,0.0001314712857294846,0.00018562109734286304,0.0625,0.128125
gpt2-xl,memit,counterfact,3509,0.0,1.0,-0.009149976774170294,0.9893711934065318,-2.09375,12.30181884765625,0.0,1.0,-0.04185536440785224,0.8344618920098439,-2.84375,10.455917358398438,0.0,0.0,-0.01158929174575984,-0.009186591386292726,-2.9703125,-2.359375
gpt2-xl,memit,counterfact,2106,0.0,1.0,-0.00032422102279129356,0.9879545536307494,-0.3125,10.3004150390625,0.0,1.0,-0.0013158625859850765,0.6611951505459739,-2.109375,8.39404296875,0.0,0.0,-0.0017799510139308785,-0.0016829816599387658,-1.85625,-1.778125
gpt2-xl,memit,counterfact,17265,0.0,1.0,-0.0002402861448496554,0.9941417668173346,-1.4375,7.8695068359375,0.5,1.0,-0.02304228544752965,0.22894568509495428,0.265625,6.55859375,0.4,0.4,0.0020806520615766133,0.002330405035253146,-0.33125,-0.25
gpt2-xl,memit,genie,followed_by_6150,0.0,1.0,-0.45723947585937913,0.9760528681209675,-4.460782368977864,3.812986691792806,,,,,,,,,,,,
gpt2-xl,memit,genie,director_229,0.0,1.0,-0.19073794409554068,0.6173538140477582,-1.7348554134368896,3.6097545623779297,,,,,,,,,,,,
gpt2-xl,memit,genie,headquarters_2162,0.0,1.0,-0.6781502081287826,0.42790939314262516,-4.485135555267334,1.2088755369186401,,,,,,,,,,,,
gpt2-xl,memit,genie,field_of_work_1687,0.0,1.0,-0.0023539678480889222,0.9797752423125192,-2.53125,9.9796142578125,,,,,,,,,,,,
gpt2-xl,memit,genie,director_3768,1.0,1.0,0.0011514089697078622,0.9968684543205284,0.008264333009719849,7.370540142059326,,,,,,,,,,,,
gpt2-xl,memit,genie,occupation_2544,0.0,1.0,-0.0004194308752338286,0.7221838272102684,-1.7890625,3.77392578125,,,,,,,,,,,,
gpt2-xl,memit,genie,production_company_4721,1.0,1.0,0.002784585155472983,0.9881498510388125,0.596354166666667,7.586568196614583,,,,,,,,,,,,
gpt2-xl,memit,genie,continent_7135,0.0,1.0,-0.10992095474074155,0.9663381967523489,-4.33642578125,4.759521484375,,,,,,,,,,,,
gpt2-xl,memit,genie,spouse_2997,0.0,1.0,-0.0015909737782467774,0.8844884151184066,-0.947916666666667,5.561767578125,,,,,,,,,,,,
gpt2-xl,memit,genie,genre_3080,1.0,1.0,9.951427940199082e-05,0.7923992591195845,4.421875,10.642333984375,,,,,,,,,,,,
gpt2-xl,memit,genie,award_received_5077,0.0,1.0,-0.10032099260848232,0.8852484047248336,-2.089836351799242,3.4768509142326587,,,,,,,,,,,,
gpt2-xl,memit,genie,country_3694,0.0,1.0,-0.20639900175995504,0.9676261221382997,-8.3597900390625,4.242431640625,,,,,,,,,,,,
gpt2-xl,memit,genie,followed_by_3324,0.0,1.0,-0.002079009505932542,0.058491201490756865,-3.109375000000001,7.994791666666668,,,,,,,,,,,,
gpt2-xl,memit,genie,field_of_work_100,0.0,1.0,-0.0011082960174881107,0.8785350619641864,-3.026041666666667,9.162272135416666,,,,,,,,,,,,
gpt2-xl,memit,genie,composer_4902,0.0,1.0,-0.019747894754614914,0.17810317608808351,-0.4177144368489585,0.49784342447916674,,,,,,,,,,,,
gpt2-xl,memit,genie,genre_4732,0.0,1.0,-0.002280972222612063,0.9093644170103261,-6.79296875,8.1708984375,,,,,,,,,,,,
gpt2-xl,memit,genie,director_7311,1.0,1.0,0.011223163256969877,0.977649716742122,1.34375,9.696207682291666,,,,,,,,,,,,
gpt2-xl,memit,genie,country_6584,0.0,1.0,-0.028302268643205588,0.8083535364118819,-1.21630859375,1.87591552734375,,,,,,,,,,,,
gpt2-xl,memit,genie,genre_4642,1.0,1.0,0.002383053429436406,0.8875650074012977,1.05859375,3.3349609375,,,,,,,,,,,,
gpt2-xl,memit,genie,country_of_citizenship_2431,0.0,1.0,-0.11477508694119587,0.969665755751771,-1.5318603515625,4.4047088623046875,,,,,,,,,,,,
gpt2-xl,memit,mquake,2640,0.25,0.75,0.002348882615116932,0.24085583077456174,-0.6902031557900566,1.0929789219583783,,,,,,,,,,,,
gpt2-xl,memit,mquake,248,0.0,1.0,-0.012547796258034741,0.3356373103664495,-2.3439670138888893,4.209696451822916,,,,,,,,,,,,
gpt2-xl,memit,mquake,2121,1.0,1.0,0.04201966305657037,0.9666481551055252,0.30202884144253206,4.941995249854194,,,,,,,,,,,,
gpt2-xl,memit,mquake,825,0.5,1.0,-0.11915682505011553,0.49008568588362245,0.839192708333333,11.936848958333332,,,,,,,,,,,,
gpt2-xl,memit,mquake,2014,0.6666666666666666,1.0,0.15373366469231042,0.44768015813006157,5.091335478283111,10.269436427525113,,,,,,,,,,,,
gpt2-xl,memit,mquake,713,0.0,0.5,-0.05887559853640765,0.4633914951035494,-2.7500839233398438,-4.3182525634765625,,,,,,,,,,,,
gpt2-xl,memit,mquake,1872,0.0,1.0,-0.021947113649732695,0.9827292379658602,-1.5802408854166665,5.159016927083333,,,,,,,,,,,,
gpt2-xl,memit,mquake,562,0.5,1.0,0.017819576603022476,0.4392677665260726,0.7703685760498047,5.475612004597982,,,,,,,,,,,,
gpt2-xl,memit,mquake,595,1.0,1.0,0.06417274970862626,0.38996492384105524,3.5552940368652344,4.5698652267456055,,,,,,,,,,,,
gpt2-xl,memit,mquake,1554,0.0,1.0,-0.9139759227623918,0.9881384078817581,-7.42626953125,15.863067626953125,,,,,,,,,,,,
gpt2-xl,memit,mquake,1291,0.5,1.0,0.014945420232000795,0.24926182186094006,0.6406898498535156,1.013659885951451,,,,,,,,,,,,
gpt2-xl,memit,mquake,1655,1.0,1.0,0.04009851785171226,0.47383097528327184,1.886474609375,3.6815185546875,,,,,,,,,,,,
gpt2-xl,memit,mquake,681,0.0,1.0,-0.039557859201668225,0.9398698685042167,-0.3116682767868042,3.2719565629959106,,,,,,,,,,,,
gpt2-xl,memit,mquake,1162,1.0,1.0,0.003914717420914749,0.9921971526577762,1.19873046875,10.7734375,,,,,,,,,,,,
gpt2-xl,memit,mquake,1997,1.0,1.0,0.0077817568668070115,0.9571420973108832,1.7685546875,10.09686279296875,,,,,,,,,,,,
gpt2-xl,memit,mquake,2526,0.75,1.0,0.04867920332712039,0.2514913926523121,4.661306309700012,8.007153803110123,,,,,,,,,,,,
gpt2-xl,memit,mquake,2752,0.0,0.25,-0.0051023593134906405,0.24657453743793034,-2.40866752465566,-1.5125527381896973,,,,,,,,,,,,
gpt2-xl,memit,mquake,696,0.0,1.0,-0.0008709429784170613,0.9869027465143942,-0.8046875,15.50244140625,,,,,,,,,,,,
gpt2-xl,memit,mquake,606,0.0,1.0,-0.1035693303291096,0.9590189778654359,-5.0514068603515625,3.6072463989257812,,,,,,,,,,,,
gpt2-xl,memit,mquake,1946,0.3333333333333333,0.6666666666666666,-0.001759156818747945,0.3115716408481203,-0.546142578125,1.8746744791666667,,,,,,,,,,,,
gpt2-xl,memit,ripple,ripple_popular_row272,0.0,1.0,-0.12627165993588874,0.3587593222617214,-3.154229482014974,3.658873240152995,,,,,,,,,,,,
gpt2-xl,memit,ripple,ripple_popular_row528,0.0,1.0,-0.0002395587894529437,0.9631185065936023,-7.1640625,8.398193359375,,,,,,,,,,,,
gpt2-xl,memit,ripple,ripple_popular_row137,1.0,1.0,0.003208769918582646,0.7038869798568199,6.2600453694661455,14.273863156636557,,,,,,,,,,,,
gpt2-xl,memit,ripple,ripple_popular_row865,0.0,1.0,-0.02476231675138274,0.9357434302050424,-0.893147786458333,5.255226135253906,,,,,,,,,,,,
gpt2-xl,memit,ripple,ripple_popular_row147,0.0,1.0,-0.11756553348912963,0.9836766644963435,-2.6816136837005615,5.641407569249471,,,,,,,,,,,,
gpt2-xl,memit,ripple,ripple_popular_row86,0.0,1.0,-0.03284857421988085,0.7752064854381586,-5.428396606445313,5.062458801269531,,,,,,,,,,,,
gpt2-xl,memit,ripple,ripple_popular_row827,0.0,1.0,-0.01320504416694285,0.716510373784307,-4.666666666666667,7.078938802083333,,,,,,,,,,,,
gpt2-xl,memit,ripple,ripple_popular_row607,0.0,1.0,-0.0012723989706900757,0.5083822821871358,-4.552083333333334,9.323567708333334,,,,,,,,,,,,
gpt2-xl,memit,ripple,ripple_popular_row377,1.0,1.0,0.004564265023868388,0.9864211604606671,3.274088541666667,22.611328125,,,,,,,,,,,,
gpt2-xl,memit,ripple,ripple_popular_row454,0.0,1.0,-0.11649619885153087,0.5875569424615332,-5.23046875,5.596934000651042,,,,,,,,,,,,
gpt2-xl,memit,ripple,ripple_popular_row339,0.0,1.0,-0.0023953715268627183,0.3456977359038575,-1.307291666666667,7.001220703125,,,,,,,,,,,,
gpt2-xl,memit,ripple,ripple_popular_row744,0.0,1.0,-0.025324497399974125,0.9758998340113705,-5.305555725097657,4.0683135986328125,,,,,,,,,,,,
gpt2-xl,memit,ripple,ripple_popular_row639,0.0,1.0,-0.0110519697378152,0.15993583824284902,-2.845947265625,4.2747802734375,,,,,,,,,,,,
gpt2-xl,memit,ripple,ripple_popular_row437,0.0,1.0,-0.27481935244454525,0.987081958101312,-5.447052001953125,4.668396472930908,,,,,,,,,,,,
gpt2-xl,memit,ripple,ripple_popular_row273,1.0,1.0,0.004657427094103678,0.1585672855152592,2.725789388020833,4.129720052083333,,,,,,,,,,,,
gpt2-xl,memit,ripple,ripple_popular_row353,0.0,1.0,-0.013343921552156357,0.21372935631829953,-0.283999721209208,1.8264845858017602,,,,,,,,,,,,
gpt2-xl,memit,ripple,ripple_popular_row371,0.0,1.0,-0.10074496570563836,0.3837822666908386,-3.9469947814941406,1.7714195251464844,,,,,,,,,,,,
gpt2-xl,memit,ripple,ripple_popular_row646,0.0,1.0,-0.392071967288463,0.6835330980986819,-4.5052227020263675,4.011775207519531,,,,,,,,,,,,
gpt2-xl,memit,ripple,ripple_popular_row129,0.0,1.0,-0.03818317167295291,0.6827398083921609,-4.704671223958334,5.176300048828125,,,,,,,,,,,,
gpt2-xl,memit,ripple,ripple_popular_row602,1.0,1.0,0.009241835676083818,0.9237412143328252,3.171337890625,13.1081787109375,,,,,,,,,,,,
gpt2-xl,memit,ripple,ripple_random_row1779,1.0,1.0,4.905636647478933e-05,0.9745533176427509,0.125,15.786724090576172,,,,,,,,,,,,
gpt2-xl,memit,ripple,ripple_random_row70,0.0,1.0,-0.14565894618703365,0.49540230357996595,-1.3417775472005207,1.3544459025065105,,,,,,,,,,,,
gpt2-xl,memit,ripple,ripple_random_row1359,0.0,1.0,-0.026071609284287096,0.33965745393258573,-2.174298604329427,5.196625391642252,,,,,,,,,,,,
gpt2-xl,memit,ripple,ripple_random_row1105,0.0,1.0,-0.020372426554067097,0.854823171636566,-5.828125,15.0306396484375,,,,,,,,,,,,
gpt2-xl,memit,ripple,ripple_random_row1751,0.0,1.0,-0.16562326145772904,0.9436469000512275,-4.6026611328125,3.604522705078125,,,,,,,,,,,,
gpt2-xl,memit,ripple,ripple_random_row1170,1.0,1.0,0.006328859344154638,0.9873347122192336,1.625325520833333,20.612253824869793,,,,,,,,,,,,
gpt2-xl,memit,ripple,ripple_random_row661,0.0,1.0,-0.0021934873371075693,0.9679406368681205,-0.49869791666666696,5.25390625,,,,,,,,,,,,
gpt2-xl,memit,ripple,ripple_random_row381,0.0,1.0,-0.03478966739457956,0.975057874646439,-1.770833333333333,8.787394205729166,,,,,,,,,,,,
gpt2-xl,memit,ripple,ripple_random_row317,0.0,1.0,-0.003904772583676479,0.9581196649225757,-3.19921875,8.540982564290365,,,,,,,,,,,,
gpt2-xl,memit,ripple,ripple_random_row250,1.0,1.0,0.005578493175052221,0.9901307501388461,5.938802083333333,16.615081787109375,,,,,,,,,,,,
gpt2-xl,memit,ripple,ripple_random_row455,0.0,1.0,-0.0016380856096232489,0.8993638175289614,-2.6875,4.62255859375,,,,,,,,,,,,
gpt2-xl,memit,ripple,ripple_random_row998,0.0,1.0,-0.0073084008482437735,0.37657854887620595,-1.862630208333333,19.64837137858073,,,,,,,,,,,,
gpt2-xl,memit,ripple,ripple_random_row689,0.0,1.0,-0.05868307870414052,0.9992891566112547,-1.216796875,14.311789512634277,,,,,,,,,,,,
gpt2-xl,memit,ripple,ripple_random_row787,1.0,1.0,0.0030552830599224123,0.9819972647261268,0.5263671875,6.870241800944011,,,,,,,,,,,,
gpt2-xl,memit,ripple,ripple_random_row115,1.0,1.0,0.049436598504420004,0.9757841250867721,1.1005555987358093,8.788138642907143,,,,,,,,,,,,
gpt2-xl,memit,ripple,ripple_random_row541,0.0,1.0,-0.060585402978963664,0.9026302054622913,-2.475390625,5.568964494977679,,,,,,,,,,,,
gpt2-xl,memit,ripple,ripple_random_row1317,0.0,1.0,-0.0005560721260982912,0.6167772493323245,-0.3708333333333327,8.86064453125,,,,,,,,,,,,
gpt2-xl,memit,ripple,ripple_random_row901,0.0,1.0,-0.020561382532115497,0.42043602932250135,-3.783203125,7.0562744140625,,,,,,,,,,,,
gpt2-xl,memit,ripple,ripple_random_row436,0.0,1.0,-0.029847762217127444,0.9852102228190079,-1.8671875,17.36009979248047,,,,,,,,,,,,
gpt2-xl,memit,ripple,ripple_random_row834,0.0,1.0,-0.224259578951463,0.6504303623314064,-3.59918212890625,2.1589914957682295,,,,,,,,,,,,
gpt2-xl,memit,zsre,zsre_row8097,1.0,1.0,0.06447440464413451,0.9832971024768115,1.81109619140625,4.687460899353027,1.0,1.0,0.04645956653142804,0.8970067733680165,1.827239990234375,4.232568740844727,1.0,1.0,0.006711784580285734,0.006685865744586228,1.6380157470703125,1.583343505859375
gpt2-xl,memit,zsre,zsre_row15599,0.0,1.0,-0.003730474832275628,0.9940006874563352,-2.84375,9.619049072265625,0.0,1.0,-0.006699429113395981,0.3747667793809259,-2.71875,6.92578125,0.0,0.0,-7.241250244972373e-08,-7.241250244972373e-08,-1.75,-1.75
gpt2-xl,memit,zsre,zsre_row18844,1.0,1.0,8.272617254803248e-05,0.4453603694164691,0.109375,7.215301513671875,1.0,1.0,4.510696549591873e-06,0.5920683071105473,0.0078125,7.702880859375,0.0,0.0,-0.00033985135022967866,-0.00032505409358039525,-0.953125,-0.875
gpt2-xl,memit,zsre,zsre_row5765,0.0,1.0,-0.010507272971469993,0.9929446533600531,-2.328125,7.30609130859375,0.0,1.0,-0.009521939321647186,0.9860373387019717,-1.703125,6.6903076171875,0.0,0.0,-0.00010714295166188353,-0.00010547035678727136,-7.234375,-7.09375
gpt2-xl,memit,zsre,zsre_row13630,1.0,1.0,0.010259279512788818,0.9887296609005828,0.911214192708333,5.186138947804769,1.0,1.0,0.011426988181385996,0.9037093480138002,1.445393880208333,4.972384134928386,1.0,1.0,0.003155053067620887,0.0032510760280258996,2.402506510416667,2.422688802083333
gpt2-xl,memit,zsre,zsre_row14665,0.0,1.0,-0.008363508681729435,0.7565678814860954,-0.953125,8.77587890625,0.0,1.0,-0.004888315029085304,0.6857860078384169,-0.8125,8.349609375,0.0,0.0,-7.761381907150024e-05,-7.487315528992535e-05,-0.578125,-0.5625
gpt2-xl,memit,zsre,zsre_row12754,0.0,1.0,-0.0006863684377458618,0.9500389028580523,-1.15625,6.94970703125,0.0,1.0,-0.0002568433110064872,0.9370837646285678,-1.6875,6.4990234375,1.0,1.0,1.5098181219104483e-08,2.418636652717143e-08,0.25,0.375
gpt2-xl,memit,zsre,zsre_row8750,0.0,1.0,-0.010631595863093615,0.8884998786987456,-4.901041666666667,9.777669270833334,0.0,1.0,-0.012674554122332954,0.050463320420188064,-5.635416666666667,6.151041666666666,0.0,0.0,-0.00032810103502023006,-0.0003280723294878563,-6.604166666666666,-6.541666666666666
gpt2-xl,memit,zsre,zsre_row4307,0.0,1.0,-0.00011688838341249955,0.01830382390996807,-0.21875,1.2083333333333335,0.0,1.0,-0.0016004306072078054,0.0003948920948986471,-0.6731770833333339,0.048665364583333925,0.0,0.0,-2.5090337725515555e-05,-2.496159908025355e-05,-2.229166666666668,-2.1875
gpt2-xl,memit,zsre,zsre_row18406,1.0,1.0,0.0017125989813484683,0.9980867861171896,2.46875,16.498085021972656,1.0,1.0,0.00041324274155373256,0.9883487048683633,1.375,13.86328125,1.0,1.0,0.0016993969445255165,0.0018089986309493533,6.0,6.0
gpt2-xl,memit,zsre,zsre_row10580,0.0,1.0,-0.0004183447903211338,0.9572757221242677,-2.8359375,8.782661437988281,0.0,1.0,-0.004916980226368003,0.5962275783460952,-5.96875,6.4200439453125,1.0,1.0,2.853625412742645e-05,3.427710593406738e-05,1.2265625,1.3828125
gpt2-xl,memit,zsre,zsre_row9259,0.0,0.0,0.0,0.0,0.0,0.0,0.0,0.0,0.0,0.0,0.0,0.0,0.0,0.0,0.0,0.0,0.0,0.0
gpt2-xl,memit,zsre,zsre_row57,0.0,1.0,-3.024570863123265e-07,0.8862522275927062,-0.6875,8.81689453125,0.0,1.0,-2.8941036768614462e-06,0.10150981019396643,-0.3125,5.0625,0.0,0.0,-2.2018885140075032e-07,-2.0383293207941573e-07,-0.625,-0.5625
gpt2-xl,memit,zsre,zsre_row19060,0.0,1.0,-0.0001313864316184243,0.9902809616281266,-1.40625,13.865234375,0.0,1.0,-6.773031261241518e-05,0.9936409324363492,-0.375,13.634246826171875,0.0,0.0,-0.0001488008652892181,-0.00014407552137234083,-3.46875,-3.4375
gpt2-xl,memit,zsre,zsre_row16238,0.0,1.0,-1.0283066767544824e-05,0.8402309198487072,-0.1875,11.982177734375,0.0,1.0,-1.6897497995685038e-05,0.022249966408681505,-0.390625,7.2265625,1.0,1.0,5.249382921459419e-08,4.9313388881289465e-08,0.03125,0.03125
gpt2-xl,memit,zsre,zsre_row9297,1.0,1.0,0.008842992892712374,0.9444726317125444,1.3292968749999998,10.22415771484375,1.0,1.0,0.00818457139279358,0.5346230438892278,0.72900390625,5.4873291015625,1.0,1.0,0.0016195113430982641,0.001633463685122604,6.1234375,6.11640625
gpt2-xl,memit,zsre,zsre_row15083,1.0,1.0,0.009270581027579706,0.5319542408450552,1.7916190011160715,6.635740661621094,1.0,1.0,0.017028666067700978,0.38678225544906714,1.764549909319196,5.725249481201172,1.0,1.0,7.30702869968248e-05,0.00017555211294845586,0.09187360491071406,0.2113542829241064
gpt2-xl,memit,zsre,zsre_row18879,1.0,1.0,0.00527888843489243,0.9952409458330693,0.436279296875,9.276573181152344,1.0,1.0,0.002648326732572424,0.989900250506992,0.41650390625,8.365081787109375,0.0,0.0,-7.625162881506789e-06,-7.20271870058929e-06,-0.78125,-0.734375
gpt2-xl,memit,zsre,zsre_row495,1.0,1.0,0.005068663931417764,0.9987092028721729,1.03125,12.998710632324219,1.0,1.0,0.003274480681009448,0.5609421985097472,1.15625,11.296875,0.0,0.0,-2.8655506920433357e-07,-2.361752909312148e-07,-0.3125,-0.25
gpt2-xl,memit,zsre,zsre_row14921,1.0,1.0,0.022966281733954614,0.9905415343579943,0.8479207356770835,5.659027576446533,1.0,1.0,0.016818922799940732,0.978746590568666,1.1267496744791665,5.504080295562744,1.0,1.0,0.001794209791232961,0.0017622524206138933,3.255208333333333,3.245442708333333
gpt2-xl,remedi,counterfact,11983,0.0,1.0,-0.035034467206226785,0.34574381822598566,-2.203125,4.9140625,0.0,1.0,-0.028673716851927166,0.3958809725356104,-2.828125,6.3603515625,0.1,0.1,-0.05226381362812356,-0.05226381362812356,-2.9,-2.9
gpt2-xl,remedi,counterfact,13602,0.0,0.0,-0.34097088986750385,-0.2642017242491074,-5.1796875,-2.8828125,0.0,0.0,-0.23452253641349685,-0.27032861364936833,-3.125,-1.7646484375,0.1,0.1,-0.06303524984020961,-0.06303524984020961,-2.7609375,-2.7609375
gpt2-xl,remedi,counterfact,15471,0.0,1.0,-0.38282174221897797,0.04292521985449882,-3.38671875,3.265625,0.0,1.0,-0.005167339495487418,9.909476855792497e-05,-3.234375,8.1875,0.2,0.2,0.005386846049748541,0.005386846049748541,-2.15,-2.15
gpt2-xl,remedi,counterfact,4190,0.0,1.0,-0.0001370159167991621,0.004929587331545028,-2.0,17.713350929940457,0.0,1.0,-0.0022561344350142164,0.0025304871553106702,-1.828125,16.853975929940457,0.2,0.2,-0.0001988198951367333,-0.0001988198951367333,-1.459375,-1.459375
gpt2-xl,remedi,counterfact,2414,0.0,1.0,-9.661210218331326e-07,0.00010890876916362643,-0.375,13.900850929940457,0.0,1.0,-0.0001960743391723173,0.00020562479346155255,-2.765625,14.369600929940457,0.7,0.7,0.00016030153640752626,0.00016030153640752626,1.546875,1.546875
gpt2-xl,remedi,counterfact,11701,0.0,0.0,-0.24289220444183754,-0.0032553953563732845,-6.8359375,-0.25,0.0,0.0,-0.0022547688772528098,-0.001872126315078816,-3.953125,-2.25,0.1,0.1,0.001248769269764582,0.001248769269764582,-0.9328125,-0.9328125
gpt2-xl,remedi,counterfact,16141,0.0,1.0,-0.08465945329979688,0.018503867986306363,-7.90625,1.34375,0.0,0.5,-0.10823578000680016,0.0037049541516285395,-9.9140625,1.6171875,0.0,0.0,-0.17927342793266993,-0.17927342793266993,-7.964599609375,-7.964599609375
gpt2-xl,remedi,counterfact,19724,1.0,0.0,0.08125005674636333,-2.4001424722724634e-06,1.875,-1.5,0.0,1.0,-0.01447320037622579,0.23951053861104604,-0.5390625,8.34765625,0.5,0.5,-0.060210301249724575,-0.060210301249724575,-1.59296875,-1.59296875
gpt2-xl,remedi,counterfact,12635,0.0,1.0,-0.0011692259284704595,0.024645738449593915,-6.5625,10.546875,0.0,1.0,-0.0025347393640018086,0.376671040209801,-4.703125,12.94140625,0.0,0.0,-0.037995151133827273,-0.037995151133827273,-9.9109375,-9.9109375
gpt2-xl,remedi,counterfact,3748,0.0,1.0,-0.0032295911967189605,0.020115791027780064,-3.0625,15.71875,0.0,1.0,-0.058174629155476,0.20638506423306233,-4.7578125,14.88671875,0.8,0.8,-0.003987646327243211,-0.003987646327243211,0.3921875,0.3921875
gpt2-xl,remedi,counterfact,17374,1.0,1.0,0.0038574376793497336,0.2969163440707234,0.5,5.6953125,1.0,1.0,0.018096835996504523,0.18616876156330342,1.9765625,5.26953125,0.2,0.2,-0.07792036081405926,-0.07792036081405926,-2.4578125,-2.4578125
gpt2-xl,remedi,counterfact,2723,1.0,1.0,0.00019920421077567778,0.027928014220365963,1.4375,19.447725929940457,0.0,1.0,-9.91205832862665e-05,0.00345017829006324,-2.84375,16.760225929940457,0.3,0.3,-0.0004398497098436105,-0.0004398497098436105,-1.30625,-1.30625
gpt2-xl,remedi,counterfact,2759,0.0,0.0,-0.390049588627212,-0.31791557758350736,-9.49609375,-5.234375,0.0,0.0,-0.24545607283864718,-0.1694609383032221,-7.802734375,-3.48046875,0.0,0.0,-0.29960799849144093,-0.29960799849144093,-8.363671875,-8.363671875
gpt2-xl,remedi,counterfact,21054,0.0,1.0,-0.0879652431126335,0.024264278487920697,-3.71875,17.28125,0.0,1.0,-0.013377028632421148,0.0058547400083027975,-1.3671875,14.734375,0.4,0.4,-0.12667673227624782,-0.12667673227624782,-1.407421875,-1.407421875
gpt2-xl,remedi,counterfact,12756,1.0,1.0,1.5565135787799256e-05,0.0010660908325260592,2.6875,11.90625,0.5,1.0,-0.0002832049227838198,0.013454841594224005,0.8125,9.9375,1.0,1.0,0.00014249314096201647,0.00014249314096201647,2.6,2.6
gpt2-xl,remedi,counterfact,14633,0.0,1.0,-0.0007102683387857542,0.061961007690522124,-1.40625,20.244600929940457,0.0,1.0,-0.005660478866916139,0.01692785190646851,-1.515625,18.408663429940457,0.2,0.2,-0.0018816165869375285,-0.0018816165869375285,-1.115625,-1.115625
gpt2-xl,remedi,counterfact,21068,1.0,1.0,0.00023960169685773578,0.003495231865031316,0.8125,9.15625,0.5,1.0,2.8713448523576103e-05,0.030191142340751854,-0.53125,7.1875,0.7,0.7,0.0001314712857294846,0.0001314712857294846,0.0625,0.0625
gpt2-xl,remedi,counterfact,3509,0.0,1.0,-0.009149976774170294,0.05061150286546246,-2.09375,4.21875,0.0,1.0,-0.04185536440785224,0.40807687970788264,-2.84375,5.935546875,0.0,0.0,-0.01158929174575984,-0.01158929174575984,-2.9703125,-2.9703125
gpt2-xl,remedi,counterfact,2106,0.0,1.0,-0.00032422102279129356,0.0034956008536636734,-0.3125,17.369600929940457,0.0,1.0,-0.0013158625859850765,0.0013123084521472846,-2.109375,15.932100929940457,0.0,0.0,-0.0017799510139308785,-0.0017799510139308785,-1.85625,-1.85625
gpt2-xl,remedi,counterfact,17265,0.0,1.0,-0.0002402861448496554,0.005414092514077956,-1.4375,17.807100929940457,0.5,1.0,-0.02304228544752965,0.22139759921954796,0.265625,21.197725929940457,0.4,0.4,0.0020806520615766133,0.0020806520615766133,-0.33125,-0.33125
gpt2-xl,remedi,genie,followed_by_6150,0.0,0.0,-0.45723947585937913,-0.04882877947005758,-4.460782368977864,-0.4595133463541665,,,,,,,,,,,,
gpt2-xl,remedi,genie,director_229,0.0,0.0,-0.19073794409554068,-0.0391868323210901,-1.7348554134368896,-0.6648473739624023,,,,,,,,,,,,
gpt2-xl,remedi,genie,headquarters_2162,0.0,0.0,-0.6781502081287826,-0.579852393370989,-4.485135555267334,-3.4291324615478516,,,,,,,,,,,,
gpt2-xl,remedi,genie,field_of_work_1687,0.0,1.0,-0.0023539678480889222,0.0033880159870125744,-2.53125,11.4375,,,,,,,,,,,,
gpt2-xl,remedi,genie,director_3768,1.0,1.0,0.0011514089697078622,0.08711743518540464,0.008264333009719849,0.7677232325077057,,,,,,,,,,,,
gpt2-xl,remedi,genie,occupation_2544,0.0,1.0,-0.0004194308752338286,0.0005090758891811237,-1.7890625,2.0,,,,,,,,,,,,
gpt2-xl,remedi,genie,production_company_4721,1.0,1.0,0.002784585155472983,0.12259978007359956,0.596354166666667,5.164713541666666,,,,,,,,,,,,
gpt2-xl,remedi,genie,continent_7135,0.0,0.0,-0.10992095474074155,-0.08714069616549154,-4.33642578125,-2.2913818359375,,,,,,,,,,,,
gpt2-xl,remedi,genie,spouse_2997,0.0,0.0,-0.0015909737782467774,-0.00016145809629382964,-0.947916666666667,-0.09635416666666696,,,,,,,,,,,,
gpt2-xl,remedi,genie,genre_3080,1.0,1.0,9.951427940199082e-05,0.00014383559314585983,4.421875,5.78125,,,,,,,,,,,,
gpt2-xl,remedi,genie,award_received_5077,0.0,1.0,-0.10032099260848232,0.005441437689101075,-2.089836351799242,0.107666015625,,,,,,,,,,,,
gpt2-xl,remedi,genie,country_3694,0.0,1.0,-0.20639900175995504,0.529855152031131,-8.3597900390625,2.47109375,,,,,,,,,,,,
gpt2-xl,remedi,genie,followed_by_3324,0.0,0.0,-0.002079009505932542,-0.0005222959688885316,-3.109375000000001,-2.031249999999999,,,,,,,,,,,,
gpt2-xl,remedi,genie,field_of_work_100,0.0,1.0,-0.0011082960174881107,0.0006960642139222058,-3.026041666666667,1.1875,,,,,,,,,,,,
gpt2-xl,remedi,genie,composer_4902,0.0,0.0,-0.019747894754614914,-0.02992014540374923,-0.4177144368489585,-0.48894945780436183,,,,,,,,,,,,
gpt2-xl,remedi,genie,genre_4732,0.0,1.0,-0.002280972222612063,0.16580991596157768,-6.79296875,10.171875,,,,,,,,,,,,
gpt2-xl,remedi,genie,director_7311,1.0,1.0,0.011223163256969877,0.024517810244199766,1.34375,1.97265625,,,,,,,,,,,,
gpt2-xl,remedi,genie,country_6584,0.0,0.0,-0.028302268643205588,-0.024709396660896714,-1.21630859375,-0.5634765625,,,,,,,,,,,,
gpt2-xl,remedi,genie,genre_4642,1.0,1.0,0.002383053429436406,0.0037567792558366713,1.05859375,0.89453125,,,,,,,,,,,,
gpt2-xl,remedi,genie,country_of_citizenship_2431,0.0,1.0,-0.11477508694119587,0.3657699879387441,-1.5318603515625,1.2470703125,,,,,,,,,,,,
gpt2-xl,remedi,mquake,2640,0.25,0.25,0.002348882615116932,-0.005872745700704405,-0.6902031557900566,-0.6198666410786767,,,,,,,,,,,,
gpt2-xl,remedi,mquake,248,0.0,0.0,-0.012547796258034741,-0.0033795026411227746,-2.3439670138888893,-0.7545030381944446,,,,,,,,,,,,
gpt2-xl,remedi,mquake,2121,1.0,1.0,0.04201966305657037,0.020845929434313404,0.30202884144253206,0.12017732196384001,,,,,,,,,,,,
gpt2-xl,remedi,mquake,825,0.5,0.5,-0.11915682505011553,0.1049076475271483,0.839192708333333,4.736002604166666,,,,,,,,,,,,
gpt2-xl,remedi,mquake,2014,0.6666666666666666,0.6666666666666666,0.15373366469231042,0.08388990795512978,5.091335478283111,4.94708251953125,,,,,,,,,,,,
gpt2-xl,remedi,mquake,713,0.0,0.0,-0.05887559853640765,-0.04883805557037865,-2.7500839233398438,-3.4828147888183594,,,,,,,,,,,,
gpt2-xl,remedi,mquake,1872,0.0,0.0,-0.021947113649732695,-0.005306890645878054,-1.5802408854166665,-0.677734375,,,,,,,,,,,,
gpt2-xl,remedi,mquake,562,0.5,1.0,0.017819576603022476,0.06701992277466674,0.7703685760498047,3.5688883463541665,,,,,,,,,,,,
gpt2-xl,remedi,mquake,595,1.0,1.0,0.06417274970862626,0.08616479571970391,3.5552940368652344,3.14691162109375,,,,,,,,,,,,
gpt2-xl,remedi,mquake,1554,0.0,0.0,-0.9139759227623918,-0.7628039057321158,-7.42626953125,-6.70703125,,,,,,,,,,,,
gpt2-xl,remedi,mquake,1291,0.5,0.5,0.014945420232000795,-0.005074726739244903,0.6406898498535156,0.20804432460239952,,,,,,,,,,,,
gpt2-xl,remedi,mquake,1655,1.0,0.5,0.04009851785171226,0.25038726578650233,1.886474609375,1.3009033203125,,,,,,,,,,,,
gpt2-xl,remedi,mquake,681,0.0,1.0,-0.039557859201668225,0.17407346804677526,-0.3116682767868042,1.8340910502842493,,,,,,,,,,,,
gpt2-xl,remedi,mquake,1162,1.0,1.0,0.003914717420914749,0.007424473290233856,1.19873046875,0.79736328125,,,,,,,,,,,,
gpt2-xl,remedi,mquake,1997,1.0,1.0,0.0077817568668070115,0.0041421706091349965,1.7685546875,0.739990234375,,,,,,,,,,,,
gpt2-xl,remedi,mquake,2526,0.75,1.0,0.04867920332712039,0.05904102477363449,4.661306309700012,6.462611210346222,,,,,,,,,,,,
gpt2-xl,remedi,mquake,2752,0.0,0.25,-0.0051023593134906405,-0.008312818017533318,-2.40866752465566,-1.6652199029922485,,,,,,,,,,,,
gpt2-xl,remedi,mquake,696,0.0,1.0,-0.0008709429784170613,0.0005512653142503393,-0.8046875,0.40625,,,,,,,,,,,,
gpt2-xl,remedi,mquake,606,0.0,0.0,-0.1035693303291096,-0.10902785141945646,-5.0514068603515625,-3.2905426025390625,,,,,,,,,,,,
gpt2-xl,remedi,mquake,1946,0.3333333333333333,0.6666666666666666,-0.001759156818747945,0.07404672876498773,-0.546142578125,0.87255859375,,,,,,,,,,,,
gpt2-xl,remedi,ripple,ripple_popular_row272,0.0,0.0,-0.12627165993588874,-0.0585287522385531,-3.154229482014974,-1.7198449969291687,,,,,,,,,,,,
gpt2-xl,remedi,ripple,ripple_popular_row528,0.0,0.0,-0.0002395587894529437,-0.000120392588019792,-7.1640625,-2.671875,,,,,,,,,,,,
gpt2-xl,remedi,ripple,ripple_popular_row137,1.0,1.0,0.003208769918582646,0.008279958054290498,6.2600453694661455,7.269279479980469,,,,,,,,,,,,
gpt2-xl,remedi,ripple,ripple_popular_row865,0.0,1.0,-0.02476231675138274,0.00477371084426444,-0.893147786458333,0.1770477294921875,,,,,,,,,,,,
gpt2-xl,remedi,ripple,ripple_popular_row147,0.0,1.0,-0.11756553348912963,0.0011288173808844115,-2.6816136837005615,0.04072713851928711,,,,,,,,,,,,
gpt2-xl,remedi,ripple,ripple_popular_row86,0.0,0.0,-0.03284857421988085,-0.02803785833139851,-5.428396606445313,-3.1007659912109373,,,,,,,,,,,,
gpt2-xl,remedi,ripple,ripple_popular_row827,0.0,1.0,-0.01320504416694285,0.000306211605934365,-4.666666666666667,0.05729166666666696,,,,,,,,,,,,
gpt2-xl,remedi,ripple,ripple_popular_row607,0.0,1.0,-0.0012723989706900757,1.8317147007237707e-05,-4.552083333333334,3.4375,,,,,,,,,,,,
gpt2-xl,remedi,ripple,ripple_popular_row377,1.0,1.0,0.004564265023868388,0.0019390743505923258,3.274088541666667,9.192057291666668,,,,,,,,,,,,
gpt2-xl,remedi,ripple,ripple_popular_row454,0.0,0.0,-0.11649619885153087,-0.13306139878189208,-5.23046875,-4.700520833333333,,,,,,,,,,,,
gpt2-xl,remedi,ripple,ripple_popular_row339,0.0,0.0,-0.0023953715268627183,-0.000713993042116119,-1.307291666666667,-0.45052083333333304,,,,,,,,,,,,
gpt2-xl,remedi,ripple,ripple_popular_row744,0.0,0.0,-0.025324497399974125,-0.015925097578263835,-5.305555725097657,-3.1911956787109377,,,,,,,,,,,,
gpt2-xl,remedi,ripple,ripple_popular_row639,0.0,0.0,-0.0110519697378152,-0.0036706763639866567,-2.845947265625,-1.403971354166667,,,,,,,,,,,,
gpt2-xl,remedi,ripple,ripple_popular_row437,0.0,0.0,-0.27481935244454525,-0.36132609195380067,-5.447052001953125,-4.6479034423828125,,,,,,,,,,,,
gpt2-xl,remedi,ripple,ripple_popular_row273,1.0,1.0,0.004657427094103678,0.00840163533303715,2.725789388020833,2.541015625,,,,,,,,,,,,
gpt2-xl,remedi,ripple,ripple_popular_row353,0.0,0.0,-0.013343921552156357,-0.00555302277445241,-0.283999721209208,-0.11291662851969386,,,,,,,,,,,,
gpt2-xl,remedi,ripple,ripple_popular_row371,0.0,0.0,-0.10074496570563836,-0.022748433005287887,-3.9469947814941406,-1.2082901000976562,,,,,,,,,,,,
gpt2-xl,remedi,ripple,ripple_popular_row646,0.0,0.0,-0.392071967288463,-0.21780463790790103,-4.5052227020263675,-4.043582153320313,,,,,,,,,,,,
gpt2-xl,remedi,ripple,ripple_popular_row129,0.0,0.0,-0.03818317167295291,-0.012129741597860464,-4.704671223958334,-2.587931315104167,,,,,,,,,,,,
gpt2-xl,remedi,ripple,ripple_popular_row602,1.0,1.0,0.009241835676083818,0.03789789865167754,3.171337890625,3.507568359375,,,,,,,,,,,,
gpt2-xl,remedi,ripple,ripple_random_row1779,1.0,1.0,4.905636647478933e-05,0.015309098031552648,0.125,3.78125,,,,,,,,,,,,
gpt2-xl,remedi,ripple,ripple_random_row70,0.0,0.0,-0.14565894618703365,-0.04068263077911696,-1.3417775472005207,-0.9020655314127604,,,,,,,,,,,,
gpt2-xl,remedi,ripple,ripple_random_row1359,0.0,0.0,-0.026071609284287096,-0.009623645483703428,-2.174298604329427,-0.8753598531087237,,,,,,,,,,,,
gpt2-xl,remedi,ripple,ripple_random_row1105,0.0,0.0,-0.020372426554067097,-0.007599349839350778,-5.828125,-3.34375,,,,,,,,,,,,
gpt2-xl,remedi,ripple,ripple_random_row1751,0.0,0.0,-0.16562326145772904,-0.1333829969353856,-4.6026611328125,-2.4542236328125,,,,,,,,,,,,
gpt2-xl,remedi,ripple,ripple_random_row1170,1.0,1.0,0.006328859344154638,0.0086859280662974,1.625325520833333,3.838216145833333,,,,,,,,,,,,
gpt2-xl,remedi,ripple,ripple_random_row661,0.0,1.0,-0.0021934873371075693,0.002208837482701802,-0.49869791666666696,1.735026041666667,,,,,,,,,,,,
gpt2-xl,remedi,ripple,ripple_random_row381,0.0,1.0,-0.03478966739457956,0.007327840358525146,-1.770833333333333,1.067708333333333,,,,,,,,,,,,
gpt2-xl,remedi,ripple,ripple_random_row317,0.0,0.0,-0.003904772583676479,-0.0008438517780632146,-3.19921875,-2.622833251953125,,,,,,,,,,,,
gpt2-xl,remedi,ripple,ripple_random_row250,1.0,1.0,0.005578493175052221,0.006475615425571931,5.938802083333333,3.979166666666667,,,,,,,,,,,,
gpt2-xl,remedi,ripple,ripple_random_row455,0.0,1.0,-0.0016380856096232489,0.00011752894725449349,-2.6875,0.90625,,,,,,,,,,,,
gpt2-xl,remedi,ripple,ripple_random_row998,0.0,1.0,-0.0073084008482437735,0.0017789474983837177,-1.862630208333333,3.08984375,,,,,,,,,,,,
gpt2-xl,remedi,ripple,ripple_random_row689,0.0,1.0,-0.05868307870414052,0.03908299737781222,-1.216796875,0.90283203125,,,,,,,,,,,,
gpt2-xl,remedi,ripple,ripple_random_row787,1.0,1.0,0.0030552830599224123,0.0055734736256135755,0.5263671875,1.009114583333333,,,,,,,,,,,,
gpt2-xl,remedi,ripple,ripple_random_row115,1.0,1.0,0.049436598504420004,0.0773333332735487,1.1005555987358093,9.75292792916298,,,,,,,,,,,,
gpt2-xl,remedi,ripple,ripple_random_row541,0.0,0.0,-0.060585402978963664,-0.03780671234462137,-2.475390625,-1.9537527901785716,,,,,,,,,,,,
gpt2-xl,remedi,ripple,ripple_random_row1317,0.0,1.0,-0.0005560721260982912,0.000712664010593845,-0.3708333333333327,0.4833333333333334,,,,,,,,,,,,
gpt2-xl,remedi,ripple,ripple_random_row901,0.0,0.0,-0.020561382532115497,-0.01605267657004871,-3.783203125,-3.3642578125,,,,,,,,,,,,
gpt2-xl,remedi,ripple,ripple_random_row436,0.0,1.0,-0.029847762217127444,0.0024953818705735764,-1.8671875,3.71875,,,,,,,,,,,,
gpt2-xl,remedi,ripple,ripple_random_row834,0.0,0.0,-0.224259578951463,-0.24556777840210678,-3.59918212890625,-3.19244384765625,,,,,,,,,,,,
gpt2-xl,remedi,zsre,zsre_row8097,1.0,1.0,0.06447440464413451,0.06563275346749622,1.81109619140625,2.5479965209960938,1.0,1.0,0.04645956653142804,0.03447021877479993,1.827239990234375,2.091289520263672,1.0,1.0,0.006711784580285734,0.006711784580285734,1.6380157470703125,1.6380157470703125
gpt2-xl,remedi,zsre,zsre_row15599,0.0,1.0,-0.003730474832275628,0.025427458423537816,-2.84375,9.890625,0.0,1.0,-0.006699429113395981,0.034216357965353876,-2.71875,9.875,0.0,0.0,-7.241250244972373e-08,-7.241250244972373e-08,-1.75,-1.75
gpt2-xl,remedi,zsre,zsre_row18844,1.0,1.0,8.272617254803248e-05,0.001375854120104283,0.109375,0.83984375,1.0,1.0,4.510696549591873e-06,0.0012103702906712422,0.0078125,0.8671875,0.0,0.0,-0.00033985135022967866,-0.00033985135022967866,-0.953125,-0.953125
gpt2-xl,remedi,zsre,zsre_row5765,0.0,0.0,-0.010507272971469993,-0.005355003662711279,-2.328125,-1.328125,0.0,0.0,-0.009521939321647186,-0.003948188589328434,-1.703125,-1.265625,0.0,0.0,-0.00010714295166188353,-0.00010714295166188353,-7.234375,-7.234375
gpt2-xl,remedi,zsre,zsre_row13630,1.0,1.0,0.010259279512788818,0.0696116944317809,0.911214192708333,2.851689656575521,1.0,1.0,0.011426988181385996,0.0758060502225592,1.445393880208333,4.216532389322916,1.0,1.0,0.003155053067620887,0.003155053067620887,2.402506510416667,2.402506510416667
gpt2-xl,remedi,zsre,zsre_row14665,0.0,0.0,-0.008363508681729435,-0.00046049828201562607,-0.953125,-0.6875,0.0,0.0,-0.004888315029085304,-0.00040635205145683057,-0.8125,-0.53125,0.0,0.0,-7.761381907150024e-05,-7.761381907150024e-05,-0.578125,-0.578125
gpt2-xl,remedi,zsre,zsre_row12754,0.0,0.0,-0.0006863684377458618,-0.0001159800230364708,-1.15625,-0.28125,0.0,0.0,-0.0002568433110064872,-3.6253423882959135e-05,-1.6875,-0.375,1.0,1.0,1.5098181219104483e-08,1.5098181219104483e-08,0.25,0.25
gpt2-xl,remedi,zsre,zsre_row8750,0.0,0.0,-0.010631595863093615,-0.007201585079930868,-4.901041666666667,-3.171875,0.0,0.0,-0.012674554122332954,-0.0038013633781880567,-5.635416666666667,-1.567708333333333,0.0,0.0,-0.00032810103502023006,-0.00032810103502023006,-6.604166666666666,-6.604166666666666
gpt2-xl,remedi,zsre,zsre_row4307,0.0,1.0,-0.00011688838341249955,0.00046165288796237074,-0.21875,1.427083333333334,0.0,1.0,-0.0016004306072078054,0.0022576040441984065,-0.6731770833333339,0.768880208333333,0.0,0.0,-2.5090337725515555e-05,-2.5090337725515555e-05,-2.229166666666668,-2.229166666666668
gpt2-xl,remedi,zsre,zsre_row18406,1.0,1.0,0.0017125989813484683,0.0003463146800721859,2.46875,3.5,1.0,1.0,0.00041324274155373256,8.930302340272829e-05,1.375,2.0625,1.0,1.0,0.0016993969445255165,0.0016993969445255165,6.0,6.0
gpt2-xl,remedi,zsre,zsre_row10580,0.0,0.0,-0.0004183447903211338,-0.000609155128195831,-2.8359375,-1.583984375,0.0,0.0,-0.004916980226368003,-0.010740194411189855,-5.96875,-4.787109375,1.0,1.0,2.853625412742645e-05,2.853625412742645e-05,1.2265625,1.2265625
gpt2-xl,remedi,zsre,zsre_row9259,0.0,0.0,0.0,0.0,0.0,0.0,0.0,0.0,0.0,0.0,0.0,0.0,0.0,0.0,0.0,0.0,0.0,0.0
gpt2-xl,remedi,zsre,zsre_row57,0.0,1.0,-3.024570863123265e-07,1.5913365927881156e-09,-0.6875,0.25,0.0,1.0,-2.8941036768614462e-06,1.0400984868817596e-07,-0.3125,0.625,0.0,0.0,-2.2018885140075032e-07,-2.2018885140075032e-07,-0.625,-0.625
gpt2-xl,remedi,zsre,zsre_row19060,0.0,1.0,-0.0001313864316184243,0.010414864730640839,-1.40625,6.205078125,0.0,1.0,-6.773031261241518e-05,0.052960567275744,-0.375,7.25390625,0.0,0.0,-0.0001488008652892181,-0.0001488008652892181,-3.46875,-3.46875
gpt2-xl,remedi,zsre,zsre_row16238,0.0,1.0,-1.0283066767544824e-05,9.901751926493326e-05,-0.1875,2.78125,0.0,1.0,-1.6897497995685038e-05,5.6632098155355604e-05,-0.390625,2.4375,1.0,1.0,5.249382921459419e-08,5.249382921459419e-08,0.03125,0.03125
gpt2-xl,remedi,zsre,zsre_row9297,1.0,1.0,0.008842992892712374,0.04379762269427443,1.3292968749999998,3.3640625,1.0,1.0,0.00818457139279358,0.04253057437011908,0.72900390625,3.270361328125,1.0,1.0,0.0016195113430982641,0.0016195113430982641,6.1234375,6.1234375
gpt2-xl,remedi,zsre,zsre_row15083,1.0,1.0,0.009270581027579706,0.009594069160942287,1.7916190011160715,1.9203473772321429,1.0,1.0,0.017028666067700978,0.017950292564946495,1.764549909319196,1.828996058872768,1.0,1.0,7.30702869968248e-05,7.30702869968248e-05,0.09187360491071406,0.09187360491071406
gpt2-xl,remedi,zsre,zsre_row18879,1.0,1.0,0.00527888843489243,0.13333887180260276,0.436279296875,2.37921142578125,1.0,1.0,0.002648326732572424,0.053886169007319185,0.41650390625,2.1761322021484375,0.0,0.0,-7.625162881506789e-06,-7.625162881506789e-06,-0.78125,-0.78125
gpt2-xl,remedi,zsre,zsre_row495,1.0,1.0,0.005068663931417764,0.017205603793110116,1.03125,10.8125,1.0,1.0,0.003274480681009448,0.007172496777606904,1.15625,13.4375,0.0,0.0,-2.8655506920433357e-07,-2.8655506920433357e-07,-0.3125,-0.3125
gpt2-xl,remedi,zsre,zsre_row14921,1.0,1.0,0.022966281733954614,0.27369973129614866,0.8479207356770835,4.192161560058594,1.0,1.0,0.016818922799940732,0.12691062999190014,1.1267496744791665,4.447504679361979,1.0,1.0,0.001794209791232961,0.001794209791232961,3.255208333333333,3.255208333333333
gpt2-xl,rome,counterfact,11983,0.0,1.0,-0.035034467206226785,0.9898587876330673,-2.203125,15.98980712890625,0.0,1.0,-0.028673716851927166,0.6058890993115753,-2.828125,13.338043212890625,0.1,0.2,-0.05226381362812356,-0.051830111411286996,-2.9,-2.675
gpt2-xl,rome,counterfact,13602,0.0,1.0,-0.34097088986750385,0.9826725910551842,-5.1796875,10.6700439453125,0.0,1.0,-0.23452253641349685,0.3738517926158217,-3.125,6.4111328125,0.1,0.1,-0.06303524984020961,-0.06347559297668758,-2.7609375,-2.7125
gpt2-xl,rome,counterfact,15471,0.0,1.0,-0.38282174221897797,0.9956010281219844,-3.38671875,9.49566650390625,0.0,1.0,-0.005167339495487418,0.0292208950857874,-3.234375,7.265625,0.2,0.4,0.005386846049748541,0.011785903957398829,-2.15,-1.66171875
gpt2-xl,rome,counterfact,4190,0.0,1.0,-0.0001370159167991621,0.9659710541703675,-2.0,6.747802734375,0.0,1.0,-0.0022561344350142164,0.38546635535097107,-1.828125,2.8798828125,0.2,0.2,-0.0001988198951367333,-0.00019848640111780775,-1.459375,-1.396875
gpt2-xl,rome,counterfact,2414,0.0,1.0,-9.661210218331326e-07,0.9556054515571996,-0.375,19.82958984375,0.0,1.0,-0.0001960743391723173,0.5076252586814679,-2.765625,18.06103515625,0.7,0.7,0.00016030153640752626,0.00017421388943450613,1.546875,1.64375
gpt2-xl,rome,counterfact,11701,0.0,1.0,-0.24289220444183754,0.9243878207720002,-6.8359375,11.48388671875,0.0,1.0,-0.0022547688772528098,0.23147076300358485,-3.953125,4.0234375,0.1,0.2,0.001248769269764582,0.002958947847052746,-0.9328125,-0.7671875
gpt2-xl,rome,counterfact,16141,0.0,1.0,-0.08465945329979688,0.9496687152390558,-7.90625,5.5771484375,0.0,1.0,-0.10823578000680016,0.7996696087246414,-9.9140625,4.94140625,0.0,0.0,-0.17927342793266993,-0.18083075573528334,-7.964599609375,-7.67578125
gpt2-xl,rome,counterfact,19724,1.0,1.0,0.08125005674636333,0.13206809771391534,1.875,2.328125,0.0,1.0,-0.01447320037622579,0.9967586485225196,-0.5390625,11.028018951416016,0.5,0.5,-0.060210301249724575,-0.07052410616373275,-1.59296875,-1.303515625
gpt2-xl,rome,counterfact,12635,0.0,1.0,-0.0011692259284704595,0.6580695603704452,-6.5625,6.021484375,0.0,1.0,-0.0025347393640018086,0.4302230754361158,-4.703125,4.2216796875,0.0,0.0,-0.037995151133827273,-0.03985612864376532,-9.9109375,-9.9375
gpt2-xl,rome,counterfact,3748,0.0,1.0,-0.0032295911967189605,0.960517337707257,-3.0625,16.959716796875,0.0,1.0,-0.058174629155476,0.9179473584828381,-4.7578125,15.00616455078125,0.8,0.8,-0.003987646327243211,-0.0038788655327166126,0.3921875,0.5375
gpt2-xl,rome,counterfact,17374,1.0,1.0,0.0038574376793497336,0.994533828330137,0.5,8.244781494140625,1.0,1.0,0.018096835996504523,0.9937971472795886,1.9765625,9.337623596191406,0.2,0.2,-0.07792036081405926,-0.08828416100450562,-2.4578125,-2.35625
gpt2-xl,rome,counterfact,2723,1.0,1.0,0.00019920421077567778,0.9957345296564366,1.4375,13.0582275390625,0.0,0.5,-9.91205832862665e-05,0.00012436994486736305,-2.84375,0.390625,0.3,0.3,-0.0004398497098436105,-0.0004309849468144506,-1.30625,-1.340625
gpt2-xl,rome,counterfact,2759,0.0,1.0,-0.390049588627212,0.9879875451259981,-9.49609375,15.3004150390625,0.0,1.0,-0.24545607283864718,0.9288394998214429,-7.802734375,11.1126708984375,0.0,0.8,-0.29960799849144093,0.32805430484464765,-8.363671875,3.3318603515625
gpt2-xl,rome,counterfact,21054,0.0,1.0,-0.0879652431126335,0.9824154676864167,-3.71875,10.1072998046875,0.0,1.0,-0.013377028632421148,0.035421496990666705,-1.3671875,4.265625,0.4,0.4,-0.12667673227624782,-0.12556267036630894,-1.407421875,-1.3162109375
gpt2-xl,rome,counterfact,12756,1.0,1.0,1.5565135787799256e-05,0.9983838733613999,2.6875,19.873382568359375,0.5,1.0,-0.0002832049227838198,0.0016661203845678308,0.8125,2.5625,1.0,1.0,0.00014249314096201647,0.00032787529183080647,2.6,2.709375
gpt2-xl,rome,counterfact,14633,0.0,1.0,-0.0007102683387857542,0.9931577070261464,-1.40625,9.30572509765625,0.0,1.0,-0.005660478866916139,0.4206574372655751,-1.515625,6.67333984375,0.2,0.2,-0.0018816165869375285,-0.002206383438986551,-1.115625,-0.975
gpt2-xl,rome,counterfact,21068,1.0,1.0,0.00023960169685773578,0.6431070805399273,0.8125,10.18359375,0.5,1.0,2.8713448523576103e-05,0.7048068204505723,-0.53125,9.134765625,0.7,0.7,0.0001314712857294846,0.00014393474260045738,0.0625,0.090625
gpt2-xl,rome,counterfact,3509,0.0,1.0,-0.009149976774170294,0.940744764610628,-2.09375,9.93896484375,0.0,0.5,-0.04185536440785224,0.4851554809767484,-2.84375,4.834983825683594,0.0,0.0,-0.01158929174575984,-0.01154990031703795,-2.9703125,-2.6890625
gpt2-xl,rome,counterfact,2106,0.0,1.0,-0.00032422102279129356,0.9876157386830745,-0.3125,8.55023193359375,0.0,1.0,-0.0013158625859850765,0.26426914266808915,-2.109375,6.3828125,0.0,0.0,-0.0017799510139308785,-0.0018114938279833175,-1.85625,-1.840625
gpt2-xl,rome,counterfact,17265,0.0,1.0,-0.0002402861448496554,0.9893391566087941,-1.4375,8.17706298828125,0.5,1.0,-0.02304228544752965,0.8668263305196985,0.265625,8.088623046875,0.4,0.4,0.0020806520615766133,0.002257220978973255,-0.33125,-0.2796875
gpt2-xl,rome,genie,followed_by_6150,0.0,1.0,-0.45723947585937913,0.0322615481250767,-4.460782368977864,0.7715231577555337,,,,,,,,,,,,
gpt2-xl,rome,genie,director_229,0.0,1.0,-0.19073794409554068,0.652996763501199,-1.7348554134368896,9.667630195617676,,,,,,,,,,,,
gpt2-xl,rome,genie,headquarters_2162,0.0,1.0,-0.6781502081287826,0.9269735318284376,-4.485135555267334,2.9172937870025635,,,,,,,,,,,,
gpt2-xl,rome,genie,field_of_work_1687,0.0,1.0,-0.0023539678480889222,0.9905387601158041,-2.53125,9.99053955078125,,,,,,,,,,,,
gpt2-xl,rome,genie,director_3768,1.0,1.0,0.0011514089697078622,0.9876505875888624,0.008264333009719849,8.249553859233856,,,,,,,,,,,,
gpt2-xl,rome,genie,occupation_2544,0.0,1.0,-0.0004194308752338286,0.03728129421750611,-1.7890625,3.52197265625,,,,,,,,,,,,
gpt2-xl,rome,genie,production_company_4721,1.0,1.0,0.002784585155472983,0.04155232714357106,0.596354166666667,6.565399169921875,,,,,,,,,,,,
gpt2-xl,rome,genie,continent_7135,0.0,1.0,-0.10992095474074155,0.9642819923782977,-4.33642578125,3.77569580078125,,,,,,,,,,,,
gpt2-xl,rome,genie,spouse_2997,0.0,1.0,-0.0015909737782467774,0.009914132036125154,-0.947916666666667,5.465963999430339,,,,,,,,,,,,
gpt2-xl,rome,genie,genre_3080,1.0,1.0,9.951427940199082e-05,0.0029274523034440118,4.421875,12.2913818359375,,,,,,,,,,,,
gpt2-xl,rome,genie,award_received_5077,0.0,1.0,-0.10032099260848232,0.18806170257949395,-2.089836351799242,1.543076023910985,,,,,,,,,,,,
gpt2-xl,rome,genie,country_3694,0.0,1.0,-0.20639900175995504,0.9902038617240103,-8.3597900390625,5.82828369140625,,,,,,,,,,,,
gpt2-xl,rome,genie,followed_by_3324,0.0,0.0,-0.002079009505932542,-0.0006860233656184517,-3.109375000000001,-0.8255208333333339,,,,,,,,,,,,
gpt2-xl,rome,genie,field_of_work_100,0.0,1.0,-0.0011082960174881107,0.04494831947252814,-3.026041666666667,4.543863932291667,,,,,,,,,,,,
gpt2-xl,rome,genie,composer_4902,0.0,1.0,-0.019747894754614914,0.20028483648748088,-0.4177144368489585,2.0411224365234375,,,,,,,,,,,,
gpt2-xl,rome,genie,genre_4732,0.0,1.0,-0.002280972222612063,0.9812799023252848,-6.79296875,9.223388671875,,,,,,,,,,,,
gpt2-xl,rome,genie,director_7311,1.0,1.0,0.011223163256969877,0.0030512778021286693,1.34375,9.395388285319012,,,,,,,,,,,,
gpt2-xl,rome,genie,country_6584,0.0,0.0,-0.028302268643205588,-0.9896458916042921,-1.21630859375,-4.780376434326172,,,,,,,,,,,,
gpt2-xl,rome,genie,genre_4642,1.0,1.0,0.002383053429436406,0.5709653009776167,1.05859375,3.73712158203125,,,,,,,,,,,,
gpt2-xl,rome,genie,country_of_citizenship_2431,0.0,1.0,-0.11477508694119587,0.0219725876748863,-1.5318603515625,0.031249999999999944,,,,,,,,,,,,
gpt2-xl,rome,mquake,2640,0.25,0.75,0.002348882615116932,0.03941376701564553,-0.6902031557900566,0.6348538177353995,,,,,,,,,,,,
gpt2-xl,rome,mquake,248,0.0,1.0,-0.012547796258034741,0.0005673481316905472,-2.3439670138888893,0.963216145833333,,,,,,,,,,,,
gpt2-xl,rome,mquake,2121,1.0,1.0,0.04201966305657037,0.36569350001152146,0.30202884144253206,3.271733045578003,,,,,,,,,,,,
gpt2-xl,rome,mquake,825,0.5,1.0,-0.11915682505011553,0.02163755860251068,0.839192708333333,5.386637369791666,,,,,,,,,,,,
gpt2-xl,rome,mquake,2014,0.6666666666666666,1.0,0.15373366469231042,0.08235970466726494,5.091335478283111,7.930791945684523,,,,,,,,,,,,
gpt2-xl,rome,mquake,713,0.0,0.5,-0.05887559853640765,0.475809745738385,-2.7500839233398438,-3.5020980834960938,,,,,,,,,,,,
gpt2-xl,rome,mquake,1872,0.0,1.0,-0.021947113649732695,0.08759327562485285,-1.5802408854166665,0.8984171549479167,,,,,,,,,,,,
gpt2-xl,rome,mquake,562,0.5,1.0,0.017819576603022476,0.01771071522133815,0.7703685760498047,3.3399410247802734,,,,,,,,,,,,
gpt2-xl,rome,mquake,595,1.0,0.5,0.06417274970862626,-0.016009268332291802,3.5552940368652344,3.545259475708008,,,,,,,,,,,,
gpt2-xl,rome,mquake,1554,0.0,1.0,-0.9139759227623918,0.03856098077694623,-7.42626953125,9.869537353515625,,,,,,,,,,,,
gpt2-xl,rome,mquake,1291,0.5,0.5,0.014945420232000795,-0.2767474127905337,0.6406898498535156,-0.21445683070591515,,,,,,,,,,,,
gpt2-xl,rome,mquake,1655,1.0,1.0,0.04009851785171226,0.48608288389563276,1.886474609375,3.82989501953125,,,,,,,,,,,,
gpt2-xl,rome,mquake,681,0.0,1.0,-0.039557859201668225,0.09077262398544707,-0.3116682767868042,2.8187377878597806,,,,,,,,,,,,
gpt2-xl,rome,mquake,1162,1.0,1.0,0.003914717420914749,0.9906134194647145,1.19873046875,10.3656005859375,,,,,,,,,,,,
gpt2-xl,rome,mquake,1997,1.0,1.0,0.0077817568668070115,0.9706215033269457,1.7685546875,8.189208984375,,,,,,,,,,,,
gpt2-xl,rome,mquake,2526,0.75,1.0,0.04867920332712039,0.23730274937650003,4.661306309700012,7.175751447677612,,,,,,,,,,,,
gpt2-xl,rome,mquake,2752,0.0,0.25,-0.0051023593134906405,0.15818359541949148,-2.40866752465566,-1.8067462444305422,,,,,,,,,,,,
gpt2-xl,rome,mquake,696,0.0,1.0,-0.0008709429784170613,0.008813040816711016,-0.8046875,11.01849365234375,,,,,,,,,,,,
gpt2-xl,rome,mquake,606,0.0,1.0,-0.1035693303291096,0.9537609747750244,-5.0514068603515625,3.440553665161133,,,,,,,,,,,,
gpt2-xl,rome,mquake,1946,0.3333333333333333,0.6666666666666666,-0.001759156818747945,0.30007655136066,-0.546142578125,0.81396484375,,,,,,,,,,,,
gpt2-xl,rome,ripple,ripple_popular_row272,0.0,0.0,-0.12627165993588874,-0.027889260476076507,-3.154229482014974,-1.880876898765564,,,,,,,,,,,,
gpt2-xl,rome,ripple,ripple_popular_row528,0.0,1.0,-0.0002395587894529437,0.9784307032516133,-7.1640625,9.474365234375,,,,,,,,,,,,
gpt2-xl,rome,ripple,ripple_popular_row137,1.0,1.0,0.003208769918582646,0.03327031218649897,6.2600453694661455,11.40942128499349,,,,,,,,,,,,
gpt2-xl,rome,ripple,ripple_popular_row865,0.0,1.0,-0.02476231675138274,0.07708621230166998,-0.893147786458333,5.126716613769531,,,,,,,,,,,,
gpt2-xl,rome,ripple,ripple_popular_row147,0.0,1.0,-0.11756553348912963,0.686275222998668,-2.6816136837005615,5.297515869140625,,,,,,,,,,,,
gpt2-xl,rome,ripple,ripple_popular_row86,0.0,0.0,-0.03284857421988085,-0.003019616324678027,-5.428396606445313,-0.4099853515624998,,,,,,,,,,,,
gpt2-xl,rome,ripple,ripple_popular_row827,0.0,1.0,-0.01320504416694285,0.011381343833328493,-4.666666666666667,6.921040852864584,,,,,,,,,,,,
gpt2-xl,rome,ripple,ripple_popular_row607,0.0,1.0,-0.0012723989706900757,0.00010393976275117935,-4.552083333333334,1.4658203125,,,,,,,,,,,,
gpt2-xl,rome,ripple,ripple_popular_row377,1.0,1.0,0.004564265023868388,0.013216605710896888,3.274088541666667,18.699569700285508,,,,,,,,,,,,
gpt2-xl,rome,ripple,ripple_popular_row454,0.0,1.0,-0.11649619885153087,0.00893285420345828,-5.23046875,7.485666910807292,,,,,,,,,,,,
gpt2-xl,rome,ripple,ripple_popular_row339,0.0,0.0,-0.0023953715268627183,-0.0002849598430637761,-1.307291666666667,-0.20833333333333304,,,,,,,,,,,,
gpt2-xl,rome,ripple,ripple_popular_row744,0.0,1.0,-0.025324497399974125,0.11391464631245946,-5.305555725097657,3.520691680908203,,,,,,,,,,,,
gpt2-xl,rome,ripple,ripple_popular_row639,0.0,1.0,-0.0110519697378152,0.016307434883185163,-2.845947265625,4.011512756347656,,,,,,,,,,,,
gpt2-xl,rome,ripple,ripple_popular_row437,0.0,0.0,-0.27481935244454525,-0.006250637435311293,-5.447052001953125,-1.8467912673950195,,,,,,,,,,,,
gpt2-xl,rome,ripple,ripple_popular_row273,1.0,1.0,0.004657427094103678,0.01645726980315569,2.725789388020833,7.526363372802734,,,,,,,,,,,,
gpt2-xl,rome,ripple,ripple_popular_row353,0.0,1.0,-0.013343921552156357,0.202008663416005,-0.283999721209208,5.710512399673462,,,,,,,,,,,,
gpt2-xl,rome,ripple,ripple_popular_row371,0.0,1.0,-0.10074496570563836,0.01488555422416905,-3.9469947814941406,0.4415855407714844,,,,,,,,,,,,
gpt2-xl,rome,ripple,ripple_popular_row646,0.0,0.0,-0.392071967288463,-0.012109758987853894,-4.5052227020263675,-0.9063159465789794,,,,,,,,,,,,
gpt2-xl,rome,ripple,ripple_popular_row129,0.0,1.0,-0.03818317167295291,0.029125848575437662,-4.704671223958334,3.9827302296956377,,,,,,,,,,,,
gpt2-xl,rome,ripple,ripple_popular_row602,1.0,1.0,0.009241835676083818,0.10625951290268432,3.171337890625,14.0081298828125,,,,,,,,,,,,
gpt2-xl,rome,ripple,ripple_random_row1779,1.0,1.0,4.905636647478933e-05,0.9300120956567025,0.125,13.052444458007812,,,,,,,,,,,,
gpt2-xl,rome,ripple,ripple_random_row70,0.0,1.0,-0.14565894618703365,0.013519406637853842,-1.3417775472005207,0.9335067749023436,,,,,,,,,,,,
gpt2-xl,rome,ripple,ripple_random_row1359,0.0,1.0,-0.026071609284287096,0.024951573159739893,-2.174298604329427,6.435847600301106,,,,,,,,,,,,
gpt2-xl,rome,ripple,ripple_random_row1105,0.0,1.0,-0.020372426554067097,0.0005680584886921774,-5.828125,9.901763916015625,,,,,,,,,,,,
gpt2-xl,rome,ripple,ripple_random_row1751,0.0,1.0,-0.16562326145772904,0.12116840914631911,-4.6026611328125,1.473785400390625,,,,,,,,,,,,
gpt2-xl,rome,ripple,ripple_random_row1170,1.0,1.0,0.006328859344154638,0.05457088134034682,1.625325520833333,13.966746012369791,,,,,,,,,,,,
gpt2-xl,rome,ripple,ripple_random_row661,0.0,1.0,-0.0021934873371075693,0.06176006015405277,-0.49869791666666696,8.215771993001303,,,,,,,,,,,,
gpt2-xl,rome,ripple,ripple_random_row381,0.0,1.0,-0.03478966739457956,0.004259500093648067,-1.770833333333333,8.41661771138509,,,,,,,,,,,,
gpt2-xl,rome,ripple,ripple_random_row317,0.0,1.0,-0.003904772583676479,0.04892527987580614,-3.19921875,7.484402974446615,,,,,,,,,,,,
gpt2-xl,rome,ripple,ripple_random_row250,1.0,1.0,0.005578493175052221,0.01156128100828655,5.938802083333333,14.664906819661457,,,,,,,,,,,,
gpt2-xl,rome,ripple,ripple_random_row455,0.0,1.0,-0.0016380856096232489,0.0019372156978464292,-2.6875,2.992462158203125,,,,,,,,,,,,
gpt2-xl,rome,ripple,ripple_random_row998,0.0,1.0,-0.0073084008482437735,0.010720867700001633,-1.862630208333333,17.214436848958332,,,,,,,,,,,,
gpt2-xl,rome,ripple,ripple_random_row689,0.0,1.0,-0.05868307870414052,0.997759946599059,-1.216796875,11.560266971588135,,,,,,,,,,,,
gpt2-xl,rome,ripple,ripple_random_row787,1.0,1.0,0.0030552830599224123,0.005970158289942558,0.5263671875,2.681691487630208,,,,,,,,,,,,
gpt2-xl,rome,ripple,ripple_random_row115,1.0,1.0,0.049436598504420004,0.14160260392341595,1.1005555987358093,15.295269519090652,,,,,,,,,,,,
gpt2-xl,rome,ripple,ripple_random_row541,0.0,0.0,-0.060585402978963664,-0.01317068711673243,-2.475390625,-1.5943123953683038,,,,,,,,,,,,
gpt2-xl,rome,ripple,ripple_random_row1317,0.0,1.0,-0.0005560721260982912,0.005958354020328755,-0.3708333333333327,4.3586669921875,,,,,,,,,,,,
gpt2-xl,rome,ripple,ripple_random_row901,0.0,1.0,-0.020561382532115497,6.56216828205407e-05,-3.783203125,1.319864273071289,,,,,,,,,,,,
gpt2-xl,rome,ripple,ripple_random_row436,0.0,1.0,-0.029847762217127444,0.012572975474655846,-1.8671875,15.873794555664062,,,,,,,,,,,,
gpt2-xl,rome,ripple,ripple_random_row834,0.0,1.0,-0.224259578951463,0.0067386679051914256,-3.59918212890625,0.14635213216145848,,,,,,,,,,,,
gpt2-xl,rome,zsre,zsre_row8097,1.0,1.0,0.06447440464413451,0.026092268682080852,1.81109619140625,3.5109100341796875,1.0,1.0,0.04645956653142804,0.023625143276899796,1.827239990234375,3.0624237060546875,1.0,1.0,0.006711784580285734,0.006419740666977451,1.6380157470703125,1.610137939453125
gpt2-xl,rome,zsre,zsre_row15599,0.0,1.0,-0.003730474832275628,0.9964369070906812,-2.84375,10.4339599609375,0.0,1.0,-0.006699429113395981,0.48978837852701723,-2.71875,4.546875,0.0,0.0,-7.241250244972373e-08,-6.211423932670302e-08,-1.75,-1.625
gpt2-xl,rome,zsre,zsre_row18844,1.0,1.0,8.272617254803248e-05,0.0002841121911412912,0.109375,2.80267333984375,1.0,1.0,4.510696549591873e-06,0.0003617827924542335,0.0078125,2.92742919921875,0.0,0.0,-0.00033985135022967866,-0.00037496753448929975,-0.953125,-1.0703125
gpt2-xl,rome,zsre,zsre_row5765,0.0,1.0,-0.010507272971469993,0.9958470170926125,-2.328125,8.214859008789062,0.0,1.0,-0.009521939321647186,0.9875446564140543,-1.703125,6.91033935546875,0.0,0.0,-0.00010714295166188353,-0.00010384412995913718,-7.234375,-7.203125
gpt2-xl,rome,zsre,zsre_row13630,1.0,1.0,0.010259279512788818,0.9968405239637608,0.911214192708333,7.1069691975911455,1.0,1.0,0.011426988181385996,0.8758521003218593,1.445393880208333,4.866383870442708,1.0,1.0,0.003155053067620887,0.0032140327506826926,2.402506510416667,2.437174479166667
gpt2-xl,rome,zsre,zsre_row14665,0.0,1.0,-0.008363508681729435,0.014910326371184066,-0.953125,1.145751953125,0.0,1.0,-0.004888315029085304,0.011307564227632095,-0.8125,0.6011962890625,0.0,0.0,-7.761381907150024e-05,-7.846639303643583e-05,-0.578125,-0.5625
gpt2-xl,rome,zsre,zsre_row12754,0.0,1.0,-0.0006863684377458618,0.9988243024855079,-1.15625,10.99884033203125,0.0,1.0,-0.0002568433110064872,0.9803121377847378,-1.6875,7.94921875,1.0,1.0,1.5098181219104483e-08,2.418636652717143e-08,0.25,0.375
gpt2-xl,rome,zsre,zsre_row8750,0.0,1.0,-0.010631595863093615,0.9621533294508818,-4.901041666666667,11.83642578125,0.0,1.0,-0.012674554122332954,0.8035055203863679,-5.635416666666667,10.760416666666666,0.0,0.0,-0.00032810103502023006,-0.0003280723294878563,-6.604166666666666,-6.541666666666666
gpt2-xl,rome,zsre,zsre_row4307,0.0,1.0,-0.00011688838341249955,0.00012179925572147446,-0.21875,2.643931070963543,0.0,1.0,-0.0016004306072078054,0.0001847287770276094,-0.6731770833333339,0.9150390625,0.0,0.0,-2.5090337725515555e-05,-2.4381905544576924e-05,-2.229166666666668,-2.166666666666666
gpt2-xl,rome,zsre,zsre_row18406,1.0,1.0,0.0017125989813484683,0.9993173979018953,2.46875,19.249317169189453,1.0,1.0,0.00041324274155373256,0.9987800352811871,1.375,18.873779296875,1.0,1.0,0.0016993969445255165,0.0017534756419272158,6.0,6.03125
gpt2-xl,rome,zsre,zsre_row10580,0.0,1.0,-0.0004183447903211338,1.865983978695038e-05,-2.8359375,0.374359130859375,0.0,0.0,-0.004916980226368003,-0.004829173447931326,-5.96875,-4.978515625,1.0,1.0,2.853625412742645e-05,3.2159841481109255e-05,1.2265625,1.3125
gpt2-xl,rome,zsre,zsre_row9259,0.0,0.0,0.0,0.0,0.0,0.0,0.0,0.0,0.0,0.0,0.0,0.0,0.0,0.0,0.0,0.0,0.0,0.0
gpt2-xl,rome,zsre,zsre_row57,0.0,1.0,-3.024570863123265e-07,0.9707482445487406,-0.6875,10.5953369140625,0.0,1.0,-2.8941036768614462e-06,0.9692104059580219,-0.3125,10.65625,0.0,0.0,-2.2018885140075032e-07,-1.8642214659134748e-07,-0.625,-0.5
gpt2-xl,rome,zsre,zsre_row19060,0.0,1.0,-0.0001313864316184243,0.9960705262473454,-1.40625,14.621063232421875,0.0,1.0,-6.773031261241518e-05,0.9837731323205708,-0.375,12.882080078125,0.0,0.0,-0.0001488008652892181,-0.0001417676510818407,-3.46875,-3.421875
gpt2-xl,rome,zsre,zsre_row16238,0.0,1.0,-1.0283066767544824e-05,0.00017797431766747814,-0.1875,5.0289459228515625,0.0,0.0,-1.6897497995685038e-05,-1.252884804320391e-05,-0.390625,-0.375,1.0,1.0,5.249382921459419e-08,5.0878763879709734e-08,0.03125,0.03125
gpt2-xl,rome,zsre,zsre_row9297,1.0,1.0,0.008842992892712374,0.16071398300227774,1.3292968749999998,9.01574249267578,1.0,1.0,0.00818457139279358,0.14300035477275186,0.72900390625,6.7827880859375,1.0,1.0,0.0016195113430982641,0.0016682478729643947,6.1234375,6.10625
gpt2-xl,rome,zsre,zsre_row15083,1.0,1.0,0.009270581027579706,0.0035902926118067525,1.7916190011160715,5.4806804112025675,1.0,1.0,0.017028666067700978,0.016435824349471658,1.764549909319196,5.849949428013392,1.0,1.0,7.30702869968248e-05,4.8218765394382576e-05,0.09187360491071406,0.05998535156250018
gpt2-xl,rome,zsre,zsre_row18879,1.0,1.0,0.00527888843489243,0.9120099072862995,0.436279296875,7.845787048339844,1.0,1.0,0.002648326732572424,0.9537433469549005,0.41650390625,7.172157287597656,0.0,0.0,-7.625162881506789e-06,-7.40711701748285e-06,-0.78125,-0.765625
gpt2-xl,rome,zsre,zsre_row495,1.0,1.0,0.005068663931417764,0.9840093027165437,1.03125,11.92138671875,1.0,1.0,0.003274480681009448,0.7547848392204063,1.15625,9.53125,0.0,0.0,-2.8655506920433357e-07,-2.2186615341455612e-07,-0.3125,-0.25
gpt2-xl,rome,zsre,zsre_row14921,1.0,1.0,0.022966281733954614,0.9350947950875788,0.8479207356770835,7.246105829874675,1.0,1.0,0.016818922799940732,0.886688273106283,1.1267496744791665,6.599849700927734,1.0,1.0,0.001794209791232961,0.0017703485440150846,3.255208333333333,3.24609375
llama3-8b,alphaedit,counterfact,11983,0.0,0.0,-0.3746316239505429,-0.3342878866487074,-6.61328125,-2.25,0.0,0.0,-0.3081156499876838,-0.24453096089979529,-6.765625,-4.26171875,0.0,0.1,-0.20332564197756206,-0.2199258161786401,-6.94609375,-6.6638671875
llama3-8b,alphaedit,counterfact,13602,0.0,0.0,-0.6048270399168308,-0.5337597466466842,-5.875,-2.1796875,0.0,0.0,-0.42188252023823114,-0.4554472995622347,-5.8779296875,-4.46875,0.0,0.0,-0.12417178924279137,-0.12222586286173272,-3.051171875,-3.0203125
llama3-8b,alphaedit,counterfact,15471,0.0,1.0,-0.6577832914042001,0.9644416146043997,-4.74609375,4.25927734375,0.0,0.5,-0.06493766939014796,-0.00016163841956060975,-6.6015625,-0.0625,0.0,0.0,-0.17948917485863244,-0.1686862723190059,-6.40491943359375,-5.27471923828125
llama3-8b,alphaedit,counterfact,4190,0.0,1.0,-0.00024146269984900306,0.30779381514814935,-4.125,5.046875,0.0,0.0,-0.0070007923376300876,-0.03849932001583562,-5.203125,-5.1953125,0.2,0.2,-0.013405784783820637,-0.01285191685012832,-2.571875,-2.540625
llama3-8b,alphaedit,counterfact,2414,0.0,0.0,-4.509402744198303e-05,-0.00019046107135657655,-5.0,-2.75,0.0,0.0,-0.0005632784536218009,-0.0012908670929215988,-5.078125,-4.53125,0.0,0.0,-0.0016547944614993919,-0.0017430926670741098,-4.409375,-4.3375
llama3-8b,alphaedit,counterfact,11701,0.0,1.0,-0.0003491789672271867,0.02170370354664844,-0.0625,1.0625,0.0,0.0,-0.020967039326617316,-0.023990577274446506,-6.1015625,-4.5078125,0.4,0.4,-0.033647897097344434,-0.03156796271884801,-1.0296875,-0.79609375
llama3-8b,alphaedit,counterfact,16141,0.0,0.0,-0.09301222888125651,-0.0006923955208968284,-10.625,-3.6875,0.0,0.0,-0.2590965865849199,-0.11201986601372689,-8.27734375,-4.27734375,0.0,0.0,-0.2397069753145759,-0.23393810663808817,-11.1740966796875,-11.0208984375
llama3-8b,alphaedit,counterfact,19724,0.0,0.0,-0.40081260713292205,-0.09200050210442608,-8.5234375,-3.640625,0.5,0.5,-0.003940620367907731,0.001402742877942736,0.0625,0.3125,0.2,0.2,-0.2572057075297513,-0.266497981708595,-4.903515625,-4.5548828125
llama3-8b,alphaedit,counterfact,12635,0.0,0.0,-0.0067370047536037345,-0.008209812897305229,-8.875,-1.0,0.0,0.0,-0.042466782349592454,-0.015414806504227083,-6.96875,-4.4765625,0.0,0.0,-0.03636163031581986,-0.035314340672621417,-9.5484375,-9.5109375
llama3-8b,alphaedit,counterfact,3748,0.0,0.0,-0.0025570895843583003,-0.023261075585611933,-8.90625,-1.328125,0.0,0.0,-0.4118695888462979,-0.3316488711577137,-5.7197265625,-1.5986328125,0.1,0.1,-0.14286444811814447,-0.1446083419824759,-5.02998046875,-4.968115234375
llama3-8b,alphaedit,counterfact,17374,0.0,1.0,-0.7555826210228521,0.8910687696312193,-6.939453125,3.49365234375,0.5,1.0,-0.37694008134194484,0.44927026754254207,-2.5791015625,2.84521484375,0.0,0.0,-0.48334552606413006,-0.49745879763709605,-6.24326171875,-6.21982421875
llama3-8b,alphaedit,counterfact,2723,0.0,0.0,-0.041274281790579966,-0.024600986115049014,-11.0625,-6.296875,0.0,0.0,-0.0013401302480098229,-0.002255060266395481,-7.59375,-6.125,0.0,0.0,-0.031101653363421695,-0.034481230315964805,-7.0609375,-6.80625
llama3-8b,alphaedit,counterfact,2759,0.0,0.0,-0.6532390808512627,-0.723836280472967,-10.38671875,-4.376953125,0.0,0.0,-0.30148998946787986,-0.22696073455134125,-7.982421875,-2.806640625,0.0,0.0,-0.3358848389851731,-0.33499663986419115,-9.2078125,-7.5234375
llama3-8b,alphaedit,counterfact,21054,0.0,0.0,-0.035266680121349314,-0.23738097746686404,-6.84375,-7.4375,0.0,0.0,-0.01157895342434728,-0.016818103775259618,-2.46875,-2.5234375,0.2,0.2,-0.2821626858253299,-0.3023255197791667,-3.62841796875,-3.78583984375
llama3-8b,alphaedit,counterfact,12756,0.0,1.0,-6.434978752825924e-06,0.019015064546153506,-0.1875,4.671875,1.0,1.0,0.00010137702583375851,0.00013516303327891282,1.90625,2.40625,0.9,0.9,0.0008135283276639524,0.0012158710012938067,1.11875,1.26875
llama3-8b,alphaedit,counterfact,14633,0.0,0.0,-0.016715236198489615,-0.01021047632387084,-2.4375,-0.4375,0.0,0.0,-0.004264492004794854,-0.0012840254558793953,-2.96875,-0.40625,0.1,0.1,-0.008361582815361663,-0.00874283961738707,-2.55,-2.4890625
llama3-8b,alphaedit,counterfact,21068,1.0,0.0,2.6693511091034924e-06,-3.8645051191432354e-07,1.0,-0.1875,0.0,0.5,-0.00035084300126045066,0.0006929584777019553,-3.4375,-2.90625,0.2,0.2,-0.0021176874322986878,-0.0020879979848016325,-2.41875,-2.39375
llama3-8b,alphaedit,counterfact,3509,0.0,1.0,-0.011701773082688039,0.00878209240538752,-2.3125,0.125,0.0,0.5,-0.09256011821355188,0.21562853457970796,-3.01171875,-1.0,0.0,0.0,-0.10993467413090285,-0.11202587001069049,-4.965234375,-4.58046875
llama3-8b,alphaedit,counterfact,2106,0.0,1.0,-0.0001740853017338229,0.008580218134710584,-0.5625,3.25,0.0,1.0,-0.002580255740616181,0.00753926965323962,-3.546875,1.28125,0.0,0.0,-0.0055287948814674226,-0.005164507161812983,-2.8078125,-2.659375
llama3-8b,alphaedit,counterfact,17265,0.0,1.0,-0.00023005567231804854,0.02723706407582844,-2.125,1.796875,0.0,0.5,-0.12936533385756854,0.0619623724125747,-1.75390625,0.28125,0.6,0.7,0.00048805517054933056,0.0005831091727217586,-0.040625,-0.0140625
llama3-8b,alphaedit,genie,followed_by_6150,0.0,0.0,-0.6672860716257157,-0.480548651008176,-3.9908523559570312,-1.735147476196289,,,,,,,,,,,,
llama3-8b,alphaedit,genie,director_229,0.0,0.0,-0.7494945758659735,-0.7856455526834593,-5.509969075520833,-5.3416748046875,,,,,,,,,,,,
llama3-8b,alphaedit,genie,headquarters_2162,0.0,0.0,-0.5767564619178824,-0.669102701451927,-4.020825703938802,-2.1640396118164062,,,,,,,,,,,,
llama3-8b,alphaedit,genie,field_of_work_1687,0.0,0.0,-0.0341006526874804,-0.02254758916104576,-2.546875,-0.5,,,,,,,,,,,,
llama3-8b,alphaedit,genie,director_3768,0.0,0.0,-0.6045611322423383,-0.6575649154838638,-2.5452378590901694,-1.886013666788737,,,,,,,,,,,,
llama3-8b,alphaedit,genie,occupation_2544,0.0,0.0,-0.010126043930892633,-0.0777228530652102,-2.2109375,-1.66015625,,,,,,,,,,,,
llama3-8b,alphaedit,genie,production_company_4721,0.0,1.0,-0.1382120614983752,0.3256702279231307,-3.5748443603515625,2.237019856770833,,,,,,,,,,,,
llama3-8b,alphaedit,genie,continent_7135,0.0,0.0,-0.7534576814406175,-0.6956742742389984,-7.2176513671875,-1.947296142578125,,,,,,,,,,,,
llama3-8b,alphaedit,genie,spouse_2997,0.0,0.0,-0.9333527176226878,-0.8639010619483642,-6.86907958984375,-4.984046936035156,,,,,,,,,,,,
llama3-8b,alphaedit,genie,genre_3080,1.0,1.0,0.009653640304805948,0.4038516293608467,1.39453125,3.408203125,,,,,,,,,,,,
llama3-8b,alphaedit,genie,award_received_5077,0.0,0.0,-0.2840793522487481,-0.27131286995981724,-2.5957123727509472,-1.69094756155303,,,,,,,,,,,,
llama3-8b,alphaedit,genie,country_3694,0.0,0.0,-0.11105931145638473,-0.09721314298432554,-8.4900146484375,-4.0615234375,,,,,,,,,,,,
llama3-8b,alphaedit,genie,followed_by_3324,0.0,0.0,-0.007703584469028125,-0.006387059506576141,-1.30078125,-0.6595052083333339,,,,,,,,,,,,
llama3-8b,alphaedit,genie,field_of_work_100,0.0,0.0,-0.018300549298018772,-0.00900883045520694,-4.6494140625,-0.984700520833333,,,,,,,,,,,,
llama3-8b,alphaedit,genie,composer_4902,0.0,0.0,-0.5606510367541708,-0.5833911821533662,-4.405434926350911,-3.737616221110026,,,,,,,,,,,,
llama3-8b,alphaedit,genie,genre_4732,0.0,0.0,-0.0914633257347331,-0.06580269912045059,-4.09375,-0.5546875,,,,,,,,,,,,
llama3-8b,alphaedit,genie,director_7311,0.0,0.0,-0.2780737046400567,-0.3034381689839937,-3.027587890625,-1.7443033854166665,,,,,,,,,,,,
llama3-8b,alphaedit,genie,country_6584,0.0,1.0,-0.010270499360691467,0.04886153370251501,-0.560546875,0.9384765625,,,,,,,,,,,,
llama3-8b,alphaedit,genie,genre_4642,1.0,1.0,0.04329225481008179,0.17219674830565387,0.82421875,1.5390625,,,,,,,,,,,,
llama3-8b,alphaedit,genie,country_of_citizenship_2431,0.0,0.0,-0.22466852725257747,-0.16203868386432677,-2.1260986328125,-0.6875,,,,,,,,,,,,
llama3-8b,alphaedit,mquake,2640,0.25,0.25,-0.0791077711580138,-0.04559439658132879,-0.9416037150791717,-0.5448409625462123,,,,,,,,,,,,
llama3-8b,alphaedit,mquake,248,0.0,1.0,-0.24377158850562614,0.07457588779719362,-2.4204457600911455,1.0506083170572915,,,,,,,,,,,,
llama3-8b,alphaedit,mquake,2121,0.0,1.0,-0.892095627346833,0.3437574187872534,-3.8631504603794644,1.580239704677037,,,,,,,,,,,,
llama3-8b,alphaedit,mquake,825,0.5,0.5,-0.4271053973296396,-0.012684162758214358,0.8712565104166661,2.5182291666666665,,,,,,,,,,,,
llama3-8b,alphaedit,mquake,2014,0.6666666666666666,1.0,0.027880236356327515,0.18576493480728787,5.8321111769903276,6.073279971168155,,,,,,,,,,,,
llama3-8b,alphaedit,mquake,713,0.0,0.5,-0.08738956575614856,0.26061605265138105,-2.0377578735351562,-0.86724853515625,,,,,,,,,,,,
llama3-8b,alphaedit,mquake,1872,0.0,1.0,-0.07469767928572141,0.10057375137022762,-3.6523437500000004,0.9866943359374998,,,,,,,,,,,,
llama3-8b,alphaedit,mquake,562,0.5,0.5,-0.0011096652127764797,0.011941801834575074,1.2237431208292642,1.6032279332478843,,,,,,,,,,,,
llama3-8b,alphaedit,mquake,595,1.0,1.0,0.06672136636745549,0.13488522397824967,3.0144500732421875,2.5934295654296875,,,,,,,,,,,,
llama3-8b,alphaedit,mquake,1554,0.0,1.0,-0.9433401421532247,0.39097007352912133,-6.13134765625,2.9283447265625,,,,,,,,,,,,
llama3-8b,alphaedit,mquake,1291,0.5,1.0,0.10198741949837539,0.1867546034218513,1.0121895926339286,1.3740277971540178,,,,,,,,,,,,
llama3-8b,alphaedit,mquake,1655,0.5,1.0,-0.12914011376876752,0.24980057324605587,-0.341217041015625,1.8414306640625,,,,,,,,,,,,
llama3-8b,alphaedit,mquake,681,0.0,0.0,-0.10383415192858907,-0.12034132463646377,-2.2623639787946432,-1.7675247192382812,,,,,,,,,,,,
llama3-8b,alphaedit,mquake,1162,0.0,1.0,-0.02293133913061797,0.015520028649631347,-1.269287109375,0.323486328125,,,,,,,,,,,,
llama3-8b,alphaedit,mquake,1997,0.0,1.0,-0.04835474425934938,0.46186090555301534,-2.28515625,4.13427734375,,,,,,,,,,,,
llama3-8b,alphaedit,mquake,2526,0.75,0.75,-0.10669931596885991,0.0114303779296865,1.5540801207224528,1.5602783997853598,,,,,,,,,,,,
llama3-8b,alphaedit,mquake,2752,0.0,0.0,-0.02482585265431422,-0.04991726302997167,-2.6387939453125,-2.4599507649739585,,,,,,,,,,,,
llama3-8b,alphaedit,mquake,696,0.0,0.0,-0.16228237314962574,-0.04328702521738751,-5.1328125,-2.1767578125,,,,,,,,,,,,
llama3-8b,alphaedit,mquake,606,0.0,1.0,-0.1563746490171586,0.3903508742325303,-5.55462646484375,1.384246826171875,,,,,,,,,,,,
llama3-8b,alphaedit,mquake,1946,0.3333333333333333,0.0,-0.02922467699062617,-0.00882706258473889,-2.6761881510416665,-3.1292928059895835,,,,,,,,,,,,
llama3-8b,alphaedit,ripple,ripple_popular_row272,0.0,0.0,-0.7166500690792392,-0.33823943657868044,-5.451729456583658,-4.216342926025391,,,,,,,,,,,,
llama3-8b,alphaedit,ripple,ripple_popular_row528,0.0,0.0,-0.0018631573742233726,-0.0038181168713161424,-8.02734375,-3.5244140625,,,,,,,,,,,,
llama3-8b,alphaedit,ripple,ripple_popular_row137,0.0,1.0,-0.023518150088266902,0.025612813058775972,-1.2348388671875004,1.7717163085937502,,,,,,,,,,,,
llama3-8b,alphaedit,ripple,ripple_popular_row865,0.0,1.0,-0.03738161670549718,0.10425344489572609,-1.99346923828125,1.9158905029296873,,,,,,,,,,,,
llama3-8b,alphaedit,ripple,ripple_popular_row147,0.0,0.0,-0.023712569545338767,-0.002676832216771261,-3.1749674479166665,-0.26090494791666696,,,,,,,,,,,,
llama3-8b,alphaedit,ripple,ripple_popular_row86,0.0,0.0,-0.12899430868592576,-0.12639970297465297,-5.791010076349432,-4.289253928444602,,,,,,,,,,,,
llama3-8b,alphaedit,ripple,ripple_popular_row827,0.0,0.0,-0.04969387309255268,-0.023467958006494056,-7.467447916666666,-4.385416666666666,,,,,,,,,,,,
llama3-8b,alphaedit,ripple,ripple_popular_row607,0.0,0.0,-0.11211721116218841,-0.09831726485936815,-7.25,-3.28125,,,,,,,,,,,,
llama3-8b,alphaedit,ripple,ripple_popular_row377,0.0,0.0,-0.06463673294331804,-0.028928723866162437,-3.346354166666667,-1.171223958333333,,,,,,,,,,,,
llama3-8b,alphaedit,ripple,ripple_popular_row454,0.0,0.0,-0.06550690907757271,-0.05104281164430254,-4.986979166666667,-3.595703125,,,,,,,,,,,,
llama3-8b,alphaedit,ripple,ripple_popular_row339,0.0,0.0,-0.26295578234499645,-0.28136201986060955,-2.8755859375,-2.452734375,,,,,,,,,,,,
llama3-8b,alphaedit,ripple,ripple_popular_row744,0.0,0.0,-0.30803716593667924,-0.24439001619755535,-6.035797119140625,-4.172943115234375,,,,,,,,,,,,
llama3-8b,alphaedit,ripple,ripple_popular_row639,0.0,0.0,-0.8169304519842187,-0.4905208026766667,-7.365814208984375,-6.392415364583333,,,,,,,,,,,,
llama3-8b,alphaedit,ripple,ripple_popular_row437,0.0,0.0,-0.46967023382743184,-0.3524203281738601,-8.931907653808594,-6.193489074707031,,,,,,,,,,,,
llama3-8b,alphaedit,ripple,ripple_popular_row273,1.0,1.0,0.0010354960102323184,0.004213172402705843,1.23046875,2.330078125,,,,,,,,,,,,
llama3-8b,alphaedit,ripple,ripple_popular_row353,0.0,0.0,-0.17231455302771254,-0.2474639907716208,-3.216900634765625,-2.609454345703125,,,,,,,,,,,,
llama3-8b,alphaedit,ripple,ripple_popular_row371,0.0,0.0,-0.20696100871762638,-0.16245394665787263,-4.539031982421875,-2.0037384033203125,,,,,,,,,,,,
llama3-8b,alphaedit,ripple,ripple_popular_row646,0.0,0.0,-0.3263654891584401,-0.35791771735539385,-3.5550458635602684,-2.9524501255580353,,,,,,,,,,,,
llama3-8b,alphaedit,ripple,ripple_popular_row129,0.0,0.0,-0.8863280835370302,-0.7706427642693873,-9.957504272460938,-9.364555358886719,,,,,,,,,,,,
llama3-8b,alphaedit,ripple,ripple_popular_row602,0.0,1.0,-0.3845910154712273,0.0019238145413969557,-5.0615234375,1.092559814453125,,,,,,,,,,,,
llama3-8b,alphaedit,ripple,ripple_random_row1779,0.0,1.0,-0.029241121142635336,0.480735220110846,-4.109375,8.017890930175781,,,,,,,,,,,,
llama3-8b,alphaedit,ripple,ripple_random_row70,0.0,0.0,-0.301512127222211,-0.32287437089122506,-2.3853759765625,-1.5628997802734375,,,,,,,,,,,,
llama3-8b,alphaedit,ripple,ripple_random_row1359,0.0,0.0,-0.03663517601316896,-0.055988863650203224,-5.327807617187499,-2.148821004231771,,,,,,,,,,,,
llama3-8b,alphaedit,ripple,ripple_random_row1105,0.0,1.0,-0.0025829928003694943,0.0004941815437964549,-3.859375,0.234375,,,,,,,,,,,,
llama3-8b,alphaedit,ripple,ripple_random_row1751,0.0,1.0,-0.11462722608751706,0.6912064173251566,-3.118733723958333,3.2178141276041665,,,,,,,,,,,,
llama3-8b,alphaedit,ripple,ripple_random_row1170,0.0,0.0,-0.015179783781013933,-0.02389644706654484,-1.404947916666667,-0.7666829427083335,,,,,,,,,,,,
llama3-8b,alphaedit,ripple,ripple_random_row661,0.0,0.0,-0.4292126425169494,-0.5059612324699041,-4.044270833333333,-3.8671875,,,,,,,,,,,,
llama3-8b,alphaedit,ripple,ripple_random_row381,0.0,0.0,-0.41750596581445826,-0.3980077477794367,-6.04913330078125,-5.7109375,,,,,,,,,,,,
llama3-8b,alphaedit,ripple,ripple_random_row317,0.0,0.0,-0.02376961978550107,-0.027601402857900064,-4.120768229166666,-3.7770182291666665,,,,,,,,,,,,
llama3-8b,alphaedit,ripple,ripple_random_row250,0.0,0.0,-0.000594059462704453,-0.00015799113837676785,-0.85546875,-0.107421875,,,,,,,,,,,,
llama3-8b,alphaedit,ripple,ripple_random_row455,0.0,0.0,-0.5478751081417647,-0.5877861698719533,-8.8359375,-8.859375,,,,,,,,,,,,
llama3-8b,alphaedit,ripple,ripple_random_row998,0.0,1.0,-0.0012562743378245998,0.0012872392985675317,-0.897786458333333,1.406901041666667,,,,,,,,,,,,
llama3-8b,alphaedit,ripple,ripple_random_row689,0.0,1.0,-0.5097243373665233,0.3320919450886782,-3.54296875,0.82550048828125,,,,,,,,,,,,
llama3-8b,alphaedit,ripple,ripple_random_row787,1.0,1.0,0.004531549650680365,0.06730734941453435,0.823811848958333,2.145947774251302,,,,,,,,,,,,
llama3-8b,alphaedit,ripple,ripple_random_row115,0.0,1.0,-0.01571844243101024,0.031967712010452384,-0.15878513881138412,0.24725668770926346,,,,,,,,,,,,
llama3-8b,alphaedit,ripple,ripple_random_row541,0.0,0.0,-0.15362760360202724,-0.13608996768871146,-4.62104252406529,-4.046634129115514,,,,,,,,,,,,
llama3-8b,alphaedit,ripple,ripple_random_row1317,0.0,0.0,-0.0025603832912392908,-0.003314832220619128,-1.5505208333333327,-1.5817708333333327,,,,,,,,,,,,
llama3-8b,alphaedit,ripple,ripple_random_row901,0.0,0.0,-0.08138529126321302,-0.0559439713009405,-4.298095703125,-2.5458984375,,,,,,,,,,,,
llama3-8b,alphaedit,ripple,ripple_random_row436,0.0,0.0,-0.12434879694734614,-0.07185091144418289,-3.8203125,-2.08203125,,,,,,,,,,,,
llama3-8b,alphaedit,ripple,ripple_random_row834,0.0,0.0,-0.3104059687314858,-0.2484897691024596,-6.581512451171875,-5.89166259765625,,,,,,,,,,,,
llama3-8b,alphaedit,zsre,zsre_row8097,0.0,1.0,-0.0022359041771294608,0.2488391254004451,-0.03400878906249982,1.7512451171875,1.0,1.0,0.01645018131291135,0.1216387472098382,0.3056762695312498,1.329095458984375,1.0,1.0,0.009368776723990654,0.009788774513657334,2.7218597412109373,2.791278076171875
llama3-8b,alphaedit,zsre,zsre_row15599,0.0,0.0,-0.027510609113931817,-0.012883196061094303,-2.8125,-0.875,0.0,0.0,-0.007574431119144377,-0.008193611745648319,-2.6875,-2.5,0.0,0.0,-3.7682860341915455e-07,-3.7682860341915455e-07,-1.375,-1.375
llama3-8b,alphaedit,zsre,zsre_row18844,1.0,1.0,0.01285613979894712,0.027025830601130972,4.202799479166666,4.113850911458333,1.0,1.0,0.00781366804630654,0.013910253924416693,4.42578125,4.3935546875,1.0,1.0,0.0011123138396322116,0.0011477221177676731,4.790364583333334,4.80078125
llama3-8b,alphaedit,zsre,zsre_row5765,0.0,1.0,-0.3521381776349126,0.13923709072545623,-2.1022135416666665,0.7382812500000002,0.0,1.0,-0.24250390666292057,0.12100173402872007,-1.8880208333333333,1.0234374999999998,1.0,1.0,0.00034051992487662934,0.0003987305074676366,0.17708333333333304,0.20833333333333304
llama3-8b,alphaedit,zsre,zsre_row13630,1.0,1.0,0.011780947987337472,0.02377018224563008,1.5849609375,1.0140177408854165,1.0,1.0,0.017097920079553117,0.02888982377515585,2.0325520833333335,1.35546875,1.0,1.0,0.0016870491112626934,0.0016767135085265883,2.707682291666667,2.694661458333333
llama3-8b,alphaedit,zsre,zsre_row14665,0.0,1.0,-0.03702849295952519,0.08404298784036175,-0.453125,0.5794270833333333,0.0,1.0,-0.022909746427705158,0.10827416081292922,-0.43229166666666696,0.9778645833333333,0.0,0.0,-0.0013417362343923545,-0.00133869136528114,-0.635416666666667,-0.619791666666667
llama3-8b,alphaedit,zsre,zsre_row12754,0.0,0.0,-0.0034204556922646234,-0.014554831895883177,-0.04166666666666696,-0.125,0.0,0.0,-0.0011820778568459242,0.0,-0.04166666666666696,0.0,1.0,1.0,0.00033349792380623494,0.0003249251906444128,0.125,0.125
llama3-8b,alphaedit,zsre,zsre_row8750,0.0,0.0,-0.4498887406283599,-0.42981558706159306,-3.7459742228190103,-3.350163777669271,0.0,0.0,-0.35176038826638073,-0.30966129324009556,-3.380444844563802,-3.008555094401041,0.0,0.0,-0.0114086441772971,-0.011028873939154195,-1.074544270833333,-1.042236328125
llama3-8b,alphaedit,zsre,zsre_row4307,0.0,0.0,-0.05437589121715332,-0.04222953796073722,-2.7395222981770835,-0.9011027018229165,0.0,0.0,-0.019857474717953124,-0.00040073845134817876,-1.779459635416667,-0.014973958333333481,1.0,1.0,1.246186769557012e-06,1.0126078820879346e-06,0.05208333333333215,0.04166666666666785
llama3-8b,alphaedit,zsre,zsre_row18406,1.0,1.0,0.004620791700732927,0.006215504188916428,2.125,3.03125,1.0,1.0,0.009006213234957495,0.008810396707473045,3.8125,4.34375,1.0,1.0,0.0034952949513431717,0.0032835257356777676,9.34375,9.34375
llama3-8b,alphaedit,zsre,zsre_row10580,0.0,0.0,-0.002023294443783648,-0.00041752340307106756,-3.484375,-1.07421875,0.0,0.0,-0.007604688463563811,-0.009176979791713823,-4.4453125,-3.779947916666666,0.0,0.0,-9.86897122709186e-06,-1.179960231778593e-05,-0.8098958333333339,-0.9270833333333339
llama3-8b,alphaedit,zsre,zsre_row9259,0.0,0.0,0.0,0.0,0.0,0.0,0.0,0.0,0.0,0.0,0.0,0.0,0.0,0.0,0.0,0.0,0.0,0.0
llama3-8b,alphaedit,zsre,zsre_row57,1.0,1.0,0.00010924341865383489,0.0006140627367811544,0.9375,2.0,1.0,1.0,0.00010119358282299214,0.00017545104782439283,2.0625,2.5,1.0,1.0,6.442576993751882e-08,6.617486432846923e-08,0.5,0.5625
llama3-8b,alphaedit,zsre,zsre_row19060,0.0,0.0,-0.002224103557147571,-0.0011527198803707322,-2.365234375,-0.54248046875,1.0,1.0,0.0003948739462636846,0.007564289060697508,0.162109375,1.4765625,0.0,0.0,-1.38443773165627e-05,-1.373662536226457e-05,-8.9375,-8.9296875
llama3-8b,alphaedit,zsre,zsre_row16238,0.0,0.0,-0.0021679883926768936,-0.001406690672136373,-3.642578125,-2.517578125,0.0,0.0,-0.00032868409768976143,-0.0002746366051960667,-2.0,-1.78125,0.0,0.0,-5.488038306638283e-06,-5.476060256857743e-06,-2.3046875,-2.21875
llama3-8b,alphaedit,zsre,zsre_row9297,0.0,0.0,-0.7404749207131981,-0.031701623350509175,-4.392350260416667,-0.3003824869791667,0.0,1.0,-0.16439592960563248,0.011683884071056208,-1.7956990559895833,0.1511225382486976,1.0,1.0,0.0023984303498254264,0.002443755700925808,2.276236979166666,2.3332356770833336
llama3-8b,alphaedit,zsre,zsre_row15083,0.0,0.0,-0.1498821909503257,-0.14860552552097903,-2.23638916015625,-1.9176679338727678,0.0,0.0,-0.19966129313615544,-0.1879517091955179,-2.33697509765625,-2.047642299107143,0.0,0.0,-0.0015179694803718017,-0.001585856673174729,-2.0478864397321432,-2.0791538783482144
llama3-8b,alphaedit,zsre,zsre_row18879,0.0,1.0,-0.001910223467176642,0.423307681621002,-0.13671875,3.4840087890625,0.0,1.0,-0.0019482603278432164,0.20240390098400265,-0.23046875,2.9041748046875,0.0,0.0,-9.146332216414e-06,-1.001185576296361e-05,-0.8125,-0.828125
llama3-8b,alphaedit,zsre,zsre_row495,0.0,1.0,-0.00024390622527626716,0.07302494852985264,-0.375,2.9375,0.0,1.0,-0.0011336734901016502,0.059399158821889564,-1.3125,2.0625,1.0,1.0,4.2929547646431206e-09,4.864555050641213e-09,0.125,0.125
llama3-8b,alphaedit,zsre,zsre_row14921,1.0,1.0,0.003813235229472219,0.0073080832117732,0.25390625,0.4136555989583335,1.0,1.0,0.002797618847931376,0.0034557305367787436,0.224609375,0.27457682291666696,1.0,1.0,0.001310338891633045,0.0013122584885443135,4.044270833333333,4.053385416666667
llama3-8b,anyedit,counterfact,11983,0.0,1.0,-0.3746316239505429,0.00047786605968398775,-6.61328125,1.4375,0.0,0.5,-0.3081156499876838,-0.018589072236938068,-6.765625,-0.4296875,0.0,0.7,-0.20332564197756206,-0.029212914132085044,-6.94609375,0.2078125
llama3-8b,anyedit,counterfact,13602,0.0,0.0,-0.6048270399168308,-0.0017446911955502056,-5.875,-4.90625,0.0,0.0,-0.42188252023823114,-0.35993961862594803,-5.8779296875,-4.0751953125,0.0,0.3,-0.12417178924279137,-0.01256477537638762,-3.051171875,-0.9515625
llama3-8b,anyedit,counterfact,15471,0.0,0.0,-0.6577832914042001,-0.011446894743046566,-4.74609375,-6.65625,0.0,0.0,-0.06493766939014796,-0.10248361865196959,-6.6015625,-6.7890625,0.0,0.1,-0.17948917485863244,-0.11033921913133227,-6.40491943359375,-5.109375
llama3-8b,anyedit,counterfact,4190,0.0,0.0,-0.00024146269984900306,-1.937843834917842e-06,-4.125,-2.4375,0.0,0.0,-0.0070007923376300876,-0.046518045690063826,-5.203125,-5.0,0.2,0.2,-0.013405784783820637,-0.012720384741616145,-2.571875,-2.2984375
llama3-8b,anyedit,counterfact,2414,0.0,0.0,-4.509402744198303e-05,-6.46908931771771e-06,-5.0,-2.0625,0.0,0.0,-0.0005632784536218009,-0.00024340560817439437,-5.078125,-3.25,0.0,0.0,-0.0016547944614993919,-0.0018889843748811342,-4.409375,-3.98125
llama3-8b,anyedit,counterfact,11701,0.0,0.0,-0.0003491789672271867,-0.019317335903172164,-0.0625,-4.6875,0.0,0.0,-0.020967039326617316,-0.04881937717468613,-6.1015625,-7.015625,0.4,0.4,-0.033647897097344434,-0.0022700767755193503,-1.0296875,-1.296875
llama3-8b,anyedit,counterfact,16141,0.0,0.0,-0.09301222888125651,-0.0005952251197417446,-10.625,-3.90625,0.0,0.0,-0.2590965865849199,-0.22751385103409438,-8.27734375,-7.423828125,0.0,0.0,-0.2397069753145759,-0.19476067493476956,-11.1740966796875,-9.39052734375
llama3-8b,anyedit,counterfact,19724,0.0,0.0,-0.40081260713292205,-0.08048459593365423,-8.5234375,-3.9375,0.5,0.0,-0.003940620367907731,-0.007455070191163014,0.0625,-0.5390625,0.2,0.1,-0.2572057075297513,-0.13429028816491811,-4.903515625,-2.826171875
llama3-8b,anyedit,counterfact,12635,0.0,0.0,-0.0067370047536037345,-0.0006536663807314748,-8.875,-2.0,0.0,0.0,-0.042466782349592454,-0.04024904305841768,-6.96875,-6.78125,0.0,0.0,-0.03636163031581986,-0.03679549813416873,-9.5484375,-8.7125
llama3-8b,anyedit,counterfact,3748,0.0,0.0,-0.0025570895843583003,-3.054910572170459e-05,-8.90625,-1.0,0.0,0.0,-0.4118695888462979,-0.17775519376009669,-5.7197265625,-5.40234375,0.1,0.1,-0.14286444811814447,-0.15529495187226505,-5.02998046875,-4.97587890625
llama3-8b,anyedit,counterfact,17374,0.0,1.0,-0.7555826210228521,0.0023016212363729353,-6.939453125,1.46875,0.5,1.0,-0.37694008134194484,0.001740822759466335,-2.5791015625,1.6875,0.0,0.0,-0.48334552606413006,-0.4692033913187301,-6.24326171875,-6.0986328125
llama3-8b,anyedit,counterfact,2723,0.0,1.0,-0.041274281790579966,0.00118179054943644,-11.0625,1.8125,0.0,0.0,-0.0013401302480098229,-0.0025934806616405995,-7.59375,-3.5625,0.0,0.0,-0.031101653363421695,-0.02650429787508713,-7.0609375,-6.48984375
llama3-8b,anyedit,counterfact,2759,0.0,0.0,-0.6532390808512627,-1.0119543106171583e-05,-10.38671875,-1.3125,0.0,0.0,-0.30148998946787986,-0.02256936457613032,-7.982421875,-4.8671875,0.0,0.0,-0.3358848389851731,-0.07921824270965924,-9.2078125,-5.84609375
llama3-8b,anyedit,counterfact,21054,0.0,0.0,-0.035266680121349314,-0.0001582962876460162,-6.84375,-1.3125,0.0,0.0,-0.01157895342434728,-0.012545861519289771,-2.46875,-3.015625,0.2,0.1,-0.2821626858253299,-0.30542576457890114,-3.62841796875,-3.238671875
llama3-8b,anyedit,counterfact,12756,0.0,1.0,-6.434978752825924e-06,0.0013034416471738152,-0.1875,2.5625,1.0,1.0,0.00010137702583375851,0.0001875974926104095,1.90625,2.921875,0.9,1.0,0.0008135283276639524,0.0021608712854408814,1.11875,1.90625
llama3-8b,anyedit,counterfact,14633,0.0,1.0,-0.016715236198489615,0.06962318775659132,-2.4375,0.8125,0.0,0.0,-0.004264492004794854,-0.0008051538928716495,-2.96875,-0.15625,0.1,0.1,-0.008361582815361663,-0.014192318874419551,-2.55,-2.3328125
llama3-8b,anyedit,counterfact,21068,1.0,0.0,2.6693511091034924e-06,-2.87720405543691e-06,1.0,-0.25,0.0,0.5,-0.00035084300126045066,0.0034540755759406732,-3.4375,-1.3125,0.2,0.2,-0.0021176874322986878,-0.001519669252458222,-2.41875,-2.284375
llama3-8b,anyedit,counterfact,3509,0.0,1.0,-0.011701773082688039,0.0003023771113252574,-2.3125,1.71875,0.0,0.0,-0.09256011821355188,-0.014746001332058157,-3.01171875,-1.0625,0.0,0.1,-0.10993467413090285,-0.08222649220676118,-4.965234375,-3.151953125
llama3-8b,anyedit,counterfact,2106,0.0,0.0,-0.0001740853017338229,0.0,-0.5625,0.0,0.0,0.0,-0.002580255740616181,-0.0006801280304547157,-3.546875,-0.34375,0.0,0.0,-0.0055287948814674226,-0.006502757934500014,-2.8078125,-2.6921875
llama3-8b,anyedit,counterfact,17265,0.0,0.0,-0.00023005567231804854,-4.3838660411720405e-06,-2.125,-1.25,0.0,0.0,-0.12936533385756854,-0.1185469148852053,-1.75390625,-1.4375,0.6,0.6,0.00048805517054933056,-0.0023593418836660943,-0.040625,-0.41875
llama3-8b,anyedit,genie,followed_by_6150,0.0,0.0,-0.6672860716257157,-0.6293343716170544,-3.9908523559570312,-2.5468978881835938,,,,,,,,,,,,
llama3-8b,anyedit,genie,director_229,0.0,0.0,-0.7494945758659735,-0.08062248474364964,-5.509969075520833,-1.9663136800130205,,,,,,,,,,,,
llama3-8b,anyedit,genie,headquarters_2162,0.0,1.0,-0.5767564619178824,0.008356686911018475,-4.020825703938802,0.758412679036458,,,,,,,,,,,,
llama3-8b,anyedit,genie,field_of_work_1687,0.0,1.0,-0.0341006526874804,0.004035164974315314,-2.546875,0.65625,,,,,,,,,,,,
llama3-8b,anyedit,genie,director_3768,0.0,1.0,-0.6045611322423383,0.025690221872397584,-2.5452378590901694,0.2914457321166992,,,,,,,,,,,,
llama3-8b,anyedit,genie,occupation_2544,0.0,1.0,-0.010126043930892633,0.008802272306898114,-2.2109375,0.837890625,,,,,,,,,,,,
llama3-8b,anyedit,genie,production_company_4721,0.0,1.0,-0.1382120614983752,0.01993067442124841,-3.5748443603515625,0.5802408854166665,,,,,,,,,,,,
llama3-8b,anyedit,genie,continent_7135,0.0,0.0,-0.7534576814406175,-0.89176333613998,-7.2176513671875,-5.234539031982422,,,,,,,,,,,,
llama3-8b,anyedit,genie,spouse_2997,0.0,0.0,-0.9333527176226878,-0.017617027623041466,-6.86907958984375,-0.564239501953125,,,,,,,,,,,,
llama3-8b,anyedit,genie,genre_3080,1.0,1.0,0.009653640304805948,0.08288048089477504,1.39453125,2.6748046875,,,,,,,,,,,,
llama3-8b,anyedit,genie,award_received_5077,0.0,0.0,-0.2840793522487481,-0.020434675986485157,-2.5957123727509472,-0.24127289743134472,,,,,,,,,,,,
llama3-8b,anyedit,genie,country_3694,0.0,0.0,-0.11105931145638473,-0.026587402316826412,-8.4900146484375,-8.060498046875,,,,,,,,,,,,
llama3-8b,anyedit,genie,followed_by_3324,0.0,1.0,-0.007703584469028125,0.0009011598476563174,-1.30078125,0.6864420572916661,,,,,,,,,,,,
llama3-8b,anyedit,genie,field_of_work_100,0.0,0.0,-0.018300549298018772,-0.002403592236175988,-4.6494140625,-0.36979166666666696,,,,,,,,,,,,
llama3-8b,anyedit,genie,composer_4902,0.0,1.0,-0.5606510367541708,0.016830701439338448,-4.405434926350911,0.5518557230631509,,,,,,,,,,,,
llama3-8b,anyedit,genie,genre_4732,0.0,0.0,-0.0914633257347331,-0.019193075844538842,-4.09375,-3.94140625,,,,,,,,,,,,
llama3-8b,anyedit,genie,director_7311,0.0,1.0,-0.2780737046400567,0.023462126748803044,-3.027587890625,0.96533203125,,,,,,,,,,,,
llama3-8b,anyedit,genie,country_6584,0.0,1.0,-0.010270499360691467,0.06618091031910898,-0.560546875,2.0341796875,,,,,,,,,,,,
llama3-8b,anyedit,genie,genre_4642,1.0,1.0,0.04329225481008179,0.01870021608292831,0.82421875,1.3515625,,,,,,,,,,,,
llama3-8b,anyedit,genie,country_of_citizenship_2431,0.0,1.0,-0.22466852725257747,0.053158737235934894,-2.1260986328125,0.25,,,,,,,,,,,,
llama3-8b,anyedit,mquake,2640,0.25,0.5,-0.0791077711580138,0.021560969947110636,-0.9416037150791717,-0.1186193474701473,,,,,,,,,,,,
llama3-8b,anyedit,mquake,248,0.0,1.0,-0.24377158850562614,0.05935143182964064,-2.4204457600911455,3.024358219570584,,,,,,,,,,,,
llama3-8b,anyedit,mquake,2121,0.0,1.0,-0.892095627346833,0.36102960078832,-3.8631504603794644,5.088950736182077,,,,,,,,,,,,
llama3-8b,anyedit,mquake,825,0.5,0.5,-0.4271053973296396,-0.008807549886336384,0.8712565104166661,5.072469075520833,,,,,,,,,,,,
llama3-8b,anyedit,mquake,2014,0.6666666666666666,1.0,0.027880236356327515,0.08081961731172105,5.8321111769903276,10.062101818266369,,,,,,,,,,,,
llama3-8b,anyedit,mquake,713,0.0,0.0,-0.08738956575614856,-0.11448910380386995,-2.0377578735351562,-5.548456192016602,,,,,,,,,,,,
llama3-8b,anyedit,mquake,1872,0.0,0.0,-0.07469767928572141,-0.08925201461232593,-3.6523437500000004,-0.9762369791666667,,,,,,,,,,,,
llama3-8b,anyedit,mquake,562,0.5,1.0,-0.0011096652127764797,0.09378804524956741,1.2237431208292642,1.9431222279866538,,,,,,,,,,,,
llama3-8b,anyedit,mquake,595,1.0,1.0,0.06672136636745549,0.18122723382091727,3.0144500732421875,4.148775100708008,,,,,,,,,,,,
llama3-8b,anyedit,mquake,1554,0.0,0.0,-0.9433401421532247,-0.0022329735241942506,-6.13134765625,-1.018310546875,,,,,,,,,,,,
llama3-8b,anyedit,mquake,1291,0.5,0.5,0.10198741949837539,0.06175507182680694,1.0121895926339286,0.8391770124435425,,,,,,,,,,,,
llama3-8b,anyedit,mquake,1655,0.5,1.0,-0.12914011376876752,0.0025274461556026072,-0.341217041015625,2.7734375,,,,,,,,,,,,
llama3-8b,anyedit,mquake,681,0.0,1.0,-0.10383415192858907,0.3267486244231088,-2.2623639787946432,2.4802931104387556,,,,,,,,,,,,
llama3-8b,anyedit,mquake,1162,0.0,1.0,-0.02293133913061797,0.014285945747186335,-1.269287109375,9.6265869140625,,,,,,,,,,,,
llama3-8b,anyedit,mquake,1997,0.0,1.0,-0.04835474425934938,0.0017381757170919917,-2.28515625,5.524078369140625,,,,,,,,,,,,
llama3-8b,anyedit,mquake,2526,0.75,1.0,-0.10669931596885991,0.0398039599081418,1.5540801207224528,2.5817275663216908,,,,,,,,,,,,
llama3-8b,anyedit,mquake,2752,0.0,0.0,-0.02482585265431422,-0.010287565033091094,-2.6387939453125,-3.219219207763672,,,,,,,,,,,,
llama3-8b,anyedit,mquake,696,0.0,1.0,-0.16228237314962574,0.0014947769902562435,-5.1328125,2.638671875,,,,,,,,,,,,
llama3-8b,anyedit,mquake,606,0.0,0.0,-0.1563746490171586,-0.047935017980223836,-5.55462646484375,-3.4929733276367188,,,,,,,,,,,,
llama3-8b,anyedit,mquake,1946,0.3333333333333333,0.3333333333333333,-0.02922467699062617,-6.115428208029748e-05,-2.6761881510416665,-1.5364583333333333,,,,,,,,,,,,
llama3-8b,anyedit,ripple,ripple_popular_row272,0.0,0.0,-0.7166500690792392,-0.0013379089506022068,-5.451729456583658,-0.02560933430989598,,,,,,,,,,,,
llama3-8b,anyedit,ripple,ripple_popular_row528,0.0,1.0,-0.0018631573742233726,0.001014293773531806,-8.02734375,1.5546875,,,,,,,,,,,,
llama3-8b,anyedit,ripple,ripple_popular_row137,0.0,1.0,-0.023518150088266902,0.0067338926207416334,-1.2348388671875004,3.7726573944091797,,,,,,,,,,,,
llama3-8b,anyedit,ripple,ripple_popular_row865,0.0,0.0,-0.03738161670549718,-0.13001671266132311,-1.99346923828125,-1.582342529296875,,,,,,,,,,,,
llama3-8b,anyedit,ripple,ripple_popular_row147,0.0,0.0,-0.023712569545338767,-0.004026006800594245,-3.1749674479166665,-0.613932291666667,,,,,,,,,,,,
llama3-8b,anyedit,ripple,ripple_popular_row86,0.0,0.0,-0.12899430868592576,-0.025086339545247444,-5.791010076349432,-1.204218777743253,,,,,,,,,,,,
llama3-8b,anyedit,ripple,ripple_popular_row827,0.0,1.0,-0.04969387309255268,0.0431777180615905,-7.467447916666666,6.317708333333334,,,,,,,,,,,,
llama3-8b,anyedit,ripple,ripple_popular_row607,0.0,1.0,-0.11211721116218841,0.023664007129045168,-7.25,3.0247395833333335,,,,,,,,,,,,
llama3-8b,anyedit,ripple,ripple_popular_row377,0.0,1.0,-0.06463673294331804,0.006447382506727708,-3.346354166666667,0.872233072916667,,,,,,,,,,,,
llama3-8b,anyedit,ripple,ripple_popular_row454,0.0,1.0,-0.06550690907757271,0.0008332381242431939,-4.986979166666667,0.1796875,,,,,,,,,,,,
llama3-8b,anyedit,ripple,ripple_popular_row339,0.0,1.0,-0.26295578234499645,0.006826707104617594,-2.8755859375,0.06963348388671875,,,,,,,,,,,,
llama3-8b,anyedit,ripple,ripple_popular_row744,0.0,0.0,-0.30803716593667924,-0.013445820731902062,-6.035797119140625,-3.219970703125,,,,,,,,,,,,
llama3-8b,anyedit,ripple,ripple_popular_row639,0.0,1.0,-0.8169304519842187,0.06442736028642276,-7.365814208984375,1.619140625,,,,,,,,,,,,
llama3-8b,anyedit,ripple,ripple_popular_row437,0.0,0.0,-0.46967023382743184,-0.3978750043200367,-8.931907653808594,-6.174217224121094,,,,,,,,,,,,
llama3-8b,anyedit,ripple,ripple_popular_row273,1.0,1.0,0.0010354960102323184,0.003358899603783449,1.23046875,1.0576171875,,,,,,,,,,,,
llama3-8b,anyedit,ripple,ripple_popular_row353,0.0,1.0,-0.17231455302771254,0.0041865461772392296,-3.216900634765625,0.07451883951822902,,,,,,,,,,,,
llama3-8b,anyedit,ripple,ripple_popular_row371,0.0,1.0,-0.20696100871762638,0.017322876948387498,-4.539031982421875,1.862945556640625,,,,,,,,,,,,
llama3-8b,anyedit,ripple,ripple_popular_row646,0.0,0.0,-0.3263654891584401,-0.03517746022419122,-3.5550458635602684,-0.6852177211216519,,,,,,,,,,,,
llama3-8b,anyedit,ripple,ripple_popular_row129,0.0,0.0,-0.8863280835370302,-0.005205012139211198,-9.957504272460938,-1.64404296875,,,,,,,,,,,,
llama3-8b,anyedit,ripple,ripple_popular_row602,0.0,1.0,-0.3845910154712273,0.02121485640891687,-5.0615234375,3.7946929931640625,,,,,,,,,,,,
llama3-8b,anyedit,ripple,ripple_random_row1779,0.0,1.0,-0.029241121142635336,0.0511370032794737,-4.109375,8.4019775390625,,,,,,,,,,,,
llama3-8b,anyedit,ripple,ripple_random_row70,0.0,0.0,-0.301512127222211,-0.31321708333959913,-2.3853759765625,-1.24308807849884,,,,,,,,,,,,
llama3-8b,anyedit,ripple,ripple_random_row1359,0.0,0.0,-0.03663517601316896,-0.010171375437426949,-5.327807617187499,-1.8630760192871092,,,,,,,,,,,,
llama3-8b,anyedit,ripple,ripple_random_row1105,0.0,0.0,-0.0025829928003694943,-0.0005883159106739804,-3.859375,-0.5859375,,,,,,,,,,,,
llama3-8b,anyedit,ripple,ripple_random_row1751,0.0,1.0,-0.11462722608751706,0.0030065632231445344,-3.118733723958333,0.04435221354166652,,,,,,,,,,,,
llama3-8b,anyedit,ripple,ripple_random_row1170,0.0,1.0,-0.015179783781013933,0.03411326999091367,-1.404947916666667,2.7797444661458335,,,,,,,,,,,,
llama3-8b,anyedit,ripple,ripple_random_row661,0.0,0.0,-0.4292126425169494,-0.07235552492795372,-4.044270833333333,-2.785807291666667,,,,,,,,,,,,
llama3-8b,anyedit,ripple,ripple_random_row381,0.0,0.0,-0.41750596581445826,-0.052325261871953924,-6.04913330078125,-1.4649658203125,,,,,,,,,,,,
llama3-8b,anyedit,ripple,ripple_random_row317,0.0,0.0,-0.02376961978550107,-0.0045159918710937896,-4.120768229166666,-0.844889322916667,,,,,,,,,,,,
llama3-8b,anyedit,ripple,ripple_random_row250,0.0,1.0,-0.000594059462704453,0.0015033193732951874,-0.85546875,1.91015625,,,,,,,,,,,,
llama3-8b,anyedit,ripple,ripple_random_row455,0.0,0.0,-0.5478751081417647,-0.4314477217066254,-8.8359375,-7.17578125,,,,,,,,,,,,
llama3-8b,anyedit,ripple,ripple_random_row998,0.0,1.0,-0.0012562743378245998,0.004121236825640018,-0.897786458333333,9.633463541666668,,,,,,,,,,,,
llama3-8b,anyedit,ripple,ripple_random_row689,0.0,0.0,-0.5097243373665233,-0.20902295573691448,-3.54296875,-2.2431640625,,,,,,,,,,,,
llama3-8b,anyedit,ripple,ripple_random_row787,1.0,1.0,0.004531549650680365,0.06755453930343068,0.823811848958333,1.945973714192708,,,,,,,,,,,,
llama3-8b,anyedit,ripple,ripple_random_row115,0.0,1.0,-0.01571844243101024,0.07458689161946418,-0.15878513881138412,9.716769763401576,,,,,,,,,,,,
llama3-8b,anyedit,ripple,ripple_random_row541,0.0,0.0,-0.15362760360202724,-0.0012693117571887479,-4.62104252406529,-0.060511997767857206,,,,,,,,,,,,
llama3-8b,anyedit,ripple,ripple_random_row1317,0.0,1.0,-0.0025603832912392908,0.012481027652928559,-1.5505208333333327,1.9922526041666666,,,,,,,,,,,,
llama3-8b,anyedit,ripple,ripple_random_row901,0.0,1.0,-0.08138529126321302,0.04089452192737301,-4.298095703125,2.81060791015625,,,,,,,,,,,,
llama3-8b,anyedit,ripple,ripple_random_row436,0.0,1.0,-0.12434879694734614,0.0026134679122832736,-3.8203125,3.21875,,,,,,,,,,,,
llama3-8b,anyedit,ripple,ripple_random_row834,0.0,0.0,-0.3104059687314858,-0.022941113295037216,-6.581512451171875,-4.66070556640625,,,,,,,,,,,,
llama3-8b,anyedit,zsre,zsre_row8097,0.0,1.0,-0.0022359041771294608,0.36213460398989245,-0.03400878906249982,1.93143310546875,1.0,1.0,0.01645018131291135,0.055936899840179855,0.3056762695312498,0.3072418212890624,1.0,1.0,0.009368776723990654,0.009710465116390085,2.7218597412109373,2.688763427734375
llama3-8b,anyedit,zsre,zsre_row15599,0.0,0.0,-0.027510609113931817,-0.00043876314253138025,-2.8125,-1.28125,0.0,0.0,-0.007574431119144377,-0.009468235313176677,-2.6875,-2.75,0.0,0.0,-3.7682860341915455e-07,-4.0113196030144564e-07,-1.375,-1.375
llama3-8b,anyedit,zsre,zsre_row18844,1.0,1.0,0.01285613979894712,0.1307989694667897,4.202799479166666,3.019697507222493,1.0,1.0,0.00781366804630654,0.10510277739350661,4.42578125,3.2155529657999677,1.0,1.0,0.0011123138396322116,0.001197025436728742,4.790364583333334,4.935546875
llama3-8b,anyedit,zsre,zsre_row5765,0.0,0.0,-0.3521381776349126,-0.0032546065779945343,-2.1022135416666665,-0.06510416666666696,0.0,0.0,-0.24250390666292057,-0.006304074838838422,-1.8880208333333333,-0.13020833333333348,1.0,1.0,0.00034051992487662934,0.0009705465572159714,0.17708333333333304,0.43229166666666696
llama3-8b,anyedit,zsre,zsre_row13630,1.0,1.0,0.011780947987337472,0.05677488597718305,1.5849609375,1.9746297200520835,1.0,1.0,0.017097920079553117,0.023928447747831514,2.0325520833333335,1.4015299479166665,1.0,1.0,0.0016870491112626934,0.0017393880144538267,2.707682291666667,2.70703125
llama3-8b,anyedit,zsre,zsre_row14665,0.0,0.0,-0.03702849295952519,-0.02242189648158642,-0.453125,-0.35611979166666696,0.0,0.0,-0.022909746427705158,-0.0010240294893317445,-0.43229166666666696,-0.0224609375,0.0,0.0,-0.0013417362343923545,-0.0014004855403634427,-0.635416666666667,-0.645833333333333
llama3-8b,anyedit,zsre,zsre_row12754,0.0,1.0,-0.0034204556922646234,0.05624350959306272,-0.04166666666666696,0.5,0.0,0.0,-0.0011820778568459242,0.0,-0.04166666666666696,0.0,1.0,1.0,0.00033349792380623494,0.00037329003050022265,0.125,0.14583333333333393
llama3-8b,anyedit,zsre,zsre_row8750,0.0,0.0,-0.4498887406283599,-0.07706872455871949,-3.7459742228190103,-1.8129882812500004,0.0,0.0,-0.35176038826638073,-0.059168373293658094,-3.380444844563802,-2.1643880208333335,0.0,0.0,-0.0114086441772971,-0.011769083022850981,-1.074544270833333,-1.109049479166667
llama3-8b,anyedit,zsre,zsre_row4307,0.0,0.0,-0.05437589121715332,-0.007548685438547184,-2.7395222981770835,-0.20196533203125,0.0,0.0,-0.019857474717953124,-0.00464760752590283,-1.779459635416667,-0.15950520833333348,1.0,1.0,1.246186769557012e-06,2.201692926789042e-06,0.05208333333333215,0.08333333333333393
llama3-8b,anyedit,zsre,zsre_row18406,1.0,1.0,0.004620791700732927,0.028972262877079238,2.125,4.59375,1.0,1.0,0.009006213234957495,0.01814695768619568,3.8125,4.6875,1.0,1.0,0.0034952949513431717,0.0032835072019930904,9.34375,9.28125
llama3-8b,anyedit,zsre,zsre_row10580,0.0,0.0,-0.002023294443783648,-0.002238942245854268,-3.484375,-0.908854166666667,0.0,0.0,-0.007604688463563811,-0.007178433120546536,-4.4453125,-3.98828125,0.0,0.0,-9.86897122709186e-06,-9.837303285209637e-06,-0.8098958333333339,-0.8671875
llama3-8b,anyedit,zsre,zsre_row9259,0.0,0.0,0.0,0.0,0.0,0.0,0.0,0.0,0.0,0.0,0.0,0.0,0.0,0.0,0.0,0.0,0.0,0.0
llama3-8b,anyedit,zsre,zsre_row57,1.0,1.0,0.00010924341865383489,4.3730445931360065e-05,0.9375,0.4375,1.0,0.0,0.00010119358282299214,-3.94183054839843e-05,2.0625,-0.625,1.0,1.0,6.442576993751882e-08,5.685554241648812e-08,0.5,0.5
llama3-8b,anyedit,zsre,zsre_row19060,0.0,0.0,-0.002224103557147571,-0.0002854251906824728,-2.365234375,-0.3203125,1.0,0.0,0.0003948739462636846,-2.8290131510462068e-05,0.162109375,-0.0390625,0.0,0.0,-1.38443773165627e-05,-1.3629925673959737e-05,-8.9375,-9.046875
llama3-8b,anyedit,zsre,zsre_row16238,0.0,0.0,-0.0021679883926768936,-0.00018386402402114683,-3.642578125,-0.39453125,0.0,0.0,-0.00032868409768976143,-0.00026111736495303107,-2.0,-1.625,0.0,0.0,-5.488038306638283e-06,-5.105979132168467e-06,-2.3046875,-2.1015625
llama3-8b,anyedit,zsre,zsre_row9297,0.0,1.0,-0.7404749207131981,0.06383862627620263,-4.392350260416667,1.2775424718856812,0.0,1.0,-0.16439592960563248,0.08542996636184388,-1.7956990559895833,1.253107261657715,1.0,1.0,0.0023984303498254264,0.0023934326145083557,2.276236979166666,2.3359049479166663
llama3-8b,anyedit,zsre,zsre_row15083,0.0,0.0,-0.1498821909503257,-0.06977471935050797,-2.23638916015625,-1.4751979282924106,0.0,0.0,-0.19966129313615544,-0.09136030505161134,-2.33697509765625,-1.5499790736607144,0.0,0.0,-0.0015179694803718017,-0.0012381956899190781,-2.0478864397321432,-1.8462088448660712
llama3-8b,anyedit,zsre,zsre_row18879,0.0,1.0,-0.001910223467176642,0.0045325211088552576,-0.13671875,1.515625,0.0,1.0,-0.0019482603278432164,0.0035288987479695053,-0.23046875,0.94140625,0.0,0.0,-9.146332216414e-06,-5.904346146331523e-06,-0.8125,-0.96875
llama3-8b,anyedit,zsre,zsre_row495,0.0,0.0,-0.00024390622527626716,-0.0001747496910787065,-0.375,-0.15625,0.0,0.0,-0.0011336734901016502,-0.00032422102279129356,-1.3125,-0.3125,1.0,1.0,4.2929547646431206e-09,5.512263030492509e-09,0.125,0.125
llama3-8b,anyedit,zsre,zsre_row14921,1.0,1.0,0.003813235229472219,0.03570074997982976,0.25390625,0.3832613627115884,1.0,1.0,0.002797618847931376,0.0006624994766291775,0.224609375,0.006940205891927231,1.0,1.0,0.001310338891633045,0.0013156890227518296,4.044270833333333,4.017578125
llama3-8b,grace,counterfact,11983,0.0,1.0,-0.3746316239505429,0.9999998807907176,-6.61328125,23.025850810731168,0.0,0.0,-0.3081156499876838,-0.3081156499876838,-6.765625,-6.765625,0.0,0.0,-0.20332564197756206,-0.20332564197756206,-6.94609375,-6.94609375
llama3-8b,grace,counterfact,13602,0.0,1.0,-0.6048270399168308,1.0,-5.875,23.025850929940457,0.0,0.0,-0.42188252023823114,-0.42188252023823114,-5.8779296875,-5.8779296875,0.0,0.0,-0.12417178924279137,-0.12417178924279137,-3.051171875,-3.051171875
llama3-8b,grace,counterfact,15471,0.0,1.0,-0.6577832914042001,0.9999982118622555,-4.74609375,23.025849141801114,0.0,0.0,-0.06493766939014796,-0.06493766939014796,-6.6015625,-6.6015625,0.0,0.0,-0.17948917485863244,-0.17948917485863244,-6.40491943359375,-6.40491943359375
llama3-8b,grace,counterfact,4190,0.0,1.0,-0.00024146269984900306,0.9994622723127744,-4.125,23.025313057626004,0.0,0.0,-0.0070007923376300876,-0.0070007923376300876,-5.203125,-5.203125,0.2,0.2,-0.013405784783820637,-0.013405784783820637,-2.571875,-2.571875
llama3-8b,grace,counterfact,2414,0.0,1.0,-4.509402744198303e-05,0.9999938011361564,-5.0,23.0258447310574,0.0,0.0,-0.0005632784536218009,-0.0005632784536218009,-5.078125,-5.078125,0.0,0.0,-0.0016547944614993919,-0.0016547944614993919,-4.409375,-4.409375
llama3-8b,grace,counterfact,11701,0.0,1.0,-0.0003491789672271867,0.9999418275587812,-0.0625,23.025792755807156,0.0,0.0,-0.020967039326617316,-0.020967039326617316,-6.1015625,-6.1015625,0.4,0.4,-0.033647897097344434,-0.033647897097344434,-1.0296875,-1.0296875
llama3-8b,grace,counterfact,16141,0.0,1.0,-0.09301222888125651,1.0,-10.625,23.025850929940457,0.0,0.0,-0.2590965865849199,-0.2590965865849199,-8.27734375,-8.27734375,0.0,0.0,-0.2397069753145759,-0.2397069753145759,-11.1740966796875,-11.1740966796875
llama3-8b,grace,counterfact,19724,0.0,1.0,-0.40081260713292205,1.0,-8.5234375,23.025850929940457,0.5,0.5,-0.003940620367907731,-0.003940620367907731,0.0625,0.0625,0.2,0.2,-0.2572057075297513,-0.2572057075297513,-4.903515625,-4.903515625
llama3-8b,grace,counterfact,12635,0.0,1.0,-0.0067370047536037345,1.0,-8.875,23.025850929940457,0.0,0.0,-0.042466782349592454,-0.042466782349592454,-6.96875,-6.96875,0.0,0.0,-0.03636163031581986,-0.03636163031581986,-9.5484375,-9.5484375
llama3-8b,grace,counterfact,3748,0.0,1.0,-0.0025570895843583003,0.9999952316397867,-8.90625,23.025846161568875,0.0,0.0,-0.4118695888462979,-0.4118695888462979,-5.7197265625,-5.7197265625,0.1,0.1,-0.14286444811814447,-0.14286444811814447,-5.02998046875,-5.02998046875
llama3-8b,grace,counterfact,17374,0.0,1.0,-0.7555826210228521,0.9999041603241163,-6.939453125,23.02575508567166,0.5,0.5,-0.37694008134194484,-0.37694008134194484,-2.5791015625,-2.5791015625,0.0,0.0,-0.48334552606413006,-0.48334552606413006,-6.24326171875,-6.24326171875
llama3-8b,grace,counterfact,2723,0.0,1.0,-0.041274281790579966,0.9999870062718582,-11.0625,23.025837936127896,0.0,0.0,-0.0013401302480098229,-0.0013401302480098229,-7.59375,-7.59375,0.0,0.0,-0.031101653363421695,-0.031101653363421695,-7.0609375,-7.0609375
llama3-8b,grace,counterfact,2759,0.0,1.0,-0.6532390808512627,0.9999985694895486,-10.38671875,23.025849499428983,0.0,0.0,-0.30148998946787986,-0.30148998946787986,-7.982421875,-7.982421875,0.0,0.0,-0.3358848389851731,-0.3358848389851731,-9.2078125,-9.2078125
llama3-8b,grace,counterfact,21054,0.0,1.0,-0.035266680121349314,0.999997615817007,-6.84375,23.025848545754666,0.0,0.0,-0.01157895342434728,-0.01157895342434728,-2.46875,-2.46875,0.2,0.2,-0.2821626858253299,-0.2821626858253299,-3.62841796875,-3.62841796875
llama3-8b,grace,counterfact,12756,0.0,1.0,-6.434978752825924e-06,1.0,-0.1875,23.025850929940457,1.0,1.0,0.00010137702583375851,0.00010137702583375851,1.90625,1.90625,0.9,0.9,0.0008135283276639524,0.0008135283276639524,1.11875,1.11875
llama3-8b,grace,counterfact,14633,0.0,1.0,-0.016715236198489615,0.9975159078587742,-2.4375,23.02336374732327,0.0,0.0,-0.004264492004794854,-0.004264492004794854,-2.96875,-2.96875,0.1,0.1,-0.008361582815361663,-0.008361582815361663,-2.55,-2.55
llama3-8b,grace,counterfact,21068,1.0,1.0,2.6693511091034924e-06,0.999978542558095,1.0,23.025829472268338,0.0,0.0,-0.00035084300126045066,-0.00035084300126045066,-3.4375,-3.4375,0.2,0.2,-0.0021176874322986878,-0.0021176874322986878,-2.41875,-2.41875
llama3-8b,grace,counterfact,3509,0.0,1.0,-0.011701773082688039,0.9994470218452917,-2.3125,23.02529779883694,0.0,0.0,-0.09256011821355188,-0.09256011821355188,-3.01171875,-3.01171875,0.0,0.0,-0.10993467413090285,-0.10993467413090285,-4.965234375,-4.965234375
llama3-8b,grace,counterfact,2106,0.0,1.0,-0.0001740853017338229,0.9999989271169679,-0.5625,23.02584985705685,0.0,0.0,-0.002580255740616181,-0.002580255740616181,-3.546875,-3.546875,0.0,0.0,-0.0055287948814674226,-0.0055287948814674226,-2.8078125,-2.8078125
llama3-8b,grace,counterfact,17265,0.0,1.0,-0.00023005567231804854,0.9999418275587812,-2.125,23.025792755807156,0.0,0.0,-0.12936533385756854,-0.12936533385756854,-1.75390625,-1.75390625,0.6,0.6,0.00048805517054933056,0.00048805517054933056,-0.040625,-0.040625
llama3-8b,grace,genie,followed_by_6150,0.0,1.0,-0.6672860716257157,0.9929744279763022,-3.9908523559570312,12.618441224098206,,,,,,,,,,,,
llama3-8b,grace,genie,director_229,0.0,1.0,-0.7494945758659735,0.9768349473178877,-5.509969075520833,23.0024133504676,,,,,,,,,,,,
llama3-8b,grace,genie,headquarters_2162,0.0,1.0,-0.5767564619178824,0.9967602236308362,-4.020825703938802,23.022605894133164,,,,,,,,,,,,
llama3-8b,grace,genie,field_of_work_1687,0.0,1.0,-0.0341006526874804,0.9999992847445185,-2.546875,23.02585021468472,,,,,,,,,,,,
llama3-8b,grace,genie,director_3768,0.0,1.0,-0.6045611322423383,0.9706741819959485,-2.5452378590901694,19.98651162783305,,,,,,,,,,,,
llama3-8b,grace,genie,occupation_2544,0.0,1.0,-0.010126043930892633,0.9915950261651657,-2.2109375,22.050153255462646,,,,,,,,,,,,
llama3-8b,grace,genie,production_company_4721,0.0,1.0,-0.1382120614983752,0.9600281404265498,-3.5748443603515625,13.975001017252604,,,,,,,,,,,,
llama3-8b,grace,genie,continent_7135,0.0,1.0,-0.7534576814406175,0.9990810799076666,-7.2176513671875,21.382564544677734,,,,,,,,,,,,
llama3-8b,grace,genie,spouse_2997,0.0,1.0,-0.9333527176226878,0.9299805331474571,-6.86907958984375,16.980386932690937,,,,,,,,,,,,
llama3-8b,grace,genie,genre_3080,1.0,1.0,0.009653640304805948,0.9979526525747577,1.39453125,23.0238014838345,,,,,,,,,,,,
llama3-8b,grace,genie,award_received_5077,0.0,1.0,-0.2840793522487481,0.9691688997790718,-2.5957123727509472,5.480469674775095,,,,,,,,,,,,
llama3-8b,grace,genie,country_3694,0.0,1.0,-0.11105931145638473,0.9999992264612251,-8.4900146484375,14.0722900390625,,,,,,,,,,,,
llama3-8b,grace,genie,followed_by_3324,0.0,1.0,-0.007703584469028125,0.9984164553499155,-1.30078125,12.726282755533855,,,,,,,,,,,,
llama3-8b,grace,genie,field_of_work_100,0.0,1.0,-0.018300549298018772,0.9990782132838179,-4.6494140625,12.356829484303793,,,,,,,,,,,,
llama3-8b,grace,genie,composer_4902,0.0,1.0,-0.5606510367541708,0.9980167470981677,-4.405434926350911,23.023865707839246,,,,,,,,,,,,
llama3-8b,grace,genie,genre_4732,0.0,1.0,-0.0914633257347331,0.9999984502794188,-4.09375,23.025849380219693,,,,,,,,,,,,
llama3-8b,grace,genie,director_7311,0.0,1.0,-0.2780737046400567,0.9911369605145104,-3.027587890625,22.985238075256348,,,,,,,,,,,,
llama3-8b,grace,genie,country_6584,0.0,1.0,-0.010270499360691467,0.9484118707382219,-0.560546875,3.057830810546875,,,,,,,,,,,,
llama3-8b,grace,genie,genre_4642,1.0,1.0,0.04329225481008179,0.9791032628524968,0.82421875,23.004732765877957,,,,,,,,,,,,
llama3-8b,grace,genie,country_of_citizenship_2431,0.0,1.0,-0.22466852725257747,0.9829311924314051,-2.1260986328125,4.3088531494140625,,,,,,,,,,,,
llama3-8b,grace,mquake,2640,0.25,0.25,-0.0791077711580138,0.1263965831263361,-0.9416037150791717,0.132986732891627,,,,,,,,,,,,
llama3-8b,grace,mquake,248,0.0,1.0,-0.24377158850562614,0.9774185921656755,-2.4204457600911455,11.53999498155382,,,,,,,,,,,,
llama3-8b,grace,mquake,2121,0.0,1.0,-0.892095627346833,0.9610477702937545,-3.8631504603794644,21.718081338065012,,,,,,,,,,,,
llama3-8b,grace,mquake,825,0.5,1.0,-0.4271053973296396,0.4841312781634319,0.8712565104166661,12.725870766366238,,,,,,,,,,,,
llama3-8b,grace,mquake,2014,0.6666666666666666,1.0,0.027880236356327515,0.3014113435237497,5.8321111769903276,17.78134700043897,,,,,,,,,,,,
llama3-8b,grace,mquake,713,0.0,0.5,-0.08738956575614856,0.4992866657783737,-2.0377578735351562,-1.8551006317138672,,,,,,,,,,,,
llama3-8b,grace,mquake,1872,0.0,1.0,-0.07469767928572141,0.8661137032558213,-3.6523437500000004,17.864398956298828,,,,,,,,,,,,
llama3-8b,grace,mquake,562,0.5,1.0,-0.0011096652127764797,0.497303398912419,1.2237431208292642,14.175089557965595,,,,,,,,,,,,
llama3-8b,grace,mquake,595,1.0,1.0,0.06672136636745549,0.49785627627788315,3.0144500732421875,7.265981082183478,,,,,,,,,,,,
llama3-8b,grace,mquake,1554,0.0,1.0,-0.9433401421532247,0.9979079226519768,-6.13134765625,23.02375666114163,,,,,,,,,,,,
llama3-8b,grace,mquake,1291,0.5,1.0,0.10198741949837539,0.437450455043414,1.0121895926339286,4.033083626202174,,,,,,,,,,,,
llama3-8b,grace,mquake,1655,0.5,0.5,-0.12914011376876752,0.4999998206716871,-0.341217041015625,10.347656071186066,,,,,,,,,,,,
llama3-8b,grace,mquake,681,0.0,1.0,-0.10383415192858907,0.9899741279445986,-2.2623639787946432,6.140870404243469,,,,,,,,,,,,
llama3-8b,grace,mquake,1162,0.0,1.0,-0.02293133913061797,0.9678114989175403,-1.269287109375,22.99313298674893,,,,,,,,,,,,
llama3-8b,grace,mquake,1997,0.0,1.0,-0.04835474425934938,0.9970562954887651,-2.28515625,23.022902884209866,,,,,,,,,,,,
llama3-8b,grace,mquake,2526,0.75,1.0,-0.10669931596885991,0.24561194733513447,1.5540801207224528,11.76563871456303,,,,,,,,,,,,
llama3-8b,grace,mquake,2752,0.0,0.25,-0.02482585265431422,0.23542194065630392,-2.6387939453125,3.3652763967402985,,,,,,,,,,,,
llama3-8b,grace,mquake,696,0.0,1.0,-0.16228237314962574,0.9999512445186286,-5.1328125,23.02580217334103,,,,,,,,,,,,
llama3-8b,grace,mquake,606,0.0,1.0,-0.1563746490171586,0.9999828018198208,-5.55462646484375,11.111920952796936,,,,,,,,,,,,
llama3-8b,grace,mquake,1946,0.3333333333333333,0.3333333333333333,-0.02922467699062617,0.3333277636384943,-2.6761881510416665,5.171024270148835,,,,,,,,,,,,
llama3-8b,grace,ripple,ripple_popular_row272,0.0,1.0,-0.7166500690792392,0.9925873358555745,-5.451729456583658,6.197541932264964,,,,,,,,,,,,
llama3-8b,grace,ripple,ripple_popular_row528,0.0,1.0,-0.0018631573742233726,0.999999999999991,-8.02734375,23.025850929940457,,,,,,,,,,,,
llama3-8b,grace,ripple,ripple_popular_row137,0.0,1.0,-0.023518150088266902,0.9787328227416333,-1.2348388671875004,23.004354347909207,,,,,,,,,,,,
llama3-8b,grace,ripple,ripple_popular_row865,0.0,1.0,-0.03738161670549718,0.9618278154815334,-1.99346923828125,22.986931099618193,,,,,,,,,,,,
llama3-8b,grace,ripple,ripple_popular_row147,0.0,1.0,-0.023712569545338767,0.9951948905144341,-3.1749674479166665,23.021034238859727,,,,,,,,,,,,
llama3-8b,grace,ripple,ripple_popular_row86,0.0,1.0,-0.12899430868592576,0.9777651400695503,-5.791010076349432,11.555360273881393,,,,,,,,,,,,
llama3-8b,grace,ripple,ripple_popular_row827,0.0,1.0,-0.04969387309255268,0.978864249828567,-7.467447916666666,19.483846028645832,,,,,,,,,,,,
llama3-8b,grace,ripple,ripple_popular_row607,0.0,1.0,-0.11211721116218841,0.9943319077768298,-7.25,23.02016671312324,,,,,,,,,,,,
llama3-8b,grace,ripple,ripple_popular_row377,0.0,1.0,-0.06463673294331804,0.984586535348347,-3.346354166666667,23.0103174429384,,,,,,,,,,,,
llama3-8b,grace,ripple,ripple_popular_row454,0.0,1.0,-0.06550690907757271,0.9918373410777506,-4.986979166666667,21.234967907269795,,,,,,,,,,,,
llama3-8b,grace,ripple,ripple_popular_row339,0.0,1.0,-0.26295578234499645,0.6757876065928485,-2.8755859375,15.315936279296874,,,,,,,,,,,,
llama3-8b,grace,ripple,ripple_popular_row744,0.0,1.0,-0.30803716593667924,0.9899795487802673,-6.035797119140625,15.46014404296875,,,,,,,,,,,,
llama3-8b,grace,ripple,ripple_popular_row639,0.0,1.0,-0.8169304519842187,0.9926533098760295,-7.365814208984375,22.644644419352215,,,,,,,,,,,,
llama3-8b,grace,ripple,ripple_popular_row437,0.0,1.0,-0.46967023382743184,0.9976980365901541,-8.931907653808594,9.98004150390625,,,,,,,,,,,,
llama3-8b,grace,ripple,ripple_popular_row273,1.0,1.0,0.0010354960102323184,0.9999324921237674,1.23046875,17.093682527542114,,,,,,,,,,,,
llama3-8b,grace,ripple,ripple_popular_row353,0.0,1.0,-0.17231455302771254,0.9990268676870371,-3.216900634765625,23.02487732383084,,,,,,,,,,,,
llama3-8b,grace,ripple,ripple_popular_row371,0.0,1.0,-0.20696100871762638,0.97148371268856,-4.539031982421875,16.010498046875,,,,,,,,,,,,
llama3-8b,grace,ripple,ripple_popular_row646,0.0,1.0,-0.3263654891584401,0.8283161890701632,-3.5550458635602684,9.91530236857278,,,,,,,,,,,,
llama3-8b,grace,ripple,ripple_popular_row129,0.0,1.0,-0.8863280835370302,0.995037986431315,-9.957504272460938,23.020876564706082,,,,,,,,,,,,
llama3-8b,grace,ripple,ripple_popular_row602,0.0,1.0,-0.3845910154712273,0.9778155414903112,-5.0615234375,23.003416695321317,,,,,,,,,,,,
llama3-8b,grace,ripple,ripple_random_row1779,0.0,1.0,-0.029241121142635336,0.9991839879042582,-4.109375,23.025034584725613,,,,,,,,,,,,
llama3-8b,grace,ripple,ripple_random_row70,0.0,1.0,-0.301512127222211,0.6523610978114427,-2.3853759765625,12.423179626464844,,,,,,,,,,,,
llama3-8b,grace,ripple,ripple_random_row1359,0.0,1.0,-0.03663517601316896,0.9907517230254657,-5.327807617187499,15.28023935953776,,,,,,,,,,,,
llama3-8b,grace,ripple,ripple_random_row1105,0.0,1.0,-0.0025829928003694943,0.440294041117178,-3.859375,22.205538429940457,,,,,,,,,,,,
llama3-8b,grace,ripple,ripple_random_row1751,0.0,1.0,-0.11462722608751706,0.9975190223453541,-3.118733723958333,10.710528055826822,,,,,,,,,,,,
llama3-8b,grace,ripple,ripple_random_row1170,0.0,1.0,-0.015179783781013933,0.9959721837921772,-1.404947916666667,23.021814980233426,,,,,,,,,,,,
llama3-8b,grace,ripple,ripple_random_row661,0.0,1.0,-0.4292126425169494,0.9930812961797799,-4.044270833333333,23.01890818091702,,,,,,,,,,,,
llama3-8b,grace,ripple,ripple_random_row381,0.0,1.0,-0.41750596581445826,0.9952420299160102,-6.04913330078125,23.02108160468411,,,,,,,,,,,,
llama3-8b,grace,ripple,ripple_random_row317,0.0,1.0,-0.02376961978550107,0.992338468831977,-4.120768229166666,15.50532998641332,,,,,,,,,,,,
llama3-8b,grace,ripple,ripple_random_row250,0.0,1.0,-0.000594059462704453,0.9942184380850145,-0.85546875,23.020052590096707,,,,,,,,,,,,
llama3-8b,grace,ripple,ripple_random_row455,0.0,1.0,-0.5478751081417647,0.9971877615156738,-8.8359375,23.02303472968411,,,,,,,,,,,,
llama3-8b,grace,ripple,ripple_random_row998,0.0,1.0,-0.0012562743378245998,0.9447406153754228,-0.897786458333333,22.969006059691026,,,,,,,,,,,,
llama3-8b,grace,ripple,ripple_random_row689,0.0,1.0,-0.5097243373665233,0.9953851225686745,-3.54296875,23.021225371087308,,,,,,,,,,,,
llama3-8b,grace,ripple,ripple_random_row787,1.0,1.0,0.004531549650680365,0.19981731178923504,0.823811848958333,16.638671725988388,,,,,,,,,,,,
llama3-8b,grace,ripple,ripple_random_row115,0.0,1.0,-0.01571844243101024,0.9907153463344948,-0.15878513881138412,23.0165229052125,,,,,,,,,,,,
llama3-8b,grace,ripple,ripple_random_row541,0.0,1.0,-0.15362760360202724,0.9970964240147988,-4.62104252406529,8.18274416242327,,,,,,,,,,,,
llama3-8b,grace,ripple,ripple_random_row1317,0.0,1.0,-0.0025603832912392908,0.7700615505752212,-1.5505208333333327,19.519965171813965,,,,,,,,,,,,
llama3-8b,grace,ripple,ripple_random_row901,0.0,1.0,-0.08138529126321302,0.1306281697326789,-4.298095703125,20.990450539315457,,,,,,,,,,,,
llama3-8b,grace,ripple,ripple_random_row436,0.0,1.0,-0.12434879694734614,0.9999750855688534,-3.8203125,23.02582601519894,,,,,,,,,,,,
llama3-8b,grace,ripple,ripple_random_row834,0.0,1.0,-0.3104059687314858,0.29101655408733995,-6.581512451171875,15.882781982421875,,,,,,,,,,,,
llama3-8b,grace,zsre,zsre_row8097,0.0,1.0,-0.0022359041771294608,0.28023894377286623,-0.03400878906249982,10.9283447265625,1.0,1.0,0.01645018131291135,0.01645018131291135,0.3056762695312498,0.3056762695312498,1.0,1.0,0.009368776723990654,0.009368776723990654,2.7218597412109373,2.7218597412109373
llama3-8b,grace,zsre,zsre_row15599,0.0,1.0,-0.027510609113931817,0.9999997615814493,-2.8125,23.025850691521878,0.0,0.0,-0.007574431119144377,-0.007574431119144377,-2.6875,-2.6875,0.0,0.0,-3.7682860341915455e-07,-3.7682860341915455e-07,-1.375,-1.375
llama3-8b,grace,zsre,zsre_row18844,1.0,1.0,0.01285613979894712,0.6920035166863497,4.202799479166666,22.642252425352734,1.0,1.0,0.00781366804630654,0.00781366804630654,4.42578125,4.42578125,1.0,1.0,0.0011123138396322116,0.0011123138396322116,4.790364583333334,4.790364583333334
llama3-8b,grace,zsre,zsre_row5765,0.0,1.0,-0.3521381776349126,0.962968347107755,-2.1022135416666665,4.226969401041667,0.0,1.0,-0.24250390666292057,0.970669691018413,-1.8880208333333333,4.553731282552084,1.0,1.0,0.00034051992487662934,0.00034051992487662934,0.17708333333333304,0.17708333333333304
llama3-8b,grace,zsre,zsre_row13630,1.0,1.0,0.011780947987337472,0.9981300058302064,1.5849609375,23.02397918514879,1.0,1.0,0.017097920079553117,0.017097920079553117,2.0325520833333335,2.0325520833333335,1.0,1.0,0.0016870491112626934,0.0016870491112626934,2.707682291666667,2.707682291666667
llama3-8b,grace,zsre,zsre_row14665,0.0,1.0,-0.03702849295952519,0.9990645220304478,-0.453125,10.108479817708334,0.0,1.0,-0.022909746427705158,0.9995611842725693,-0.43229166666666696,9.858988364537558,0.0,0.0,-0.0013417362343923545,-0.0013417362343923545,-0.635416666666667,-0.635416666666667
llama3-8b,grace,zsre,zsre_row12754,0.0,1.0,-0.0034204556922646234,0.7073135963369603,-0.04166666666666696,1.412109375,0.0,0.0,-0.0011820778568459242,-0.0011820778568459242,-0.04166666666666696,-0.04166666666666696,1.0,1.0,0.00033349792380623494,0.00033349792380623494,0.125,0.125
llama3-8b,grace,zsre,zsre_row8750,0.0,1.0,-0.4498887406283599,0.9302113981400079,-3.7459742228190103,4.587544759114583,0.0,0.0,-0.35176038826638073,-0.35176038826638073,-3.380444844563802,-3.380444844563802,0.0,0.0,-0.0114086441772971,-0.0114086441772971,-1.074544270833333,-1.074544270833333
llama3-8b,grace,zsre,zsre_row4307,0.0,1.0,-0.05437589121715332,0.060559137165582436,-2.7395222981770835,11.008381644884745,0.0,0.0,-0.019857474717953124,-0.019857474717953124,-1.779459635416667,-1.779459635416667,1.0,1.0,1.246186769557012e-06,1.246186769557012e-06,0.05208333333333215,0.05208333333333215
llama3-8b,grace,zsre,zsre_row18406,1.0,1.0,0.004620791700732927,1.0,2.125,23.025850929940457,1.0,1.0,0.009006213234957495,0.009006213234957495,3.8125,3.8125,1.0,1.0,0.0034952949513431717,0.0034952949513431717,9.34375,9.34375
llama3-8b,grace,zsre,zsre_row10580,0.0,1.0,-0.002023294443783648,0.9660243444357104,-3.484375,21.867777506510418,0.0,0.0,-0.007604688463563811,-0.007604688463563811,-4.4453125,-4.4453125,0.0,0.0,-9.86897122709186e-06,-9.86897122709186e-06,-0.8098958333333339,-0.8098958333333339
llama3-8b,grace,zsre,zsre_row9259,0.0,0.0,0.0,0.0,0.0,0.0,0.0,0.0,0.0,0.0,0.0,0.0,0.0,0.0,0.0,0.0,0.0,0.0
llama3-8b,grace,zsre,zsre_row57,1.0,1.0,0.00010924341865383489,1.0,0.9375,23.025850929940457,1.0,1.0,0.00010119358282299214,0.00010119358282299214,2.0625,2.0625,1.0,1.0,6.442576993751882e-08,6.442576993751882e-08,0.5,0.5
llama3-8b,grace,zsre,zsre_row19060,0.0,1.0,-0.002224103557147571,0.9999999999999994,-2.365234375,23.025850929940457,1.0,1.0,0.0003948739462636846,0.0003948739462636846,0.162109375,0.162109375,0.0,0.0,-1.38443773165627e-05,-1.38443773165627e-05,-8.9375,-8.9375
llama3-8b,grace,zsre,zsre_row16238,0.0,1.0,-0.0021679883926768936,0.9956734393091533,-3.642578125,18.714414060115814,0.0,0.0,-0.00032868409768976143,-0.00032868409768976143,-2.0,-2.0,0.0,0.0,-5.488038306638283e-06,-5.488038306638283e-06,-2.3046875,-2.3046875
llama3-8b,grace,zsre,zsre_row9297,0.0,1.0,-0.7404749207131981,0.9991440603359374,-4.392350260416667,20.019732888539632,0.0,0.0,-0.16439592960563248,-0.16439592960563248,-1.7956990559895833,-1.7956990559895833,1.0,1.0,0.0023984303498254264,0.0023984303498254264,2.276236979166666,2.276236979166666
llama3-8b,grace,zsre,zsre_row15083,0.0,1.0,-0.1498821909503257,0.9914425335498819,-2.23638916015625,9.436797946691513,0.0,0.0,-0.19966129313615544,-0.19966129313615544,-2.33697509765625,-2.33697509765625,0.0,0.0,-0.0015179694803718017,-0.0015179694803718017,-2.0478864397321432,-2.0478864397321432
llama3-8b,grace,zsre,zsre_row18879,0.0,1.0,-0.001910223467176642,0.9913099513090341,-0.13671875,23.017122902596707,0.0,0.0,-0.0019482603278432164,-0.0019482603278432164,-0.23046875,-0.23046875,0.0,0.0,-9.146332216414e-06,-9.146332216414e-06,-0.8125,-0.8125
llama3-8b,grace,zsre,zsre_row495,0.0,1.0,-0.00024390622527626716,0.999978542558095,-0.375,23.025829472268338,0.0,0.0,-0.0011336734901016502,-0.0011336734901016502,-1.3125,-1.3125,1.0,1.0,4.2929547646431206e-09,4.2929547646431206e-09,0.125,0.125
llama3-8b,grace,zsre,zsre_row14921,1.0,1.0,0.003813235229472219,0.9537796670817946,0.25390625,22.978528338794625,1.0,1.0,0.002797618847931376,0.002797618847931376,0.224609375,0.224609375,1.0,1.0,0.001310338891633045,0.001310338891633045,4.044270833333333,4.044270833333333
llama3-8b,memit,counterfact,11983,0.0,1.0,-0.3746316239505429,0.8955077700628039,-6.61328125,11.2646484375,0.0,1.0,-0.3081156499876838,0.6918259594099021,-6.765625,9.876953125,0.0,0.6,-0.20332564197756206,0.162186970523416,-6.94609375,1.5828125
llama3-8b,memit,counterfact,13602,0.0,0.0,-0.6048270399168308,-0.3200474596110127,-5.875,-1.75390625,0.0,0.0,-0.42188252023823114,-0.2613288093654692,-5.8779296875,-2.78515625,0.0,0.0,-0.12417178924279137,-0.12188911476857064,-3.051171875,-2.7234375
llama3-8b,memit,counterfact,15471,0.0,1.0,-0.6577832914042001,0.9659247612918558,-4.74609375,7.6220703125,0.0,1.0,-0.06493766939014796,0.009603915039879986,-6.6015625,5.390625,0.0,0.7,-0.17948917485863244,0.08179229638112809,-6.40491943359375,0.63359375
llama3-8b,memit,counterfact,4190,0.0,1.0,-0.00024146269984900306,0.8445150234321642,-4.125,9.9560546875,0.0,1.0,-0.0070007923376300876,0.04056831034294671,-5.203125,6.3046875,0.2,0.3,-0.013405784783820637,-0.016671276350446525,-2.571875,-1.290625
llama3-8b,memit,counterfact,2414,0.0,0.0,-4.509402744198303e-05,-0.00030051526135611633,-5.0,-0.1875,0.0,0.5,-0.0005632784536218009,-0.0008009940254443184,-5.078125,-1.171875,0.0,0.0,-0.0016547944614993919,-0.002900415561462074,-4.409375,-3.934375
llama3-8b,memit,counterfact,11701,0.0,1.0,-0.0003491789672271867,0.07335877734306703,-0.0625,3.390625,0.0,1.0,-0.020967039326617316,0.0035783178876118292,-6.1015625,1.25,0.4,0.9,-0.033647897097344434,0.010146226120857183,-1.0296875,0.925
llama3-8b,memit,counterfact,16141,0.0,1.0,-0.09301222888125651,0.9943955510652157,-10.625,8.182159423828125,0.0,1.0,-0.2590965865849199,0.7852381792774789,-8.27734375,5.256103515625,0.0,0.0,-0.2397069753145759,-0.248431288361112,-11.1740966796875,-9.277978515625
llama3-8b,memit,counterfact,19724,0.0,1.0,-0.40081260713292205,0.9949462837934722,-8.5234375,14.30743408203125,0.5,1.0,-0.003940620367907731,0.7268453043387715,0.0625,8.51904296875,0.2,0.5,-0.2572057075297513,0.07778646627538607,-4.903515625,0.49404296875
llama3-8b,memit,counterfact,12635,0.0,1.0,-0.0067370047536037345,0.0013053415024204783,-8.875,0.125,0.0,0.0,-0.042466782349592454,-0.009373276257267282,-6.96875,-1.6875,0.0,0.0,-0.03636163031581986,-0.04498638298276257,-9.5484375,-9.3109375
llama3-8b,memit,counterfact,3748,0.0,1.0,-0.0025570895843583003,0.31945051617677145,-8.90625,7.546875,0.0,1.0,-0.4118695888462979,0.45363385599571204,-5.7197265625,7.427734375,0.1,0.1,-0.14286444811814447,-0.16053936530701302,-5.02998046875,-4.31884765625
llama3-8b,memit,counterfact,17374,0.0,1.0,-0.7555826210228521,0.9381390169370205,-6.939453125,7.8740234375,0.5,1.0,-0.37694008134194484,0.7699667692228034,-2.5791015625,6.66015625,0.0,0.2,-0.48334552606413006,-0.44950092176620576,-6.24326171875,-5.3173828125
llama3-8b,memit,counterfact,2723,0.0,1.0,-0.041274281790579966,0.02735736132455562,-11.0625,2.984375,0.0,0.5,-0.0013401302480098229,0.0022008460335272164,-7.59375,0.546875,0.0,0.1,-0.031101653363421695,-0.014655155300015335,-7.0609375,-4.1984375
llama3-8b,memit,counterfact,2759,0.0,1.0,-0.6532390808512627,0.896845761434779,-10.38671875,4.49609375,0.0,1.0,-0.30148998946787986,0.644922771187844,-7.982421875,3.9716796875,0.0,0.6,-0.3358848389851731,0.16573102693858022,-9.2078125,0.837890625
llama3-8b,memit,counterfact,21054,0.0,1.0,-0.035266680121349314,0.41944219184416226,-6.84375,1.25,0.0,0.0,-0.01157895342434728,-0.031183429212099205,-2.46875,-0.9375,0.2,0.3,-0.2821626858253299,-0.1770646945253578,-3.62841796875,-1.322265625
llama3-8b,memit,counterfact,12756,0.0,1.0,-6.434978752825924e-06,0.4722351836883883,-0.1875,8.1875,1.0,1.0,0.00010137702583375851,0.0050049821231015305,1.90625,4.296875,0.9,1.0,0.0008135283276639524,0.10816355675450029,1.11875,4.4328125
llama3-8b,memit,counterfact,14633,0.0,1.0,-0.016715236198489615,0.41724558931260297,-2.4375,3.8046875,0.0,1.0,-0.004264492004794854,0.13054199194424923,-2.96875,2.43359375,0.1,0.1,-0.008361582815361663,-0.021383567318541102,-2.55,-1.909375
llama3-8b,memit,counterfact,21068,1.0,1.0,2.6693511091034924e-06,0.353540771396931,1.0,7.2734375,0.0,1.0,-0.00035084300126045066,0.8185534015011887,-3.4375,7.0654296875,0.2,0.3,-0.0021176874322986878,-0.0020160996895282946,-2.41875,-2.2125
llama3-8b,memit,counterfact,3509,0.0,1.0,-0.011701773082688039,0.33132651866797524,-2.3125,3.1875,0.0,0.5,-0.09256011821355188,0.39257285703000366,-3.01171875,0.4921875,0.0,0.7,-0.10993467413090285,-0.012077350317905319,-4.965234375,0.06914062500000001
llama3-8b,memit,counterfact,2106,0.0,1.0,-0.0001740853017338229,0.10974723496699948,-0.5625,3.296875,0.0,1.0,-0.002580255740616181,0.08299989054785681,-3.546875,4.1328125,0.0,0.0,-0.0055287948814674226,-0.006693228320368396,-2.8078125,-2.25625
llama3-8b,memit,counterfact,17265,0.0,1.0,-0.00023005567231804854,0.9803734599154348,-2.125,9.980224609375,0.0,1.0,-0.12936533385756854,0.9237438101453086,-1.75390625,6.82861328125,0.6,0.7,0.00048805517054933056,0.0015937095827316984,-0.040625,0.215625
llama3-8b,memit,genie,followed_by_6150,0.0,1.0,-0.6672860716257157,0.1945214460236684,-3.9908523559570312,1.8395328521728516,,,,,,,,,,,,
llama3-8b,memit,genie,director_229,0.0,0.0,-0.7494945758659735,-0.09865070907979351,-5.509969075520833,-1.5164388020833335,,,,,,,,,,,,
llama3-8b,memit,genie,headquarters_2162,0.0,1.0,-0.5767564619178824,0.6248525177231683,-4.020825703938802,3.8664067586263022,,,,,,,,,,,,
llama3-8b,memit,genie,field_of_work_1687,0.0,1.0,-0.0341006526874804,0.23317047354434936,-2.546875,4.0,,,,,,,,,,,,
llama3-8b,memit,genie,director_3768,0.0,1.0,-0.6045611322423383,0.003075254537249328,-2.5452378590901694,0.0066928863525390625,,,,,,,,,,,,
llama3-8b,memit,genie,occupation_2544,0.0,1.0,-0.010126043930892633,0.14263493680971565,-2.2109375,2.2998046875,,,,,,,,,,,,
llama3-8b,memit,genie,production_company_4721,0.0,1.0,-0.1382120614983752,0.26881495102137426,-3.5748443603515625,2.783528645833333,,,,,,,,,,,,
llama3-8b,memit,genie,continent_7135,0.0,0.0,-0.7534576814406175,-0.43393128896749933,-7.2176513671875,-0.9796142578125,,,,,,,,,,,,
llama3-8b,memit,genie,spouse_2997,0.0,0.0,-0.9333527176226878,-0.0914236651468871,-6.86907958984375,-1.436121622721354,,,,,,,,,,,,
llama3-8b,memit,genie,genre_3080,1.0,1.0,0.009653640304805948,0.4475645946913524,1.39453125,1.285400390625,,,,,,,,,,,,
llama3-8b,memit,genie,award_received_5077,0.0,1.0,-0.2840793522487481,0.3899971832699873,-2.5957123727509472,1.0548114198626894,,,,,,,,,,,,
llama3-8b,memit,genie,country_3694,0.0,1.0,-0.11105931145638473,0.8289203769645411,-8.4900146484375,2.8803955078125,,,,,,,,,,,,
llama3-8b,memit,genie,followed_by_3324,0.0,1.0,-0.007703584469028125,0.15210409970316782,-1.30078125,5.221183776855469,,,,,,,,,,,,
llama3-8b,memit,genie,field_of_work_100,0.0,1.0,-0.018300549298018772,0.41553185691363903,-4.6494140625,5.786336263020833,,,,,,,,,,,,
llama3-8b,memit,genie,composer_4902,0.0,1.0,-0.5606510367541708,0.06504500220272291,-4.405434926350911,0.806609789530436,,,,,,,,,,,,
llama3-8b,memit,genie,genre_4732,0.0,1.0,-0.0914633257347331,0.2493232892670233,-4.09375,3.8359375,,,,,,,,,,,,
llama3-8b,memit,genie,director_7311,0.0,1.0,-0.2780737046400567,0.22389845277954334,-3.027587890625,1.6125284830729167,,,,,,,,,,,,
llama3-8b,memit,genie,country_6584,0.0,1.0,-0.010270499360691467,0.6911572027833518,-0.560546875,3.1939697265625,,,,,,,,,,,,
llama3-8b,memit,genie,genre_4642,1.0,1.0,0.04329225481008179,0.0775946142033416,0.82421875,1.203125,,,,,,,,,,,,
llama3-8b,memit,genie,country_of_citizenship_2431,0.0,1.0,-0.22466852725257747,0.36570046917468235,-2.1260986328125,1.440185546875,,,,,,,,,,,,
llama3-8b,memit,mquake,2640,0.25,0.5,-0.0791077711580138,0.033688010241243106,-0.9416037150791717,-0.4831487204347339,,,,,,,,,,,,
llama3-8b,memit,mquake,248,0.0,1.0,-0.24377158850562614,0.5438250702146608,-2.4204457600911455,4.532140731811523,,,,,,,,,,,,
llama3-8b,memit,mquake,2121,0.0,1.0,-0.892095627346833,0.7417293067926994,-3.8631504603794644,5.0048321315220425,,,,,,,,,,,,
llama3-8b,memit,mquake,825,0.5,0.5,-0.4271053973296396,-0.24896950225896072,0.8712565104166661,1.2259114583333335,,,,,,,,,,,,
llama3-8b,memit,mquake,2014,0.6666666666666666,1.0,0.027880236356327515,0.266234447605806,5.8321111769903276,5.8913726806640625,,,,,,,,,,,,
llama3-8b,memit,mquake,713,0.0,0.5,-0.08738956575614856,0.43460407882970875,-2.0377578735351562,-1.2352218627929688,,,,,,,,,,,,
llama3-8b,memit,mquake,1872,0.0,0.0,-0.07469767928572141,-0.10812395941293607,-3.6523437500000004,-1.1486002604166667,,,,,,,,,,,,
llama3-8b,memit,mquake,562,0.5,1.0,-0.0011096652127764797,0.06343374737037784,1.2237431208292642,2.320693174997966,,,,,,,,,,,,
llama3-8b,memit,mquake,595,1.0,1.0,0.06672136636745549,0.130740320795379,3.0144500732421875,2.938446044921875,,,,,,,,,,,,
llama3-8b,memit,mquake,1554,0.0,1.0,-0.9433401421532247,0.07832625728904258,-6.13134765625,1.158203125,,,,,,,,,,,,
llama3-8b,memit,mquake,1291,0.5,1.0,0.10198741949837539,0.3265638124201566,1.0121895926339286,1.7626778738839286,,,,,,,,,,,,
llama3-8b,memit,mquake,1655,0.5,0.5,-0.12914011376876752,0.4251317252024434,-0.341217041015625,0.169525146484375,,,,,,,,,,,,
llama3-8b,memit,mquake,681,0.0,1.0,-0.10383415192858907,0.05789728884903633,-2.2623639787946432,0.3018301827566965,,,,,,,,,,,,
llama3-8b,memit,mquake,1162,0.0,1.0,-0.02293133913061797,0.07200643950006672,-1.269287109375,1.70928955078125,,,,,,,,,,,,
llama3-8b,memit,mquake,1997,0.0,1.0,-0.04835474425934938,0.9562034406667023,-2.28515625,6.051322937011719,,,,,,,,,,,,
llama3-8b,memit,mquake,2526,0.75,1.0,-0.10669931596885991,0.1063672774436107,1.5540801207224528,1.2539184570312498,,,,,,,,,,,,
llama3-8b,memit,mquake,2752,0.0,0.25,-0.02482585265431422,0.03826321866445441,-2.6387939453125,-1.6604817708333333,,,,,,,,,,,,
llama3-8b,memit,mquake,696,0.0,1.0,-0.16228237314962574,0.030331499463120283,-5.1328125,3.57958984375,,,,,,,,,,,,
llama3-8b,memit,mquake,606,0.0,1.0,-0.1563746490171586,0.8233364478966804,-5.55462646484375,2.3934326171875,,,,,,,,,,,,
llama3-8b,memit,mquake,1946,0.3333333333333333,0.3333333333333333,-0.02922467699062617,0.010934181297541756,-2.6761881510416665,-1.3982747395833333,,,,,,,,,,,,
llama3-8b,memit,ripple,ripple_popular_row272,0.0,1.0,-0.7166500690792392,0.10757754892397686,-5.451729456583658,1.1364822387695315,,,,,,,,,,,,
llama3-8b,memit,ripple,ripple_popular_row528,0.0,1.0,-0.0018631573742233726,0.0020201840180780048,-8.02734375,0.71337890625,,,,,,,,,,,,
llama3-8b,memit,ripple,ripple_popular_row137,0.0,1.0,-0.023518150088266902,0.09360428498730104,-1.2348388671875004,8.943951416015626,,,,,,,,,,,,
llama3-8b,memit,ripple,ripple_popular_row865,0.0,1.0,-0.03738161670549718,0.5635983721224905,-1.99346923828125,3.239976501464844,,,,,,,,,,,,
llama3-8b,memit,ripple,ripple_popular_row147,0.0,1.0,-0.023712569545338767,0.007042626704337768,-3.1749674479166665,1.704305013020833,,,,,,,,,,,,
llama3-8b,memit,ripple,ripple_popular_row86,0.0,1.0,-0.12899430868592576,0.19804007175307126,-5.791010076349432,1.6357699307528408,,,,,,,,,,,,
llama3-8b,memit,ripple,ripple_popular_row827,0.0,1.0,-0.04969387309255268,0.01353169184920386,-7.467447916666666,2.044270833333333,,,,,,,,,,,,
llama3-8b,memit,ripple,ripple_popular_row607,0.0,1.0,-0.11211721116218841,0.03488036577201274,-7.25,10.206705729166666,,,,,,,,,,,,
llama3-8b,memit,ripple,ripple_popular_row377,0.0,1.0,-0.06463673294331804,0.016662835856037263,-3.346354166666667,2.0441080729166665,,,,,,,,,,,,
llama3-8b,memit,ripple,ripple_popular_row454,0.0,0.0,-0.06550690907757271,-0.02929324685355685,-4.986979166666667,-0.987630208333333,,,,,,,,,,,,
llama3-8b,memit,ripple,ripple_popular_row339,0.0,1.0,-0.26295578234499645,0.04732511234403685,-2.8755859375,0.8345703124999999,,,,,,,,,,,,
llama3-8b,memit,ripple,ripple_popular_row744,0.0,0.0,-0.30803716593667924,-0.03270590323634596,-6.035797119140625,-2.2742919921875,,,,,,,,,,,,
llama3-8b,memit,ripple,ripple_popular_row639,0.0,0.0,-0.8169304519842187,-0.061273246418358816,-7.365814208984375,-1.3533121744791665,,,,,,,,,,,,
llama3-8b,memit,ripple,ripple_popular_row437,0.0,0.0,-0.46967023382743184,-0.38091861417109835,-8.931907653808594,-4.313926696777344,,,,,,,,,,,,
llama3-8b,memit,ripple,ripple_popular_row273,1.0,1.0,0.0010354960102323184,0.0410949407523194,1.23046875,1.03662109375,,,,,,,,,,,,
llama3-8b,memit,ripple,ripple_popular_row353,0.0,1.0,-0.17231455302771254,0.061225472904697126,-3.216900634765625,1.7022954305013016,,,,,,,,,,,,
llama3-8b,memit,ripple,ripple_popular_row371,0.0,1.0,-0.20696100871762638,0.1736706393882161,-4.539031982421875,5.3790283203125,,,,,,,,,,,,
llama3-8b,memit,ripple,ripple_popular_row646,0.0,1.0,-0.3263654891584401,0.1023652050019655,-3.5550458635602684,1.1918757847377235,,,,,,,,,,,,
llama3-8b,memit,ripple,ripple_popular_row129,0.0,0.0,-0.8863280835370302,-0.0029194399949247813,-9.957504272460938,-1.68194580078125,,,,,,,,,,,,
llama3-8b,memit,ripple,ripple_popular_row602,0.0,1.0,-0.3845910154712273,0.0051065903586193446,-5.0615234375,1.7303466796875,,,,,,,,,,,,
llama3-8b,memit,ripple,ripple_random_row1779,0.0,1.0,-0.029241121142635336,0.037144014948668015,-4.109375,5.399078369140625,,,,,,,,,,,,
llama3-8b,memit,ripple,ripple_random_row70,0.0,1.0,-0.301512127222211,0.6135983073451026,-2.3853759765625,1.9781620025634763,,,,,,,,,,,,
llama3-8b,memit,ripple,ripple_random_row1359,0.0,1.0,-0.03663517601316896,0.06763066973175745,-5.327807617187499,5.169189453125,,,,,,,,,,,,
llama3-8b,memit,ripple,ripple_random_row1105,0.0,1.0,-0.0025829928003694943,0.6932604192380544,-3.859375,8.8837890625,,,,,,,,,,,,
llama3-8b,memit,ripple,ripple_random_row1751,0.0,1.0,-0.11462722608751706,0.38666282345611547,-3.118733723958333,2.3177897135416665,,,,,,,,,,,,
llama3-8b,memit,ripple,ripple_random_row1170,0.0,1.0,-0.015179783781013933,0.15470554763778177,-1.404947916666667,2.038859049479167,,,,,,,,,,,,
llama3-8b,memit,ripple,ripple_random_row661,0.0,0.0,-0.4292126425169494,-0.30031085029161037,-4.044270833333333,-1.8059895833333335,,,,,,,,,,,,
llama3-8b,memit,ripple,ripple_random_row381,0.0,0.0,-0.41750596581445826,-0.32390060073149757,-6.04913330078125,-2.8929646809895835,,,,,,,,,,,,
llama3-8b,memit,ripple,ripple_random_row317,0.0,1.0,-0.02376961978550107,0.021544966898967878,-4.120768229166666,2.495808919270833,,,,,,,,,,,,
llama3-8b,memit,ripple,ripple_random_row250,0.0,1.0,-0.000594059462704453,0.23338036986367222,-0.85546875,11.794921875,,,,,,,,,,,,
llama3-8b,memit,ripple,ripple_random_row455,0.0,0.0,-0.5478751081417647,-0.6063071934264264,-8.8359375,-7.90625,,,,,,,,,,,,
llama3-8b,memit,ripple,ripple_random_row998,0.0,1.0,-0.0012562743378245998,0.007563824966415505,-0.897786458333333,8.240885416666668,,,,,,,,,,,,
llama3-8b,memit,ripple,ripple_random_row689,0.0,1.0,-0.5097243373665233,0.1469185499614986,-3.54296875,0.449554443359375,,,,,,,,,,,,
llama3-8b,memit,ripple,ripple_random_row787,1.0,1.0,0.004531549650680365,0.3741397213403974,0.823811848958333,3.227582295735677,,,,,,,,,,,,
llama3-8b,memit,ripple,ripple_random_row115,0.0,1.0,-0.01571844243101024,0.2643659206850199,-0.15878513881138412,5.548479897635324,,,,,,,,,,,,
llama3-8b,memit,ripple,ripple_random_row541,0.0,1.0,-0.15362760360202724,0.017427880515703615,-4.62104252406529,0.6180943080357144,,,,,,,,,,,,
llama3-8b,memit,ripple,ripple_random_row1317,0.0,1.0,-0.0025603832912392908,0.018290835834547898,-1.5505208333333327,2.472233072916667,,,,,,,,,,,,
llama3-8b,memit,ripple,ripple_random_row901,0.0,1.0,-0.08138529126321302,0.04700814680588094,-4.298095703125,3.3984375,,,,,,,,,,,,
llama3-8b,memit,ripple,ripple_random_row436,0.0,1.0,-0.12434879694734614,0.569591683887205,-3.8203125,8.0,,,,,,,,,,,,
llama3-8b,memit,ripple,ripple_random_row834,0.0,0.0,-0.3104059687314858,-0.1490124455946834,-6.581512451171875,-1.7613525390625,,,,,,,,,,,,
llama3-8b,memit,zsre,zsre_row8097,0.0,1.0,-0.0022359041771294608,0.9536315931611374,-0.03400878906249982,4.02943229675293,1.0,1.0,0.01645018131291135,0.7460562607693055,0.3056762695312498,2.99437255859375,1.0,1.0,0.009368776723990654,0.009760338120388045,2.7218597412109373,2.7793853759765623
llama3-8b,memit,zsre,zsre_row15599,0.0,1.0,-0.027510609113931817,0.02693395060705525,-2.8125,1.390625,0.0,0.0,-0.007574431119144377,-0.006290491979366689,-2.6875,-0.4375,0.0,0.0,-3.7682860341915455e-07,-3.61255607696458e-07,-1.375,-1.4375
llama3-8b,memit,zsre,zsre_row18844,1.0,1.0,0.01285613979894712,0.3827603110124799,4.202799479166666,4.933275858561198,1.0,1.0,0.00781366804630654,0.1441027524383141,4.42578125,4.7609812418619795,1.0,1.0,0.0011123138396322116,0.001485105634795553,4.790364583333334,4.911783854166666
llama3-8b,memit,zsre,zsre_row5765,0.0,1.0,-0.3521381776349126,0.8432314248984575,-2.1022135416666665,3.63360595703125,0.0,1.0,-0.24250390666292057,0.7490781205329782,-1.8880208333333333,3.781026204427083,1.0,1.0,0.00034051992487662934,0.0004412155292100859,0.17708333333333304,0.22395833333333304
llama3-8b,memit,zsre,zsre_row13630,1.0,1.0,0.011780947987337472,0.6479155191950637,1.5849609375,1.7956466674804688,1.0,1.0,0.017097920079553117,0.6616850294273366,2.0325520833333335,1.9495620727539062,1.0,1.0,0.0016870491112626934,0.0017877097201771733,2.707682291666667,2.754557291666667
llama3-8b,memit,zsre,zsre_row14665,0.0,1.0,-0.03702849295952519,0.308762706716482,-0.453125,2.518229166666667,0.0,1.0,-0.022909746427705158,0.2813743060458981,-0.43229166666666696,2.104166666666667,0.0,0.0,-0.0013417362343923545,-0.0014915534337529373,-0.635416666666667,-0.651041666666667
llama3-8b,memit,zsre,zsre_row12754,0.0,1.0,-0.0034204556922646234,0.5724773161074656,-0.04166666666666696,2.0381673177083335,0.0,1.0,-0.0011820778568459242,0.7497326605714975,-0.04166666666666696,2.2451375325520835,1.0,1.0,0.00033349792380623494,0.0004252018564390265,0.125,0.14583333333333304
llama3-8b,memit,zsre,zsre_row8750,0.0,1.0,-0.4498887406283599,0.035194247406042725,-3.7459742228190103,0.3321940104166665,0.0,1.0,-0.35176038826638073,0.01981673260192579,-3.380444844563802,0.2649739583333335,0.0,0.0,-0.0114086441772971,-0.011044140762886276,-1.074544270833333,-1.033040364583333
llama3-8b,memit,zsre,zsre_row4307,0.0,1.0,-0.05437589121715332,0.17803566825672776,-2.7395222981770835,1.5683085123697917,0.0,1.0,-0.019857474717953124,0.10946961877790114,-1.779459635416667,1.961588541666667,1.0,1.0,1.246186769557012e-06,6.258718299755101e-06,0.05208333333333215,0.22916666666666607
llama3-8b,memit,zsre,zsre_row18406,1.0,1.0,0.004620791700732927,0.010793858563504951,2.125,3.5625,1.0,1.0,0.009006213234957495,0.02030916188497712,3.8125,5.109375,1.0,1.0,0.0034952949513431717,0.003084569557394435,9.34375,9.28125
llama3-8b,memit,zsre,zsre_row10580,0.0,1.0,-0.002023294443783648,0.015177736554508324,-3.484375,4.315755208333333,0.0,1.0,-0.007604688463563811,0.006292547625345048,-4.4453125,3.182942708333333,0.0,0.0,-9.86897122709186e-06,-9.01351273847927e-06,-0.8098958333333339,-0.7578125
llama3-8b,memit,zsre,zsre_row9259,0.0,0.0,0.0,0.0,0.0,0.0,0.0,0.0,0.0,0.0,0.0,0.0,0.0,0.0,0.0,0.0,0.0,0.0
llama3-8b,memit,zsre,zsre_row57,1.0,1.0,0.00010924341865383489,0.02308700331543342,0.9375,4.0,1.0,1.0,0.00010119358282299214,0.005594590278774326,2.0625,3.53125,1.0,1.0,6.442576993751882e-08,5.685554241648812e-08,0.5,0.5
llama3-8b,memit,zsre,zsre_row19060,0.0,1.0,-0.002224103557147571,0.009594224484016659,-2.365234375,1.814453125,1.0,1.0,0.0003948739462636846,0.10368893698670636,0.162109375,4.12109375,0.0,0.0,-1.38443773165627e-05,-1.3844135124627816e-05,-8.9375,-8.8125
llama3-8b,memit,zsre,zsre_row16238,0.0,1.0,-0.0021679883926768936,0.00018173992216388983,-3.642578125,0.2109375,0.0,0.0,-0.00032868409768976143,-0.00021282765368056008,-2.0,-1.125,0.0,0.0,-5.488038306638283e-06,-5.16962811899141e-06,-2.3046875,-2.1953125
llama3-8b,memit,zsre,zsre_row9297,0.0,1.0,-0.7404749207131981,0.236493940738634,-4.392350260416667,2.478296248118083,0.0,1.0,-0.16439592960563248,0.27743160238141007,-1.7956990559895833,2.9149967193603517,1.0,1.0,0.0023984303498254264,0.002480072029033115,2.276236979166666,2.3498046875
llama3-8b,memit,zsre,zsre_row15083,0.0,0.0,-0.1498821909503257,-0.085676478621702,-2.23638916015625,-0.8505916595458984,0.0,0.0,-0.19966129313615544,-0.1942518601798601,-2.33697509765625,-1.4409049579075404,0.0,0.0,-0.0015179694803718017,-0.0024060313312868477,-2.0478864397321432,-2.418701171875
llama3-8b,memit,zsre,zsre_row18879,0.0,1.0,-0.001910223467176642,0.7965672991540602,-0.13671875,4.48699951171875,0.0,1.0,-0.0019482603278432164,0.5948469482749416,-0.23046875,3.9683837890625,0.0,0.0,-9.146332216414e-06,-8.085803322747684e-06,-0.8125,-0.59375
llama3-8b,memit,zsre,zsre_row495,0.0,1.0,-0.00024390622527626716,0.31729062520507223,-0.375,4.921875,0.0,1.0,-0.0011336734901016502,0.5202162203486799,-1.3125,6.75390625,1.0,1.0,4.2929547646431206e-09,1.2946029098017668e-08,0.125,0.375
llama3-8b,memit,zsre,zsre_row14921,1.0,1.0,0.003813235229472219,0.4139810339490233,0.25390625,3.4038289388020835,1.0,1.0,0.002797618847931376,0.29740499572233847,0.224609375,3.2525634765625,1.0,1.0,0.001310338891633045,0.0013346909489482348,4.044270833333333,4.0546875
llama3-8b,remedi,counterfact,11983,0.0,0.0,-0.3746316239505429,-0.32002154862481647,-6.61328125,-4.25,0.0,0.0,-0.3081156499876838,-0.17521812056505753,-6.765625,-3.98046875,0.0,0.0,-0.20332564197756206,-0.20332564197756206,-6.94609375,-6.94609375
llama3-8b,remedi,counterfact,13602,0.0,0.0,-0.6048270399168308,-0.11511770579821598,-5.875,-1.0,0.0,0.0,-0.42188252023823114,-0.03318727099195496,-5.8779296875,-1.78125,0.0,0.0,-0.12417178924279137,-0.12417178924279137,-3.051171875,-3.051171875
llama3-8b,remedi,counterfact,15471,0.0,0.0,-0.6577832914042001,-0.8547541114164697,-4.74609375,-5.1923828125,0.0,0.0,-0.06493766939014796,-0.2246671699945162,-6.6015625,-7.21875,0.0,0.0,-0.17948917485863244,-0.17948917485863244,-6.40491943359375,-6.40491943359375
llama3-8b,remedi,counterfact,4190,0.0,1.0,-0.00024146269984900306,2.1445408316589164e-05,-4.125,12.275850929940457,0.0,1.0,-0.0070007923376300876,0.3494661029779173,-5.203125,21.779757179940457,0.2,0.2,-0.013405784783820637,-0.013405784783820637,-2.571875,-2.571875
llama3-8b,remedi,counterfact,2414,0.0,1.0,-4.509402744198303e-05,0.08208499142976577,-5.0,16.25,0.0,1.0,-0.0005632784536218009,0.0812989464075409,-5.078125,11.59375,0.0,0.0,-0.0016547944614993919,-0.0016547944614993919,-4.409375,-4.409375
llama3-8b,remedi,counterfact,11701,0.0,1.0,-0.0003491789672271867,0.14175350960463906,-0.0625,1.625,0.0,0.5,-0.020967039326617316,0.0024424398709071253,-6.1015625,-0.5625,0.4,0.4,-0.033647897097344434,-0.033647897097344434,-1.0296875,-1.0296875
llama3-8b,remedi,counterfact,16141,0.0,0.0,-0.09301222888125651,-0.09079245923948324,-10.625,-4.765625,0.0,0.5,-0.2590965865849199,-0.011662580874887068,-8.27734375,0.3359375,0.0,0.0,-0.2397069753145759,-0.2397069753145759,-11.1740966796875,-11.1740966796875
llama3-8b,remedi,counterfact,19724,0.0,0.0,-0.40081260713292205,-0.2585394692992156,-8.5234375,-6.7734375,0.5,0.5,-0.003940620367907731,-0.03203157533953123,0.0625,-0.4765625,0.2,0.2,-0.2572057075297513,-0.2572057075297513,-4.903515625,-4.903515625
llama3-8b,remedi,counterfact,12635,0.0,1.0,-0.0067370047536037345,0.23383795502883467,-8.875,13.171875,0.0,1.0,-0.042466782349592454,0.264922312088714,-6.96875,11.30859375,0.0,0.0,-0.03636163031581986,-0.03636163031581986,-9.5484375,-9.5484375
llama3-8b,remedi,counterfact,3748,0.0,1.0,-0.0025570895843583003,0.10705902078059934,-8.90625,20.791475929940457,0.0,1.0,-0.4118695888462979,0.6011986048616322,-5.7197265625,11.625,0.1,0.1,-0.14286444811814447,-0.14286444811814447,-5.02998046875,-5.02998046875
llama3-8b,remedi,counterfact,17374,0.0,0.0,-0.7555826210228521,-0.40386076790273645,-6.939453125,-1.44140625,0.5,0.5,-0.37694008134194484,0.09032263128086945,-2.5791015625,2.421875,0.0,0.0,-0.48334552606413006,-0.48334552606413006,-6.24326171875,-6.24326171875
llama3-8b,remedi,counterfact,2723,0.0,1.0,-0.041274281790579966,0.5228621108821537,-11.0625,22.377413429940457,0.0,1.0,-0.0013401302480098229,0.2648218572149235,-7.59375,21.430147804940457,0.0,0.0,-0.031101653363421695,-0.031101653363421695,-7.0609375,-7.0609375
llama3-8b,remedi,counterfact,2759,0.0,0.0,-0.6532390808512627,-0.007373212680561236,-10.38671875,-0.0546875,0.0,1.0,-0.30148998946787986,0.07048095877592532,-7.982421875,1.25,0.0,0.0,-0.3358848389851731,-0.3358848389851731,-9.2078125,-9.2078125
llama3-8b,remedi,counterfact,21054,0.0,1.0,-0.035266680121349314,0.39932935558368626,-6.84375,22.107882179940457,0.0,1.0,-0.01157895342434728,0.0639697898927245,-2.46875,19.939913429940457,0.2,0.2,-0.2821626858253299,-0.2821626858253299,-3.62841796875,-3.62841796875
llama3-8b,remedi,counterfact,12756,0.0,1.0,-6.434978752825924e-06,0.02136170641801895,-0.1875,6.03125,1.0,1.0,0.00010137702583375851,0.0522783155182428,1.90625,9.4375,0.9,0.9,0.0008135283276639524,0.0008135283276639524,1.11875,1.11875
llama3-8b,remedi,counterfact,14633,0.0,1.0,-0.016715236198489615,0.54795478749992,-2.4375,22.424288429940457,0.0,1.0,-0.004264492004794854,0.00822586251359107,-2.96875,17.838350929940457,0.1,0.1,-0.008361582815361663,-0.008361582815361663,-2.55,-2.55
llama3-8b,remedi,counterfact,21068,1.0,1.0,2.6693511091034924e-06,0.010435491377524463,1.0,10.0625,0.0,1.0,-0.00035084300126045066,0.26305671671529596,-3.4375,9.56640625,0.2,0.2,-0.0021176874322986878,-0.0021176874322986878,-2.41875,-2.41875
llama3-8b,remedi,counterfact,3509,0.0,1.0,-0.011701773082688039,0.09596708398384485,-2.3125,17.65625,0.0,1.0,-0.09256011821355188,0.4954410920083986,-3.01171875,12.376953125,0.0,0.0,-0.10993467413090285,-0.10993467413090285,-4.965234375,-4.965234375
llama3-8b,remedi,counterfact,2106,0.0,1.0,-0.0001740853017338229,0.26914634872918386,-0.5625,21.713350929940457,0.0,1.0,-0.002580255740616181,0.268472276224911,-3.546875,20.965304054940457,0.0,0.0,-0.0055287948814674226,-0.0055287948814674226,-2.8078125,-2.8078125
llama3-8b,remedi,counterfact,17265,0.0,1.0,-0.00023005567231804854,0.03115595126957965,-2.125,19.557100929940457,0.0,1.0,-0.12936533385756854,0.1466007516095364,-1.75390625,17.27464421497023,0.6,0.6,0.00048805517054933056,0.00048805517054933056,-0.040625,-0.040625
llama3-8b,remedi,genie,followed_by_6150,0.0,0.0,-0.6672860716257157,-0.2488740898272703,-3.9908523559570312,-2.8015480041503906,,,,,,,,,,,,
llama3-8b,remedi,genie,director_229,0.0,0.0,-0.7494945758659735,-0.0044526009644289205,-5.509969075520833,-1.487630208333333,,,,,,,,,,,,
llama3-8b,remedi,genie,headquarters_2162,0.0,0.0,-0.5767564619178824,-0.4449370200191321,-4.020825703938802,-2.5876846313476562,,,,,,,,,,,,
llama3-8b,remedi,genie,field_of_work_1687,0.0,1.0,-0.0341006526874804,0.006530564819434713,-2.546875,11.34375,,,,,,,,,,,,
llama3-8b,remedi,genie,director_3768,0.0,0.0,-0.6045611322423383,-0.01616433365767835,-2.5452378590901694,-0.6037820180257163,,,,,,,,,,,,
llama3-8b,remedi,genie,occupation_2544,0.0,1.0,-0.010126043930892633,7.660021121850882e-05,-2.2109375,4.8125,,,,,,,,,,,,
llama3-8b,remedi,genie,production_company_4721,0.0,1.0,-0.1382120614983752,0.0006904571751826065,-3.5748443603515625,0.07503255208333304,,,,,,,,,,,,
llama3-8b,remedi,genie,continent_7135,0.0,0.0,-0.7534576814406175,-0.5343813443062138,-7.2176513671875,-4.07794189453125,,,,,,,,,,,,
llama3-8b,remedi,genie,spouse_2997,0.0,0.0,-0.9333527176226878,-0.0006027900196456169,-6.86907958984375,-0.925455729166667,,,,,,,,,,,,
llama3-8b,remedi,genie,genre_3080,1.0,1.0,0.009653640304805948,0.00882566135733092,1.39453125,5.6484375,,,,,,,,,,,,
llama3-8b,remedi,genie,award_received_5077,0.0,0.0,-0.2840793522487481,-0.09506322209747546,-2.5957123727509472,-1.1098373875473484,,,,,,,,,,,,
llama3-8b,remedi,genie,country_3694,0.0,0.0,-0.11105931145638473,-0.048049788771321024,-8.4900146484375,-4.35244140625,,,,,,,,,,,,
llama3-8b,remedi,genie,followed_by_3324,0.0,0.0,-0.007703584469028125,-0.006242686333045861,-1.30078125,-1.03125,,,,,,,,,,,,
llama3-8b,remedi,genie,field_of_work_100,0.0,1.0,-0.018300549298018772,0.0007183388380518257,-4.6494140625,3.0,,,,,,,,,,,,
llama3-8b,remedi,genie,composer_4902,0.0,0.0,-0.5606510367541708,-0.029745692863850964,-4.405434926350911,-2.384474436442057,,,,,,,,,,,,
llama3-8b,remedi,genie,genre_4732,0.0,1.0,-0.0914633257347331,0.31464200704693995,-4.09375,9.5703125,,,,,,,,,,,,
llama3-8b,remedi,genie,director_7311,0.0,0.0,-0.2780737046400567,-0.0015890042017454218,-3.027587890625,-0.538411458333333,,,,,,,,,,,,
llama3-8b,remedi,genie,country_6584,0.0,0.0,-0.010270499360691467,-0.06331934052556873,-0.560546875,-0.9345703125,,,,,,,,,,,,
llama3-8b,remedi,genie,genre_4642,1.0,0.0,0.04329225481008179,-0.0006954604366402753,0.82421875,-0.26953125,,,,,,,,,,,,
llama3-8b,remedi,genie,country_of_citizenship_2431,0.0,0.0,-0.22466852725257747,-0.005235299949919177,-2.1260986328125,-0.2509765625,,,,,,,,,,,,
llama3-8b,remedi,ripple,ripple_popular_row272,0.0,0.0,-0.7166500690792392,-0.20072906723506043,-5.451729456583658,-3.760679880777995,,,,,,,,,,,,
llama3-8b,remedi,ripple,ripple_popular_row528,0.0,0.0,-0.0018631573742233726,-0.00034061787654929564,-8.02734375,-7.890625,,,,,,,,,,,,
llama3-8b,remedi,ripple,ripple_popular_row137,0.0,1.0,-0.023518150088266902,0.003432279717012845,-1.2348388671875004,1.2772949218749998,,,,,,,,,,,,
llama3-8b,remedi,ripple,ripple_popular_row865,0.0,0.0,-0.03738161670549718,-0.015446912911207627,-1.99346923828125,-1.2653564453125004,,,,,,,,,,,,
llama3-8b,remedi,ripple,ripple_popular_row147,0.0,0.0,-0.023712569545338767,-0.008667943671032019,-3.1749674479166665,-0.8573811848958339,,,,,,,,,,,,
llama3-8b,remedi,ripple,ripple_popular_row86,0.0,0.0,-0.12899430868592576,-0.0557733385883358,-5.791010076349432,-6.2872772216796875,,,,,,,,,,,,
llama3-8b,remedi,ripple,ripple_popular_row827,0.0,0.0,-0.04969387309255268,-0.0037183057217712364,-7.467447916666666,-1.453125,,,,,,,,,,,,
llama3-8b,remedi,ripple,ripple_popular_row607,0.0,1.0,-0.11211721116218841,5.476166534506477e-05,-7.25,10.8125,,,,,,,,,,,,
llama3-8b,remedi,ripple,ripple_popular_row377,0.0,1.0,-0.06463673294331804,0.010711263360128781,-3.346354166666667,13.713541666666668,,,,,,,,,,,,
llama3-8b,remedi,ripple,ripple_popular_row454,0.0,0.0,-0.06550690907757271,-0.02691072400305721,-4.986979166666667,-3.686197916666667,,,,,,,,,,,,
llama3-8b,remedi,ripple,ripple_popular_row339,0.0,1.0,-0.26295578234499645,0.06340028200350692,-2.8755859375,2.937939453125,,,,,,,,,,,,
llama3-8b,remedi,ripple,ripple_popular_row744,0.0,0.0,-0.30803716593667924,-0.017130713425940743,-6.035797119140625,-4.9053955078125,,,,,,,,,,,,
llama3-8b,remedi,ripple,ripple_popular_row639,0.0,0.0,-0.8169304519842187,-0.002971552846167205,-7.365814208984375,-0.60986328125,,,,,,,,,,,,
llama3-8b,remedi,ripple,ripple_popular_row437,0.0,0.0,-0.46967023382743184,-0.10047607452686864,-8.931907653808594,-7.79632568359375,,,,,,,,,,,,
llama3-8b,remedi,ripple,ripple_popular_row273,1.0,1.0,0.0010354960102323184,0.00011196671795124145,1.23046875,0.2109375,,,,,,,,,,,,
llama3-8b,remedi,ripple,ripple_popular_row353,0.0,0.0,-0.17231455302771254,-0.04776245497620622,-3.216900634765625,-0.9707071940104166,,,,,,,,,,,,
llama3-8b,remedi,ripple,ripple_popular_row371,0.0,0.0,-0.20696100871762638,-0.005026017128587863,-4.539031982421875,-0.5011444091796875,,,,,,,,,,,,
llama3-8b,remedi,ripple,ripple_popular_row646,0.0,0.0,-0.3263654891584401,-0.0343977891689465,-3.5550458635602684,-1.5206891741071433,,,,,,,,,,,,
llama3-8b,remedi,ripple,ripple_popular_row129,0.0,1.0,-0.8863280835370302,0.0001207467782260097,-9.957504272460938,1.4871978759765625,,,,,,,,,,,,
llama3-8b,remedi,ripple,ripple_popular_row602,0.0,1.0,-0.3845910154712273,0.0026352113728820075,-5.0615234375,2.043701171875,,,,,,,,,,,,
llama3-8b,remedi,ripple,ripple_random_row1779,0.0,0.0,-0.029241121142635336,-0.07319740687188016,-4.109375,-5.2578125,,,,,,,,,,,,
llama3-8b,remedi,ripple,ripple_random_row70,0.0,0.0,-0.301512127222211,-0.06307434295290897,-2.3853759765625,-0.40918579101562513,,,,,,,,,,,,
llama3-8b,remedi,ripple,ripple_random_row1359,0.0,0.0,-0.03663517601316896,-0.020499584177438374,-5.327807617187499,-3.2100891113281254,,,,,,,,,,,,
llama3-8b,remedi,ripple,ripple_random_row1105,0.0,1.0,-0.0025829928003694943,0.02231566365215678,-3.859375,6.38671875,,,,,,,,,,,,
llama3-8b,remedi,ripple,ripple_random_row1751,0.0,0.0,-0.11462722608751706,-0.09160554121920618,-3.118733723958333,-2.775634765625,,,,,,,,,,,,
llama3-8b,remedi,ripple,ripple_random_row1170,0.0,1.0,-0.015179783781013933,0.004835088547366513,-1.404947916666667,0.815104166666667,,,,,,,,,,,,
llama3-8b,remedi,ripple,ripple_random_row661,0.0,1.0,-0.4292126425169494,0.009208984180849417,-4.044270833333333,2.782552083333333,,,,,,,,,,,,
llama3-8b,remedi,ripple,ripple_random_row381,0.0,1.0,-0.41750596581445826,0.001532373495410491,-6.04913330078125,3.427083333333333,,,,,,,,,,,,
llama3-8b,remedi,ripple,ripple_random_row317,0.0,0.0,-0.02376961978550107,-0.000991016795893321,-4.120768229166666,-2.354817708333333,,,,,,,,,,,,
llama3-8b,remedi,ripple,ripple_random_row250,0.0,1.0,-0.000594059462704453,0.010114618215637802,-0.85546875,10.65625,,,,,,,,,,,,
llama3-8b,remedi,ripple,ripple_random_row455,0.0,1.0,-0.5478751081417647,1.2821931368618911e-05,-8.8359375,0.75,,,,,,,,,,,,
llama3-8b,remedi,ripple,ripple_random_row998,0.0,1.0,-0.0012562743378245998,0.0011685052963806503,-0.897786458333333,2.0703125,,,,,,,,,,,,
llama3-8b,remedi,ripple,ripple_random_row689,0.0,1.0,-0.5097243373665233,0.011283937774905625,-3.54296875,18.541475929940457,,,,,,,,,,,,
llama3-8b,remedi,ripple,ripple_random_row787,1.0,1.0,0.004531549650680365,0.0197519476409832,0.823811848958333,1.554931640625,,,,,,,,,,,,
llama3-8b,remedi,ripple,ripple_random_row115,0.0,1.0,-0.01571844243101024,0.10973725885555975,-0.15878513881138412,9.290425981794085,,,,,,,,,,,,
llama3-8b,remedi,ripple,ripple_random_row541,0.0,0.0,-0.15362760360202724,-0.027045263316343975,-4.62104252406529,-4.090227399553571,,,,,,,,,,,,
llama3-8b,remedi,ripple,ripple_random_row1317,0.0,1.0,-0.0025603832912392908,0.000404407468683122,-1.5505208333333327,0.45833333333333304,,,,,,,,,,,,
llama3-8b,remedi,ripple,ripple_random_row901,0.0,0.0,-0.08138529126321302,-0.0003326540124725474,-4.298095703125,-0.8125,,,,,,,,,,,,
llama3-8b,remedi,ripple,ripple_random_row436,0.0,1.0,-0.12434879694734614,0.01055871374247623,-3.8203125,10.69921875,,,,,,,,,,,,
llama3-8b,remedi,ripple,ripple_random_row834,0.0,0.0,-0.3104059687314858,-0.20047202036161496,-6.581512451171875,-5.9580078125,,,,,,,,,,,,
llama3-8b,remedi,zsre,zsre_row8097,0.0,1.0,-0.0022359041771294608,0.008966327177583826,-0.03400878906249982,0.19426269531250018,1.0,1.0,0.01645018131291135,0.0014544966899156173,0.3056762695312498,0.03989257812499991,1.0,1.0,0.009368776723990654,0.009368776723990654,2.7218597412109373,2.7218597412109373
llama3-8b,remedi,zsre,zsre_row15599,0.0,1.0,-0.027510609113931817,0.00020339102479157274,-2.8125,7.875,0.0,1.0,-0.007574431119144377,0.0005703155213656765,-2.6875,7.46875,0.0,0.0,-3.7682860341915455e-07,-3.7682860341915455e-07,-1.375,-1.375
llama3-8b,remedi,zsre,zsre_row18844,1.0,1.0,0.01285613979894712,0.020619546960264967,4.202799479166666,5.632486979166666,1.0,1.0,0.00781366804630654,0.012498322731325501,4.42578125,4.942708333333334,1.0,1.0,0.0011123138396322116,0.0011123138396322116,4.790364583333334,4.790364583333334
llama3-8b,remedi,zsre,zsre_row5765,0.0,0.0,-0.3521381776349126,-0.2533269339153327,-2.1022135416666665,-2.001302083333333,0.0,0.0,-0.24250390666292057,-0.2380714271959863,-1.8880208333333333,-2.1588541666666665,1.0,1.0,0.00034051992487662934,0.00034051992487662934,0.17708333333333304,0.17708333333333304
llama3-8b,remedi,zsre,zsre_row13630,1.0,1.0,0.011780947987337472,0.022154477746021826,1.5849609375,1.7518717447916665,1.0,1.0,0.017097920079553117,0.027085353846824315,2.0325520833333335,4.357259114583334,1.0,1.0,0.0016870491112626934,0.0016870491112626934,2.707682291666667,2.707682291666667
llama3-8b,remedi,zsre,zsre_row14665,0.0,0.0,-0.03702849295952519,-0.017293372937906268,-0.453125,-0.21158854166666652,0.0,0.0,-0.022909746427705158,-0.011003779703218503,-0.43229166666666696,-0.20833333333333348,0.0,0.0,-0.0013417362343923545,-0.0013417362343923545,-0.635416666666667,-0.635416666666667
llama3-8b,remedi,zsre,zsre_row12754,0.0,0.0,-0.0034204556922646234,-0.0033674264419693845,-0.04166666666666696,-0.04166666666666696,0.0,0.0,-0.0011820778568459242,0.0,-0.04166666666666696,0.0,1.0,1.0,0.00033349792380623494,0.00033349792380623494,0.125,0.125
llama3-8b,remedi,zsre,zsre_row8750,0.0,0.0,-0.4498887406283599,-0.3101797453687349,-3.7459742228190103,-3.3696136474609375,0.0,0.0,-0.35176038826638073,-0.1494496475797438,-3.380444844563802,-3.303324381510417,0.0,0.0,-0.0114086441772971,-0.0114086441772971,-1.074544270833333,-1.074544270833333
llama3-8b,remedi,zsre,zsre_row4307,0.0,1.0,-0.05437589121715332,0.0028618184134835407,-2.7395222981770835,0.79296875,0.0,1.0,-0.019857474717953124,0.0038148829311090136,-1.779459635416667,1.244791666666666,1.0,1.0,1.246186769557012e-06,1.246186769557012e-06,0.05208333333333215,0.05208333333333215
llama3-8b,remedi,zsre,zsre_row18406,1.0,1.0,0.004620791700732927,0.0046685792451839694,2.125,2.5,1.0,1.0,0.009006213234957495,0.004693101638740551,3.8125,4.03125,1.0,1.0,0.0034952949513431717,0.0034952949513431717,9.34375,9.34375
llama3-8b,remedi,zsre,zsre_row10580,0.0,1.0,-0.002023294443783648,0.0002886855608885509,-3.484375,1.317708333333333,0.0,0.0,-0.007604688463563811,-0.0006686086684669743,-4.4453125,-1.26953125,0.0,0.0,-9.86897122709186e-06,-9.86897122709186e-06,-0.8098958333333339,-0.8098958333333339
llama3-8b,remedi,zsre,zsre_row9259,0.0,0.0,0.0,0.0,0.0,0.0,0.0,0.0,0.0,0.0,0.0,0.0,0.0,0.0,0.0,0.0,0.0,0.0
llama3-8b,remedi,zsre,zsre_row57,1.0,1.0,0.00010924341865383489,0.0002076511751532014,0.9375,3.1875,1.0,1.0,0.00010119358282299214,9.411691836091304e-05,2.0625,3.875,1.0,1.0,6.442576993751882e-08,6.442576993751882e-08,0.5,0.5
llama3-8b,remedi,zsre,zsre_row19060,0.0,0.0,-0.002224103557147571,-0.000500821238570748,-2.365234375,-3.1328125,1.0,0.0,0.0003948739462636846,-0.00015516437976022975,0.162109375,-1.34375,0.0,0.0,-1.38443773165627e-05,-1.38443773165627e-05,-8.9375,-8.9375
llama3-8b,remedi,zsre,zsre_row16238,0.0,0.0,-0.0021679883926768936,-0.00017893741797144218,-3.642578125,-3.224609375,0.0,0.0,-0.00032868409768976143,-8.081933360239724e-05,-2.0,-1.6875,0.0,0.0,-5.488038306638283e-06,-5.488038306638283e-06,-2.3046875,-2.3046875
llama3-8b,remedi,zsre,zsre_row9297,0.0,0.0,-0.7404749207131981,-0.006220349279289061,-4.392350260416667,-0.2639180501302083,0.0,1.0,-0.16439592960563248,0.0005066618420140889,-1.7956990559895833,0.01878458658854143,1.0,1.0,0.0023984303498254264,0.0023984303498254264,2.276236979166666,2.276236979166666
llama3-8b,remedi,zsre,zsre_row15083,0.0,0.0,-0.1498821909503257,-0.08489676519400573,-2.23638916015625,-3.195835658482143,0.0,0.0,-0.19966129313615544,-0.07855358418268613,-2.33697509765625,-2.606532505580357,0.0,0.0,-0.0015179694803718017,-0.0015179694803718017,-2.0478864397321432,-2.0478864397321432
llama3-8b,remedi,zsre,zsre_row18879,0.0,1.0,-0.001910223467176642,0.11746831298154166,-0.13671875,2.10546875,0.0,1.0,-0.0019482603278432164,0.10426478772561966,-0.23046875,2.037109375,0.0,0.0,-9.146332216414e-06,-9.146332216414e-06,-0.8125,-0.8125
llama3-8b,remedi,zsre,zsre_row495,0.0,1.0,-0.00024390622527626716,0.06801321616127375,-0.375,7.5,0.0,1.0,-0.0011336734901016502,0.04750689891374847,-1.3125,12.140625,1.0,1.0,4.2929547646431206e-09,4.2929547646431206e-09,0.125,0.125
llama3-8b,remedi,zsre,zsre_row14921,1.0,1.0,0.003813235229472219,0.03662464652220951,0.25390625,3.523681640625,1.0,1.0,0.002797618847931376,0.043020349325872086,0.224609375,4.058837890625,1.0,1.0,0.001310338891633045,0.001310338891633045,4.044270833333333,4.044270833333333
llama3-8b,rome,counterfact,11983,0.0,1.0,-0.3746316239505429,1.1222246651097249e-06,-6.61328125,2.625,0.0,1.0,-0.3081156499876838,3.378797665212813e-05,-6.765625,1.96875,0.0,0.0,-0.20332564197756206,-0.22801109767052385,-6.94609375,-7.224609375
llama3-8b,rome,counterfact,13602,0.0,0.0,-0.6048270399168308,-3.56291545901959e-06,-5.875,-3.125,0.0,0.0,-0.42188252023823114,-0.009558969807245533,-5.8779296875,-1.09375,0.0,0.0,-0.12417178924279137,-0.12018881514842239,-3.051171875,-3.109765625
llama3-8b,rome,counterfact,15471,0.0,0.0,-0.6577832914042001,-1.9795037207369434e-06,-4.74609375,-4.875,0.0,0.5,-0.06493766939014796,2.121305735787475e-06,-6.6015625,0.75,0.0,0.0,-0.17948917485863244,-0.16905553017027258,-6.40491943359375,-6.3198974609375
llama3-8b,rome,counterfact,4190,0.0,0.0,-0.00024146269984900306,-3.217135988426675e-08,-4.125,-2.125,0.0,0.0,-0.0070007923376300876,-3.9391129430811286e-05,-5.203125,-2.34375,0.2,0.2,-0.013405784783820637,-0.017425266610553693,-2.571875,-2.6328125
llama3-8b,rome,counterfact,2414,0.0,0.0,-4.509402744198303e-05,-2.4640779798464144e-07,-5.0,-3.5625,0.0,0.0,-0.0005632784536218009,-1.8690383875212683e-05,-5.078125,-4.03125,0.0,0.0,-0.0016547944614993919,-0.0015715000604741205,-4.409375,-4.40625
llama3-8b,rome,counterfact,11701,0.0,1.0,-0.0003491789672271867,9.412641330658407e-07,-0.0625,1.3125,0.0,0.5,-0.020967039326617316,-0.0005475464356249894,-6.1015625,-1.40625,0.4,0.4,-0.033647897097344434,-0.034576912942134365,-1.0296875,-1.1171875
llama3-8b,rome,counterfact,16141,0.0,0.0,-0.09301222888125651,-1.6513567276762345e-06,-10.625,-6.5625,0.0,0.0,-0.2590965865849199,-0.054324342901504084,-8.27734375,-8.015625,0.0,0.0,-0.2397069753145759,-0.24917479883317145,-11.1740966796875,-11.3345458984375
llama3-8b,rome,counterfact,19724,0.0,0.0,-0.40081260713292205,-7.03075493223361e-05,-8.5234375,-8.9375,0.5,0.0,-0.003940620367907731,-0.13473683688622534,0.0625,-5.82421875,0.2,0.2,-0.2572057075297513,-0.270304551847153,-4.903515625,-5.2712890625
llama3-8b,rome,counterfact,12635,0.0,0.0,-0.0067370047536037345,-7.694560936506666e-09,-8.875,-0.5,0.0,0.0,-0.042466782349592454,-0.0011399856985277652,-6.96875,-3.5625,0.0,0.0,-0.03636163031581986,-0.03631854105317941,-9.5484375,-9.5359375
llama3-8b,rome,counterfact,3748,0.0,0.0,-0.0025570895843583003,-0.031644024822265075,-8.90625,-9.421875,0.0,0.0,-0.4118695888462979,-0.2536696637540568,-5.7197265625,-9.17578125,0.1,0.1,-0.14286444811814447,-0.14174211417791144,-5.02998046875,-4.993310546875
llama3-8b,rome,counterfact,17374,0.0,0.0,-0.7555826210228521,-2.100032306654722e-05,-6.939453125,-3.875,0.5,0.5,-0.37694008134194484,0.0011671749804031575,-2.5791015625,-0.265625,0.0,0.1,-0.48334552606413006,-0.46652279335314634,-6.24326171875,-5.76484375
llama3-8b,rome,counterfact,2723,0.0,1.0,-0.041274281790579966,1.1379256328696463e-08,-11.0625,1.875,0.0,0.0,-0.0013401302480098229,-9.944951197565866e-06,-7.59375,-0.78125,0.0,0.0,-0.031101653363421695,-0.02830227291286208,-7.0609375,-6.85234375
llama3-8b,rome,counterfact,2759,0.0,0.0,-0.6532390808512627,-2.0340528085812933e-08,-10.38671875,-2.5,0.0,0.5,-0.30148998946787986,-6.616521571915104e-05,-7.982421875,-0.03125,0.0,0.0,-0.3358848389851731,-0.3372467512449856,-9.2078125,-8.6142578125
llama3-8b,rome,counterfact,21054,0.0,0.0,-0.035266680121349314,-1.1893385326008709e-07,-6.84375,-4.9375,0.0,0.0,-0.01157895342434728,-5.7836621039531675e-06,-2.46875,-3.5625,0.2,0.2,-0.2821626858253299,-0.28936873414922315,-3.62841796875,-3.53056640625
llama3-8b,rome,counterfact,12756,0.0,0.0,-6.434978752825924e-06,-4.837174396274469e-07,-0.1875,-2.3125,1.0,1.0,0.00010137702583375851,0.000510082309175874,1.90625,3.40625,0.9,0.8,0.0008135283276639524,0.0012954978378431354,1.11875,1.690625
llama3-8b,rome,counterfact,14633,0.0,0.0,-0.016715236198489615,-9.31932191198111e-09,-2.4375,-0.0625,0.0,0.5,-0.004264492004794854,-0.0014633751216258494,-2.96875,-0.359375,0.1,0.1,-0.008361582815361663,-0.008681193513051192,-2.55,-2.515625
llama3-8b,rome,counterfact,21068,1.0,0.0,2.6693511091034924e-06,-2.2978530998902824e-09,1.0,-0.125,0.0,0.0,-0.00035084300126045066,-0.0010239527591329569,-3.4375,-2.40625,0.2,0.2,-0.0021176874322986878,-0.0022659037216372323,-2.41875,-2.43125
llama3-8b,rome,counterfact,3509,0.0,1.0,-0.011701773082688039,1.618936120852274e-07,-2.3125,0.6875,0.0,0.5,-0.09256011821355188,-4.934492260828967e-05,-3.01171875,0.421875,0.0,0.0,-0.10993467413090285,-0.07764946413624277,-4.965234375,-4.071484375
llama3-8b,rome,counterfact,2106,0.0,1.0,-0.0001740853017338229,2.2813924543143926e-06,-0.5625,1.8125,0.0,1.0,-0.002580255740616181,0.00365230791354412,-3.546875,0.5390625,0.0,0.0,-0.0055287948814674226,-0.0063883345008596045,-2.8078125,-2.80625
llama3-8b,rome,counterfact,17265,0.0,0.0,-0.00023005567231804854,-1.779602752042228e-08,-2.125,-1.625,0.0,0.5,-0.12936533385756854,-0.054114990226100924,-1.75390625,0.48046875,0.6,0.7,0.00048805517054933056,0.0006708849446895862,-0.040625,-0.0234375
llama3-8b,rome,genie,followed_by_6150,0.0,0.0,-0.6672860716257157,-0.02434569179608218,-3.9908523559570312,-2.5814285278320312,,,,,,,,,,,,
llama3-8b,rome,genie,director_229,0.0,0.0,-0.7494945758659735,-0.0013411288498262515,-5.509969075520833,-0.682952880859375,,,,,,,,,,,,
llama3-8b,rome,genie,headquarters_2162,0.0,1.0,-0.5767564619178824,0.005589505721095429,-4.020825703938802,7.313802083333333,,,,,,,,,,,,
llama3-8b,rome,genie,field_of_work_1687,0.0,0.0,-0.0341006526874804,-7.667489092989502e-08,-2.546875,-0.25,,,,,,,,,,,,
llama3-8b,rome,genie,director_3768,0.0,1.0,-0.6045611322423383,0.00023308137364395445,-2.5452378590901694,0.9810426235198975,,,,,,,,,,,,
llama3-8b,rome,genie,occupation_2544,0.0,0.0,-0.010126043930892633,-1.5406347058731217e-06,-2.2109375,-0.328125,,,,,,,,,,,,
llama3-8b,rome,genie,production_company_4721,0.0,0.0,-0.1382120614983752,-0.0010756882974676189,-3.5748443603515625,-0.790486653645833,,,,,,,,,,,,
llama3-8b,rome,genie,continent_7135,0.0,0.0,-0.7534576814406175,-5.550616041198483e-06,-7.2176513671875,-10.1484375,,,,,,,,,,,,
llama3-8b,rome,genie,spouse_2997,0.0,0.0,-0.9333527176226878,-0.0019202570274461702,-6.86907958984375,-4.325724283854167,,,,,,,,,,,,
llama3-8b,rome,genie,genre_3080,1.0,0.0,0.009653640304805948,0.0,1.39453125,0.0,,,,,,,,,,,,
llama3-8b,rome,genie,award_received_5077,0.0,0.0,-0.2840793522487481,-0.05900907700674146,-2.5957123727509472,-3.705889152758049,,,,,,,,,,,,
llama3-8b,rome,genie,country_3694,0.0,0.0,-0.11105931145638473,-0.0034912173656289217,-8.4900146484375,-7.46806640625,,,,,,,,,,,,
llama3-8b,rome,genie,followed_by_3324,0.0,1.0,-0.007703584469028125,0.00019658096435876547,-1.30078125,1.802083333333334,,,,,,,,,,,,
llama3-8b,rome,genie,field_of_work_100,0.0,0.0,-0.018300549298018772,-1.679467147165597e-06,-4.6494140625,-2.885416666666666,,,,,,,,,,,,
llama3-8b,rome,genie,composer_4902,0.0,1.0,-0.5606510367541708,9.811879559672176e-05,-4.405434926350911,0.42148303985595703,,,,,,,,,,,,
llama3-8b,rome,genie,genre_4732,0.0,0.0,-0.0914633257347331,-2.5070403486873736e-05,-4.09375,-9.53125,,,,,,,,,,,,
llama3-8b,rome,genie,director_7311,0.0,1.0,-0.2780737046400567,0.00027423866943075925,-3.027587890625,3.637654622395834,,,,,,,,,,,,
llama3-8b,rome,genie,country_6584,0.0,0.0,-0.010270499360691467,-0.0002879359083801618,-0.560546875,-2.495758056640625,,,,,,,,,,,,
llama3-8b,rome,genie,genre_4642,1.0,0.0,0.04329225481008179,-5.976443340782411e-05,0.82421875,-5.0625,,,,,,,,,,,,
llama3-8b,rome,genie,country_of_citizenship_2431,0.0,0.0,-0.22466852725257747,-0.0021620747365053952,-2.1260986328125,-1.93359375,,,,,,,,,,,,
llama3-8b,rome,mquake,2640,0.25,0.5,-0.0791077711580138,0.014856431673535177,-0.9416037150791717,-0.9463023798806327,,,,,,,,,,,,
llama3-8b,rome,mquake,248,0.0,1.0,-0.24377158850562614,0.012925709390506836,-2.4204457600911455,1.9843639797634545,,,,,,,,,,,,
llama3-8b,rome,mquake,2121,0.0,1.0,-0.892095627346833,0.018940503336047795,-3.8631504603794644,6.940765380859375,,,,,,,,,,,,
llama3-8b,rome,mquake,825,0.5,1.0,-0.4271053973296396,2.1050046422558018e-05,0.8712565104166661,4.463541666666667,,,,,,,,,,,,
llama3-8b,rome,mquake,2014,0.6666666666666666,1.0,0.027880236356327515,0.20324859809638776,5.8321111769903276,8.018680572509766,,,,,,,,,,,,
llama3-8b,rome,mquake,713,0.0,0.0,-0.08738956575614856,-0.006192807885990741,-2.0377578735351562,-12.675106048583984,,,,,,,,,,,,
llama3-8b,rome,mquake,1872,0.0,0.0,-0.07469767928572141,-0.0005291056755835173,-3.6523437500000004,-0.7802734375,,,,,,,,,,,,
llama3-8b,rome,mquake,562,0.5,1.0,-0.0011096652127764797,0.008544762164864567,1.2237431208292642,3.5723031361897783,,,,,,,,,,,,
llama3-8b,rome,mquake,595,1.0,1.0,0.06672136636745549,0.04560998760869654,3.0144500732421875,5.836177825927734,,,,,,,,,,,,
llama3-8b,rome,mquake,1554,0.0,1.0,-0.9433401421532247,1.7501170992929096e-05,-6.13134765625,9.046875,,,,,,,,,,,,
llama3-8b,rome,mquake,1291,0.5,1.0,0.10198741949837539,0.03536805619682763,1.0121895926339286,1.987766810825893,,,,,,,,,,,,
llama3-8b,rome,mquake,1655,0.5,0.0,-0.12914011376876752,-0.00026982413858402284,-0.341217041015625,-5.1907958984375,,,,,,,,,,,,
llama3-8b,rome,mquake,681,0.0,0.0,-0.10383415192858907,-0.12032410885902192,-2.2623639787946432,-1.67869998386928,,,,,,,,,,,,
llama3-8b,rome,mquake,1162,0.0,1.0,-0.02293133913061797,0.000137604064865991,-1.269287109375,5.42578125,,,,,,,,,,,,
llama3-8b,rome,mquake,1997,0.0,1.0,-0.04835474425934938,6.200172869834298e-07,-2.28515625,3.15625,,,,,,,,,,,,
llama3-8b,rome,mquake,2526,0.75,0.75,-0.10669931596885991,0.0023126360933503802,1.5540801207224528,2.0900599161783853,,,,,,,,,,,,
llama3-8b,rome,mquake,2752,0.0,0.0,-0.02482585265431422,-0.0005705113642093581,-2.6387939453125,-4.202850341796875,,,,,,,,,,,,
llama3-8b,rome,mquake,696,0.0,1.0,-0.16228237314962574,0.00012853050484569446,-5.1328125,4.2734375,,,,,,,,,,,,
llama3-8b,rome,mquake,606,0.0,0.0,-0.1563746490171586,-0.014443388768597418,-5.55462646484375,-15.512481689453125,,,,,,,,,,,,
llama3-8b,rome,mquake,1946,0.3333333333333333,0.0,-0.02922467699062617,-3.6808230877371824e-05,-2.6761881510416665,-3.0989583333333335,,,,,,,,,,,,
llama3-8b,rome,ripple,ripple_popular_row272,0.0,0.0,-0.7166500690792392,-0.017788552337578936,-5.451729456583658,-2.6175454457600913,,,,,,,,,,,,
llama3-8b,rome,ripple,ripple_popular_row528,0.0,0.0,-0.0018631573742233726,-2.325537926526354e-05,-8.02734375,-10.4560546875,,,,,,,,,,,,
llama3-8b,rome,ripple,ripple_popular_row137,0.0,1.0,-0.023518150088266902,5.7600631525927816e-05,-1.2348388671875004,6.115234375,,,,,,,,,,,,
llama3-8b,rome,ripple,ripple_popular_row865,0.0,0.0,-0.03738161670549718,-0.00024172502706544616,-1.99346923828125,-0.18771715164184588,,,,,,,,,,,,
llama3-8b,rome,ripple,ripple_popular_row147,0.0,0.0,-0.023712569545338767,-8.312683124639145e-05,-3.1749674479166665,-2.0408935546875,,,,,,,,,,,,
llama3-8b,rome,ripple,ripple_popular_row86,0.0,0.0,-0.12899430868592576,-0.022995536805231066,-5.791010076349432,-5.05425990711559,,,,,,,,,,,,
llama3-8b,rome,ripple,ripple_popular_row827,0.0,1.0,-0.04969387309255268,1.7673351147989586e-06,-7.467447916666666,0.9895833333333339,,,,,,,,,,,,
llama3-8b,rome,ripple,ripple_popular_row607,0.0,0.0,-0.11211721116218841,-1.6161995474442963e-05,-7.25,-0.6666666666666661,,,,,,,,,,,,
llama3-8b,rome,ripple,ripple_popular_row377,0.0,1.0,-0.06463673294331804,0.0007017830540182198,-3.346354166666667,5.679036458333333,,,,,,,,,,,,
llama3-8b,rome,ripple,ripple_popular_row454,0.0,1.0,-0.06550690907757271,0.00027261832617583734,-4.986979166666667,0.782552083333333,,,,,,,,,,,,
llama3-8b,rome,ripple,ripple_popular_row339,0.0,0.0,-0.26295578234499645,-0.0008640875047918458,-2.8755859375,-0.21308593749999982,,,,,,,,,,,,
llama3-8b,rome,ripple,ripple_popular_row744,0.0,0.0,-0.30803716593667924,-1.6279353575370816e-05,-6.035797119140625,-4.671291351318359,,,,,,,,,,,,
llama3-8b,rome,ripple,ripple_popular_row639,0.0,0.0,-0.8169304519842187,-0.0009073391872956312,-7.365814208984375,-1.3449020385742188,,,,,,,,,,,,
llama3-8b,rome,ripple,ripple_popular_row437,0.0,0.0,-0.46967023382743184,-0.0010895148994633445,-8.931907653808594,-15.052977561950684,,,,,,,,,,,,
llama3-8b,rome,ripple,ripple_popular_row273,1.0,0.0,0.0010354960102323184,-4.064927131417439e-06,1.23046875,-2.1484375,,,,,,,,,,,,
llama3-8b,rome,ripple,ripple_popular_row353,0.0,1.0,-0.17231455302771254,0.008024307617648508,-3.216900634765625,5.538037109375,,,,,,,,,,,,
llama3-8b,rome,ripple,ripple_popular_row371,0.0,0.0,-0.20696100871762638,-0.03880750691160098,-4.539031982421875,-3.46240234375,,,,,,,,,,,,
llama3-8b,rome,ripple,ripple_popular_row646,0.0,0.0,-0.3263654891584401,-0.036104097031116625,-3.5550458635602684,-2.179280308314732,,,,,,,,,,,,
llama3-8b,rome,ripple,ripple_popular_row129,0.0,0.0,-0.8863280835370302,-4.2640264648667406e-05,-9.957504272460938,-10.874807357788086,,,,,,,,,,,,
llama3-8b,rome,ripple,ripple_popular_row602,0.0,1.0,-0.3845910154712273,0.000260746449075788,-5.0615234375,11.623046875,,,,,,,,,,,,
llama3-8b,rome,ripple,ripple_random_row1779,0.0,1.0,-0.029241121142635336,3.81623178126285e-05,-4.109375,6.328125,,,,,,,,,,,,
llama3-8b,rome,ripple,ripple_random_row70,0.0,0.0,-0.301512127222211,-0.006466928378827017,-2.3853759765625,-4.143815040588378,,,,,,,,,,,,
llama3-8b,rome,ripple,ripple_random_row1359,0.0,0.0,-0.03663517601316896,-8.151356141882424e-06,-5.327807617187499,-0.2840006510416657,,,,,,,,,,,,
llama3-8b,rome,ripple,ripple_random_row1105,0.0,1.0,-0.0025829928003694943,2.4940801765178305e-08,-3.859375,5.0,,,,,,,,,,,,
llama3-8b,rome,ripple,ripple_random_row1751,0.0,0.0,-0.11462722608751706,-0.004897710737176574,-3.118733723958333,-3.0721893310546875,,,,,,,,,,,,
llama3-8b,rome,ripple,ripple_random_row1170,0.0,1.0,-0.015179783781013933,7.098482547779924e-05,-1.404947916666667,6.947916666666666,,,,,,,,,,,,
llama3-8b,rome,ripple,ripple_random_row661,0.0,1.0,-0.4292126425169494,0.00012053376122610592,-4.044270833333333,8.8515625,,,,,,,,,,,,
llama3-8b,rome,ripple,ripple_random_row381,0.0,1.0,-0.41750596581445826,0.00011444824207520703,-6.04913330078125,2.006510416666666,,,,,,,,,,,,
llama3-8b,rome,ripple,ripple_random_row317,0.0,0.0,-0.02376961978550107,-6.714911252355568e-05,-4.120768229166666,-5.76953125,,,,,,,,,,,,
llama3-8b,rome,ripple,ripple_random_row250,0.0,1.0,-0.000594059462704453,0.00033628086501954585,-0.85546875,2.991455078125,,,,,,,,,,,,
llama3-8b,rome,ripple,ripple_random_row455,0.0,1.0,-0.5478751081417647,3.60136808884216e-08,-8.8359375,4.25,,,,,,,,,,,,
llama3-8b,rome,ripple,ripple_random_row998,0.0,1.0,-0.0012562743378245998,8.05136665031098e-05,-0.897786458333333,13.598767596607123,,,,,,,,,,,,
llama3-8b,rome,ripple,ripple_random_row689,0.0,1.0,-0.5097243373665233,2.5339312524824266e-05,-3.54296875,6.79296875,,,,,,,,,,,,
llama3-8b,rome,ripple,ripple_random_row787,1.0,1.0,0.004531549650680365,0.0005968578293180658,0.823811848958333,1.623209635416666,,,,,,,,,,,,
llama3-8b,rome,ripple,ripple_random_row115,0.0,1.0,-0.01571844243101024,0.002541969911519501,-0.15878513881138412,6.277064732142857,,,,,,,,,,,,
llama3-8b,rome,ripple,ripple_random_row541,0.0,0.0,-0.15362760360202724,-0.0011998349090160843,-4.62104252406529,-3.245316369192941,,,,,,,,,,,,
llama3-8b,rome,ripple,ripple_random_row1317,0.0,1.0,-0.0025603832912392908,8.848923980175794e-05,-1.5505208333333327,2.4645833333333336,,,,,,,,,,,,
llama3-8b,rome,ripple,ripple_random_row901,0.0,0.0,-0.08138529126321302,-1.9515461723005104e-07,-4.298095703125,-0.00390625,,,,,,,,,,,,
llama3-8b,rome,ripple,ripple_random_row436,0.0,1.0,-0.12434879694734614,1.4509715491731154e-05,-3.8203125,9.609375,,,,,,,,,,,,
llama3-8b,rome,ripple,ripple_random_row834,0.0,0.0,-0.3104059687314858,-0.002691528567903241,-6.581512451171875,-7.3330078125,,,,,,,,,,,,
llama3-8b,rome,zsre,zsre_row8097,0.0,1.0,-0.0022359041771294608,0.007802453858491396,-0.03400878906249982,1.0313842773437498,1.0,1.0,0.01645018131291135,0.01431880061388031,0.3056762695312498,1.378106689453125,1.0,1.0,0.009368776723990654,0.009528193879107034,2.7218597412109373,2.7257629394531246
llama3-8b,rome,zsre,zsre_row15599,0.0,0.0,-0.027510609113931817,-9.403045858792924e-10,-2.8125,-2.2758509299404572,0.0,0.0,-0.007574431119144377,-2.0067274759660873e-06,-2.6875,-2.1875,0.0,0.0,-3.7682860341915455e-07,-4.1708222224968666e-07,-1.375,-1.5
llama3-8b,rome,zsre,zsre_row18844,1.0,1.0,0.01285613979894712,9.961101503797429e-05,4.202799479166666,4.505208333333334,1.0,1.0,0.00781366804630654,0.00035567601247699223,4.42578125,4.4453125,1.0,1.0,0.0011123138396322116,0.0011063256606251466,4.790364583333334,4.847005208333334
llama3-8b,rome,zsre,zsre_row5765,0.0,1.0,-0.3521381776349126,0.0007863156704347053,-2.1022135416666665,1.229166666666667,0.0,1.0,-0.24250390666292057,0.0003874681083365251,-1.8880208333333333,1.236979166666667,1.0,1.0,0.00034051992487662934,0.00037356205707578423,0.17708333333333304,0.19270833333333304
llama3-8b,rome,zsre,zsre_row13630,1.0,1.0,0.011780947987337472,0.0006659658731112316,1.5849609375,8.842122395833332,1.0,1.0,0.017097920079553117,0.004491790871962587,2.0325520833333335,8.3759765625,1.0,1.0,0.0016870491112626934,0.001787398755444848,2.707682291666667,2.791015625
llama3-8b,rome,zsre,zsre_row14665,0.0,0.0,-0.03702849295952519,-7.547390175214992e-05,-0.453125,-0.9375,0.0,0.0,-0.022909746427705158,-5.741744015257149e-05,-0.43229166666666696,-1.010416666666666,0.0,0.0,-0.0013417362343923545,-0.0013063434363858695,-0.635416666666667,-0.6302083333333339
llama3-8b,rome,zsre,zsre_row12754,0.0,0.0,-0.0034204556922646234,-3.4391511021593954e-05,-0.04166666666666696,-1.913248697916666,0.0,0.0,-0.0011820778568459242,-3.111305875752251e-05,-0.04166666666666696,-2.328776041666666,1.0,1.0,0.00033349792380623494,0.00033523942337776187,0.125,0.125
llama3-8b,rome,zsre,zsre_row8750,0.0,0.0,-0.4498887406283599,-0.007524300123498825,-3.7459742228190103,-2.584635416666666,0.0,0.0,-0.35176038826638073,-0.0021791779745734554,-3.380444844563802,-2.323242187500001,0.0,0.0,-0.0114086441772971,-0.0110073347943846,-1.074544270833333,-1.051106770833333
llama3-8b,rome,zsre,zsre_row4307,0.0,0.0,-0.05437589121715332,-0.0006513936881979944,-2.7395222981770835,-2.615038553873698,0.0,0.0,-0.019857474717953124,-0.0012650730448271925,-1.779459635416667,-3.123046874999999,1.0,1.0,1.246186769557012e-06,5.010301324049982e-07,0.05208333333333215,0.020833333333333925
llama3-8b,rome,zsre,zsre_row18406,1.0,0.0,0.004620791700732927,-2.2599235417684066e-06,2.125,-8.625,1.0,0.0,0.009006213234957495,-3.762862628678296e-05,3.8125,-8.3125,1.0,1.0,0.0034952949513431717,0.0034952949513431717,9.34375,9.34375
llama3-8b,rome,zsre,zsre_row10580,0.0,1.0,-0.002023294443783648,2.3779210758370854e-08,-3.484375,2.9375,0.0,0.0,-0.007604688463563811,-8.40290093151195e-06,-4.4453125,-2.8125,0.0,0.0,-9.86897122709186e-06,-1.1056291473118113e-05,-0.8098958333333339,-0.9231770833333339
llama3-8b,rome,zsre,zsre_row9259,0.0,0.0,0.0,0.0,0.0,0.0,0.0,0.0,0.0,0.0,0.0,0.0,0.0,0.0,0.0,0.0,0.0,0.0
llama3-8b,rome,zsre,zsre_row57,1.0,1.0,0.00010924341865383489,3.5278417152954482e-09,0.9375,1.25,1.0,1.0,0.00010119358282299214,4.8374618227520956e-08,2.0625,1.625,1.0,1.0,6.442576993751882e-08,6.442576993751882e-08,0.5,0.5
llama3-8b,rome,zsre,zsre_row19060,0.0,0.0,-0.002224103557147571,-8.444316739020951e-07,-2.365234375,-8.390625,1.0,0.0,0.0003948739462636846,-3.813611596481883e-06,0.162109375,-7.8984375,0.0,0.0,-1.38443773165627e-05,-1.3005692426012435e-05,-8.9375,-9.0
llama3-8b,rome,zsre,zsre_row16238,0.0,0.0,-0.0021679883926768936,-2.9295139923090184e-05,-3.642578125,-7.4375,0.0,0.0,-0.00032868409768976143,-0.00027615296275862043,-2.0,-3.28125,0.0,0.0,-5.488038306638283e-06,-5.912809197161974e-06,-2.3046875,-2.34375
llama3-8b,rome,zsre,zsre_row9297,0.0,1.0,-0.7404749207131981,0.0019025141090337943,-4.392350260416667,1.998360188802084,0.0,1.0,-0.16439592960563248,0.002079906197859521,-1.7956990559895833,2.1187815348307284,1.0,1.0,0.0023984303498254264,0.0023343904907943648,2.276236979166666,2.273567708333334
llama3-8b,rome,zsre,zsre_row15083,0.0,0.0,-0.1498821909503257,-0.04346408752925459,-2.23638916015625,-6.535980224609375,0.0,0.0,-0.19966129313615544,-0.08484665285115639,-2.33697509765625,-4.736720493861608,0.0,0.0,-0.0015179694803718017,-0.0014248796044774572,-2.0478864397321432,-1.9520089285714288
llama3-8b,rome,zsre,zsre_row18879,0.0,0.0,-0.001910223467176642,-3.551910156122758e-08,-0.13671875,-0.03125,0.0,0.0,-0.0019482603278432164,-2.3519988240211547e-06,-0.23046875,-0.921875,0.0,0.0,-9.146332216414e-06,-9.318118487090671e-06,-0.8125,-0.796875
llama3-8b,rome,zsre,zsre_row495,0.0,0.0,-0.00024390622527626716,-2.769509204704281e-08,-0.375,-3.625,0.0,0.0,-0.0011336734901016502,-2.7203195223447257e-08,-1.3125,-3.125,1.0,0.0,4.2929547646431206e-09,0.0,0.125,0.0
llama3-8b,rome,zsre,zsre_row14921,1.0,1.0,0.003813235229472219,0.003386776361173189,0.25390625,5.56011962890625,1.0,1.0,0.002797618847931376,0.004121440380939681,0.224609375,5.6876220703125,1.0,1.0,0.001310338891633045,0.0013594929291243188,4.044270833333333,4.065104166666667
