model,method,bench,case,category,measure,phase,value
gpt2-xl,alphaedit,counterfact,0,efficacy,success,pre,0.0
gpt2-xl,alphaedit,counterfact,0,efficacy,diff,pre,-0.37617651698075644
gpt2-xl,alphaedit,counterfact,0,efficacy,acc,pre,0.0
gpt2-xl,alphaedit,counterfact,0,generalisation,success,pre,1.0
gpt2-xl,alphaedit,counterfact,0,generalisation,diff,pre,0.0005171306729141865
gpt2-xl,alphaedit,counterfact,0,generalisation,acc,pre,0.0
gpt2-xl,alphaedit,counterfact,0,specificity,success,pre,0.0
gpt2-xl,alphaedit,counterfact,0,specificity,diff,pre,-0.3224642760423937
gpt2-xl,alphaedit,counterfact,0,specificity,acc,pre,0.7
gpt2-xl,alphaedit,counterfact,0,target_close_neighbour,success,pre,1.0
gpt2-xl,alphaedit,counterfact,0,target_close_neighbour,diff,pre,0.07185565722335695
gpt2-xl,alphaedit,counterfact,0,target_close_neighbour,acc,pre,0.4
gpt2-xl,alphaedit,counterfact,0,efficacy,success,post,1.0
gpt2-xl,alphaedit,counterfact,0,efficacy,diff,post,0.992727061362439
gpt2-xl,alphaedit,counterfact,0,efficacy,acc,post,1.0
gpt2-xl,alphaedit,counterfact,0,generalisation,success,post,1.0
gpt2-xl,alphaedit,counterfact,0,generalisation,diff,post,0.02275474633797502
gpt2-xl,alphaedit,counterfact,0,generalisation,acc,post,0.0
gpt2-xl,alphaedit,counterfact,0,specificity,success,post,0.0
gpt2-xl,alphaedit,counterfact,0,specificity,diff,post,-0.32885386701958247
gpt2-xl,alphaedit,counterfact,0,specificity,acc,post,0.7
gpt2-xl,alphaedit,counterfact,0,target_close_neighbour,success,post,1.0
gpt2-xl,alphaedit,counterfact,0,target_close_neighbour,diff,post,0.07639750612771097
gpt2-xl,alphaedit,counterfact,0,target_close_neighbour,acc,post,0.4
gpt2-xl,alphaedit,counterfact,1,efficacy,success,pre,0.0
gpt2-xl,alphaedit,counterfact,1,efficacy,diff,pre,-0.10433664415338888
gpt2-xl,alphaedit,counterfact,1,efficacy,acc,pre,0.0
gpt2-xl,alphaedit,counterfact,1,generalisation,success,pre,0.0
gpt2-xl,alphaedit,counterfact,1,generalisation,diff,pre,-0.0010584796715423853
gpt2-xl,alphaedit,counterfact,1,generalisation,acc,pre,0.0
gpt2-xl,alphaedit,counterfact,1,specificity,success,pre,0.7
gpt2-xl,alphaedit,counterfact,1,specificity,diff,pre,0.025185032982237548
gpt2-xl,alphaedit,counterfact,1,specificity,acc,pre,0.1
gpt2-xl,alphaedit,counterfact,1,target_close_neighbour,success,pre,1.0
gpt2-xl,alphaedit,counterfact,1,target_close_neighbour,diff,pre,0.11009343599061741
gpt2-xl,alphaedit,counterfact,1,target_close_neighbour,acc,pre,0.3
gpt2-xl,alphaedit,counterfact,1,efficacy,success,post,1.0
gpt2-xl,alphaedit,counterfact,1,efficacy,diff,post,0.9924723911535379
gpt2-xl,alphaedit,counterfact,1,efficacy,acc,post,1.0
gpt2-xl,alphaedit,counterfact,1,generalisation,success,post,1.0
gpt2-xl,alphaedit,counterfact,1,generalisation,diff,post,0.131155837184375
gpt2-xl,alphaedit,counterfact,1,generalisation,acc,post,0.0
gpt2-xl,alphaedit,counterfact,1,specificity,success,post,0.7
gpt2-xl,alphaedit,counterfact,1,specificity,diff,post,0.039267747766897364
gpt2-xl,alphaedit,counterfact,1,specificity,acc,post,0.1
gpt2-xl,alphaedit,counterfact,1,target_close_neighbour,success,post,1.0
gpt2-xl,alphaedit,counterfact,1,target_close_neighbour,diff,post,0.12209544145062452
gpt2-xl,alphaedit,counterfact,1,target_close_neighbour,acc,post,0.3
gpt2-xl,alphaedit,counterfact,2,efficacy,success,pre,1.0
gpt2-xl,alphaedit,counterfact,2,efficacy,diff,pre,2.8234194909068148e-05
gpt2-xl,alphaedit,counterfact,2,efficacy,acc,pre,0.0
gpt2-xl,alphaedit,counterfact,2,generalisation,success,pre,0.5
gpt2-xl,alphaedit,counterfact,2,generalisation,diff,pre,0.013870785335809153
gpt2-xl,alphaedit,counterfact,2,generalisation,acc,pre,0.0
gpt2-xl,alphaedit,counterfact,2,specificity,success,pre,0.6
gpt2-xl,alphaedit,counterfact,2,specificity,diff,pre,-0.0022553692823553133
gpt2-xl,alphaedit,counterfact,2,specificity,acc,pre,0.0
gpt2-xl,alphaedit,counterfact,2,target_close_neighbour,success,pre,0.7
gpt2-xl,alphaedit,counterfact,2,target_close_neighbour,diff,pre,0.006844458774199277
gpt2-xl,alphaedit,counterfact,2,target_close_neighbour,acc,pre,0.0
gpt2-xl,alphaedit,counterfact,2,efficacy,success,post,1.0
gpt2-xl,alphaedit,counterfact,2,efficacy,diff,post,0.9907640986511519
gpt2-xl,alphaedit,counterfact,2,efficacy,acc,post,1.0
gpt2-xl,alphaedit,counterfact,2,generalisation,success,post,1.0
gpt2-xl,alphaedit,counterfact,2,generalisation,diff,post,0.47007482711844295
gpt2-xl,alphaedit,counterfact,2,generalisation,acc,post,0.5
gpt2-xl,alphaedit,counterfact,2,specificity,success,post,0.6
gpt2-xl,alphaedit,counterfact,2,specificity,diff,post,-0.002399747902169039
gpt2-xl,alphaedit,counterfact,2,specificity,acc,post,0.0
gpt2-xl,alphaedit,counterfact,2,target_close_neighbour,success,post,0.7
gpt2-xl,alphaedit,counterfact,2,target_close_neighbour,diff,post,0.009339811931097598
gpt2-xl,alphaedit,counterfact,2,target_close_neighbour,acc,post,0.0
gpt2-xl,alphaedit,mquake,1,efficacy,success,pre,0.5
gpt2-xl,alphaedit,mquake,1,efficacy,diff,pre,0.07306973828161172
gpt2-xl,alphaedit,mquake,1,efficacy,acc,pre,0.35714285714285715
gpt2-xl,alphaedit,mquake,1,single_hop,success,pre,0.5
gpt2-xl,alphaedit,mquake,1,single_hop,diff,pre,0.07306973828161172
gpt2-xl,alphaedit,mquake,1,single_hop,acc,pre,0.35714285714285715
gpt2-xl,alphaedit,mquake,1,multihop,hit,pre,0.0
gpt2-xl,alphaedit,mquake,1,efficacy,success,post,1.0
gpt2-xl,alphaedit,mquake,1,efficacy,diff,post,0.9827395884202655
gpt2-xl,alphaedit,mquake,1,efficacy,acc,post,1.0
gpt2-xl,alphaedit,mquake,1,single_hop,success,post,1.0
gpt2-xl,alphaedit,mquake,1,single_hop,diff,post,0.9827395884202655
gpt2-xl,alphaedit,mquake,1,single_hop,acc,post,1.0
gpt2-xl,alphaedit,mquake,1,multihop,hit,post,0.0
gpt2-xl,alphaedit,mquake,2,efficacy,success,pre,0.0
gpt2-xl,alphaedit,mquake,2,efficacy,diff,pre,-0.12840998488189664
gpt2-xl,alphaedit,mquake,2,efficacy,acc,pre,0.0
gpt2-xl,alphaedit,mquake,2,single_hop,success,pre,0.5
gpt2-xl,alphaedit,mquake,2,single_hop,diff,pre,-0.06177679998938742
gpt2-xl,alphaedit,mquake,2,single_hop,acc,pre,0.0
gpt2-xl,alphaedit,mquake,2,multihop,hit,pre,0.0
gpt2-xl,alphaedit,mquake,2,efficacy,success,post,1.0
gpt2-xl,alphaedit,mquake,2,efficacy,diff,post,0.979358092122796
gpt2-xl,alphaedit,mquake,2,efficacy,acc,post,1.0
gpt2-xl,alphaedit,mquake,2,single_hop,success,post,1.0
gpt2-xl,alphaedit,mquake,2,single_hop,diff,post,0.4920345620804876
gpt2-xl,alphaedit,mquake,2,single_hop,acc,post,0.5
gpt2-xl,alphaedit,mquake,2,multihop,hit,post,0.0
gpt2-xl,alphaedit,mquake,3,efficacy,success,pre,0.0
gpt2-xl,alphaedit,mquake,3,efficacy,diff,pre,-0.08145391641925212
gpt2-xl,alphaedit,mquake,3,efficacy,acc,pre,0.5
gpt2-xl,alphaedit,mquake,3,single_hop,success,pre,0.5
gpt2-xl,alphaedit,mquake,3,single_hop,diff,pre,-0.0405034361357399
gpt2-xl,alphaedit,mquake,3,single_hop,acc,pre,0.25
gpt2-xl,alphaedit,mquake,3,multihop,hit,pre,0.0
gpt2-xl,alphaedit,mquake,3,efficacy,success,post,1.0
gpt2-xl,alphaedit,mquake,3,efficacy,diff,post,0.0564453611049176
gpt2-xl,alphaedit,mquake,3,efficacy,acc,post,0.5
gpt2-xl,alphaedit,mquake,3,single_hop,success,post,1.0
gpt2-xl,alphaedit,mquake,3,single_hop,diff,post,0.028501497479977177
gpt2-xl,alphaedit,mquake,3,single_hop,acc,post,0.25
gpt2-xl,alphaedit,mquake,3,multihop,hit,post,0.0
gpt2-xl,alphaedit,ripple,ripple_popular_row0,efficacy,hit,pre,0.0
gpt2-xl,alphaedit,ripple,ripple_popular_row0,ripple_compositional_i,hit,pre,0.0
gpt2-xl,alphaedit,ripple,ripple_popular_row0,ripple_aliasing,hit,pre,0.0
gpt2-xl,alphaedit,ripple,ripple_popular_row0,ripple_relation_specificity,hit,pre,0.0
gpt2-xl,alphaedit,ripple,ripple_popular_row0,ripple_preservation,hit,pre,0.0
gpt2-xl,alphaedit,ripple,ripple_popular_row0,efficacy,hit,post,1.0
gpt2-xl,alphaedit,ripple,ripple_popular_row0,ripple_compositional_i,hit,post,0.42857142857142855
gpt2-xl,alphaedit,ripple,ripple_popular_row0,ripple_aliasing,hit,post,1.0
gpt2-xl,alphaedit,ripple,ripple_popular_row0,ripple_relation_specificity,hit,post,0.1111111111111111
gpt2-xl,alphaedit,ripple,ripple_popular_row0,ripple_preservation,hit,post,0.0
gpt2-xl,alphaedit,ripple,ripple_popular_row2,efficacy,hit,pre,0.0
gpt2-xl,alphaedit,ripple,ripple_popular_row2,ripple_logical,hit,pre,0.0
gpt2-xl,alphaedit,ripple,ripple_popular_row2,ripple_compositional_i,hit,pre,0.0
gpt2-xl,alphaedit,ripple,ripple_popular_row2,ripple_aliasing,hit,pre,0.0
gpt2-xl,alphaedit,ripple,ripple_popular_row2,ripple_relation_specificity,hit,pre,0.0
gpt2-xl,alphaedit,ripple,ripple_popular_row2,ripple_preservation,hit,pre,0.0
gpt2-xl,alphaedit,ripple,ripple_popular_row2,efficacy,hit,post,1.0
gpt2-xl,alphaedit,ripple,ripple_popular_row2,ripple_logical,hit,post,0.0
gpt2-xl,alphaedit,ripple,ripple_popular_row2,ripple_compositional_i,hit,post,0.0
gpt2-xl,alphaedit,ripple,ripple_popular_row2,ripple_aliasing,hit,post,1.0
gpt2-xl,alphaedit,ripple,ripple_popular_row2,ripple_relation_specificity,hit,post,0.1111111111111111
gpt2-xl,alphaedit,ripple,ripple_popular_row2,ripple_preservation,hit,post,0.0
gpt2-xl,alphaedit,ripple,ripple_random_row0,efficacy,hit,pre,0.0
gpt2-xl,alphaedit,ripple,ripple_random_row0,ripple_logical,hit,pre,0.0
gpt2-xl,alphaedit,ripple,ripple_random_row0,ripple_aliasing,hit,pre,0.0
gpt2-xl,alphaedit,ripple,ripple_random_row0,ripple_relation_specificity,hit,pre,0.0
gpt2-xl,alphaedit,ripple,ripple_random_row0,efficacy,hit,post,0.0
gpt2-xl,alphaedit,ripple,ripple_random_row0,ripple_logical,hit,post,0.0
gpt2-xl,alphaedit,ripple,ripple_random_row0,ripple_aliasing,hit,post,0.0
gpt2-xl,alphaedit,ripple,ripple_random_row0,ripple_relation_specificity,hit,post,0.0
gpt2-xl,alphaedit,ripple,ripple_random_row1,efficacy,hit,pre,0.0
gpt2-xl,alphaedit,ripple,ripple_random_row1,ripple_compositional_i,hit,pre,0.0
gpt2-xl,alphaedit,ripple,ripple_random_row1,ripple_aliasing,hit,pre,0.0
gpt2-xl,alphaedit,ripple,ripple_random_row1,ripple_relation_specificity,hit,pre,0.0
gpt2-xl,alphaedit,ripple,ripple_random_row1,efficacy,hit,post,1.0
gpt2-xl,alphaedit,ripple,ripple_random_row1,ripple_compositional_i,hit,post,0.0
gpt2-xl,alphaedit,ripple,ripple_random_row1,ripple_aliasing,hit,post,0.0
gpt2-xl,alphaedit,ripple,ripple_random_row1,ripple_relation_specificity,hit,post,0.0
gpt2-xl,alphaedit,ripple,ripple_random_row2,efficacy,hit,pre,0.0
gpt2-xl,alphaedit,ripple,ripple_random_row2,ripple_compositional_i,hit,pre,0.0
gpt2-xl,alphaedit,ripple,ripple_random_row2,ripple_aliasing,hit,pre,0.0
gpt2-xl,alphaedit,ripple,ripple_random_row2,efficacy,hit,post,1.0
gpt2-xl,alphaedit,ripple,ripple_random_row2,ripple_compositional_i,hit,post,1.0
gpt2-xl,alphaedit,ripple,ripple_random_row2,ripple_aliasing,hit,post,1.0
gpt2-xl,alphaedit,zsre,zsre_row0,efficacy,success,pre,0.0
gpt2-xl,alphaedit,zsre,zsre_row0,efficacy,diff,pre,-0.0005764174707755948
gpt2-xl,alphaedit,zsre,zsre_row0,efficacy,acc,pre,0.3333333333333333
gpt2-xl,alphaedit,zsre,zsre_row0,generalisation,success,pre,0.0
gpt2-xl,alphaedit,zsre,zsre_row0,generalisation,diff,pre,-0.002501691335092246
gpt2-xl,alphaedit,zsre,zsre_row0,generalisation,acc,pre,0.3333333333333333
gpt2-xl,alphaedit,zsre,zsre_row0,specificity,success,pre,1.0
gpt2-xl,alphaedit,zsre,zsre_row0,specificity,diff,pre,0.0002046845795470628
gpt2-xl,alphaedit,zsre,zsre_row0,specificity,acc,pre,0.3333333333333333
gpt2-xl,alphaedit,zsre,zsre_row0,efficacy,success,post,1.0
gpt2-xl,alphaedit,zsre,zsre_row0,efficacy,diff,post,0.9295042024969625
gpt2-xl,alphaedit,zsre,zsre_row0,efficacy,acc,post,1.0
gpt2-xl,alphaedit,zsre,zsre_row0,generalisation,success,post,1.0
gpt2-xl,alphaedit,zsre,zsre_row0,generalisation,diff,post,0.15550902432789665
gpt2-xl,alphaedit,zsre,zsre_row0,generalisation,acc,post,0.6666666666666666
gpt2-xl,alphaedit,zsre,zsre_row0,specificity,success,post,1.0
gpt2-xl,alphaedit,zsre,zsre_row0,specificity,diff,post,0.000317121831884658
gpt2-xl,alphaedit,zsre,zsre_row0,specificity,acc,post,0.3333333333333333
gpt2-xl,alphaedit,zsre,zsre_row1,efficacy,success,pre,0.0
gpt2-xl,alphaedit,zsre,zsre_row1,efficacy,diff,pre,-0.02953277586544776
gpt2-xl,alphaedit,zsre,zsre_row1,efficacy,acc,pre,0.5
gpt2-xl,alphaedit,zsre,zsre_row1,generalisation,success,pre,0.0
gpt2-xl,alphaedit,zsre,zsre_row1,generalisation,diff,pre,-0.01901215584201373
gpt2-xl,alphaedit,zsre,zsre_row1,generalisation,acc,pre,0.0
gpt2-xl,alphaedit,zsre,zsre_row1,specificity,success,pre,0.0
gpt2-xl,alphaedit,zsre,zsre_row1,specificity,diff,pre,-0.005373715503999106
gpt2-xl,alphaedit,zsre,zsre_row1,specificity,acc,pre,0.5
gpt2-xl,alphaedit,zsre,zsre_row1,efficacy,success,post,1.0
gpt2-xl,alphaedit,zsre,zsre_row1,efficacy,diff,post,0.8490024704786816
gpt2-xl,alphaedit,zsre,zsre_row1,efficacy,acc,post,1.0
gpt2-xl,alphaedit,zsre,zsre_row1,generalisation,success,post,1.0
gpt2-xl,alphaedit,zsre,zsre_row1,generalisation,diff,post,0.5738588716734263
gpt2-xl,alphaedit,zsre,zsre_row1,generalisation,acc,post,1.0
gpt2-xl,alphaedit,zsre,zsre_row1,specificity,success,post,0.0
gpt2-xl,alphaedit,zsre,zsre_row1,specificity,diff,post,-0.0053918838903811266
gpt2-xl,alphaedit,zsre,zsre_row1,specificity,acc,post,0.5
gpt2-xl,alphaedit,zsre,zsre_row2,efficacy,success,pre,0.0
gpt2-xl,alphaedit,zsre,zsre_row2,efficacy,diff,pre,-2.442762706981668e-07
gpt2-xl,alphaedit,zsre,zsre_row2,efficacy,acc,pre,0.0
gpt2-xl,alphaedit,zsre,zsre_row2,generalisation,success,pre,0.0
gpt2-xl,alphaedit,zsre,zsre_row2,generalisation,diff,pre,-3.203728883827346e-07
gpt2-xl,alphaedit,zsre,zsre_row2,generalisation,acc,pre,0.0
gpt2-xl,alphaedit,zsre,zsre_row2,specificity,success,pre,0.0
gpt2-xl,alphaedit,zsre,zsre_row2,specificity,diff,pre,-0.004939125528424883
gpt2-xl,alphaedit,zsre,zsre_row2,specificity,acc,pre,0.6666666666666666
gpt2-xl,alphaedit,zsre,zsre_row2,efficacy,success,post,1.0
gpt2-xl,alphaedit,zsre,zsre_row2,efficacy,diff,post,0.9901788144203105
gpt2-xl,alphaedit,zsre,zsre_row2,efficacy,acc,post,1.0
gpt2-xl,alphaedit,zsre,zsre_row2,generalisation,success,post,1.0
gpt2-xl,alphaedit,zsre,zsre_row2,generalisation,diff,post,0.7741660219262021
gpt2-xl,alphaedit,zsre,zsre_row2,generalisation,acc,post,1.0
gpt2-xl,alphaedit,zsre,zsre_row2,specificity,success,post,0.0
gpt2-xl,alphaedit,zsre,zsre_row2,specificity,diff,post,-0.004865703539766212
gpt2-xl,alphaedit,zsre,zsre_row2,specificity,acc,post,0.6666666666666666
gpt2-xl,anyedit,counterfact,0,efficacy,success,pre,0.0
gpt2-xl,anyedit,counterfact,0,efficacy,diff,pre,-0.37617651698075644
gpt2-xl,anyedit,counterfact,0,efficacy,acc,pre,0.0
gpt2-xl,anyedit,counterfact,0,generalisation,success,pre,1.0
gpt2-xl,anyedit,counterfact,0,generalisation,diff,pre,0.0005171306729141865
gpt2-xl,anyedit,counterfact,0,generalisation,acc,pre,0.0
gpt2-xl,anyedit,counterfact,0,specificity,success,pre,0.0
gpt2-xl,anyedit,counterfact,0,specificity,diff,pre,-0.3224642760423937
gpt2-xl,anyedit,counterfact,0,specificity,acc,pre,0.7
gpt2-xl,anyedit,counterfact,0,target_close_neighbour,success,pre,1.0
gpt2-xl,anyedit,counterfact,0,target_close_neighbour,diff,pre,0.07185565722335695
gpt2-xl,anyedit,counterfact,0,target_close_neighbour,acc,pre,0.4
gpt2-xl,anyedit,counterfact,0,efficacy,success,post,1.0
gpt2-xl,anyedit,counterfact,0,efficacy,diff,post,0.9063423891654099
gpt2-xl,anyedit,counterfact,0,efficacy,acc,post,1.0
gpt2-xl,anyedit,counterfact,0,generalisation,success,post,1.0
gpt2-xl,anyedit,counterfact,0,generalisation,diff,post,0.0012333586305641546
gpt2-xl,anyedit,counterfact,0,generalisation,acc,post,0.0
gpt2-xl,anyedit,counterfact,0,specificity,success,post,0.2
gpt2-xl,anyedit,counterfact,0,specificity,diff,post,-0.14894019726443297
gpt2-xl,anyedit,counterfact,0,specificity,acc,post,0.5
gpt2-xl,anyedit,counterfact,0,target_close_neighbour,success,post,1.0
gpt2-xl,anyedit,counterfact,0,target_close_neighbour,diff,post,0.21343831322037854
gpt2-xl,anyedit,counterfact,0,target_close_neighbour,acc,post,0.4
gpt2-xl,anyedit,counterfact,1,efficacy,success,pre,0.0
gpt2-xl,anyedit,counterfact,1,efficacy,diff,pre,-0.10433664415338888
gpt2-xl,anyedit,counterfact,1,efficacy,acc,pre,0.0
gpt2-xl,anyedit,counterfact,1,generalisation,success,pre,0.0
gpt2-xl,anyedit,counterfact,1,generalisation,diff,pre,-0.0010584796715423853
gpt2-xl,anyedit,counterfact,1,generalisation,acc,pre,0.0
gpt2-xl,anyedit,counterfact,1,specificity,success,pre,0.7
gpt2-xl,anyedit,counterfact,1,specificity,diff,pre,0.025185032982237548
gpt2-xl,anyedit,counterfact,1,specificity,acc,pre,0.1
gpt2-xl,anyedit,counterfact,1,target_close_neighbour,success,pre,1.0
gpt2-xl,anyedit,counterfact,1,target_close_neighbour,diff,pre,0.11009343599061741
gpt2-xl,anyedit,counterfact,1,target_close_neighbour,acc,pre,0.3
gpt2-xl,anyedit,counterfact,1,efficacy,success,post,1.0
gpt2-xl,anyedit,counterfact,1,efficacy,diff,post,0.9738283966471458
gpt2-xl,anyedit,counterfact,1,efficacy,acc,post,1.0
gpt2-xl,anyedit,counterfact,1,generalisation,success,post,0.0
gpt2-xl,anyedit,counterfact,1,generalisation,diff,post,-0.001200125383393001
gpt2-xl,anyedit,counterfact,1,generalisation,acc,post,0.0
gpt2-xl,anyedit,counterfact,1,specificity,success,post,1.0
gpt2-xl,anyedit,counterfact,1,specificity,diff,post,0.324923805546047
gpt2-xl,anyedit,counterfact,1,specificity,acc,post,0.0
gpt2-xl,anyedit,counterfact,1,target_close_neighbour,success,post,1.0
gpt2-xl,anyedit,counterfact,1,target_close_neighbour,diff,post,0.2666354121223591
gpt2-xl,anyedit,counterfact,1,target_close_neighbour,acc,post,0.5
gpt2-xl,anyedit,counterfact,2,efficacy,success,pre,1.0
gpt2-xl,anyedit,counterfact,2,efficacy,diff,pre,2.8234194909068148e-05
gpt2-xl,anyedit,counterfact,2,efficacy,acc,pre,0.0
gpt2-xl,anyedit,counterfact,2,generalisation,success,pre,0.5
gpt2-xl,anyedit,counterfact,2,generalisation,diff,pre,0.013870785335809153
gpt2-xl,anyedit,counterfact,2,generalisation,acc,pre,0.0
gpt2-xl,anyedit,counterfact,2,specificity,success,pre,0.6
gpt2-xl,anyedit,counterfact,2,specificity,diff,pre,-0.0022553692823553133
gpt2-xl,anyedit,counterfact,2,specificity,acc,pre,0.0
gpt2-xl,anyedit,counterfact,2,target_close_neighbour,success,pre,0.7
gpt2-xl,anyedit,counterfact,2,target_close_neighbour,diff,pre,0.006844458774199277
gpt2-xl,anyedit,counterfact,2,target_close_neighbour,acc,pre,0.0
gpt2-xl,anyedit,counterfact,2,efficacy,success,post,1.0
gpt2-xl,anyedit,counterfact,2,efficacy,diff,post,0.009369838436115415
gpt2-xl,anyedit,counterfact,2,efficacy,acc,post,0.0
gpt2-xl,anyedit,counterfact,2,generalisation,success,post,0.5
gpt2-xl,anyedit,counterfact,2,generalisation,diff,post,0.020494871133617722
gpt2-xl,anyedit,counterfact,2,generalisation,acc,post,0.0
gpt2-xl,anyedit,counterfact,2,specificity,success,post,0.7
gpt2-xl,anyedit,counterfact,2,specificity,diff,post,0.0015627207523546348
gpt2-xl,anyedit,counterfact,2,specificity,acc,post,0.0
gpt2-xl,anyedit,counterfact,2,target_close_neighbour,success,post,1.0
gpt2-xl,anyedit,counterfact,2,target_close_neighbour,diff,post,0.010290260277793725
gpt2-xl,anyedit,counterfact,2,target_close_neighbour,acc,post,0.1
gpt2-xl,anyedit,mquake,1,efficacy,success,pre,0.5
gpt2-xl,anyedit,mquake,1,efficacy,diff,pre,0.07306973828161172
gpt2-xl,anyedit,mquake,1,efficacy,acc,pre,0.35714285714285715
gpt2-xl,anyedit,mquake,1,single_hop,success,pre,0.5
gpt2-xl,anyedit,mquake,1,single_hop,diff,pre,0.07306973828161172
gpt2-xl,anyedit,mquake,1,single_hop,acc,pre,0.35714285714285715
gpt2-xl,anyedit,mquake,1,multihop,hit,pre,0.0
gpt2-xl,anyedit,mquake,1,efficacy,success,post,1.0
gpt2-xl,anyedit,mquake,1,efficacy,diff,post,0.8984705824211046
gpt2-xl,anyedit,mquake,1,efficacy,acc,post,1.0
gpt2-xl,anyedit,mquake,1,single_hop,success,post,1.0
gpt2-xl,anyedit,mquake,1,single_hop,diff,post,0.8984705824211046
gpt2-xl,anyedit,mquake,1,single_hop,acc,post,1.0
gpt2-xl,anyedit,mquake,1,multihop,hit,post,0.0
gpt2-xl,anyedit,mquake,2,efficacy,success,pre,0.0
gpt2-xl,anyedit,mquake,2,efficacy,diff,pre,-0.12840998488189664
gpt2-xl,anyedit,mquake,2,efficacy,acc,pre,0.0
gpt2-xl,anyedit,mquake,2,single_hop,success,pre,0.5
gpt2-xl,anyedit,mquake,2,single_hop,diff,pre,-0.06177679998938742
gpt2-xl,anyedit,mquake,2,single_hop,acc,pre,0.0
gpt2-xl,anyedit,mquake,2,multihop,hit,pre,0.0
gpt2-xl,anyedit,mquake,2,efficacy,success,post,1.0
gpt2-xl,anyedit,mquake,2,efficacy,diff,post,0.12133246684967408
gpt2-xl,anyedit,mquake,2,efficacy,acc,post,0.6666666666666666
gpt2-xl,anyedit,mquake,2,single_hop,success,post,1.0
gpt2-xl,anyedit,mquake,2,single_hop,diff,post,0.06318901046603277
gpt2-xl,anyedit,mquake,2,single_hop,acc,post,0.3333333333333333
gpt2-xl,anyedit,mquake,2,multihop,hit,post,0.0
gpt2-xl,anyedit,mquake,3,efficacy,success,pre,0.0
gpt2-xl,anyedit,mquake,3,efficacy,diff,pre,-0.08145391641925212
gpt2-xl,anyedit,mquake,3,efficacy,acc,pre,0.5
gpt2-xl,anyedit,mquake,3,single_hop,success,pre,0.5
gpt2-xl,anyedit,mquake,3,single_hop,diff,pre,-0.0405034361357399
gpt2-xl,anyedit,mquake,3,single_hop,acc,pre,0.25
gpt2-xl,anyedit,mquake,3,multihop,hit,pre,0.0
gpt2-xl,anyedit,mquake,3,efficacy,success,post,1.0
gpt2-xl,anyedit,mquake,3,efficacy,diff,post,0.9961884041397466
gpt2-xl,anyedit,mquake,3,efficacy,acc,post,1.0
gpt2-xl,anyedit,mquake,3,single_hop,success,post,1.0
gpt2-xl,anyedit,mquake,3,single_hop,diff,post,0.4982797966606962
gpt2-xl,anyedit,mquake,3,single_hop,acc,post,0.5
gpt2-xl,anyedit,mquake,3,multihop,hit,post,0.3333333333333333
gpt2-xl,anyedit,ripple,ripple_popular_row0,efficacy,hit,pre,0.0
gpt2-xl,anyedit,ripple,ripple_popular_row0,ripple_compositional_i,hit,pre,0.0
gpt2-xl,anyedit,ripple,ripple_popular_row0,ripple_aliasing,hit,pre,0.0
gpt2-xl,anyedit,ripple,ripple_popular_row0,ripple_relation_specificity,hit,pre,0.0
gpt2-xl,anyedit,ripple,ripple_popular_row0,ripple_preservation,hit,pre,0.0
gpt2-xl,anyedit,ripple,ripple_popular_row0,efficacy,hit,post,1.0
gpt2-xl,anyedit,ripple,ripple_popular_row0,ripple_compositional_i,hit,post,0.0
gpt2-xl,anyedit,ripple,ripple_popular_row0,ripple_aliasing,hit,post,1.0
gpt2-xl,anyedit,ripple,ripple_popular_row0,ripple_relation_specificity,hit,post,0.0
gpt2-xl,anyedit,ripple,ripple_popular_row0,ripple_preservation,hit,post,0.0
gpt2-xl,anyedit,ripple,ripple_popular_row2,efficacy,hit,pre,0.0
gpt2-xl,anyedit,ripple,ripple_popular_row2,ripple_logical,hit,pre,0.0
gpt2-xl,anyedit,ripple,ripple_popular_row2,ripple_compositional_i,hit,pre,0.0
gpt2-xl,anyedit,ripple,ripple_popular_row2,ripple_aliasing,hit,pre,0.0
gpt2-xl,anyedit,ripple,ripple_popular_row2,ripple_relation_specificity,hit,pre,0.0
gpt2-xl,anyedit,ripple,ripple_popular_row2,ripple_preservation,hit,pre,0.0
gpt2-xl,anyedit,ripple,ripple_popular_row2,efficacy,hit,post,0.0
gpt2-xl,anyedit,ripple,ripple_popular_row2,ripple_logical,hit,post,0.0
gpt2-xl,anyedit,ripple,ripple_popular_row2,ripple_compositional_i,hit,post,0.0
gpt2-xl,anyedit,ripple,ripple_popular_row2,ripple_aliasing,hit,post,0.8333333333333334
gpt2-xl,anyedit,ripple,ripple_popular_row2,ripple_relation_specificity,hit,post,0.2222222222222222
gpt2-xl,anyedit,ripple,ripple_popular_row2,ripple_preservation,hit,post,0.0
gpt2-xl,anyedit,ripple,ripple_random_row0,efficacy,hit,pre,0.0
gpt2-xl,anyedit,ripple,ripple_random_row0,ripple_logical,hit,pre,0.0
gpt2-xl,anyedit,ripple,ripple_random_row0,ripple_aliasing,hit,pre,0.0
gpt2-xl,anyedit,ripple,ripple_random_row0,ripple_relation_specificity,hit,pre,0.0
gpt2-xl,anyedit,ripple,ripple_random_row0,efficacy,hit,post,0.0
gpt2-xl,anyedit,ripple,ripple_random_row0,ripple_logical,hit,post,0.0
gpt2-xl,anyedit,ripple,ripple_random_row0,ripple_aliasing,hit,post,0.0
gpt2-xl,anyedit,ripple,ripple_random_row0,ripple_relation_specificity,hit,post,0.0
gpt2-xl,anyedit,ripple,ripple_random_row1,efficacy,hit,pre,0.0
gpt2-xl,anyedit,ripple,ripple_random_row1,ripple_compositional_i,hit,pre,0.0
gpt2-xl,anyedit,ripple,ripple_random_row1,ripple_aliasing,hit,pre,0.0
gpt2-xl,anyedit,ripple,ripple_random_row1,ripple_relation_specificity,hit,pre,0.0
gpt2-xl,anyedit,ripple,ripple_random_row1,efficacy,hit,post,1.0
gpt2-xl,anyedit,ripple,ripple_random_row1,ripple_compositional_i,hit,post,0.0
gpt2-xl,anyedit,ripple,ripple_random_row1,ripple_aliasing,hit,post,1.0
gpt2-xl,anyedit,ripple,ripple_random_row1,ripple_relation_specificity,hit,post,0.0
gpt2-xl,anyedit,ripple,ripple_random_row2,efficacy,hit,pre,0.0
gpt2-xl,anyedit,ripple,ripple_random_row2,ripple_compositional_i,hit,pre,0.0
gpt2-xl,anyedit,ripple,ripple_random_row2,ripple_aliasing,hit,pre,0.0
gpt2-xl,anyedit,ripple,ripple_random_row2,efficacy,hit,post,1.0
gpt2-xl,anyedit,ripple,ripple_random_row2,ripple_compositional_i,hit,post,0.0
gpt2-xl,anyedit,ripple,ripple_random_row2,ripple_aliasing,hit,post,0.0
gpt2-xl,anyedit,zsre,zsre_row0,efficacy,success,pre,0.0
gpt2-xl,anyedit,zsre,zsre_row0,efficacy,diff,pre,-0.0005764174707755948
gpt2-xl,anyedit,zsre,zsre_row0,efficacy,acc,pre,0.3333333333333333
gpt2-xl,anyedit,zsre,zsre_row0,generalisation,success,pre,0.0
gpt2-xl,anyedit,zsre,zsre_row0,generalisation,diff,pre,-0.002501691335092246
gpt2-xl,anyedit,zsre,zsre_row0,generalisation,acc,pre,0.3333333333333333
gpt2-xl,anyedit,zsre,zsre_row0,specificity,success,pre,1.0
gpt2-xl,anyedit,zsre,zsre_row0,specificity,diff,pre,0.0002046845795470628
gpt2-xl,anyedit,zsre,zsre_row0,specificity,acc,pre,0.3333333333333333
gpt2-xl,anyedit,zsre,zsre_row0,efficacy,success,post,1.0
gpt2-xl,anyedit,zsre,zsre_row0,efficacy,diff,post,0.5446456643040357
gpt2-xl,anyedit,zsre,zsre_row0,efficacy,acc,post,1.0
gpt2-xl,anyedit,zsre,zsre_row0,generalisation,success,post,1.0
gpt2-xl,anyedit,zsre,zsre_row0,generalisation,diff,post,0.37601197571764167
gpt2-xl,anyedit,zsre,zsre_row0,generalisation,acc,post,0.6666666666666666
gpt2-xl,anyedit,zsre,zsre_row0,specificity,success,post,1.0
gpt2-xl,anyedit,zsre,zsre_row0,specificity,diff,post,0.00031576310258302556
gpt2-xl,anyedit,zsre,zsre_row0,specificity,acc,post,0.3333333333333333
gpt2-xl,anyedit,zsre,zsre_row1,efficacy,success,pre,0.0
gpt2-xl,anyedit,zsre,zsre_row1,efficacy,diff,pre,-0.02953277586544776
gpt2-xl,anyedit,zsre,zsre_row1,efficacy,acc,pre,0.5
gpt2-xl,anyedit,zsre,zsre_row1,generalisation,success,pre,0.0
gpt2-xl,anyedit,zsre,zsre_row1,generalisation,diff,pre,-0.01901215584201373
gpt2-xl,anyedit,zsre,zsre_row1,generalisation,acc,pre,0.0
gpt2-xl,anyedit,zsre,zsre_row1,specificity,success,pre,0.0
gpt2-xl,anyedit,zsre,zsre_row1,specificity,diff,pre,-0.005373715503999106
gpt2-xl,anyedit,zsre,zsre_row1,specificity,acc,pre,0.5
gpt2-xl,anyedit,zsre,zsre_row1,efficacy,success,post,1.0
gpt2-xl,anyedit,zsre,zsre_row1,efficacy,diff,post,0.7404990750069302
gpt2-xl,anyedit,zsre,zsre_row1,efficacy,acc,post,1.0
gpt2-xl,anyedit,zsre,zsre_row1,generalisation,success,post,0.0
gpt2-xl,anyedit,zsre,zsre_row1,generalisation,diff,post,-0.030301214603641827
gpt2-xl,anyedit,zsre,zsre_row1,generalisation,acc,post,0.5
gpt2-xl,anyedit,zsre,zsre_row1,specificity,success,post,0.0
gpt2-xl,anyedit,zsre,zsre_row1,specificity,diff,post,-0.005569998278628577
gpt2-xl,anyedit,zsre,zsre_row1,specificity,acc,post,0.5
gpt2-xl,anyedit,zsre,zsre_row2,efficacy,success,pre,0.0
gpt2-xl,anyedit,zsre,zsre_row2,efficacy,diff,pre,-2.442762706981668e-07
gpt2-xl,anyedit,zsre,zsre_row2,efficacy,acc,pre,0.0
gpt2-xl,anyedit,zsre,zsre_row2,generalisation,success,pre,0.0
gpt2-xl,anyedit,zsre,zsre_row2,generalisation,diff,pre,-3.203728883827346e-07
gpt2-xl,anyedit,zsre,zsre_row2,generalisation,acc,pre,0.0
gpt2-xl,anyedit,zsre,zsre_row2,specificity,success,pre,0.0
gpt2-xl,anyedit,zsre,zsre_row2,specificity,diff,pre,-0.004939125528424883
gpt2-xl,anyedit,zsre,zsre_row2,specificity,acc,pre,0.6666666666666666
gpt2-xl,anyedit,zsre,zsre_row2,efficacy,success,post,1.0
gpt2-xl,anyedit,zsre,zsre_row2,efficacy,diff,post,0.8343802612861575
gpt2-xl,anyedit,zsre,zsre_row2,efficacy,acc,post,1.0
gpt2-xl,anyedit,zsre,zsre_row2,generalisation,success,post,1.0
gpt2-xl,anyedit,zsre,zsre_row2,generalisation,diff,post,0.019098513099517943
gpt2-xl,anyedit,zsre,zsre_row2,generalisation,acc,post,0.0
gpt2-xl,anyedit,zsre,zsre_row2,specificity,success,post,0.0
gpt2-xl,anyedit,zsre,zsre_row2,specificity,diff,post,-0.004865703539766212
gpt2-xl,anyedit,zsre,zsre_row2,specificity,acc,post,0.6666666666666666
gpt2-xl,grace,counterfact,0,efficacy,success,pre,0.0
gpt2-xl,grace,counterfact,0,efficacy,diff,pre,-0.37617651698075644
gpt2-xl,grace,counterfact,0,efficacy,acc,pre,0.0
gpt2-xl,grace,counterfact,0,generalisation,success,pre,1.0
gpt2-xl,grace,counterfact,0,generalisation,diff,pre,0.0005171306729141865
gpt2-xl,grace,counterfact,0,generalisation,acc,pre,0.0
gpt2-xl,grace,counterfact,0,specificity,success,pre,0.0
gpt2-xl,grace,counterfact,0,specificity,diff,pre,-0.3224642760423937
gpt2-xl,grace,counterfact,0,specificity,acc,pre,0.7
gpt2-xl,grace,counterfact,0,target_close_neighbour,success,pre,1.0
gpt2-xl,grace,counterfact,0,target_close_neighbour,diff,pre,0.07185565722335695
gpt2-xl,grace,counterfact,0,target_close_neighbour,acc,pre,0.4
gpt2-xl,grace,counterfact,0,efficacy,success,post,1.0
gpt2-xl,grace,counterfact,0,efficacy,diff,post,0.9996948626281215
gpt2-xl,grace,counterfact,0,efficacy,acc,post,1.0
gpt2-xl,grace,counterfact,0,generalisation,success,post,1.0
gpt2-xl,grace,counterfact,0,generalisation,diff,post,0.0005171306729141865
gpt2-xl,grace,counterfact,0,generalisation,acc,post,0.0
gpt2-xl,grace,counterfact,0,specificity,success,post,0.0
gpt2-xl,grace,counterfact,0,specificity,diff,post,-0.3224642760423937
gpt2-xl,grace,counterfact,0,specificity,acc,post,0.7
gpt2-xl,grace,counterfact,0,target_close_neighbour,success,post,1.0
gpt2-xl,grace,counterfact,0,target_close_neighbour,diff,post,0.07185565722335695
gpt2-xl,grace,counterfact,0,target_close_neighbour,acc,post,0.4
gpt2-xl,grace,counterfact,1,efficacy,success,pre,0.0
gpt2-xl,grace,counterfact,1,efficacy,diff,pre,-0.10433664415338888
gpt2-xl,grace,counterfact,1,efficacy,acc,pre,0.0
gpt2-xl,grace,counterfact,1,generalisation,success,pre,0.0
gpt2-xl,grace,counterfact,1,generalisation,diff,pre,-0.0010584796715423853
gpt2-xl,grace,counterfact,1,generalisation,acc,pre,0.0
gpt2-xl,grace,counterfact,1,specificity,success,pre,0.7
gpt2-xl,grace,counterfact,1,specificity,diff,pre,0.025185032982237548
gpt2-xl,grace,counterfact,1,specificity,acc,pre,0.1
gpt2-xl,grace,counterfact,1,target_close_neighbour,success,pre,1.0
gpt2-xl,grace,counterfact,1,target_close_neighbour,diff,pre,0.11009343599061741
gpt2-xl,grace,counterfact,1,target_close_neighbour,acc,pre,0.3
gpt2-xl,grace,counterfact,1,efficacy,success,post,1.0
gpt2-xl,grace,counterfact,1,efficacy,diff,post,0.998162869518665
gpt2-xl,grace,counterfact,1,efficacy,acc,post,1.0
gpt2-xl,grace,counterfact,1,generalisation,success,post,0.0
gpt2-xl,grace,counterfact,1,generalisation,diff,post,-0.0010584796715423853
gpt2-xl,grace,counterfact,1,generalisation,acc,post,0.0
gpt2-xl,grace,counterfact,1,specificity,success,post,0.7
gpt2-xl,grace,counterfact,1,specificity,diff,post,0.025185032982237548
gpt2-xl,grace,counterfact,1,specificity,acc,post,0.1
gpt2-xl,grace,counterfact,1,target_close_neighbour,success,post,1.0
gpt2-xl,grace,counterfact,1,target_close_neighbour,diff,post,0.11009343599061741
gpt2-xl,grace,counterfact,1,target_close_neighbour,acc,post,0.3
gpt2-xl,grace,counterfact,2,efficacy,success,pre,1.0
gpt2-xl,grace,counterfact,2,efficacy,diff,pre,2.8234194909068148e-05
gpt2-xl,grace,counterfact,2,efficacy,acc,pre,0.0
gpt2-xl,grace,counterfact,2,generalisation,success,pre,0.5
gpt2-xl,grace,counterfact,2,generalisation,diff,pre,0.013870785335809153
gpt2-xl,grace,counterfact,2,generalisation,acc,pre,0.0
gpt2-xl,grace,counterfact,2,specificity,success,pre,0.6
gpt2-xl,grace,counterfact,2,specificity,diff,pre,-0.0022553692823553133
gpt2-xl,grace,counterfact,2,specificity,acc,pre,0.0
gpt2-xl,grace,counterfact,2,target_close_neighbour,success,pre,0.7
gpt2-xl,grace,counterfact,2,target_close_neighbour,diff,pre,0.006844458774199277
gpt2-xl,grace,counterfact,2,target_close_neighbour,acc,pre,0.0
gpt2-xl,grace,counterfact,2,efficacy,success,post,1.0
gpt2-xl,grace,counterfact,2,efficacy,diff,post,0.999735438615062
gpt2-xl,grace,counterfact,2,efficacy,acc,post,1.0
gpt2-xl,grace,counterfact,2,generalisation,success,post,0.5
gpt2-xl,grace,counterfact,2,generalisation,diff,post,0.013870785335809153
gpt2-xl,grace,counterfact,2,generalisation,acc,post,0.0
gpt2-xl,grace,counterfact,2,specificity,success,post,0.6
gpt2-xl,grace,counterfact,2,specificity,diff,post,-0.0022553692823553133
gpt2-xl,grace,counterfact,2,specificity,acc,post,0.0
gpt2-xl,grace,counterfact,2,target_close_neighbour,success,post,0.7
gpt2-xl,grace,counterfact,2,target_close_neighbour,diff,post,0.006844458774199277
gpt2-xl,grace,counterfact,2,target_close_neighbour,acc,post,0.0
gpt2-xl,grace,mquake,1,efficacy,success,pre,0.5
gpt2-xl,grace,mquake,1,efficacy,diff,pre,0.07306973828161172
gpt2-xl,grace,mquake,1,efficacy,acc,pre,0.35714285714285715
gpt2-xl,grace,mquake,1,single_hop,success,pre,0.5
gpt2-xl,grace,mquake,1,single_hop,diff,pre,0.07306973828161172
gpt2-xl,grace,mquake,1,single_hop,acc,pre,0.35714285714285715
gpt2-xl,grace,mquake,1,multihop,hit,pre,0.0
gpt2-xl,grace,mquake,1,efficacy,success,post,1.0
gpt2-xl,grace,mquake,1,efficacy,diff,post,0.9982237353095915
gpt2-xl,grace,mquake,1,efficacy,acc,post,1.0
gpt2-xl,grace,mquake,1,single_hop,success,post,1.0
gpt2-xl,grace,mquake,1,single_hop,diff,post,0.9982237353095915
gpt2-xl,grace,mquake,1,single_hop,acc,post,1.0
gpt2-xl,grace,mquake,1,multihop,hit,post,0.0
gpt2-xl,grace,mquake,2,efficacy,success,pre,0.0
gpt2-xl,grace,mquake,2,efficacy,diff,pre,-0.12840998488189664
gpt2-xl,grace,mquake,2,efficacy,acc,pre,0.0
gpt2-xl,grace,mquake,2,single_hop,success,pre,0.5
gpt2-xl,grace,mquake,2,single_hop,diff,pre,-0.06177679998938742
gpt2-xl,grace,mquake,2,single_hop,acc,pre,0.0
gpt2-xl,grace,mquake,2,multihop,hit,pre,0.0
gpt2-xl,grace,mquake,2,efficacy,success,post,1.0
gpt2-xl,grace,mquake,2,efficacy,diff,post,0.9783527730563908
gpt2-xl,grace,mquake,2,efficacy,acc,post,1.0
gpt2-xl,grace,mquake,2,single_hop,success,post,1.0
gpt2-xl,grace,mquake,2,single_hop,diff,post,0.4916045789797563
gpt2-xl,grace,mquake,2,single_hop,acc,post,0.5
gpt2-xl,grace,mquake,2,multihop,hit,post,0.0
gpt2-xl,grace,mquake,3,efficacy,success,pre,0.0
gpt2-xl,grace,mquake,3,efficacy,diff,pre,-0.08145391641925212
gpt2-xl,grace,mquake,3,efficacy,acc,pre,0.5
gpt2-xl,grace,mquake,3,single_hop,success,pre,0.5
gpt2-xl,grace,mquake,3,single_hop,diff,pre,-0.0405034361357399
gpt2-xl,grace,mquake,3,single_hop,acc,pre,0.25
gpt2-xl,grace,mquake,3,multihop,hit,pre,0.0
gpt2-xl,grace,mquake,3,efficacy,success,post,1.0
gpt2-xl,grace,mquake,3,efficacy,diff,post,0.9954935829232424
gpt2-xl,grace,mquake,3,efficacy,acc,post,1.0
gpt2-xl,grace,mquake,3,single_hop,success,post,1.0
gpt2-xl,grace,mquake,3,single_hop,diff,post,0.49797031353550736
gpt2-xl,grace,mquake,3,single_hop,acc,post,0.5
gpt2-xl,grace,mquake,3,multihop,hit,post,0.0
gpt2-xl,grace,ripple,ripple_popular_row0,efficacy,hit,pre,0.0
gpt2-xl,grace,ripple,ripple_popular_row0,ripple_compositional_i,hit,pre,0.0
gpt2-xl,grace,ripple,ripple_popular_row0,ripple_aliasing,hit,pre,0.0
gpt2-xl,grace,ripple,ripple_popular_row0,ripple_relation_specificity,hit,pre,0.0
gpt2-xl,grace,ripple,ripple_popular_row0,ripple_preservation,hit,pre,0.0
gpt2-xl,grace,ripple,ripple_popular_row0,efficacy,hit,post,1.0
gpt2-xl,grace,ripple,ripple_popular_row0,ripple_compositional_i,hit,post,0.0
gpt2-xl,grace,ripple,ripple_popular_row0,ripple_aliasing,hit,post,0.75
gpt2-xl,grace,ripple,ripple_popular_row0,ripple_relation_specificity,hit,post,0.0
gpt2-xl,grace,ripple,ripple_popular_row0,ripple_preservation,hit,post,0.0
gpt2-xl,grace,ripple,ripple_popular_row2,efficacy,hit,pre,0.0
gpt2-xl,grace,ripple,ripple_popular_row2,ripple_logical,hit,pre,0.0
gpt2-xl,grace,ripple,ripple_popular_row2,ripple_compositional_i,hit,pre,0.0
gpt2-xl,grace,ripple,ripple_popular_row2,ripple_aliasing,hit,pre,0.0
gpt2-xl,grace,ripple,ripple_popular_row2,ripple_relation_specificity,hit,pre,0.0
gpt2-xl,grace,ripple,ripple_popular_row2,ripple_preservation,hit,pre,0.0
gpt2-xl,grace,ripple,ripple_popular_row2,efficacy,hit,post,0.0
gpt2-xl,grace,ripple,ripple_popular_row2,ripple_logical,hit,post,0.0
gpt2-xl,grace,ripple,ripple_popular_row2,ripple_compositional_i,hit,post,0.0
gpt2-xl,grace,ripple,ripple_popular_row2,ripple_aliasing,hit,post,0.5
gpt2-xl,grace,ripple,ripple_popular_row2,ripple_relation_specificity,hit,post,0.0
gpt2-xl,grace,ripple,ripple_popular_row2,ripple_preservation,hit,post,0.0
gpt2-xl,grace,ripple,ripple_random_row0,efficacy,hit,pre,0.0
gpt2-xl,grace,ripple,ripple_random_row0,ripple_logical,hit,pre,0.0
gpt2-xl,grace,ripple,ripple_random_row0,ripple_aliasing,hit,pre,0.0
gpt2-xl,grace,ripple,ripple_random_row0,ripple_relation_specificity,hit,pre,0.0
gpt2-xl,grace,ripple,ripple_random_row0,efficacy,hit,post,0.0
gpt2-xl,grace,ripple,ripple_random_row0,ripple_logical,hit,post,0.0
gpt2-xl,grace,ripple,ripple_random_row0,ripple_aliasing,hit,post,0.0
gpt2-xl,grace,ripple,ripple_random_row0,ripple_relation_specificity,hit,post,0.0
gpt2-xl,grace,ripple,ripple_random_row1,efficacy,hit,pre,0.0
gpt2-xl,grace,ripple,ripple_random_row1,ripple_compositional_i,hit,pre,0.0
gpt2-xl,grace,ripple,ripple_random_row1,ripple_aliasing,hit,pre,0.0
gpt2-xl,grace,ripple,ripple_random_row1,ripple_relation_specificity,hit,pre,0.0
gpt2-xl,grace,ripple,ripple_random_row1,efficacy,hit,post,1.0
gpt2-xl,grace,ripple,ripple_random_row1,ripple_compositional_i,hit,post,0.0
gpt2-xl,grace,ripple,ripple_random_row1,ripple_aliasing,hit,post,0.0
gpt2-xl,grace,ripple,ripple_random_row1,ripple_relation_specificity,hit,post,0.0
gpt2-xl,grace,ripple,ripple_random_row2,efficacy,hit,pre,0.0
gpt2-xl,grace,ripple,ripple_random_row2,ripple_compositional_i,hit,pre,0.0
gpt2-xl,grace,ripple,ripple_random_row2,ripple_aliasing,hit,pre,0.0
gpt2-xl,grace,ripple,ripple_random_row2,efficacy,hit,post,1.0
gpt2-xl,grace,ripple,ripple_random_row2,ripple_compositional_i,hit,post,0.0
gpt2-xl,grace,ripple,ripple_random_row2,ripple_aliasing,hit,post,0.0
gpt2-xl,grace,zsre,zsre_row0,efficacy,success,pre,0.0
gpt2-xl,grace,zsre,zsre_row0,efficacy,diff,pre,-0.0005764174707755948
gpt2-xl,grace,zsre,zsre_row0,efficacy,acc,pre,0.3333333333333333
gpt2-xl,grace,zsre,zsre_row0,generalisation,success,pre,0.0
gpt2-xl,grace,zsre,zsre_row0,generalisation,diff,pre,-0.002501691335092246
gpt2-xl,grace,zsre,zsre_row0,generalisation,acc,pre,0.3333333333333333
gpt2-xl,grace,zsre,zsre_row0,specificity,success,pre,1.0
gpt2-xl,grace,zsre,zsre_row0,specificity,diff,pre,0.0002046845795470628
gpt2-xl,grace,zsre,zsre_row0,specificity,acc,pre,0.3333333333333333
gpt2-xl,grace,zsre,zsre_row0,efficacy,success,post,1.0
gpt2-xl,grace,zsre,zsre_row0,efficacy,diff,post,0.9958023649718799
gpt2-xl,grace,zsre,zsre_row0,efficacy,acc,post,1.0
gpt2-xl,grace,zsre,zsre_row0,generalisation,success,post,0.0
gpt2-xl,grace,zsre,zsre_row0,generalisation,diff,post,-0.002501691335092246
gpt2-xl,grace,zsre,zsre_row0,generalisation,acc,post,0.3333333333333333
gpt2-xl,grace,zsre,zsre_row0,specificity,success,post,1.0
gpt2-xl,grace,zsre,zsre_row0,specificity,diff,post,0.0002046845795470628
gpt2-xl,grace,zsre,zsre_row0,specificity,acc,post,0.3333333333333333
gpt2-xl,grace,zsre,zsre_row1,efficacy,success,pre,0.0
gpt2-xl,grace,zsre,zsre_row1,efficacy,diff,pre,-0.02953277586544776
gpt2-xl,grace,zsre,zsre_row1,efficacy,acc,pre,0.5
gpt2-xl,grace,zsre,zsre_row1,generalisation,success,pre,0.0
gpt2-xl,grace,zsre,zsre_row1,generalisation,diff,pre,-0.01901215584201373
gpt2-xl,grace,zsre,zsre_row1,generalisation,acc,pre,0.0
gpt2-xl,grace,zsre,zsre_row1,specificity,success,pre,0.0
gpt2-xl,grace,zsre,zsre_row1,specificity,diff,pre,-0.005373715503999106
gpt2-xl,grace,zsre,zsre_row1,specificity,acc,pre,0.5
gpt2-xl,grace,zsre,zsre_row1,efficacy,success,post,1.0
gpt2-xl,grace,zsre,zsre_row1,efficacy,diff,post,0.9351785425505823
gpt2-xl,grace,zsre,zsre_row1,efficacy,acc,post,1.0
gpt2-xl,grace,zsre,zsre_row1,generalisation,success,post,0.0
gpt2-xl,grace,zsre,zsre_row1,generalisation,diff,post,-0.01901215584201373
gpt2-xl,grace,zsre,zsre_row1,generalisation,acc,post,0.0
gpt2-xl,grace,zsre,zsre_row1,specificity,success,post,0.0
gpt2-xl,grace,zsre,zsre_row1,specificity,diff,post,-0.005373715503999106
gpt2-xl,grace,zsre,zsre_row1,specificity,acc,post,0.5
gpt2-xl,grace,zsre,zsre_row2,efficacy,success,pre,0.0
gpt2-xl,grace,zsre,zsre_row2,efficacy,diff,pre,-2.442762706981668e-07
gpt2-xl,grace,zsre,zsre_row2,efficacy,acc,pre,0.0
gpt2-xl,grace,zsre,zsre_row2,generalisation,success,pre,0.0
gpt2-xl,grace,zsre,zsre_row2,generalisation,diff,pre,-3.203728883827346e-07
gpt2-xl,grace,zsre,zsre_row2,generalisation,acc,pre,0.0
gpt2-xl,grace,zsre,zsre_row2,specificity,success,pre,0.0
gpt2-xl,grace,zsre,zsre_row2,specificity,diff,pre,-0.004939125528424883
gpt2-xl,grace,zsre,zsre_row2,specificity,acc,pre,0.6666666666666666
gpt2-xl,grace,zsre,zsre_row2,efficacy,success,post,1.0
gpt2-xl,grace,zsre,zsre_row2,efficacy,diff,post,0.9987984069507816
gpt2-xl,grace,zsre,zsre_row2,efficacy,acc,post,1.0
gpt2-xl,grace,zsre,zsre_row2,generalisation,success,post,0.0
gpt2-xl,grace,zsre,zsre_row2,generalisation,diff,post,-3.203728883827346e-07
gpt2-xl,grace,zsre,zsre_row2,generalisation,acc,post,0.0
gpt2-xl,grace,zsre,zsre_row2,specificity,success,post,0.0
gpt2-xl,grace,zsre,zsre_row2,specificity,diff,post,-0.004939125528424883
gpt2-xl,grace,zsre,zsre_row2,specificity,acc,post,0.6666666666666666
gpt2-xl,memit,counterfact,0,efficacy,success,pre,0.0
gpt2-xl,memit,counterfact,0,efficacy,diff,pre,-0.37617651698075644
gpt2-xl,memit,counterfact,0,efficacy,acc,pre,0.0
gpt2-xl,memit,counterfact,0,generalisation,success,pre,1.0
gpt2-xl,memit,counterfact,0,generalisation,diff,pre,0.0005171306729141865
gpt2-xl,memit,counterfact,0,generalisation,acc,pre,0.0
gpt2-xl,memit,counterfact,0,specificity,success,pre,0.0
gpt2-xl,memit,counterfact,0,specificity,diff,pre,-0.3224642760423937
gpt2-xl,memit,counterfact,0,specificity,acc,pre,0.7
gpt2-xl,memit,counterfact,0,target_close_neighbour,success,pre,1.0
gpt2-xl,memit,counterfact,0,target_close_neighbour,diff,pre,0.07185565722335695
gpt2-xl,memit,counterfact,0,target_close_neighbour,acc,pre,0.4
gpt2-xl,memit,counterfact,0,efficacy,success,post,1.0
gpt2-xl,memit,counterfact,0,efficacy,diff,post,0.993538149759369
gpt2-xl,memit,counterfact,0,efficacy,acc,post,1.0
gpt2-xl,memit,counterfact,0,generalisation,success,post,1.0
gpt2-xl,memit,counterfact,0,generalisation,diff,post,0.008585045954116832
gpt2-xl,memit,counterfact,0,generalisation,acc,post,0.0
gpt2-xl,memit,counterfact,0,specificity,success,post,0.0
gpt2-xl,memit,counterfact,0,specificity,diff,post,-0.3244653434925393
gpt2-xl,memit,counterfact,0,specificity,acc,post,0.7
gpt2-xl,memit,counterfact,0,target_close_neighbour,success,post,1.0
gpt2-xl,memit,counterfact,0,target_close_neighbour,diff,post,0.07596584204944476
gpt2-xl,memit,counterfact,0,target_close_neighbour,acc,post,0.4
gpt2-xl,memit,counterfact,1,efficacy,success,pre,0.0
gpt2-xl,memit,counterfact,1,efficacy,diff,pre,-0.10433664415338888
gpt2-xl,memit,counterfact,1,efficacy,acc,pre,0.0
gpt2-xl,memit,counterfact,1,generalisation,success,pre,0.0
gpt2-xl,memit,counterfact,1,generalisation,diff,pre,-0.0010584796715423853
gpt2-xl,memit,counterfact,1,generalisation,acc,pre,0.0
gpt2-xl,memit,counterfact,1,specificity,success,pre,0.7
gpt2-xl,memit,counterfact,1,specificity,diff,pre,0.025185032982237548
gpt2-xl,memit,counterfact,1,specificity,acc,pre,0.1
gpt2-xl,memit,counterfact,1,target_close_neighbour,success,pre,1.0
gpt2-xl,memit,counterfact,1,target_close_neighbour,diff,pre,0.11009343599061741
gpt2-xl,memit,counterfact,1,target_close_neighbour,acc,pre,0.3
gpt2-xl,memit,counterfact,1,efficacy,success,post,1.0
gpt2-xl,memit,counterfact,1,efficacy,diff,post,0.9836621372626636
gpt2-xl,memit,counterfact,1,efficacy,acc,post,1.0
gpt2-xl,memit,counterfact,1,generalisation,success,post,1.0
gpt2-xl,memit,counterfact,1,generalisation,diff,post,0.03234545982136788
gpt2-xl,memit,counterfact,1,generalisation,acc,post,0.0
gpt2-xl,memit,counterfact,1,specificity,success,post,0.7
gpt2-xl,memit,counterfact,1,specificity,diff,post,0.03236711744307012
gpt2-xl,memit,counterfact,1,specificity,acc,post,0.1
gpt2-xl,memit,counterfact,1,target_close_neighbour,success,post,1.0
gpt2-xl,memit,counterfact,1,target_close_neighbour,diff,post,0.1148903701949628
gpt2-xl,memit,counterfact,1,target_close_neighbour,acc,post,0.2
gpt2-xl,memit,counterfact,2,efficacy,success,pre,1.0
gpt2-xl,memit,counterfact,2,efficacy,diff,pre,2.8234194909068148e-05
gpt2-xl,memit,counterfact,2,efficacy,acc,pre,0.0
gpt2-xl,memit,counterfact,2,generalisation,success,pre,0.5
gpt2-xl,memit,counterfact,2,generalisation,diff,pre,0.013870785335809153
gpt2-xl,memit,counterfact,2,generalisation,acc,pre,0.0
gpt2-xl,memit,counterfact,2,specificity,success,pre,0.6
gpt2-xl,memit,counterfact,2,specificity,diff,pre,-0.0022553692823553133
gpt2-xl,memit,counterfact,2,specificity,acc,pre,0.0
gpt2-xl,memit,counterfact,2,target_close_neighbour,success,pre,0.7
gpt2-xl,memit,counterfact,2,target_close_neighbour,diff,pre,0.006844458774199277
gpt2-xl,memit,counterfact,2,target_close_neighbour,acc,pre,0.0
gpt2-xl,memit,counterfact,2,efficacy,success,post,1.0
gpt2-xl,memit,counterfact,2,efficacy,diff,post,0.8201335560076544
gpt2-xl,memit,counterfact,2,efficacy,acc,post,1.0
gpt2-xl,memit,counterfact,2,generalisation,success,post,1.0
gpt2-xl,memit,counterfact,2,generalisation,diff,post,0.3443916595266168
gpt2-xl,memit,counterfact,2,generalisation,acc,post,0.5
gpt2-xl,memit,counterfact,2,specificity,success,post,0.7
gpt2-xl,memit,counterfact,2,specificity,diff,post,-0.0013743335223287058
gpt2-xl,memit,counterfact,2,specificity,acc,post,0.0
gpt2-xl,memit,counterfact,2,target_close_neighbour,success,post,0.7
gpt2-xl,memit,counterfact,2,target_close_neighbour,diff,post,0.008040275482485258
gpt2-xl,memit,counterfact,2,target_close_neighbour,acc,post,0.0
gpt2-xl,memit,mquake,1,efficacy,success,pre,0.5
gpt2-xl,memit,mquake,1,efficacy,diff,pre,0.07306973828161172
gpt2-xl,memit,mquake,1,efficacy,acc,pre,0.35714285714285715
gpt2-xl,memit,mquake,1,single_hop,success,pre,0.5
gpt2-xl,memit,mquake,1,single_hop,diff,pre,0.07306973828161172
gpt2-xl,memit,mquake,1,single_hop,acc,pre,0.35714285714285715
gpt2-xl,memit,mquake,1,multihop,hit,pre,0.0
gpt2-xl,memit,mquake,1,efficacy,success,post,1.0
gpt2-xl,memit,mquake,1,efficacy,diff,post,0.7324317882169666
gpt2-xl,memit,mquake,1,efficacy,acc,post,0.9285714285714286
gpt2-xl,memit,mquake,1,single_hop,success,post,1.0
gpt2-xl,memit,mquake,1,single_hop,diff,post,0.7324317882169666
gpt2-xl,memit,mquake,1,single_hop,acc,post,0.9285714285714286
gpt2-xl,memit,mquake,1,multihop,hit,post,0.0
gpt2-xl,memit,mquake,2,efficacy,success,pre,0.0
gpt2-xl,memit,mquake,2,efficacy,diff,pre,-0.12840998488189664
gpt2-xl,memit,mquake,2,efficacy,acc,pre,0.0
gpt2-xl,memit,mquake,2,single_hop,success,pre,0.5
gpt2-xl,memit,mquake,2,single_hop,diff,pre,-0.06177679998938742
gpt2-xl,memit,mquake,2,single_hop,acc,pre,0.0
gpt2-xl,memit,mquake,2,multihop,hit,pre,0.0
gpt2-xl,memit,mquake,2,efficacy,success,post,1.0
gpt2-xl,memit,mquake,2,efficacy,diff,post,0.9630287321597059
gpt2-xl,memit,mquake,2,efficacy,acc,post,1.0
gpt2-xl,memit,mquake,2,single_hop,success,post,1.0
gpt2-xl,memit,mquake,2,single_hop,diff,post,0.4837475268397128
gpt2-xl,memit,mquake,2,single_hop,acc,post,0.5
gpt2-xl,memit,mquake,2,multihop,hit,post,0.0
gpt2-xl,memit,mquake,3,efficacy,success,pre,0.0
gpt2-xl,memit,mquake,3,efficacy,diff,pre,-0.08145391641925212
gpt2-xl,memit,mquake,3,efficacy,acc,pre,0.5
gpt2-xl,memit,mquake,3,single_hop,success,pre,0.5
gpt2-xl,memit,mquake,3,single_hop,diff,pre,-0.0405034361357399
gpt2-xl,memit,mquake,3,single_hop,acc,pre,0.25
gpt2-xl,memit,mquake,3,multihop,hit,pre,0.0
gpt2-xl,memit,mquake,3,efficacy,success,post,0.0
gpt2-xl,memit,mquake,3,efficacy,diff,post,-0.06052024683607324
gpt2-xl,memit,mquake,3,efficacy,acc,post,0.5
gpt2-xl,memit,mquake,3,single_hop,success,post,0.5
gpt2-xl,memit,mquake,3,single_hop,diff,post,-0.030029323802175614
gpt2-xl,memit,mquake,3,single_hop,acc,post,0.25
gpt2-xl,memit,mquake,3,multihop,hit,post,0.0
gpt2-xl,memit,ripple,ripple_popular_row0,efficacy,hit,pre,0.0
gpt2-xl,memit,ripple,ripple_popular_row0,ripple_compositional_i,hit,pre,0.0
gpt2-xl,memit,ripple,ripple_popular_row0,ripple_aliasing,hit,pre,0.0
gpt2-xl,memit,ripple,ripple_popular_row0,ripple_relation_specificity,hit,pre,0.0
gpt2-xl,memit,ripple,ripple_popular_row0,ripple_preservation,hit,pre,0.0
gpt2-xl,memit,ripple,ripple_popular_row0,efficacy,hit,post,1.0
gpt2-xl,memit,ripple,ripple_popular_row0,ripple_compositional_i,hit,post,0.2857142857142857
gpt2-xl,memit,ripple,ripple_popular_row0,ripple_aliasing,hit,post,1.0
gpt2-xl,memit,ripple,ripple_popular_row0,ripple_relation_specificity,hit,post,0.0
gpt2-xl,memit,ripple,ripple_popular_row0,ripple_preservation,hit,post,0.0
gpt2-xl,memit,ripple,ripple_popular_row2,efficacy,hit,pre,0.0
gpt2-xl,memit,ripple,ripple_popular_row2,ripple_logical,hit,pre,0.0
gpt2-xl,memit,ripple,ripple_popular_row2,ripple_compositional_i,hit,pre,0.0
gpt2-xl,memit,ripple,ripple_popular_row2,ripple_aliasing,hit,pre,0.0
gpt2-xl,memit,ripple,ripple_popular_row2,ripple_relation_specificity,hit,pre,0.0
gpt2-xl,memit,ripple,ripple_popular_row2,ripple_preservation,hit,pre,0.0
gpt2-xl,memit,ripple,ripple_popular_row2,efficacy,hit,post,1.0
gpt2-xl,memit,ripple,ripple_popular_row2,ripple_logical,hit,post,0.0
gpt2-xl,memit,ripple,ripple_popular_row2,ripple_compositional_i,hit,post,0.0
gpt2-xl,memit,ripple,ripple_popular_row2,ripple_aliasing,hit,post,1.0
gpt2-xl,memit,ripple,ripple_popular_row2,ripple_relation_specificity,hit,post,0.1111111111111111
gpt2-xl,memit,ripple,ripple_popular_row2,ripple_preservation,hit,post,0.0
gpt2-xl,memit,ripple,ripple_random_row0,efficacy,hit,pre,0.0
gpt2-xl,memit,ripple,ripple_random_row0,ripple_logical,hit,pre,0.0
gpt2-xl,memit,ripple,ripple_random_row0,ripple_aliasing,hit,pre,0.0
gpt2-xl,memit,ripple,ripple_random_row0,ripple_relation_specificity,hit,pre,0.0
gpt2-xl,memit,ripple,ripple_random_row0,efficacy,hit,post,1.0
gpt2-xl,memit,ripple,ripple_random_row0,ripple_logical,hit,post,0.0
gpt2-xl,memit,ripple,ripple_random_row0,ripple_aliasing,hit,post,0.0
gpt2-xl,memit,ripple,ripple_random_row0,ripple_relation_specificity,hit,post,0.0
gpt2-xl,memit,ripple,ripple_random_row1,efficacy,hit,pre,0.0
gpt2-xl,memit,ripple,ripple_random_row1,ripple_compositional_i,hit,pre,0.0
gpt2-xl,memit,ripple,ripple_random_row1,ripple_aliasing,hit,pre,0.0
gpt2-xl,memit,ripple,ripple_random_row1,ripple_relation_specificity,hit,pre,0.0
gpt2-xl,memit,ripple,ripple_random_row1,efficacy,hit,post,1.0
gpt2-xl,memit,ripple,ripple_random_row1,ripple_compositional_i,hit,post,0.0
gpt2-xl,memit,ripple,ripple_random_row1,ripple_aliasing,hit,post,0.0
gpt2-xl,memit,ripple,ripple_random_row1,ripple_relation_specificity,hit,post,0.0
gpt2-xl,memit,ripple,ripple_random_row2,efficacy,hit,pre,0.0
gpt2-xl,memit,ripple,ripple_random_row2,ripple_compositional_i,hit,pre,0.0
gpt2-xl,memit,ripple,ripple_random_row2,ripple_aliasing,hit,pre,0.0
gpt2-xl,memit,ripple,ripple_random_row2,efficacy,hit,post,1.0
gpt2-xl,memit,ripple,ripple_random_row2,ripple_compositional_i,hit,post,1.0
gpt2-xl,memit,ripple,ripple_random_row2,ripple_aliasing,hit,post,0.0
gpt2-xl,memit,zsre,zsre_row0,efficacy,success,pre,0.0
gpt2-xl,memit,zsre,zsre_row0,efficacy,diff,pre,-0.0005764174707755948
gpt2-xl,memit,zsre,zsre_row0,efficacy,acc,pre,0.3333333333333333
gpt2-xl,memit,zsre,zsre_row0,generalisation,success,pre,0.0
gpt2-xl,memit,zsre,zsre_row0,generalisation,diff,pre,-0.002501691335092246
gpt2-xl,memit,zsre,zsre_row0,generalisation,acc,pre,0.3333333333333333
gpt2-xl,memit,zsre,zsre_row0,specificity,success,pre,1.0
gpt2-xl,memit,zsre,zsre_row0,specificity,diff,pre,0.0002046845795470628
gpt2-xl,memit,zsre,zsre_row0,specificity,acc,pre,0.3333333333333333
gpt2-xl,memit,zsre,zsre_row0,efficacy,success,post,1.0
gpt2-xl,memit,zsre,zsre_row0,efficacy,diff,post,0.9846739545795892
gpt2-xl,memit,zsre,zsre_row0,efficacy,acc,post,1.0
gpt2-xl,memit,zsre,zsre_row0,generalisation,success,post,1.0
gpt2-xl,memit,zsre,zsre_row0,generalisation,diff,post,0.8231409584530092
gpt2-xl,memit,zsre,zsre_row0,generalisation,acc,post,1.0
gpt2-xl,memit,zsre,zsre_row0,specificity,success,post,1.0
gpt2-xl,memit,zsre,zsre_row0,specificity,diff,post,0.00033352249092940753
gpt2-xl,memit,zsre,zsre_row0,specificity,acc,post,0.3333333333333333
gpt2-xl,memit,zsre,zsre_row1,efficacy,success,pre,0.0
gpt2-xl,memit,zsre,zsre_row1,efficacy,diff,pre,-0.02953277586544776
gpt2-xl,memit,zsre,zsre_row1,efficacy,acc,pre,0.5
gpt2-xl,memit,zsre,zsre_row1,generalisation,success,pre,0.0
gpt2-xl,memit,zsre,zsre_row1,generalisation,diff,pre,-0.01901215584201373
gpt2-xl,memit,zsre,zsre_row1,generalisation,acc,pre,0.0
gpt2-xl,memit,zsre,zsre_row1,specificity,success,pre,0.0
gpt2-xl,memit,zsre,zsre_row1,specificity,diff,pre,-0.005373715503999106
gpt2-xl,memit,zsre,zsre_row1,specificity,acc,pre,0.5
gpt2-xl,memit,zsre,zsre_row1,efficacy,success,post,1.0
gpt2-xl,memit,zsre,zsre_row1,efficacy,diff,post,0.5305250778981269
gpt2-xl,memit,zsre,zsre_row1,efficacy,acc,post,0.75
gpt2-xl,memit,zsre,zsre_row1,generalisation,success,post,1.0
gpt2-xl,memit,zsre,zsre_row1,generalisation,diff,post,0.1992266373856174
gpt2-xl,memit,zsre,zsre_row1,generalisation,acc,post,0.5
gpt2-xl,memit,zsre,zsre_row1,specificity,success,post,0.0
gpt2-xl,memit,zsre,zsre_row1,specificity,diff,post,-0.005591621198738872
gpt2-xl,memit,zsre,zsre_row1,specificity,acc,post,0.5
gpt2-xl,memit,zsre,zsre_row2,efficacy,success,pre,0.0
gpt2-xl,memit,zsre,zsre_row2,efficacy,diff,pre,-2.442762706981668e-07
gpt2-xl,memit,zsre,zsre_row2,efficacy,acc,pre,0.0
gpt2-xl,memit,zsre,zsre_row2,generalisation,success,pre,0.0
gpt2-xl,memit,zsre,zsre_row2,generalisation,diff,pre,-3.203728883827346e-07
gpt2-xl,memit,zsre,zsre_row2,generalisation,acc,pre,0.0
gpt2-xl,memit,zsre,zsre_row2,specificity,success,pre,0.0
gpt2-xl,memit,zsre,zsre_row2,specificity,diff,pre,-0.004939125528424883
gpt2-xl,memit,zsre,zsre_row2,specificity,acc,pre,0.6666666666666666
gpt2-xl,memit,zsre,zsre_row2,efficacy,success,post,1.0
gpt2-xl,memit,zsre,zsre_row2,efficacy,diff,post,0.9610383525333451
gpt2-xl,memit,zsre,zsre_row2,efficacy,acc,post,1.0
gpt2-xl,memit,zsre,zsre_row2,generalisation,success,post,1.0
gpt2-xl,memit,zsre,zsre_row2,generalisation,diff,post,0.1529105510683601
gpt2-xl,memit,zsre,zsre_row2,generalisation,acc,post,1.0
gpt2-xl,memit,zsre,zsre_row2,specificity,success,post,0.0
gpt2-xl,memit,zsre,zsre_row2,specificity,diff,post,-0.004791838898821039
gpt2-xl,memit,zsre,zsre_row2,specificity,acc,post,0.6666666666666666
gpt2-xl,remedi,counterfact,0,efficacy,success,pre,0.0
gpt2-xl,remedi,counterfact,0,efficacy,diff,pre,-0.37617651698075644
gpt2-xl,remedi,counterfact,0,efficacy,acc,pre,0.0
gpt2-xl,remedi,counterfact,0,generalisation,success,pre,1.0
gpt2-xl,remedi,counterfact,0,generalisation,diff,pre,0.0005171306729141865
gpt2-xl,remedi,counterfact,0,generalisation,acc,pre,0.0
gpt2-xl,remedi,counterfact,0,specificity,success,pre,0.0
gpt2-xl,remedi,counterfact,0,specificity,diff,pre,-0.3224642760423937
gpt2-xl,remedi,counterfact,0,specificity,acc,pre,0.7
gpt2-xl,remedi,counterfact,0,target_close_neighbour,success,pre,1.0
gpt2-xl,remedi,counterfact,0,target_close_neighbour,diff,pre,0.07185565722335695
gpt2-xl,remedi,counterfact,0,target_close_neighbour,acc,pre,0.4
gpt2-xl,remedi,counterfact,0,efficacy,success,post,1.0
gpt2-xl,remedi,counterfact,0,efficacy,diff,post,0.018303975198992975
gpt2-xl,remedi,counterfact,0,efficacy,acc,post,1.0
gpt2-xl,remedi,counterfact,0,generalisation,success,post,1.0
gpt2-xl,remedi,counterfact,0,generalisation,diff,post,0.1129411200478743
gpt2-xl,remedi,counterfact,0,generalisation,acc,post,0.0
gpt2-xl,remedi,counterfact,0,specificity,success,post,0.0
gpt2-xl,remedi,counterfact,0,specificity,diff,post,-0.3224642760423937
gpt2-xl,remedi,counterfact,0,specificity,acc,post,0.7
gpt2-xl,remedi,counterfact,0,target_close_neighbour,success,post,1.0
gpt2-xl,remedi,counterfact,0,target_close_neighbour,diff,post,0.07185565722335695
gpt2-xl,remedi,counterfact,0,target_close_neighbour,acc,post,0.4
gpt2-xl,remedi,counterfact,1,efficacy,success,pre,0.0
gpt2-xl,remedi,counterfact,1,efficacy,diff,pre,-0.10433664415338888
gpt2-xl,remedi,counterfact,1,efficacy,acc,pre,0.0
gpt2-xl,remedi,counterfact,1,generalisation,success,pre,0.0
gpt2-xl,remedi,counterfact,1,generalisation,diff,pre,-0.0010584796715423853
gpt2-xl,remedi,counterfact,1,generalisation,acc,pre,0.0
gpt2-xl,remedi,counterfact,1,specificity,success,pre,0.7
gpt2-xl,remedi,counterfact,1,specificity,diff,pre,0.025185032982237548
gpt2-xl,remedi,counterfact,1,specificity,acc,pre,0.1
gpt2-xl,remedi,counterfact,1,target_close_neighbour,success,pre,1.0
gpt2-xl,remedi,counterfact,1,target_close_neighbour,diff,pre,0.11009343599061741
gpt2-xl,remedi,counterfact,1,target_close_neighbour,acc,pre,0.3
gpt2-xl,remedi,counterfact,1,efficacy,success,post,1.0
gpt2-xl,remedi,counterfact,1,efficacy,diff,post,0.16970282706320516
gpt2-xl,remedi,counterfact,1,efficacy,acc,post,1.0
gpt2-xl,remedi,counterfact,1,generalisation,success,post,1.0
gpt2-xl,remedi,counterfact,1,generalisation,diff,post,0.02139542998505885
gpt2-xl,remedi,counterfact,1,generalisation,acc,post,0.0
gpt2-xl,remedi,counterfact,1,specificity,success,post,0.7
gpt2-xl,remedi,counterfact,1,specificity,diff,post,0.025185032982237548
gpt2-xl,remedi,counterfact,1,specificity,acc,post,0.1
gpt2-xl,remedi,counterfact,1,target_close_neighbour,success,post,1.0
gpt2-xl,remedi,counterfact,1,target_close_neighbour,diff,post,0.11009343599061741
gpt2-xl,remedi,counterfact,1,target_close_neighbour,acc,post,0.3
gpt2-xl,remedi,counterfact,2,efficacy,success,pre,1.0
gpt2-xl,remedi,counterfact,2,efficacy,diff,pre,2.8234194909068148e-05
gpt2-xl,remedi,counterfact,2,efficacy,acc,pre,0.0
gpt2-xl,remedi,counterfact,2,generalisation,success,pre,0.5
gpt2-xl,remedi,counterfact,2,generalisation,diff,pre,0.013870785335809153
gpt2-xl,remedi,counterfact,2,generalisation,acc,pre,0.0
gpt2-xl,remedi,counterfact,2,specificity,success,pre,0.6
gpt2-xl,remedi,counterfact,2,specificity,diff,pre,-0.0022553692823553133
gpt2-xl,remedi,counterfact,2,specificity,acc,pre,0.0
gpt2-xl,remedi,counterfact,2,target_close_neighbour,success,pre,0.7
gpt2-xl,remedi,counterfact,2,target_close_neighbour,diff,pre,0.006844458774199277
gpt2-xl,remedi,counterfact,2,target_close_neighbour,acc,pre,0.0
gpt2-xl,remedi,counterfact,2,efficacy,success,post,1.0
gpt2-xl,remedi,counterfact,2,efficacy,diff,post,0.04000503279023801
gpt2-xl,remedi,counterfact,2,efficacy,acc,post,0.0
gpt2-xl,remedi,counterfact,2,generalisation,success,post,1.0
gpt2-xl,remedi,counterfact,2,generalisation,diff,post,0.44256679234226254
gpt2-xl,remedi,counterfact,2,generalisation,acc,post,1.0
gpt2-xl,remedi,counterfact,2,specificity,success,post,0.6
gpt2-xl,remedi,counterfact,2,specificity,diff,post,-0.0022553692823553133
gpt2-xl,remedi,counterfact,2,specificity,acc,post,0.0
gpt2-xl,remedi,counterfact,2,target_close_neighbour,success,post,0.7
gpt2-xl,remedi,counterfact,2,target_close_neighbour,diff,post,0.006844458774199277
gpt2-xl,remedi,counterfact,2,target_close_neighbour,acc,post,0.0
gpt2-xl,remedi,mquake,1,efficacy,success,pre,0.5
gpt2-xl,remedi,mquake,1,efficacy,diff,pre,0.07306973828161172
gpt2-xl,remedi,mquake,1,efficacy,acc,pre,0.35714285714285715
gpt2-xl,remedi,mquake,1,single_hop,success,pre,0.5
gpt2-xl,remedi,mquake,1,single_hop,diff,pre,0.07306973828161172
gpt2-xl,remedi,mquake,1,single_hop,acc,pre,0.35714285714285715
gpt2-xl,remedi,mquake,1,multihop,hit,pre,0.0
gpt2-xl,remedi,mquake,1,efficacy,success,post,1.0
gpt2-xl,remedi,mquake,1,efficacy,diff,post,0.1152434139253788
gpt2-xl,remedi,mquake,1,efficacy,acc,post,0.35714285714285715
gpt2-xl,remedi,mquake,1,single_hop,success,post,1.0
gpt2-xl,remedi,mquake,1,single_hop,diff,post,0.1152434139253788
gpt2-xl,remedi,mquake,1,single_hop,acc,post,0.35714285714285715
gpt2-xl,remedi,mquake,1,multihop,hit,post,0.0
gpt2-xl,remedi,mquake,2,efficacy,success,pre,0.0
gpt2-xl,remedi,mquake,2,efficacy,diff,pre,-0.12840998488189664
gpt2-xl,remedi,mquake,2,efficacy,acc,pre,0.0
gpt2-xl,remedi,mquake,2,single_hop,success,pre,0.5
gpt2-xl,remedi,mquake,2,single_hop,diff,pre,-0.06177679998938742
gpt2-xl,remedi,mquake,2,single_hop,acc,pre,0.0
gpt2-xl,remedi,mquake,2,multihop,hit,pre,0.0
gpt2-xl,remedi,mquake,2,efficacy,success,post,0.0
gpt2-xl,remedi,mquake,2,efficacy,diff,post,-0.10746506602328929
gpt2-xl,remedi,mquake,2,efficacy,acc,post,0.0
gpt2-xl,remedi,mquake,2,single_hop,success,post,0.5
gpt2-xl,remedi,mquake,2,single_hop,diff,post,-0.05130434056008374
gpt2-xl,remedi,mquake,2,single_hop,acc,post,0.0
gpt2-xl,remedi,mquake,2,multihop,hit,post,0.0
gpt2-xl,remedi,mquake,3,efficacy,success,pre,0.0
gpt2-xl,remedi,mquake,3,efficacy,diff,pre,-0.08145391641925212
gpt2-xl,remedi,mquake,3,efficacy,acc,pre,0.5
gpt2-xl,remedi,mquake,3,single_hop,success,pre,0.5
gpt2-xl,remedi,mquake,3,single_hop,diff,pre,-0.0405034361357399
gpt2-xl,remedi,mquake,3,single_hop,acc,pre,0.25
gpt2-xl,remedi,mquake,3,multihop,hit,pre,0.0
gpt2-xl,remedi,mquake,3,efficacy,success,post,1.0
gpt2-xl,remedi,mquake,3,efficacy,diff,post,0.0024164374027552437
gpt2-xl,remedi,mquake,3,efficacy,acc,post,0.5
gpt2-xl,remedi,mquake,3,single_hop,success,post,1.0
gpt2-xl,remedi,mquake,3,single_hop,diff,post,0.001431740775263777
gpt2-xl,remedi,mquake,3,single_hop,acc,post,0.25
gpt2-xl,remedi,mquake,3,multihop,hit,post,0.0
gpt2-xl,remedi,ripple,ripple_popular_row0,efficacy,hit,pre,0.0
gpt2-xl,remedi,ripple,ripple_popular_row0,ripple_compositional_i,hit,pre,0.0
gpt2-xl,remedi,ripple,ripple_popular_row0,ripple_aliasing,hit,pre,0.0
gpt2-xl,remedi,ripple,ripple_popular_row0,ripple_relation_specificity,hit,pre,0.0
gpt2-xl,remedi,ripple,ripple_popular_row0,ripple_preservation,hit,pre,0.0
gpt2-xl,remedi,ripple,ripple_popular_row0,efficacy,hit,post,1.0
gpt2-xl,remedi,ripple,ripple_popular_row0,ripple_compositional_i,hit,post,0.2857142857142857
gpt2-xl,remedi,ripple,ripple_popular_row0,ripple_aliasing,hit,post,0.0
gpt2-xl,remedi,ripple,ripple_popular_row0,ripple_relation_specificity,hit,post,0.0
gpt2-xl,remedi,ripple,ripple_popular_row0,ripple_preservation,hit,post,0.0
gpt2-xl,remedi,ripple,ripple_popular_row2,efficacy,hit,pre,0.0
gpt2-xl,remedi,ripple,ripple_popular_row2,ripple_logical,hit,pre,0.0
gpt2-xl,remedi,ripple,ripple_popular_row2,ripple_compositional_i,hit,pre,0.0
gpt2-xl,remedi,ripple,ripple_popular_row2,ripple_aliasing,hit,pre,0.0
gpt2-xl,remedi,ripple,ripple_popular_row2,ripple_relation_specificity,hit,pre,0.0
gpt2-xl,remedi,ripple,ripple_popular_row2,ripple_preservation,hit,pre,0.0
gpt2-xl,remedi,ripple,ripple_popular_row2,efficacy,hit,post,0.0
gpt2-xl,remedi,ripple,ripple_popular_row2,ripple_logical,hit,post,0.0
gpt2-xl,remedi,ripple,ripple_popular_row2,ripple_compositional_i,hit,post,0.0
gpt2-xl,remedi,ripple,ripple_popular_row2,ripple_aliasing,hit,post,0.0
gpt2-xl,remedi,ripple,ripple_popular_row2,ripple_relation_specificity,hit,post,0.0
gpt2-xl,remedi,ripple,ripple_popular_row2,ripple_preservation,hit,post,0.0
gpt2-xl,remedi,ripple,ripple_random_row0,efficacy,hit,pre,0.0
gpt2-xl,remedi,ripple,ripple_random_row0,ripple_logical,hit,pre,0.0
gpt2-xl,remedi,ripple,ripple_random_row0,ripple_aliasing,hit,pre,0.0
gpt2-xl,remedi,ripple,ripple_random_row0,ripple_relation_specificity,hit,pre,0.0
gpt2-xl,remedi,ripple,ripple_random_row0,efficacy,hit,post,0.0
gpt2-xl,remedi,ripple,ripple_random_row0,ripple_logical,hit,post,0.0
gpt2-xl,remedi,ripple,ripple_random_row0,ripple_aliasing,hit,post,0.0
gpt2-xl,remedi,ripple,ripple_random_row0,ripple_relation_specificity,hit,post,0.0
gpt2-xl,remedi,ripple,ripple_random_row1,efficacy,hit,pre,0.0
gpt2-xl,remedi,ripple,ripple_random_row1,ripple_compositional_i,hit,pre,0.0
gpt2-xl,remedi,ripple,ripple_random_row1,ripple_aliasing,hit,pre,0.0
gpt2-xl,remedi,ripple,ripple_random_row1,ripple_relation_specificity,hit,pre,0.0
gpt2-xl,remedi,ripple,ripple_random_row1,efficacy,hit,post,0.0
gpt2-xl,remedi,ripple,ripple_random_row1,ripple_compositional_i,hit,post,0.0
gpt2-xl,remedi,ripple,ripple_random_row1,ripple_aliasing,hit,post,0.0
gpt2-xl,remedi,ripple,ripple_random_row1,ripple_relation_specificity,hit,post,0.0
gpt2-xl,remedi,ripple,ripple_random_row2,efficacy,hit,pre,0.0
gpt2-xl,remedi,ripple,ripple_random_row2,ripple_compositional_i,hit,pre,0.0
gpt2-xl,remedi,ripple,ripple_random_row2,ripple_aliasing,hit,pre,0.0
gpt2-xl,remedi,ripple,ripple_random_row2,efficacy,hit,post,0.0
gpt2-xl,remedi,ripple,ripple_random_row2,ripple_compositional_i,hit,post,0.0
gpt2-xl,remedi,ripple,ripple_random_row2,ripple_aliasing,hit,post,0.0
gpt2-xl,remedi,zsre,zsre_row0,efficacy,success,pre,0.0
gpt2-xl,remedi,zsre,zsre_row0,efficacy,diff,pre,-0.0005764174707755948
gpt2-xl,remedi,zsre,zsre_row0,efficacy,acc,pre,0.3333333333333333
gpt2-xl,remedi,zsre,zsre_row0,generalisation,success,pre,0.0
gpt2-xl,remedi,zsre,zsre_row0,generalisation,diff,pre,-0.002501691335092246
gpt2-xl,remedi,zsre,zsre_row0,generalisation,acc,pre,0.3333333333333333
gpt2-xl,remedi,zsre,zsre_row0,specificity,success,pre,1.0
gpt2-xl,remedi,zsre,zsre_row0,specificity,diff,pre,0.0002046845795470628
gpt2-xl,remedi,zsre,zsre_row0,specificity,acc,pre,0.3333333333333333
gpt2-xl,remedi,zsre,zsre_row0,efficacy,success,post,1.0
gpt2-xl,remedi,zsre,zsre_row0,efficacy,diff,post,0.06885741041709434
gpt2-xl,remedi,zsre,zsre_row0,efficacy,acc,post,0.6666666666666666
gpt2-xl,remedi,zsre,zsre_row0,generalisation,success,post,1.0
gpt2-xl,remedi,zsre,zsre_row0,generalisation,diff,post,0.05186561051207437
gpt2-xl,remedi,zsre,zsre_row0,generalisation,acc,post,0.6666666666666666
gpt2-xl,remedi,zsre,zsre_row0,specificity,success,post,1.0
gpt2-xl,remedi,zsre,zsre_row0,specificity,diff,post,0.0002046845795470628
gpt2-xl,remedi,zsre,zsre_row0,specificity,acc,post,0.3333333333333333
gpt2-xl,remedi,zsre,zsre_row1,efficacy,success,pre,0.0
gpt2-xl,remedi,zsre,zsre_row1,efficacy,diff,pre,-0.02953277586544776
gpt2-xl,remedi,zsre,zsre_row1,efficacy,acc,pre,0.5
gpt2-xl,remedi,zsre,zsre_row1,generalisation,success,pre,0.0
gpt2-xl,remedi,zsre,zsre_row1,generalisation,diff,pre,-0.01901215584201373
gpt2-xl,remedi,zsre,zsre_row1,generalisation,acc,pre,0.0
gpt2-xl,remedi,zsre,zsre_row1,specificity,success,pre,0.0
gpt2-xl,remedi,zsre,zsre_row1,specificity,diff,pre,-0.005373715503999106
gpt2-xl,remedi,zsre,zsre_row1,specificity,acc,pre,0.5
gpt2-xl,remedi,zsre,zsre_row1,efficacy,success,post,0.0
gpt2-xl,remedi,zsre,zsre_row1,efficacy,diff,post,-0.007050243960932129
gpt2-xl,remedi,zsre,zsre_row1,efficacy,acc,post,0.0
gpt2-xl,remedi,zsre,zsre_row1,generalisation,success,post,0.0
gpt2-xl,remedi,zsre,zsre_row1,generalisation,diff,post,-0.003668082252411198
gpt2-xl,remedi,zsre,zsre_row1,generalisation,acc,post,0.0
gpt2-xl,remedi,zsre,zsre_row1,specificity,success,post,0.0
gpt2-xl,remedi,zsre,zsre_row1,specificity,diff,post,-0.005373715503999106
gpt2-xl,remedi,zsre,zsre_row1,specificity,acc,post,0.5
gpt2-xl,remedi,zsre,zsre_row2,efficacy,success,pre,0.0
gpt2-xl,remedi,zsre,zsre_row2,efficacy,diff,pre,-2.442762706981668e-07
gpt2-xl,remedi,zsre,zsre_row2,efficacy,acc,pre,0.0
gpt2-xl,remedi,zsre,zsre_row2,generalisation,success,pre,0.0
gpt2-xl,remedi,zsre,zsre_row2,generalisation,diff,pre,-3.203728883827346e-07
gpt2-xl,remedi,zsre,zsre_row2,generalisation,acc,pre,0.0
gpt2-xl,remedi,zsre,zsre_row2,specificity,success,pre,0.0
gpt2-xl,remedi,zsre,zsre_row2,specificity,diff,pre,-0.004939125528424883
gpt2-xl,remedi,zsre,zsre_row2,specificity,acc,pre,0.6666666666666666
gpt2-xl,remedi,zsre,zsre_row2,efficacy,success,post,1.0
gpt2-xl,remedi,zsre,zsre_row2,efficacy,diff,post,1.6190353086115517e-06
gpt2-xl,remedi,zsre,zsre_row2,efficacy,acc,post,0.0
gpt2-xl,remedi,zsre,zsre_row2,generalisation,success,post,1.0
gpt2-xl,remedi,zsre,zsre_row2,generalisation,diff,post,1.6127341893968333e-06
gpt2-xl,remedi,zsre,zsre_row2,generalisation,acc,post,0.0
gpt2-xl,remedi,zsre,zsre_row2,specificity,success,post,0.0
gpt2-xl,remedi,zsre,zsre_row2,specificity,diff,post,-0.004939125528424883
gpt2-xl,remedi,zsre,zsre_row2,specificity,acc,post,0.6666666666666666
gpt2-xl,rome,counterfact,0,efficacy,success,pre,0.0
gpt2-xl,rome,counterfact,0,efficacy,diff,pre,-0.37617651698075644
gpt2-xl,rome,counterfact,0,efficacy,acc,pre,0.0
gpt2-xl,rome,counterfact,0,generalisation,success,pre,1.0
gpt2-xl,rome,counterfact,0,generalisation,diff,pre,0.0005171306729141865
gpt2-xl,rome,counterfact,0,generalisation,acc,pre,0.0
gpt2-xl,rome,counterfact,0,specificity,success,pre,0.0
gpt2-xl,rome,counterfact,0,specificity,diff,pre,-0.3224642760423937
gpt2-xl,rome,counterfact,0,specificity,acc,pre,0.7
gpt2-xl,rome,counterfact,0,target_close_neighbour,success,pre,1.0
gpt2-xl,rome,counterfact,0,target_close_neighbour,diff,pre,0.07185565722335695
gpt2-xl,rome,counterfact,0,target_close_neighbour,acc,pre,0.4
gpt2-xl,rome,counterfact,0,efficacy,success,post,1.0
gpt2-xl,rome,counterfact,0,efficacy,diff,post,0.9963279256953104
gpt2-xl,rome,counterfact,0,efficacy,acc,post,1.0
gpt2-xl,rome,counterfact,0,generalisation,success,post,1.0
gpt2-xl,rome,counterfact,0,generalisation,diff,post,0.00610061564980654
gpt2-xl,rome,counterfact,0,generalisation,acc,post,0.0
gpt2-xl,rome,counterfact,0,specificity,success,post,0.0
gpt2-xl,rome,counterfact,0,specificity,diff,post,-0.3282468780121933
gpt2-xl,rome,counterfact,0,specificity,acc,post,0.7
gpt2-xl,rome,counterfact,0,target_close_neighbour,success,post,1.0
gpt2-xl,rome,counterfact,0,target_close_neighbour,diff,post,0.0730234725388104
gpt2-xl,rome,counterfact,0,target_close_neighbour,acc,post,0.4
gpt2-xl,rome,counterfact,1,efficacy,success,pre,0.0
gpt2-xl,rome,counterfact,1,efficacy,diff,pre,-0.10433664415338888
gpt2-xl,rome,counterfact,1,efficacy,acc,pre,0.0
gpt2-xl,rome,counterfact,1,generalisation,success,pre,0.0
gpt2-xl,rome,counterfact,1,generalisation,diff,pre,-0.0010584796715423853
gpt2-xl,rome,counterfact,1,generalisation,acc,pre,0.0
gpt2-xl,rome,counterfact,1,specificity,success,pre,0.7
gpt2-xl,rome,counterfact,1,specificity,diff,pre,0.025185032982237548
gpt2-xl,rome,counterfact,1,specificity,acc,pre,0.1
gpt2-xl,rome,counterfact,1,target_close_neighbour,success,pre,1.0
gpt2-xl,rome,counterfact,1,target_close_neighbour,diff,pre,0.11009343599061741
gpt2-xl,rome,counterfact,1,target_close_neighbour,acc,pre,0.3
gpt2-xl,rome,counterfact,1,efficacy,success,post,1.0
gpt2-xl,rome,counterfact,1,efficacy,diff,post,0.9882576588247247
gpt2-xl,rome,counterfact,1,efficacy,acc,post,1.0
gpt2-xl,rome,counterfact,1,generalisation,success,post,1.0
gpt2-xl,rome,counterfact,1,generalisation,diff,post,0.0489991321514095
gpt2-xl,rome,counterfact,1,generalisation,acc,post,0.0
gpt2-xl,rome,counterfact,1,specificity,success,post,0.7
gpt2-xl,rome,counterfact,1,specificity,diff,post,0.03460098435318363
gpt2-xl,rome,counterfact,1,specificity,acc,post,0.1
gpt2-xl,rome,counterfact,1,target_close_neighbour,success,post,1.0
gpt2-xl,rome,counterfact,1,target_close_neighbour,diff,post,0.11198080115113347
gpt2-xl,rome,counterfact,1,target_close_neighbour,acc,post,0.2
gpt2-xl,rome,counterfact,2,efficacy,success,pre,1.0
gpt2-xl,rome,counterfact,2,efficacy,diff,pre,2.8234194909068148e-05
gpt2-xl,rome,counterfact,2,efficacy,acc,pre,0.0
gpt2-xl,rome,counterfact,2,generalisation,success,pre,0.5
gpt2-xl,rome,counterfact,2,generalisation,diff,pre,0.013870785335809153
gpt2-xl,rome,counterfact,2,generalisation,acc,pre,0.0
gpt2-xl,rome,counterfact,2,specificity,success,pre,0.6
gpt2-xl,rome,counterfact,2,specificity,diff,pre,-0.0022553692823553133
gpt2-xl,rome,counterfact,2,specificity,acc,pre,0.0
gpt2-xl,rome,counterfact,2,target_close_neighbour,success,pre,0.7
gpt2-xl,rome,counterfact,2,target_close_neighbour,diff,pre,0.006844458774199277
gpt2-xl,rome,counterfact,2,target_close_neighbour,acc,pre,0.0
gpt2-xl,rome,counterfact,2,efficacy,success,post,1.0
gpt2-xl,rome,counterfact,2,efficacy,diff,post,0.9886938789788459
gpt2-xl,rome,counterfact,2,efficacy,acc,post,1.0
gpt2-xl,rome,counterfact,2,generalisation,success,post,1.0
gpt2-xl,rome,counterfact,2,generalisation,diff,post,0.4891696291553356
gpt2-xl,rome,counterfact,2,generalisation,acc,post,0.5
gpt2-xl,rome,counterfact,2,specificity,success,post,0.6
gpt2-xl,rome,counterfact,2,specificity,diff,post,-0.002024197905930802
gpt2-xl,rome,counterfact,2,specificity,acc,post,0.0
gpt2-xl,rome,counterfact,2,target_close_neighbour,success,post,0.7
gpt2-xl,rome,counterfact,2,target_close_neighbour,diff,post,0.00759509538407224
gpt2-xl,rome,counterfact,2,target_close_neighbour,acc,post,0.0
gpt2-xl,rome,mquake,1,efficacy,success,pre,0.5
gpt2-xl,rome,mquake,1,efficacy,diff,pre,0.07306973828161172
gpt2-xl,rome,mquake,1,efficacy,acc,pre,0.35714285714285715
gpt2-xl,rome,mquake,1,single_hop,success,pre,0.5
gpt2-xl,rome,mquake,1,single_hop,diff,pre,0.07306973828161172
gpt2-xl,rome,mquake,1,single_hop,acc,pre,0.35714285714285715
gpt2-xl,rome,mquake,1,multihop,hit,pre,0.0
gpt2-xl,rome,mquake,1,efficacy,success,post,1.0
gpt2-xl,rome,mquake,1,efficacy,diff,post,0.3968161069460171
gpt2-xl,rome,mquake,1,efficacy,acc,post,0.6785714285714286
gpt2-xl,rome,mquake,1,single_hop,success,post,1.0
gpt2-xl,rome,mquake,1,single_hop,diff,post,0.3968161069460171
gpt2-xl,rome,mquake,1,single_hop,acc,post,0.6785714285714286
gpt2-xl,rome,mquake,1,multihop,hit,post,0.0
gpt2-xl,rome,mquake,2,efficacy,success,pre,0.0
gpt2-xl,rome,mquake,2,efficacy,diff,pre,-0.12840998488189664
gpt2-xl,rome,mquake,2,efficacy,acc,pre,0.0
gpt2-xl,rome,mquake,2,single_hop,success,pre,0.5
gpt2-xl,rome,mquake,2,single_hop,diff,pre,-0.06177679998938742
gpt2-xl,rome,mquake,2,single_hop,acc,pre,0.0
gpt2-xl,rome,mquake,2,multihop,hit,pre,0.0
gpt2-xl,rome,mquake,2,efficacy,success,post,0.0
gpt2-xl,rome,mquake,2,efficacy,diff,post,-0.08616244925789177
gpt2-xl,rome,mquake,2,efficacy,acc,post,0.3333333333333333
gpt2-xl,rome,mquake,2,single_hop,success,post,0.5
gpt2-xl,rome,mquake,2,single_hop,diff,post,-0.04103852239076893
gpt2-xl,rome,mquake,2,single_hop,acc,post,0.16666666666666666
gpt2-xl,rome,mquake,2,multihop,hit,post,0.0
gpt2-xl,rome,mquake,3,efficacy,success,pre,0.0
gpt2-xl,rome,mquake,3,efficacy,diff,pre,-0.08145391641925212
gpt2-xl,rome,mquake,3,efficacy,acc,pre,0.5
gpt2-xl,rome,mquake,3,single_hop,success,pre,0.5
gpt2-xl,rome,mquake,3,single_hop,diff,pre,-0.0405034361357399
gpt2-xl,rome,mquake,3,single_hop,acc,pre,0.25
gpt2-xl,rome,mquake,3,multihop,hit,pre,0.0
gpt2-xl,rome,mquake,3,efficacy,success,post,1.0
gpt2-xl,rome,mquake,3,efficacy,diff,post,0.3589296878709729
gpt2-xl,rome,mquake,3,efficacy,acc,post,1.0
gpt2-xl,rome,mquake,3,single_hop,success,post,1.0
gpt2-xl,rome,mquake,3,single_hop,diff,post,0.1796086672292333
gpt2-xl,rome,mquake,3,single_hop,acc,post,0.5
gpt2-xl,rome,mquake,3,multihop,hit,post,0.0
gpt2-xl,rome,ripple,ripple_popular_row0,efficacy,hit,pre,0.0
gpt2-xl,rome,ripple,ripple_popular_row0,ripple_compositional_i,hit,pre,0.0
gpt2-xl,rome,ripple,ripple_popular_row0,ripple_aliasing,hit,pre,0.0
gpt2-xl,rome,ripple,ripple_popular_row0,ripple_relation_specificity,hit,pre,0.0
gpt2-xl,rome,ripple,ripple_popular_row0,ripple_preservation,hit,pre,0.0
gpt2-xl,rome,ripple,ripple_popular_row0,efficacy,hit,post,1.0
gpt2-xl,rome,ripple,ripple_popular_row0,ripple_compositional_i,hit,post,0.2857142857142857
gpt2-xl,rome,ripple,ripple_popular_row0,ripple_aliasing,hit,post,1.0
gpt2-xl,rome,ripple,ripple_popular_row0,ripple_relation_specificity,hit,post,0.0
gpt2-xl,rome,ripple,ripple_popular_row0,ripple_preservation,hit,post,0.0
gpt2-xl,rome,ripple,ripple_popular_row2,efficacy,hit,pre,0.0
gpt2-xl,rome,ripple,ripple_popular_row2,ripple_logical,hit,pre,0.0
gpt2-xl,rome,ripple,ripple_popular_row2,ripple_compositional_i,hit,pre,0.0
gpt2-xl,rome,ripple,ripple_popular_row2,ripple_aliasing,hit,pre,0.0
gpt2-xl,rome,ripple,ripple_popular_row2,ripple_relation_specificity,hit,pre,0.0
gpt2-xl,rome,ripple,ripple_popular_row2,ripple_preservation,hit,pre,0.0
gpt2-xl,rome,ripple,ripple_popular_row2,efficacy,hit,post,0.0
gpt2-xl,rome,ripple,ripple_popular_row2,ripple_logical,hit,post,0.0
gpt2-xl,rome,ripple,ripple_popular_row2,ripple_compositional_i,hit,post,0.0
gpt2-xl,rome,ripple,ripple_popular_row2,ripple_aliasing,hit,post,1.0
gpt2-xl,rome,ripple,ripple_popular_row2,ripple_relation_specificity,hit,post,0.1111111111111111
gpt2-xl,rome,ripple,ripple_popular_row2,ripple_preservation,hit,post,0.0
gpt2-xl,rome,ripple,ripple_random_row0,efficacy,hit,pre,0.0
gpt2-xl,rome,ripple,ripple_random_row0,ripple_logical,hit,pre,0.0
gpt2-xl,rome,ripple,ripple_random_row0,ripple_aliasing,hit,pre,0.0
gpt2-xl,rome,ripple,ripple_random_row0,ripple_relation_specificity,hit,pre,0.0
gpt2-xl,rome,ripple,ripple_random_row0,efficacy,hit,post,0.0
gpt2-xl,rome,ripple,ripple_random_row0,ripple_logical,hit,post,0.0
gpt2-xl,rome,ripple,ripple_random_row0,ripple_aliasing,hit,post,0.0
gpt2-xl,rome,ripple,ripple_random_row0,ripple_relation_specificity,hit,post,0.0
gpt2-xl,rome,ripple,ripple_random_row1,efficacy,hit,pre,0.0
gpt2-xl,rome,ripple,ripple_random_row1,ripple_compositional_i,hit,pre,0.0
gpt2-xl,rome,ripple,ripple_random_row1,ripple_aliasing,hit,pre,0.0
gpt2-xl,rome,ripple,ripple_random_row1,ripple_relation_specificity,hit,pre,0.0
gpt2-xl,rome,ripple,ripple_random_row1,efficacy,hit,post,1.0
gpt2-xl,rome,ripple,ripple_random_row1,ripple_compositional_i,hit,post,0.0
gpt2-xl,rome,ripple,ripple_random_row1,ripple_aliasing,hit,post,0.0
gpt2-xl,rome,ripple,ripple_random_row1,ripple_relation_specificity,hit,post,0.0
gpt2-xl,rome,ripple,ripple_random_row2,efficacy,hit,pre,0.0
gpt2-xl,rome,ripple,ripple_random_row2,ripple_compositional_i,hit,pre,0.0
gpt2-xl,rome,ripple,ripple_random_row2,ripple_aliasing,hit,pre,0.0
gpt2-xl,rome,ripple,ripple_random_row2,efficacy,hit,post,0.0
gpt2-xl,rome,ripple,ripple_random_row2,ripple_compositional_i,hit,post,0.0
gpt2-xl,rome,ripple,ripple_random_row2,ripple_aliasing,hit,post,0.0
gpt2-xl,rome,zsre,zsre_row0,efficacy,success,pre,0.0
gpt2-xl,rome,zsre,zsre_row0,efficacy,diff,pre,-0.0005764174707755948
gpt2-xl,rome,zsre,zsre_row0,efficacy,acc,pre,0.3333333333333333
gpt2-xl,rome,zsre,zsre_row0,generalisation,success,pre,0.0
gpt2-xl,rome,zsre,zsre_row0,generalisation,diff,pre,-0.002501691335092246
gpt2-xl,rome,zsre,zsre_row0,generalisation,acc,pre,0.3333333333333333
gpt2-xl,rome,zsre,zsre_row0,specificity,success,pre,1.0
gpt2-xl,rome,zsre,zsre_row0,specificity,diff,pre,0.0002046845795470628
gpt2-xl,rome,zsre,zsre_row0,specificity,acc,pre,0.3333333333333333
gpt2-xl,rome,zsre,zsre_row0,efficacy,success,post,1.0
gpt2-xl,rome,zsre,zsre_row0,efficacy,diff,post,0.03959883461273983
gpt2-xl,rome,zsre,zsre_row0,efficacy,acc,post,0.6666666666666666
gpt2-xl,rome,zsre,zsre_row0,generalisation,success,post,1.0
gpt2-xl,rome,zsre,zsre_row0,generalisation,diff,post,0.026037952696240187
gpt2-xl,rome,zsre,zsre_row0,generalisation,acc,post,0.6666666666666666
gpt2-xl,rome,zsre,zsre_row0,specificity,success,post,1.0
gpt2-xl,rome,zsre,zsre_row0,specificity,diff,post,0.00014196075230469164
gpt2-xl,rome,zsre,zsre_row0,specificity,acc,post,0.3333333333333333
gpt2-xl,rome,zsre,zsre_row1,efficacy,success,pre,0.0
gpt2-xl,rome,zsre,zsre_row1,efficacy,diff,pre,-0.02953277586544776
gpt2-xl,rome,zsre,zsre_row1,efficacy,acc,pre,0.5
gpt2-xl,rome,zsre,zsre_row1,generalisation,success,pre,0.0
gpt2-xl,rome,zsre,zsre_row1,generalisation,diff,pre,-0.01901215584201373
gpt2-xl,rome,zsre,zsre_row1,generalisation,acc,pre,0.0
gpt2-xl,rome,zsre,zsre_row1,specificity,success,pre,0.0
gpt2-xl,rome,zsre,zsre_row1,specificity,diff,pre,-0.005373715503999106
gpt2-xl,rome,zsre,zsre_row1,specificity,acc,pre,0.5
gpt2-xl,rome,zsre,zsre_row1,efficacy,success,post,0.0
gpt2-xl,rome,zsre,zsre_row1,efficacy,diff,post,-0.007005078876252272
gpt2-xl,rome,zsre,zsre_row1,efficacy,acc,post,0.25
gpt2-xl,rome,zsre,zsre_row1,generalisation,success,post,0.0
gpt2-xl,rome,zsre,zsre_row1,generalisation,diff,post,-0.007903922574693816
gpt2-xl,rome,zsre,zsre_row1,generalisation,acc,post,0.25
gpt2-xl,rome,zsre,zsre_row1,specificity,success,post,0.0
gpt2-xl,rome,zsre,zsre_row1,specificity,diff,post,-0.005234008849518564
gpt2-xl,rome,zsre,zsre_row1,specificity,acc,post,0.5
gpt2-xl,rome,zsre,zsre_row2,efficacy,success,pre,0.0
gpt2-xl,rome,zsre,zsre_row2,efficacy,diff,pre,-2.442762706981668e-07
gpt2-xl,rome,zsre,zsre_row2,efficacy,acc,pre,0.0
gpt2-xl,rome,zsre,zsre_row2,generalisation,success,pre,0.0
gpt2-xl,rome,zsre,zsre_row2,generalisation,diff,pre,-3.203728883827346e-07
gpt2-xl,rome,zsre,zsre_row2,generalisation,acc,pre,0.0
gpt2-xl,rome,zsre,zsre_row2,specificity,success,pre,0.0
gpt2-xl,rome,zsre,zsre_row2,specificity,diff,pre,-0.004939125528424883
gpt2-xl,rome,zsre,zsre_row2,specificity,acc,pre,0.6666666666666666
gpt2-xl,rome,zsre,zsre_row2,efficacy,success,post,1.0
gpt2-xl,rome,zsre,zsre_row2,efficacy,diff,post,0.979660977232832
gpt2-xl,rome,zsre,zsre_row2,efficacy,acc,post,1.0
gpt2-xl,rome,zsre,zsre_row2,generalisation,success,post,1.0
gpt2-xl,rome,zsre,zsre_row2,generalisation,diff,post,0.7757130817016465
gpt2-xl,rome,zsre,zsre_row2,generalisation,acc,post,1.0
gpt2-xl,rome,zsre,zsre_row2,specificity,success,post,0.0
gpt2-xl,rome,zsre,zsre_row2,specificity,diff,post,-0.0048673009453295574
gpt2-xl,rome,zsre,zsre_row2,specificity,acc,post,0.6666666666666666
llama3-8b,alphaedit,counterfact,0,efficacy,success,pre,0.0
llama3-8b,alphaedit,counterfact,0,efficacy,diff,pre,-0.554447759264991
llama3-8b,alphaedit,counterfact,0,efficacy,acc,pre,0.0
llama3-8b,alphaedit,counterfact,0,generalisation,success,pre,0.0
llama3-8b,alphaedit,counterfact,0,generalisation,diff,pre,-0.017276258042719
llama3-8b,alphaedit,counterfact,0,generalisation,acc,pre,0.0
llama3-8b,alphaedit,counterfact,0,specificity,success,pre,0.0
llama3-8b,alphaedit,counterfact,0,specificity,diff,pre,-0.3691831430535373
llama3-8b,alphaedit,counterfact,0,specificity,acc,pre,0.5
llama3-8b,alphaedit,counterfact,0,target_close_neighbour,success,pre,1.0
llama3-8b,alphaedit,counterfact,0,target_close_neighbour,diff,pre,0.13501298562453548
llama3-8b,alphaedit,counterfact,0,target_close_neighbour,acc,pre,0.4
llama3-8b,alphaedit,counterfact,0,efficacy,success,post,0.0
llama3-8b,alphaedit,counterfact,0,efficacy,diff,post,-0.5599137285015023
llama3-8b,alphaedit,counterfact,0,efficacy,acc,post,0.0
llama3-8b,alphaedit,counterfact,0,generalisation,success,post,0.0
llama3-8b,alphaedit,counterfact,0,generalisation,diff,post,-0.015524005490461991
llama3-8b,alphaedit,counterfact,0,generalisation,acc,post,0.0
llama3-8b,alphaedit,counterfact,0,specificity,success,post,0.0
llama3-8b,alphaedit,counterfact,0,specificity,diff,post,-0.37444650754846176
llama3-8b,alphaedit,counterfact,0,specificity,acc,post,0.5
llama3-8b,alphaedit,counterfact,0,target_close_neighbour,success,post,1.0
llama3-8b,alphaedit,counterfact,0,target_close_neighbour,diff,post,0.134934466450145
llama3-8b,alphaedit,counterfact,0,target_close_neighbour,acc,post,0.4
llama3-8b,alphaedit,counterfact,1,efficacy,success,pre,0.0
llama3-8b,alphaedit,counterfact,1,efficacy,diff,pre,-0.15195808065583227
llama3-8b,alphaedit,counterfact,1,efficacy,acc,pre,0.0
llama3-8b,alphaedit,counterfact,1,generalisation,success,pre,0.0
llama3-8b,alphaedit,counterfact,1,generalisation,diff,pre,-0.03057342970014454
llama3-8b,alphaedit,counterfact,1,generalisation,acc,pre,0.0
llama3-8b,alphaedit,counterfact,1,specificity,success,pre,0.4
llama3-8b,alphaedit,counterfact,1,specificity,diff,pre,-0.007853033098426339
llama3-8b,alphaedit,counterfact,1,specificity,acc,pre,0.0
llama3-8b,alphaedit,counterfact,1,target_close_neighbour,success,pre,1.0
llama3-8b,alphaedit,counterfact,1,target_close_neighbour,diff,pre,0.12185462705339314
llama3-8b,alphaedit,counterfact,1,target_close_neighbour,acc,pre,0.2
llama3-8b,alphaedit,counterfact,1,efficacy,success,post,0.0
llama3-8b,alphaedit,counterfact,1,efficacy,diff,post,-0.12922705911146426
llama3-8b,alphaedit,counterfact,1,efficacy,acc,post,0.0
llama3-8b,alphaedit,counterfact,1,generalisation,success,post,0.0
llama3-8b,alphaedit,counterfact,1,generalisation,diff,post,-0.02212841409053828
llama3-8b,alphaedit,counterfact,1,generalisation,acc,post,0.0
llama3-8b,alphaedit,counterfact,1,specificity,success,post,0.4
llama3-8b,alphaedit,counterfact,1,specificity,diff,post,-0.007064293017759213
llama3-8b,alphaedit,counterfact,1,specificity,acc,post,0.0
llama3-8b,alphaedit,counterfact,1,target_close_neighbour,success,post,1.0
llama3-8b,alphaedit,counterfact,1,target_close_neighbour,diff,post,0.12049976317014328
llama3-8b,alphaedit,counterfact,1,target_close_neighbour,acc,post,0.2
llama3-8b,alphaedit,counterfact,2,efficacy,success,pre,1.0
llama3-8b,alphaedit,counterfact,2,efficacy,diff,pre,2.1259822173694097e-05
llama3-8b,alphaedit,counterfact,2,efficacy,acc,pre,0.0
llama3-8b,alphaedit,counterfact,2,generalisation,success,pre,1.0
llama3-8b,alphaedit,counterfact,2,generalisation,diff,pre,0.041588110685158136
llama3-8b,alphaedit,counterfact,2,generalisation,acc,pre,0.5
llama3-8b,alphaedit,counterfact,2,specificity,success,pre,0.6
llama3-8b,alphaedit,counterfact,2,specificity,diff,pre,-0.016179983789135374
llama3-8b,alphaedit,counterfact,2,specificity,acc,pre,0.2
llama3-8b,alphaedit,counterfact,2,target_close_neighbour,success,pre,1.0
llama3-8b,alphaedit,counterfact,2,target_close_neighbour,diff,pre,0.11117857836485087
llama3-8b,alphaedit,counterfact,2,target_close_neighbour,acc,pre,0.6
llama3-8b,alphaedit,counterfact,2,efficacy,success,post,1.0
llama3-8b,alphaedit,counterfact,2,efficacy,diff,post,0.011042940030213621
llama3-8b,alphaedit,counterfact,2,efficacy,acc,post,0.0
llama3-8b,alphaedit,counterfact,2,generalisation,success,post,1.0
llama3-8b,alphaedit,counterfact,2,generalisation,diff,post,0.0941564521676359
llama3-8b,alphaedit,counterfact,2,generalisation,acc,post,0.5
llama3-8b,alphaedit,counterfact,2,specificity,success,post,0.6
llama3-8b,alphaedit,counterfact,2,specificity,diff,post,-0.015582448184694833
llama3-8b,alphaedit,counterfact,2,specificity,acc,post,0.2
llama3-8b,alphaedit,counterfact,2,target_close_neighbour,success,post,1.0
llama3-8b,alphaedit,counterfact,2,target_close_neighbour,diff,post,0.12255321908645152
llama3-8b,alphaedit,counterfact,2,target_close_neighbour,acc,post,0.6
llama3-8b,alphaedit,mquake,1,efficacy,success,pre,0.5
llama3-8b,alphaedit,mquake,1,efficacy,diff,pre,-0.12516460852795738
llama3-8b,alphaedit,mquake,1,efficacy,acc,pre,0.3333333333333333
llama3-8b,alphaedit,mquake,1,single_hop,success,pre,0.5
llama3-8b,alphaedit,mquake,1,single_hop,diff,pre,-0.12516460852795738
llama3-8b,alphaedit,mquake,1,single_hop,acc,pre,0.3333333333333333
llama3-8b,alphaedit,mquake,1,multihop,hit,pre,0.0
llama3-8b,alphaedit,mquake,1,efficacy,success,post,0.5
llama3-8b,alphaedit,mquake,1,efficacy,diff,post,-0.170319282349853
llama3-8b,alphaedit,mquake,1,efficacy,acc,post,0.6666666666666667
llama3-8b,alphaedit,mquake,1,single_hop,success,post,0.5
llama3-8b,alphaedit,mquake,1,single_hop,diff,post,-0.170319282349853
llama3-8b,alphaedit,mquake,1,single_hop,acc,post,0.6666666666666667
llama3-8b,alphaedit,mquake,1,multihop,hit,post,0.0
llama3-8b,alphaedit,mquake,2,efficacy,success,pre,0.0
llama3-8b,alphaedit,mquake,2,efficacy,diff,pre,-0.5267057367602159
llama3-8b,alphaedit,mquake,2,efficacy,acc,pre,0.25
llama3-8b,alphaedit,mquake,2,single_hop,success,pre,0.5
llama3-8b,alphaedit,mquake,2,single_hop,diff,pre,-0.16526882502839385
llama3-8b,alphaedit,mquake,2,single_hop,acc,pre,0.625
llama3-8b,alphaedit,mquake,2,multihop,hit,pre,0.0
llama3-8b,alphaedit,mquake,2,efficacy,success,post,0.0
llama3-8b,alphaedit,mquake,2,efficacy,diff,post,-0.21333850601935636
llama3-8b,alphaedit,mquake,2,efficacy,acc,post,0.25
llama3-8b,alphaedit,mquake,2,single_hop,success,post,0.5
llama3-8b,alphaedit,mquake,2,single_hop,diff,post,-0.011605217613880128
llama3-8b,alphaedit,mquake,2,single_hop,acc,post,0.625
llama3-8b,alphaedit,mquake,2,multihop,hit,post,0.0
llama3-8b,alphaedit,mquake,3,efficacy,success,pre,0.0
llama3-8b,alphaedit,mquake,3,efficacy,diff,pre,-0.9471558434905721
llama3-8b,alphaedit,mquake,3,efficacy,acc,pre,0.5
llama3-8b,alphaedit,mquake,3,single_hop,success,pre,0.5
llama3-8b,alphaedit,mquake,3,single_hop,diff,pre,-0.44308061206966204
llama3-8b,alphaedit,mquake,3,single_hop,acc,pre,0.25
llama3-8b,alphaedit,mquake,3,multihop,hit,pre,0.0
llama3-8b,alphaedit,mquake,3,efficacy,success,post,0.0
llama3-8b,alphaedit,mquake,3,efficacy,diff,post,-0.9270587643494386
llama3-8b,alphaedit,mquake,3,efficacy,acc,post,0.5
llama3-8b,alphaedit,mquake,3,single_hop,success,post,0.5
llama3-8b,alphaedit,mquake,3,single_hop,diff,post,-0.43532356002372324
llama3-8b,alphaedit,mquake,3,single_hop,acc,post,0.25
llama3-8b,alphaedit,mquake,3,multihop,hit,post,0.0
llama3-8b,alphaedit,ripple,ripple_popular_row0,efficacy,hit,pre,0.0
llama3-8b,alphaedit,ripple,ripple_popular_row0,ripple_compositional_i,hit,pre,0.0
llama3-8b,alphaedit,ripple,ripple_popular_row0,ripple_aliasing,hit,pre,0.0
llama3-8b,alphaedit,ripple,ripple_popular_row0,ripple_relation_specificity,hit,pre,0.7777777777777778
llama3-8b,alphaedit,ripple,ripple_popular_row0,ripple_preservation,hit,pre,0.0
llama3-8b,alphaedit,ripple,ripple_popular_row0,efficacy,hit,post,0.0
llama3-8b,alphaedit,ripple,ripple_popular_row0,ripple_compositional_i,hit,post,0.0
llama3-8b,alphaedit,ripple,ripple_popular_row0,ripple_aliasing,hit,post,0.0
llama3-8b,alphaedit,ripple,ripple_popular_row0,ripple_relation_specificity,hit,post,0.7777777777777778
llama3-8b,alphaedit,ripple,ripple_popular_row0,ripple_preservation,hit,post,0.0
llama3-8b,alphaedit,ripple,ripple_popular_row2,efficacy,hit,pre,0.0
llama3-8b,alphaedit,ripple,ripple_popular_row2,ripple_logical,hit,pre,0.0
llama3-8b,alphaedit,ripple,ripple_popular_row2,ripple_compositional_i,hit,pre,0.0
llama3-8b,alphaedit,ripple,ripple_popular_row2,ripple_aliasing,hit,pre,0.0
llama3-8b,alphaedit,ripple,ripple_popular_row2,ripple_relation_specificity,hit,pre,0.5555555555555556
llama3-8b,alphaedit,ripple,ripple_popular_row2,ripple_preservation,hit,pre,1.0
llama3-8b,alphaedit,ripple,ripple_popular_row2,efficacy,hit,post,0.0
llama3-8b,alphaedit,ripple,ripple_popular_row2,ripple_logical,hit,post,0.0
llama3-8b,alphaedit,ripple,ripple_popular_row2,ripple_compositional_i,hit,post,0.0
llama3-8b,alphaedit,ripple,ripple_popular_row2,ripple_aliasing,hit,post,0.0
llama3-8b,alphaedit,ripple,ripple_popular_row2,ripple_relation_specificity,hit,post,0.5555555555555556
llama3-8b,alphaedit,ripple,ripple_popular_row2,ripple_preservation,hit,post,1.0
llama3-8b,alphaedit,ripple,ripple_random_row0,efficacy,hit,pre,0.0
llama3-8b,alphaedit,ripple,ripple_random_row0,ripple_logical,hit,pre,0.0
llama3-8b,alphaedit,ripple,ripple_random_row0,ripple_aliasing,hit,pre,0.0
llama3-8b,alphaedit,ripple,ripple_random_row0,ripple_relation_specificity,hit,pre,0.0
llama3-8b,alphaedit,ripple,ripple_random_row0,efficacy,hit,post,0.0
llama3-8b,alphaedit,ripple,ripple_random_row0,ripple_logical,hit,post,0.0
llama3-8b,alphaedit,ripple,ripple_random_row0,ripple_aliasing,hit,post,0.0
llama3-8b,alphaedit,ripple,ripple_random_row0,ripple_relation_specificity,hit,post,0.0
llama3-8b,alphaedit,ripple,ripple_random_row1,efficacy,hit,pre,0.0
llama3-8b,alphaedit,ripple,ripple_random_row1,ripple_compositional_i,hit,pre,0.0
llama3-8b,alphaedit,ripple,ripple_random_row1,ripple_aliasing,hit,pre,0.0
llama3-8b,alphaedit,ripple,ripple_random_row1,ripple_relation_specificity,hit,pre,0.0
llama3-8b,alphaedit,ripple,ripple_random_row1,efficacy,hit,post,0.0
llama3-8b,alphaedit,ripple,ripple_random_row1,ripple_compositional_i,hit,post,0.0
llama3-8b,alphaedit,ripple,ripple_random_row1,ripple_aliasing,hit,post,0.0
llama3-8b,alphaedit,ripple,ripple_random_row1,ripple_relation_specificity,hit,post,0.0
llama3-8b,alphaedit,ripple,ripple_random_row2,efficacy,hit,pre,0.0
llama3-8b,alphaedit,ripple,ripple_random_row2,ripple_compositional_i,hit,pre,0.0
llama3-8b,alphaedit,ripple,ripple_random_row2,ripple_aliasing,hit,pre,0.0
llama3-8b,alphaedit,ripple,ripple_random_row2,efficacy,hit,post,0.0
llama3-8b,alphaedit,ripple,ripple_random_row2,ripple_compositional_i,hit,post,0.0
llama3-8b,alphaedit,ripple,ripple_random_row2,ripple_aliasing,hit,post,0.0
llama3-8b,alphaedit,zsre,zsre_row0,efficacy,success,pre,1.0
llama3-8b,alphaedit,zsre,zsre_row0,efficacy,diff,pre,0.0369414045465265
llama3-8b,alphaedit,zsre,zsre_row0,efficacy,acc,pre,0.3333333333333333
llama3-8b,alphaedit,zsre,zsre_row0,generalisation,success,pre,1.0
llama3-8b,alphaedit,zsre,zsre_row0,generalisation,diff,pre,0.016267404748743455
llama3-8b,alphaedit,zsre,zsre_row0,generalisation,acc,pre,0.3333333333333333
llama3-8b,alphaedit,zsre,zsre_row0,specificity,success,pre,0.0
llama3-8b,alphaedit,zsre,zsre_row0,specificity,diff,pre,-0.00038704909303236695
llama3-8b,alphaedit,zsre,zsre_row0,specificity,acc,pre,0.6666666666666666
llama3-8b,alphaedit,zsre,zsre_row0,efficacy,success,post,1.0
llama3-8b,alphaedit,zsre,zsre_row0,efficacy,diff,post,0.10378923629352729
llama3-8b,alphaedit,zsre,zsre_row0,efficacy,acc,post,0.6666666666666666
llama3-8b,alphaedit,zsre,zsre_row0,generalisation,success,post,1.0
llama3-8b,alphaedit,zsre,zsre_row0,generalisation,diff,post,0.06040129891789606
llama3-8b,alphaedit,zsre,zsre_row0,generalisation,acc,post,0.6666666666666666
llama3-8b,alphaedit,zsre,zsre_row0,specificity,success,post,0.0
llama3-8b,alphaedit,zsre,zsre_row0,specificity,diff,post,-0.0003383841744298867
llama3-8b,alphaedit,zsre,zsre_row0,specificity,acc,post,0.6666666666666666
llama3-8b,alphaedit,zsre,zsre_row1,efficacy,success,pre,0.0
llama3-8b,alphaedit,zsre,zsre_row1,efficacy,diff,pre,-0.1378009694705405
llama3-8b,alphaedit,zsre,zsre_row1,efficacy,acc,pre,0.0
llama3-8b,alphaedit,zsre,zsre_row1,generalisation,success,pre,0.0
llama3-8b,alphaedit,zsre,zsre_row1,generalisation,diff,pre,-0.1258746068663492
llama3-8b,alphaedit,zsre,zsre_row1,generalisation,acc,pre,0.0
llama3-8b,alphaedit,zsre,zsre_row1,specificity,success,pre,0.0
llama3-8b,alphaedit,zsre,zsre_row1,specificity,diff,pre,-0.0034145509734565573
llama3-8b,alphaedit,zsre,zsre_row1,specificity,acc,pre,0.5
llama3-8b,alphaedit,zsre,zsre_row1,efficacy,success,post,0.0
llama3-8b,alphaedit,zsre,zsre_row1,efficacy,diff,post,-0.031975863011007494
llama3-8b,alphaedit,zsre,zsre_row1,efficacy,acc,post,0.3333333333333333
llama3-8b,alphaedit,zsre,zsre_row1,generalisation,success,post,0.0
llama3-8b,alphaedit,zsre,zsre_row1,generalisation,diff,post,-0.10614459132220075
llama3-8b,alphaedit,zsre,zsre_row1,generalisation,acc,post,0.0
llama3-8b,alphaedit,zsre,zsre_row1,specificity,success,post,0.0
llama3-8b,alphaedit,zsre,zsre_row1,specificity,diff,post,-0.00340829264298908
llama3-8b,alphaedit,zsre,zsre_row1,specificity,acc,post,0.5
llama3-8b,alphaedit,zsre,zsre_row2,efficacy,success,pre,1.0
llama3-8b,alphaedit,zsre,zsre_row2,efficacy,diff,pre,1.208607070673092e-06
llama3-8b,alphaedit,zsre,zsre_row2,efficacy,acc,pre,0.0
llama3-8b,alphaedit,zsre,zsre_row2,generalisation,success,pre,0.0
llama3-8b,alphaedit,zsre,zsre_row2,generalisation,diff,pre,-3.4509760115199677e-06
llama3-8b,alphaedit,zsre,zsre_row2,generalisation,acc,pre,0.0
llama3-8b,alphaedit,zsre,zsre_row2,specificity,success,pre,0.0
llama3-8b,alphaedit,zsre,zsre_row2,specificity,diff,pre,-0.004027526213683726
llama3-8b,alphaedit,zsre,zsre_row2,specificity,acc,pre,0.3333333333333333
llama3-8b,alphaedit,zsre,zsre_row2,efficacy,success,post,1.0
llama3-8b,alphaedit,zsre,zsre_row2,efficacy,diff,post,2.7844076903458234e-06
llama3-8b,alphaedit,zsre,zsre_row2,efficacy,acc,post,0.0
llama3-8b,alphaedit,zsre,zsre_row2,generalisation,success,post,0.0
llama3-8b,alphaedit,zsre,zsre_row2,generalisation,diff,post,0.0
llama3-8b,alphaedit,zsre,zsre_row2,generalisation,acc,post,0.0
llama3-8b,alphaedit,zsre,zsre_row2,specificity,success,post,0.0
llama3-8b,alphaedit,zsre,zsre_row2,specificity,diff,post,-0.004006766334424362
llama3-8b,alphaedit,zsre,zsre_row2,specificity,acc,post,0.3333333333333333
llama3-8b,anyedit,counterfact,0,efficacy,success,pre,0.0
llama3-8b,anyedit,counterfact,0,efficacy,diff,pre,-0.554447759264991
llama3-8b,anyedit,counterfact,0,efficacy,acc,pre,0.0
llama3-8b,anyedit,counterfact,0,generalisation,success,pre,0.0
llama3-8b,anyedit,counterfact,0,generalisation,diff,pre,-0.017276258042719
llama3-8b,anyedit,counterfact,0,generalisation,acc,pre,0.0
llama3-8b,anyedit,counterfact,0,specificity,success,pre,0.0
llama3-8b,anyedit,counterfact,0,specificity,diff,pre,-0.3691831430535373
llama3-8b,anyedit,counterfact,0,specificity,acc,pre,0.5
llama3-8b,anyedit,counterfact,0,target_close_neighbour,success,pre,1.0
llama3-8b,anyedit,counterfact,0,target_close_neighbour,diff,pre,0.13501298562453548
llama3-8b,anyedit,counterfact,0,target_close_neighbour,acc,pre,0.4
llama3-8b,anyedit,counterfact,0,efficacy,success,post,0.0
llama3-8b,anyedit,counterfact,0,efficacy,diff,post,-0.5589390147066737
llama3-8b,anyedit,counterfact,0,efficacy,acc,post,0.0
llama3-8b,anyedit,counterfact,0,generalisation,success,post,0.0
llama3-8b,anyedit,counterfact,0,generalisation,diff,post,-0.018891930426956006
llama3-8b,anyedit,counterfact,0,generalisation,acc,post,0.0
llama3-8b,anyedit,counterfact,0,specificity,success,post,0.0
llama3-8b,anyedit,counterfact,0,specificity,diff,post,-0.3731844391183512
llama3-8b,anyedit,counterfact,0,specificity,acc,post,0.5
llama3-8b,anyedit,counterfact,0,target_close_neighbour,success,post,1.0
llama3-8b,anyedit,counterfact,0,target_close_neighbour,diff,post,0.13585763815695845
llama3-8b,anyedit,counterfact,0,target_close_neighbour,acc,post,0.4
llama3-8b,anyedit,counterfact,1,efficacy,success,pre,0.0
llama3-8b,anyedit,counterfact,1,efficacy,diff,pre,-0.15195808065583227
llama3-8b,anyedit,counterfact,1,efficacy,acc,pre,0.0
llama3-8b,anyedit,counterfact,1,generalisation,success,pre,0.0
llama3-8b,anyedit,counterfact,1,generalisation,diff,pre,-0.03057342970014454
llama3-8b,anyedit,counterfact,1,generalisation,acc,pre,0.0
llama3-8b,anyedit,counterfact,1,specificity,success,pre,0.4
llama3-8b,anyedit,counterfact,1,specificity,diff,pre,-0.007853033098426339
llama3-8b,anyedit,counterfact,1,specificity,acc,pre,0.0
llama3-8b,anyedit,counterfact,1,target_close_neighbour,success,pre,1.0
llama3-8b,anyedit,counterfact,1,target_close_neighbour,diff,pre,0.12185462705339314
llama3-8b,anyedit,counterfact,1,target_close_neighbour,acc,pre,0.2
llama3-8b,anyedit,counterfact,1,efficacy,success,post,0.0
llama3-8b,anyedit,counterfact,1,efficacy,diff,post,-0.20444060662282237
llama3-8b,anyedit,counterfact,1,efficacy,acc,post,0.0
llama3-8b,anyedit,counterfact,1,generalisation,success,post,0.0
llama3-8b,anyedit,counterfact,1,generalisation,diff,post,-0.027633187732554652
llama3-8b,anyedit,counterfact,1,generalisation,acc,post,0.0
llama3-8b,anyedit,counterfact,1,specificity,success,post,0.4
llama3-8b,anyedit,counterfact,1,specificity,diff,post,-0.007011840836158896
llama3-8b,anyedit,counterfact,1,specificity,acc,post,0.0
llama3-8b,anyedit,counterfact,1,target_close_neighbour,success,post,1.0
llama3-8b,anyedit,counterfact,1,target_close_neighbour,diff,post,0.11507649185416886
llama3-8b,anyedit,counterfact,1,target_close_neighbour,acc,post,0.2
llama3-8b,anyedit,counterfact,2,efficacy,success,pre,1.0
llama3-8b,anyedit,counterfact,2,efficacy,diff,pre,2.1259822173694097e-05
llama3-8b,anyedit,counterfact,2,efficacy,acc,pre,0.0
llama3-8b,anyedit,counterfact,2,generalisation,success,pre,1.0
llama3-8b,anyedit,counterfact,2,generalisation,diff,pre,0.041588110685158136
llama3-8b,anyedit,counterfact,2,generalisation,acc,pre,0.5
llama3-8b,anyedit,counterfact,2,specificity,success,pre,0.6
llama3-8b,anyedit,counterfact,2,specificity,diff,pre,-0.016179983789135374
llama3-8b,anyedit,counterfact,2,specificity,acc,pre,0.2
llama3-8b,anyedit,counterfact,2,target_close_neighbour,success,pre,1.0
llama3-8b,anyedit,counterfact,2,target_close_neighbour,diff,pre,0.11117857836485087
llama3-8b,anyedit,counterfact,2,target_close_neighbour,acc,pre,0.6
llama3-8b,anyedit,counterfact,2,efficacy,success,post,1.0
llama3-8b,anyedit,counterfact,2,efficacy,diff,post,0.0007547264841724017
llama3-8b,anyedit,counterfact,2,efficacy,acc,post,0.0
llama3-8b,anyedit,counterfact,2,generalisation,success,post,1.0
llama3-8b,anyedit,counterfact,2,generalisation,diff,post,0.04595410869148972
llama3-8b,anyedit,counterfact,2,generalisation,acc,post,0.5
llama3-8b,anyedit,counterfact,2,specificity,success,post,0.6
llama3-8b,anyedit,counterfact,2,specificity,diff,post,-0.013478493721461583
llama3-8b,anyedit,counterfact,2,specificity,acc,post,0.2
llama3-8b,anyedit,counterfact,2,target_close_neighbour,success,post,1.0
llama3-8b,anyedit,counterfact,2,target_close_neighbour,diff,post,0.11632862155233414
llama3-8b,anyedit,counterfact,2,target_close_neighbour,acc,post,0.6
llama3-8b,anyedit,mquake,1,efficacy,success,pre,0.5
llama3-8b,anyedit,mquake,1,efficacy,diff,pre,-0.12516460852795738
llama3-8b,anyedit,mquake,1,efficacy,acc,pre,0.3333333333333333
llama3-8b,anyedit,mquake,1,single_hop,success,pre,0.5
llama3-8b,anyedit,mquake,1,single_hop,diff,pre,-0.12516460852795738
llama3-8b,anyedit,mquake,1,single_hop,acc,pre,0.3333333333333333
llama3-8b,anyedit,mquake,1,multihop,hit,pre,0.0
llama3-8b,anyedit,mquake,1,efficacy,success,post,0.5
llama3-8b,anyedit,mquake,1,efficacy,diff,post,-0.023360893847199936
llama3-8b,anyedit,mquake,1,efficacy,acc,post,0.6666666666666667
llama3-8b,anyedit,mquake,1,single_hop,success,post,0.5
llama3-8b,anyedit,mquake,1,single_hop,diff,post,-0.023360893847199936
llama3-8b,anyedit,mquake,1,single_hop,acc,post,0.6666666666666667
llama3-8b,anyedit,mquake,1,multihop,hit,post,0.0
llama3-8b,anyedit,mquake,2,efficacy,success,pre,0.0
llama3-8b,anyedit,mquake,2,efficacy,diff,pre,-0.5267057367602159
llama3-8b,anyedit,mquake,2,efficacy,acc,pre,0.25
llama3-8b,anyedit,mquake,2,single_hop,success,pre,0.5
llama3-8b,anyedit,mquake,2,single_hop,diff,pre,-0.16526882502839385
llama3-8b,anyedit,mquake,2,single_hop,acc,pre,0.625
llama3-8b,anyedit,mquake,2,multihop,hit,pre,0.0
llama3-8b,anyedit,mquake,2,efficacy,success,post,0.0
llama3-8b,anyedit,mquake,2,efficacy,diff,post,-0.06993149287248776
llama3-8b,anyedit,mquake,2,efficacy,acc,post,0.5
llama3-8b,anyedit,mquake,2,single_hop,success,post,0.5
llama3-8b,anyedit,mquake,2,single_hop,diff,post,0.06593013745814676
llama3-8b,anyedit,mquake,2,single_hop,acc,post,0.75
llama3-8b,anyedit,mquake,2,multihop,hit,post,0.0
llama3-8b,anyedit,mquake,3,efficacy,success,pre,0.0
llama3-8b,anyedit,mquake,3,efficacy,diff,pre,-0.9471558434905721
llama3-8b,anyedit,mquake,3,efficacy,acc,pre,0.5
llama3-8b,anyedit,mquake,3,single_hop,success,pre,0.5
llama3-8b,anyedit,mquake,3,single_hop,diff,pre,-0.44308061206966204
llama3-8b,anyedit,mquake,3,single_hop,acc,pre,0.25
llama3-8b,anyedit,mquake,3,multihop,hit,pre,0.0
llama3-8b,anyedit,mquake,3,efficacy,success,post,0.0
llama3-8b,anyedit,mquake,3,efficacy,diff,post,-0.9594500471914873
llama3-8b,anyedit,mquake,3,efficacy,acc,post,0.5
llama3-8b,anyedit,mquake,3,single_hop,success,post,0.5
llama3-8b,anyedit,mquake,3,single_hop,diff,post,-0.4477638041165752
llama3-8b,anyedit,mquake,3,single_hop,acc,post,0.25
llama3-8b,anyedit,mquake,3,multihop,hit,post,0.0
llama3-8b,anyedit,ripple,ripple_popular_row0,efficacy,hit,pre,0.0
llama3-8b,anyedit,ripple,ripple_popular_row0,ripple_compositional_i,hit,pre,0.0
llama3-8b,anyedit,ripple,ripple_popular_row0,ripple_aliasing,hit,pre,0.0
llama3-8b,anyedit,ripple,ripple_popular_row0,ripple_relation_specificity,hit,pre,0.7777777777777778
llama3-8b,anyedit,ripple,ripple_popular_row0,ripple_preservation,hit,pre,0.0
llama3-8b,anyedit,ripple,ripple_popular_row0,efficacy,hit,post,0.0
llama3-8b,anyedit,ripple,ripple_popular_row0,ripple_compositional_i,hit,post,0.0
llama3-8b,anyedit,ripple,ripple_popular_row0,ripple_aliasing,hit,post,0.0
llama3-8b,anyedit,ripple,ripple_popular_row0,ripple_relation_specificity,hit,post,0.6666666666666666
llama3-8b,anyedit,ripple,ripple_popular_row0,ripple_preservation,hit,post,0.0
llama3-8b,anyedit,ripple,ripple_popular_row2,efficacy,hit,pre,0.0
llama3-8b,anyedit,ripple,ripple_popular_row2,ripple_logical,hit,pre,0.0
llama3-8b,anyedit,ripple,ripple_popular_row2,ripple_compositional_i,hit,pre,0.0
llama3-8b,anyedit,ripple,ripple_popular_row2,ripple_aliasing,hit,pre,0.0
llama3-8b,anyedit,ripple,ripple_popular_row2,ripple_relation_specificity,hit,pre,0.5555555555555556
llama3-8b,anyedit,ripple,ripple_popular_row2,ripple_preservation,hit,pre,1.0
llama3-8b,anyedit,ripple,ripple_popular_row2,efficacy,hit,post,0.0
llama3-8b,anyedit,ripple,ripple_popular_row2,ripple_logical,hit,post,0.0
llama3-8b,anyedit,ripple,ripple_popular_row2,ripple_compositional_i,hit,post,0.2
llama3-8b,anyedit,ripple,ripple_popular_row2,ripple_aliasing,hit,post,0.0
llama3-8b,anyedit,ripple,ripple_popular_row2,ripple_relation_specificity,hit,post,0.4444444444444444
llama3-8b,anyedit,ripple,ripple_popular_row2,ripple_preservation,hit,post,0.0
llama3-8b,anyedit,ripple,ripple_random_row0,efficacy,hit,pre,0.0
llama3-8b,anyedit,ripple,ripple_random_row0,ripple_logical,hit,pre,0.0
llama3-8b,anyedit,ripple,ripple_random_row0,ripple_aliasing,hit,pre,0.0
llama3-8b,anyedit,ripple,ripple_random_row0,ripple_relation_specificity,hit,pre,0.0
llama3-8b,anyedit,ripple,ripple_random_row0,efficacy,hit,post,0.0
llama3-8b,anyedit,ripple,ripple_random_row0,ripple_logical,hit,post,0.0
llama3-8b,anyedit,ripple,ripple_random_row0,ripple_aliasing,hit,post,0.0
llama3-8b,anyedit,ripple,ripple_random_row0,ripple_relation_specificity,hit,post,0.0
llama3-8b,anyedit,ripple,ripple_random_row1,efficacy,hit,pre,0.0
llama3-8b,anyedit,ripple,ripple_random_row1,ripple_compositional_i,hit,pre,0.0
llama3-8b,anyedit,ripple,ripple_random_row1,ripple_aliasing,hit,pre,0.0
llama3-8b,anyedit,ripple,ripple_random_row1,ripple_relation_specificity,hit,pre,0.0
llama3-8b,anyedit,ripple,ripple_random_row1,efficacy,hit,post,0.0
llama3-8b,anyedit,ripple,ripple_random_row1,ripple_compositional_i,hit,post,0.0
llama3-8b,anyedit,ripple,ripple_random_row1,ripple_aliasing,hit,post,0.0
llama3-8b,anyedit,ripple,ripple_random_row1,ripple_relation_specificity,hit,post,0.0
llama3-8b,anyedit,ripple,ripple_random_row2,efficacy,hit,pre,0.0
llama3-8b,anyedit,ripple,ripple_random_row2,ripple_compositional_i,hit,pre,0.0
llama3-8b,anyedit,ripple,ripple_random_row2,ripple_aliasing,hit,pre,0.0
llama3-8b,anyedit,ripple,ripple_random_row2,efficacy,hit,post,0.0
llama3-8b,anyedit,ripple,ripple_random_row2,ripple_compositional_i,hit,post,0.0
llama3-8b,anyedit,ripple,ripple_random_row2,ripple_aliasing,hit,post,0.0
llama3-8b,anyedit,zsre,zsre_row0,efficacy,success,pre,1.0
llama3-8b,anyedit,zsre,zsre_row0,efficacy,diff,pre,0.0369414045465265
llama3-8b,anyedit,zsre,zsre_row0,efficacy,acc,pre,0.3333333333333333
llama3-8b,anyedit,zsre,zsre_row0,generalisation,success,pre,1.0
llama3-8b,anyedit,zsre,zsre_row0,generalisation,diff,pre,0.016267404748743455
llama3-8b,anyedit,zsre,zsre_row0,generalisation,acc,pre,0.3333333333333333
llama3-8b,anyedit,zsre,zsre_row0,specificity,success,pre,0.0
llama3-8b,anyedit,zsre,zsre_row0,specificity,diff,pre,-0.00038704909303236695
llama3-8b,anyedit,zsre,zsre_row0,specificity,acc,pre,0.6666666666666666
llama3-8b,anyedit,zsre,zsre_row0,efficacy,success,post,1.0
llama3-8b,anyedit,zsre,zsre_row0,efficacy,diff,post,0.11658507668363884
llama3-8b,anyedit,zsre,zsre_row0,efficacy,acc,post,0.6666666666666666
llama3-8b,anyedit,zsre,zsre_row0,generalisation,success,post,1.0
llama3-8b,anyedit,zsre,zsre_row0,generalisation,diff,post,0.012246126214001896
llama3-8b,anyedit,zsre,zsre_row0,generalisation,acc,post,0.3333333333333333
llama3-8b,anyedit,zsre,zsre_row0,specificity,success,post,0.0
llama3-8b,anyedit,zsre,zsre_row0,specificity,diff,post,-0.000525263402225237
llama3-8b,anyedit,zsre,zsre_row0,specificity,acc,post,0.6666666666666666
llama3-8b,anyedit,zsre,zsre_row1,efficacy,success,pre,0.0
llama3-8b,anyedit,zsre,zsre_row1,efficacy,diff,pre,-0.1378009694705405
llama3-8b,anyedit,zsre,zsre_row1,efficacy,acc,pre,0.0
llama3-8b,anyedit,zsre,zsre_row1,generalisation,success,pre,0.0
llama3-8b,anyedit,zsre,zsre_row1,generalisation,diff,pre,-0.1258746068663492
llama3-8b,anyedit,zsre,zsre_row1,generalisation,acc,pre,0.0
llama3-8b,anyedit,zsre,zsre_row1,specificity,success,pre,0.0
llama3-8b,anyedit,zsre,zsre_row1,specificity,diff,pre,-0.0034145509734565573
llama3-8b,anyedit,zsre,zsre_row1,specificity,acc,pre,0.5
llama3-8b,anyedit,zsre,zsre_row1,efficacy,success,post,1.0
llama3-8b,anyedit,zsre,zsre_row1,efficacy,diff,post,0.004894326081829183
llama3-8b,anyedit,zsre,zsre_row1,efficacy,acc,post,0.3333333333333333
llama3-8b,anyedit,zsre,zsre_row1,generalisation,success,post,0.0
llama3-8b,anyedit,zsre,zsre_row1,generalisation,diff,post,-0.10959782867298966
llama3-8b,anyedit,zsre,zsre_row1,generalisation,acc,post,0.0
llama3-8b,anyedit,zsre,zsre_row1,specificity,success,post,0.0
llama3-8b,anyedit,zsre,zsre_row1,specificity,diff,post,-0.003303052373072046
llama3-8b,anyedit,zsre,zsre_row1,specificity,acc,post,0.5
llama3-8b,anyedit,zsre,zsre_row2,efficacy,success,pre,1.0
llama3-8b,anyedit,zsre,zsre_row2,efficacy,diff,pre,1.208607070673092e-06
llama3-8b,anyedit,zsre,zsre_row2,efficacy,acc,pre,0.0
llama3-8b,anyedit,zsre,zsre_row2,generalisation,success,pre,0.0
llama3-8b,anyedit,zsre,zsre_row2,generalisation,diff,pre,-3.4509760115199677e-06
llama3-8b,anyedit,zsre,zsre_row2,generalisation,acc,pre,0.0
llama3-8b,anyedit,zsre,zsre_row2,specificity,success,pre,0.0
llama3-8b,anyedit,zsre,zsre_row2,specificity,diff,pre,-0.004027526213683726
llama3-8b,anyedit,zsre,zsre_row2,specificity,acc,pre,0.3333333333333333
llama3-8b,anyedit,zsre,zsre_row2,efficacy,success,post,0.0
llama3-8b,anyedit,zsre,zsre_row2,efficacy,diff,post,-1.0752899641872925e-05
llama3-8b,anyedit,zsre,zsre_row2,efficacy,acc,post,0.0
llama3-8b,anyedit,zsre,zsre_row2,generalisation,success,post,0.0
llama3-8b,anyedit,zsre,zsre_row2,generalisation,diff,post,-1.8619696521650217e-05
llama3-8b,anyedit,zsre,zsre_row2,generalisation,acc,post,0.0
llama3-8b,anyedit,zsre,zsre_row2,specificity,success,post,0.0
llama3-8b,anyedit,zsre,zsre_row2,specificity,diff,post,-0.004027690103358857
llama3-8b,anyedit,zsre,zsre_row2,specificity,acc,post,0.3333333333333333
llama3-8b,grace,counterfact,0,efficacy,success,pre,0.0
llama3-8b,grace,counterfact,0,efficacy,diff,pre,-0.554447759264991
llama3-8b,grace,counterfact,0,efficacy,acc,pre,0.0
llama3-8b,grace,counterfact,0,generalisation,success,pre,0.0
llama3-8b,grace,counterfact,0,generalisation,diff,pre,-0.017276258042719
llama3-8b,grace,counterfact,0,generalisation,acc,pre,0.0
llama3-8b,grace,counterfact,0,specificity,success,pre,0.0
llama3-8b,grace,counterfact,0,specificity,diff,pre,-0.3691831430535373
llama3-8b,grace,counterfact,0,specificity,acc,pre,0.5
llama3-8b,grace,counterfact,0,target_close_neighbour,success,pre,1.0
llama3-8b,grace,counterfact,0,target_close_neighbour,diff,pre,0.13501298562453548
llama3-8b,grace,counterfact,0,target_close_neighbour,acc,pre,0.4
llama3-8b,grace,counterfact,0,efficacy,success,post,1.0
llama3-8b,grace,counterfact,0,efficacy,diff,post,0.9998064228522439
llama3-8b,grace,counterfact,0,efficacy,acc,post,1.0
llama3-8b,grace,counterfact,0,generalisation,success,post,0.0
llama3-8b,grace,counterfact,0,generalisation,diff,post,-0.017276258042719
llama3-8b,grace,counterfact,0,generalisation,acc,post,0.0
llama3-8b,grace,counterfact,0,specificity,success,post,0.0
llama3-8b,grace,counterfact,0,specificity,diff,post,-0.3691831430535373
llama3-8b,grace,counterfact,0,specificity,acc,post,0.5
llama3-8b,grace,counterfact,0,target_close_neighbour,success,post,1.0
llama3-8b,grace,counterfact,0,target_close_neighbour,diff,post,0.13501298562453548
llama3-8b,grace,counterfact,0,target_close_neighbour,acc,post,0.4
llama3-8b,grace,counterfact,1,efficacy,success,pre,0.0
llama3-8b,grace,counterfact,1,efficacy,diff,pre,-0.15195808065583227
llama3-8b,grace,counterfact,1,efficacy,acc,pre,0.0
llama3-8b,grace,counterfact,1,generalisation,success,pre,0.0
llama3-8b,grace,counterfact,1,generalisation,diff,pre,-0.03057342970014454
llama3-8b,grace,counterfact,1,generalisation,acc,pre,0.0
llama3-8b,grace,counterfact,1,specificity,success,pre,0.4
llama3-8b,grace,counterfact,1,specificity,diff,pre,-0.007853033098426339
llama3-8b,grace,counterfact,1,specificity,acc,pre,0.0
llama3-8b,grace,counterfact,1,target_close_neighbour,success,pre,1.0
llama3-8b,grace,counterfact,1,target_close_neighbour,diff,pre,0.12185462705339314
llama3-8b,grace,counterfact,1,target_close_neighbour,acc,pre,0.2
llama3-8b,grace,counterfact,1,efficacy,success,post,1.0
llama3-8b,grace,counterfact,1,efficacy,diff,post,0.9999994039537299
llama3-8b,grace,counterfact,1,efficacy,acc,post,1.0
llama3-8b,grace,counterfact,1,generalisation,success,post,0.0
llama3-8b,grace,counterfact,1,generalisation,diff,post,-0.03057342970014454
llama3-8b,grace,counterfact,1,generalisation,acc,post,0.0
llama3-8b,grace,counterfact,1,specificity,success,post,0.4
llama3-8b,grace,counterfact,1,specificity,diff,post,-0.007853033098426339
llama3-8b,grace,counterfact,1,specificity,acc,post,0.0
llama3-8b,grace,counterfact,1,target_close_neighbour,success,post,1.0
llama3-8b,grace,counterfact,1,target_close_neighbour,diff,post,0.12185462705339314
llama3-8b,grace,counterfact,1,target_close_neighbour,acc,post,0.2
llama3-8b,grace,counterfact,2,efficacy,success,pre,1.0
llama3-8b,grace,counterfact,2,efficacy,diff,pre,2.1259822173694097e-05
llama3-8b,grace,counterfact,2,efficacy,acc,pre,0.0
llama3-8b,grace,counterfact,2,generalisation,success,pre,1.0
llama3-8b,grace,counterfact,2,generalisation,diff,pre,0.041588110685158136
llama3-8b,grace,counterfact,2,generalisation,acc,pre,0.5
llama3-8b,grace,counterfact,2,specificity,success,pre,0.6
llama3-8b,grace,counterfact,2,specificity,diff,pre,-0.016179983789135374
llama3-8b,grace,counterfact,2,specificity,acc,pre,0.2
llama3-8b,grace,counterfact,2,target_close_neighbour,success,pre,1.0
llama3-8b,grace,counterfact,2,target_close_neighbour,diff,pre,0.11117857836485087
llama3-8b,grace,counterfact,2,target_close_neighbour,acc,pre,0.6
llama3-8b,grace,counterfact,2,efficacy,success,post,1.0
llama3-8b,grace,counterfact,2,efficacy,diff,post,0.9999952316397867
llama3-8b,grace,counterfact,2,efficacy,acc,post,1.0
llama3-8b,grace,counterfact,2,generalisation,success,post,1.0
llama3-8b,grace,counterfact,2,generalisation,diff,post,0.041588110685158136
llama3-8b,grace,counterfact,2,generalisation,acc,post,0.5
llama3-8b,grace,counterfact,2,specificity,success,post,0.6
llama3-8b,grace,counterfact,2,specificity,diff,post,-0.016179983789135374
llama3-8b,grace,counterfact,2,specificity,acc,post,0.2
llama3-8b,grace,counterfact,2,target_close_neighbour,success,post,1.0
llama3-8b,grace,counterfact,2,target_close_neighbour,diff,post,0.11117857836485087
llama3-8b,grace,counterfact,2,target_close_neighbour,acc,post,0.6
llama3-8b,grace,mquake,1,efficacy,success,pre,0.5
llama3-8b,grace,mquake,1,efficacy,diff,pre,-0.12516460852795738
llama3-8b,grace,mquake,1,efficacy,acc,pre,0.3333333333333333
llama3-8b,grace,mquake,1,single_hop,success,pre,0.5
llama3-8b,grace,mquake,1,single_hop,diff,pre,-0.12516460852795738
llama3-8b,grace,mquake,1,single_hop,acc,pre,0.3333333333333333
llama3-8b,grace,mquake,1,multihop,hit,pre,0.0
llama3-8b,grace,mquake,1,efficacy,success,post,1.0
llama3-8b,grace,mquake,1,efficacy,diff,post,0.996361890959933
llama3-8b,grace,mquake,1,efficacy,acc,post,1.0
llama3-8b,grace,mquake,1,single_hop,success,post,1.0
llama3-8b,grace,mquake,1,single_hop,diff,post,0.996361890959933
llama3-8b,grace,mquake,1,single_hop,acc,post,1.0
llama3-8b,grace,mquake,1,multihop,hit,post,0.0
llama3-8b,grace,mquake,2,efficacy,success,pre,0.0
llama3-8b,grace,mquake,2,efficacy,diff,pre,-0.5267057367602159
llama3-8b,grace,mquake,2,efficacy,acc,pre,0.25
llama3-8b,grace,mquake,2,single_hop,success,pre,0.5
llama3-8b,grace,mquake,2,single_hop,diff,pre,-0.16526882502839385
llama3-8b,grace,mquake,2,single_hop,acc,pre,0.625
llama3-8b,grace,mquake,2,multihop,hit,pre,0.0
llama3-8b,grace,mquake,2,efficacy,success,post,1.0
llama3-8b,grace,mquake,2,efficacy,diff,post,0.9689682307666369
llama3-8b,grace,mquake,2,efficacy,acc,post,1.0
llama3-8b,grace,mquake,2,single_hop,success,post,1.0
llama3-8b,grace,mquake,2,single_hop,diff,post,0.5825681587350325
llama3-8b,grace,mquake,2,single_hop,acc,post,1.0
llama3-8b,grace,mquake,2,multihop,hit,post,0.0
llama3-8b,grace,mquake,3,efficacy,success,pre,0.0
llama3-8b,grace,mquake,3,efficacy,diff,pre,-0.9471558434905721
llama3-8b,grace,mquake,3,efficacy,acc,pre,0.5
llama3-8b,grace,mquake,3,single_hop,success,pre,0.5
llama3-8b,grace,mquake,3,single_hop,diff,pre,-0.44308061206966204
llama3-8b,grace,mquake,3,single_hop,acc,pre,0.25
llama3-8b,grace,mquake,3,multihop,hit,pre,0.0
llama3-8b,grace,mquake,3,efficacy,success,post,1.0
llama3-8b,grace,mquake,3,efficacy,diff,post,0.9992411633064417
llama3-8b,grace,mquake,3,efficacy,acc,post,1.0
llama3-8b,grace,mquake,3,single_hop,success,post,1.0
llama3-8b,grace,mquake,3,single_hop,diff,post,0.5301178913288449
llama3-8b,grace,mquake,3,single_hop,acc,post,0.5
llama3-8b,grace,mquake,3,multihop,hit,post,0.0
llama3-8b,grace,ripple,ripple_popular_row0,efficacy,hit,pre,0.0
llama3-8b,grace,ripple,ripple_popular_row0,ripple_compositional_i,hit,pre,0.0
llama3-8b,grace,ripple,ripple_popular_row0,ripple_aliasing,hit,pre,0.0
llama3-8b,grace,ripple,ripple_popular_row0,ripple_relation_specificity,hit,pre,0.7777777777777778
llama3-8b,grace,ripple,ripple_popular_row0,ripple_preservation,hit,pre,0.0
llama3-8b,grace,ripple,ripple_popular_row0,efficacy,hit,post,1.0
llama3-8b,grace,ripple,ripple_popular_row0,ripple_compositional_i,hit,post,0.0
llama3-8b,grace,ripple,ripple_popular_row0,ripple_aliasing,hit,post,0.75
llama3-8b,grace,ripple,ripple_popular_row0,ripple_relation_specificity,hit,post,0.7777777777777778
llama3-8b,grace,ripple,ripple_popular_row0,ripple_preservation,hit,post,0.0
llama3-8b,grace,ripple,ripple_popular_row2,efficacy,hit,pre,0.0
llama3-8b,grace,ripple,ripple_popular_row2,ripple_logical,hit,pre,0.0
llama3-8b,grace,ripple,ripple_popular_row2,ripple_compositional_i,hit,pre,0.0
llama3-8b,grace,ripple,ripple_popular_row2,ripple_aliasing,hit,pre,0.0
llama3-8b,grace,ripple,ripple_popular_row2,ripple_relation_specificity,hit,pre,0.5555555555555556
llama3-8b,grace,ripple,ripple_popular_row2,ripple_preservation,hit,pre,1.0
llama3-8b,grace,ripple,ripple_popular_row2,efficacy,hit,post,1.0
llama3-8b,grace,ripple,ripple_popular_row2,ripple_logical,hit,post,0.0
llama3-8b,grace,ripple,ripple_popular_row2,ripple_compositional_i,hit,post,0.0
llama3-8b,grace,ripple,ripple_popular_row2,ripple_aliasing,hit,post,0.0
llama3-8b,grace,ripple,ripple_popular_row2,ripple_relation_specificity,hit,post,0.5555555555555556
llama3-8b,grace,ripple,ripple_popular_row2,ripple_preservation,hit,post,1.0
llama3-8b,grace,ripple,ripple_random_row0,efficacy,hit,pre,0.0
llama3-8b,grace,ripple,ripple_random_row0,ripple_logical,hit,pre,0.0
llama3-8b,grace,ripple,ripple_random_row0,ripple_aliasing,hit,pre,0.0
llama3-8b,grace,ripple,ripple_random_row0,ripple_relation_specificity,hit,pre,0.0
llama3-8b,grace,ripple,ripple_random_row0,efficacy,hit,post,1.0
llama3-8b,grace,ripple,ripple_random_row0,ripple_logical,hit,post,0.0
llama3-8b,grace,ripple,ripple_random_row0,ripple_aliasing,hit,post,0.0
llama3-8b,grace,ripple,ripple_random_row0,ripple_relation_specificity,hit,post,0.0
llama3-8b,grace,ripple,ripple_random_row1,efficacy,hit,pre,0.0
llama3-8b,grace,ripple,ripple_random_row1,ripple_compositional_i,hit,pre,0.0
llama3-8b,grace,ripple,ripple_random_row1,ripple_aliasing,hit,pre,0.0
llama3-8b,grace,ripple,ripple_random_row1,ripple_relation_specificity,hit,pre,0.0
llama3-8b,grace,ripple,ripple_random_row1,efficacy,hit,post,1.0
llama3-8b,grace,ripple,ripple_random_row1,ripple_compositional_i,hit,post,0.0
llama3-8b,grace,ripple,ripple_random_row1,ripple_aliasing,hit,post,0.0
llama3-8b,grace,ripple,ripple_random_row1,ripple_relation_specificity,hit,post,0.0
llama3-8b,grace,ripple,ripple_random_row2,efficacy,hit,pre,0.0
llama3-8b,grace,ripple,ripple_random_row2,ripple_compositional_i,hit,pre,0.0
llama3-8b,grace,ripple,ripple_random_row2,ripple_aliasing,hit,pre,0.0
llama3-8b,grace,ripple,ripple_random_row2,efficacy,hit,post,1.0
llama3-8b,grace,ripple,ripple_random_row2,ripple_compositional_i,hit,post,0.0
llama3-8b,grace,ripple,ripple_random_row2,ripple_aliasing,hit,post,0.0
llama3-8b,grace,zsre,zsre_row0,efficacy,success,pre,1.0
llama3-8b,grace,zsre,zsre_row0,efficacy,diff,pre,0.0369414045465265
llama3-8b,grace,zsre,zsre_row0,efficacy,acc,pre,0.3333333333333333
llama3-8b,grace,zsre,zsre_row0,generalisation,success,pre,1.0
llama3-8b,grace,zsre,zsre_row0,generalisation,diff,pre,0.016267404748743455
llama3-8b,grace,zsre,zsre_row0,generalisation,acc,pre,0.3333333333333333
llama3-8b,grace,zsre,zsre_row0,specificity,success,pre,0.0
llama3-8b,grace,zsre,zsre_row0,specificity,diff,pre,-0.00038704909303236695
llama3-8b,grace,zsre,zsre_row0,specificity,acc,pre,0.6666666666666666
llama3-8b,grace,zsre,zsre_row0,efficacy,success,post,1.0
llama3-8b,grace,zsre,zsre_row0,efficacy,diff,post,0.9479878270863108
llama3-8b,grace,zsre,zsre_row0,efficacy,acc,post,1.0
llama3-8b,grace,zsre,zsre_row0,generalisation,success,post,1.0
llama3-8b,grace,zsre,zsre_row0,generalisation,diff,post,0.016267404748743455
llama3-8b,grace,zsre,zsre_row0,generalisation,acc,post,0.3333333333333333
llama3-8b,grace,zsre,zsre_row0,specificity,success,post,0.0
llama3-8b,grace,zsre,zsre_row0,specificity,diff,post,-0.00038704909303236695
llama3-8b,grace,zsre,zsre_row0,specificity,acc,post,0.6666666666666666
llama3-8b,grace,zsre,zsre_row1,efficacy,success,pre,0.0
llama3-8b,grace,zsre,zsre_row1,efficacy,diff,pre,-0.1378009694705405
llama3-8b,grace,zsre,zsre_row1,efficacy,acc,pre,0.0
llama3-8b,grace,zsre,zsre_row1,generalisation,success,pre,0.0
llama3-8b,grace,zsre,zsre_row1,generalisation,diff,pre,-0.1258746068663492
llama3-8b,grace,zsre,zsre_row1,generalisation,acc,pre,0.0
llama3-8b,grace,zsre,zsre_row1,specificity,success,pre,0.0
llama3-8b,grace,zsre,zsre_row1,specificity,diff,pre,-0.0034145509734565573
llama3-8b,grace,zsre,zsre_row1,specificity,acc,pre,0.5
llama3-8b,grace,zsre,zsre_row1,efficacy,success,post,1.0
llama3-8b,grace,zsre,zsre_row1,efficacy,diff,post,0.8900764351509562
llama3-8b,grace,zsre,zsre_row1,efficacy,acc,post,1.0
llama3-8b,grace,zsre,zsre_row1,generalisation,success,post,0.0
llama3-8b,grace,zsre,zsre_row1,generalisation,diff,post,-0.1258746068663492
llama3-8b,grace,zsre,zsre_row1,generalisation,acc,post,0.0
llama3-8b,grace,zsre,zsre_row1,specificity,success,post,0.0
llama3-8b,grace,zsre,zsre_row1,specificity,diff,post,-0.0034145509734565573
llama3-8b,grace,zsre,zsre_row1,specificity,acc,post,0.5
llama3-8b,grace,zsre,zsre_row2,efficacy,success,pre,1.0
llama3-8b,grace,zsre,zsre_row2,efficacy,diff,pre,1.208607070673092e-06
llama3-8b,grace,zsre,zsre_row2,efficacy,acc,pre,0.0
llama3-8b,grace,zsre,zsre_row2,generalisation,success,pre,0.0
llama3-8b,grace,zsre,zsre_row2,generalisation,diff,pre,-3.4509760115199677e-06
llama3-8b,grace,zsre,zsre_row2,generalisation,acc,pre,0.0
llama3-8b,grace,zsre,zsre_row2,specificity,success,pre,0.0
llama3-8b,grace,zsre,zsre_row2,specificity,diff,pre,-0.004027526213683726
llama3-8b,grace,zsre,zsre_row2,specificity,acc,pre,0.3333333333333333
llama3-8b,grace,zsre,zsre_row2,efficacy,success,post,1.0
llama3-8b,grace,zsre,zsre_row2,efficacy,diff,post,1.0
llama3-8b,grace,zsre,zsre_row2,efficacy,acc,post,1.0
llama3-8b,grace,zsre,zsre_row2,generalisation,success,post,0.0
llama3-8b,grace,zsre,zsre_row2,generalisation,diff,post,-3.4509760115199677e-06
llama3-8b,grace,zsre,zsre_row2,generalisation,acc,post,0.0
llama3-8b,grace,zsre,zsre_row2,specificity,success,post,0.0
llama3-8b,grace,zsre,zsre_row2,specificity,diff,post,-0.004027526213683726
llama3-8b,grace,zsre,zsre_row2,specificity,acc,post,0.3333333333333333
llama3-8b,memit,counterfact,0,efficacy,success,pre,0.0
llama3-8b,memit,counterfact,0,efficacy,diff,pre,-0.554447759264991
llama3-8b,memit,counterfact,0,efficacy,acc,pre,0.0
llama3-8b,memit,counterfact,0,generalisation,success,pre,0.0
llama3-8b,memit,counterfact,0,generalisation,diff,pre,-0.017276258042719
llama3-8b,memit,counterfact,0,generalisation,acc,pre,0.0
llama3-8b,memit,counterfact,0,specificity,success,pre,0.0
llama3-8b,memit,counterfact,0,specificity,diff,pre,-0.3691831430535373
llama3-8b,memit,counterfact,0,specificity,acc,pre,0.5
llama3-8b,memit,counterfact,0,target_close_neighbour,success,pre,1.0
llama3-8b,memit,counterfact,0,target_close_neighbour,diff,pre,0.13501298562453548
llama3-8b,memit,counterfact,0,target_close_neighbour,acc,pre,0.4
llama3-8b,memit,counterfact,0,efficacy,success,post,0.0
llama3-8b,memit,counterfact,0,efficacy,diff,post,-0.4996489256716789
llama3-8b,memit,counterfact,0,efficacy,acc,post,0.0
llama3-8b,memit,counterfact,0,generalisation,success,post,0.0
llama3-8b,memit,counterfact,0,generalisation,diff,post,-0.015745307923583106
llama3-8b,memit,counterfact,0,generalisation,acc,post,0.0
llama3-8b,memit,counterfact,0,specificity,success,post,0.0
llama3-8b,memit,counterfact,0,specificity,diff,post,-0.37883767955282877
llama3-8b,memit,counterfact,0,specificity,acc,post,0.5
llama3-8b,memit,counterfact,0,target_close_neighbour,success,post,1.0
llama3-8b,memit,counterfact,0,target_close_neighbour,diff,post,0.1361932709525035
llama3-8b,memit,counterfact,0,target_close_neighbour,acc,post,0.4
llama3-8b,memit,counterfact,1,efficacy,success,pre,0.0
llama3-8b,memit,counterfact,1,efficacy,diff,pre,-0.15195808065583227
llama3-8b,memit,counterfact,1,efficacy,acc,pre,0.0
llama3-8b,memit,counterfact,1,generalisation,success,pre,0.0
llama3-8b,memit,counterfact,1,generalisation,diff,pre,-0.03057342970014454
llama3-8b,memit,counterfact,1,generalisation,acc,pre,0.0
llama3-8b,memit,counterfact,1,specificity,success,pre,0.4
llama3-8b,memit,counterfact,1,specificity,diff,pre,-0.007853033098426339
llama3-8b,memit,counterfact,1,specificity,acc,pre,0.0
llama3-8b,memit,counterfact,1,target_close_neighbour,success,pre,1.0
llama3-8b,memit,counterfact,1,target_close_neighbour,diff,pre,0.12185462705339314
llama3-8b,memit,counterfact,1,target_close_neighbour,acc,pre,0.2
llama3-8b,memit,counterfact,1,efficacy,success,post,0.0
llama3-8b,memit,counterfact,1,efficacy,diff,post,-0.009813576772460586
llama3-8b,memit,counterfact,1,efficacy,acc,post,0.0
llama3-8b,memit,counterfact,1,generalisation,success,post,0.0
llama3-8b,memit,counterfact,1,generalisation,diff,post,-0.011057254378616575
llama3-8b,memit,counterfact,1,generalisation,acc,post,0.0
llama3-8b,memit,counterfact,1,specificity,success,post,0.4
llama3-8b,memit,counterfact,1,specificity,diff,post,-0.006567361028810616
llama3-8b,memit,counterfact,1,specificity,acc,post,0.0
llama3-8b,memit,counterfact,1,target_close_neighbour,success,post,1.0
llama3-8b,memit,counterfact,1,target_close_neighbour,diff,post,0.12233428086954626
llama3-8b,memit,counterfact,1,target_close_neighbour,acc,post,0.2
llama3-8b,memit,counterfact,2,efficacy,success,pre,1.0
llama3-8b,memit,counterfact,2,efficacy,diff,pre,2.1259822173694097e-05
llama3-8b,memit,counterfact,2,efficacy,acc,pre,0.0
llama3-8b,memit,counterfact,2,generalisation,success,pre,1.0
llama3-8b,memit,counterfact,2,generalisation,diff,pre,0.041588110685158136
llama3-8b,memit,counterfact,2,generalisation,acc,pre,0.5
llama3-8b,memit,counterfact,2,specificity,success,pre,0.6
llama3-8b,memit,counterfact,2,specificity,diff,pre,-0.016179983789135374
llama3-8b,memit,counterfact,2,specificity,acc,pre,0.2
llama3-8b,memit,counterfact,2,target_close_neighbour,success,pre,1.0
llama3-8b,memit,counterfact,2,target_close_neighbour,diff,pre,0.11117857836485087
llama3-8b,memit,counterfact,2,target_close_neighbour,acc,pre,0.6
llama3-8b,memit,counterfact,2,efficacy,success,post,1.0
llama3-8b,memit,counterfact,2,efficacy,diff,post,0.022781173585958277
llama3-8b,memit,counterfact,2,efficacy,acc,post,0.0
llama3-8b,memit,counterfact,2,generalisation,success,post,1.0
llama3-8b,memit,counterfact,2,generalisation,diff,post,0.11805354595573603
llama3-8b,memit,counterfact,2,generalisation,acc,post,0.5
llama3-8b,memit,counterfact,2,specificity,success,post,0.6
llama3-8b,memit,counterfact,2,specificity,diff,post,-0.01474025842884857
llama3-8b,memit,counterfact,2,specificity,acc,post,0.2
llama3-8b,memit,counterfact,2,target_close_neighbour,success,post,1.0
llama3-8b,memit,counterfact,2,target_close_neighbour,diff,post,0.12734867439889538
llama3-8b,memit,counterfact,2,target_close_neighbour,acc,post,0.6
llama3-8b,memit,mquake,1,efficacy,success,pre,0.5
llama3-8b,memit,mquake,1,efficacy,diff,pre,-0.12516460852795738
llama3-8b,memit,mquake,1,efficacy,acc,pre,0.3333333333333333
llama3-8b,memit,mquake,1,single_hop,success,pre,0.5
llama3-8b,memit,mquake,1,single_hop,diff,pre,-0.12516460852795738
llama3-8b,memit,mquake,1,single_hop,acc,pre,0.3333333333333333
llama3-8b,memit,mquake,1,multihop,hit,pre,0.0
llama3-8b,memit,mquake,1,efficacy,success,post,0.5
llama3-8b,memit,mquake,1,efficacy,diff,post,0.02436485484341449
llama3-8b,memit,mquake,1,efficacy,acc,post,0.6666666666666667
llama3-8b,memit,mquake,1,single_hop,success,post,0.5
llama3-8b,memit,mquake,1,single_hop,diff,post,0.02436485484341449
llama3-8b,memit,mquake,1,single_hop,acc,post,0.6666666666666667
llama3-8b,memit,mquake,1,multihop,hit,post,0.0
llama3-8b,memit,mquake,2,efficacy,success,pre,0.0
llama3-8b,memit,mquake,2,efficacy,diff,pre,-0.5267057367602159
llama3-8b,memit,mquake,2,efficacy,acc,pre,0.25
llama3-8b,memit,mquake,2,single_hop,success,pre,0.5
llama3-8b,memit,mquake,2,single_hop,diff,pre,-0.16526882502839385
llama3-8b,memit,mquake,2,single_hop,acc,pre,0.625
llama3-8b,memit,mquake,2,multihop,hit,pre,0.0
llama3-8b,memit,mquake,2,efficacy,success,post,0.0
llama3-8b,memit,mquake,2,efficacy,diff,post,-0.056316294796907765
llama3-8b,memit,mquake,2,efficacy,acc,post,0.75
llama3-8b,memit,mquake,2,single_hop,success,post,0.5
llama3-8b,memit,mquake,2,single_hop,diff,post,0.06680634050097678
llama3-8b,memit,mquake,2,single_hop,acc,post,0.875
llama3-8b,memit,mquake,2,multihop,hit,post,0.0
llama3-8b,memit,mquake,3,efficacy,success,pre,0.0
llama3-8b,memit,mquake,3,efficacy,diff,pre,-0.9471558434905721
llama3-8b,memit,mquake,3,efficacy,acc,pre,0.5
llama3-8b,memit,mquake,3,single_hop,success,pre,0.5
llama3-8b,memit,mquake,3,single_hop,diff,pre,-0.44308061206966204
llama3-8b,memit,mquake,3,single_hop,acc,pre,0.25
llama3-8b,memit,mquake,3,multihop,hit,pre,0.0
llama3-8b,memit,mquake,3,efficacy,success,post,0.0
llama3-8b,memit,mquake,3,efficacy,diff,post,-0.7675759285401977
llama3-8b,memit,mquake,3,efficacy,acc,post,0.5
llama3-8b,memit,mquake,3,single_hop,success,post,0.5
llama3-8b,memit,mquake,3,single_hop,diff,post,-0.35729091856924694
llama3-8b,memit,mquake,3,single_hop,acc,post,0.25
llama3-8b,memit,mquake,3,multihop,hit,post,0.0
llama3-8b,memit,ripple,ripple_popular_row0,efficacy,hit,pre,0.0
llama3-8b,memit,ripple,ripple_popular_row0,ripple_compositional_i,hit,pre,0.0
llama3-8b,memit,ripple,ripple_popular_row0,ripple_aliasing,hit,pre,0.0
llama3-8b,memit,ripple,ripple_popular_row0,ripple_relation_specificity,hit,pre,0.7777777777777778
llama3-8b,memit,ripple,ripple_popular_row0,ripple_preservation,hit,pre,0.0
llama3-8b,memit,ripple,ripple_popular_row0,efficacy,hit,post,0.0
llama3-8b,memit,ripple,ripple_popular_row0,ripple_compositional_i,hit,post,0.0
llama3-8b,memit,ripple,ripple_popular_row0,ripple_aliasing,hit,post,0.0
llama3-8b,memit,ripple,ripple_popular_row0,ripple_relation_specificity,hit,post,0.5555555555555556
llama3-8b,memit,ripple,ripple_popular_row0,ripple_preservation,hit,post,0.0
llama3-8b,memit,ripple,ripple_popular_row2,efficacy,hit,pre,0.0
llama3-8b,memit,ripple,ripple_popular_row2,ripple_logical,hit,pre,0.0
llama3-8b,memit,ripple,ripple_popular_row2,ripple_compositional_i,hit,pre,0.0
llama3-8b,memit,ripple,ripple_popular_row2,ripple_aliasing,hit,pre,0.0
llama3-8b,memit,ripple,ripple_popular_row2,ripple_relation_specificity,hit,pre,0.5555555555555556
llama3-8b,memit,ripple,ripple_popular_row2,ripple_preservation,hit,pre,1.0
llama3-8b,memit,ripple,ripple_popular_row2,efficacy,hit,post,0.0
llama3-8b,memit,ripple,ripple_popular_row2,ripple_logical,hit,post,0.0
llama3-8b,memit,ripple,ripple_popular_row2,ripple_compositional_i,hit,post,0.0
llama3-8b,memit,ripple,ripple_popular_row2,ripple_aliasing,hit,post,0.0
llama3-8b,memit,ripple,ripple_popular_row2,ripple_relation_specificity,hit,post,0.4444444444444444
llama3-8b,memit,ripple,ripple_popular_row2,ripple_preservation,hit,post,1.0
llama3-8b,memit,ripple,ripple_random_row0,efficacy,hit,pre,0.0
llama3-8b,memit,ripple,ripple_random_row0,ripple_logical,hit,pre,0.0
llama3-8b,memit,ripple,ripple_random_row0,ripple_aliasing,hit,pre,0.0
llama3-8b,memit,ripple,ripple_random_row0,ripple_relation_specificity,hit,pre,0.0
llama3-8b,memit,ripple,ripple_random_row0,efficacy,hit,post,0.0
llama3-8b,memit,ripple,ripple_random_row0,ripple_logical,hit,post,0.0
llama3-8b,memit,ripple,ripple_random_row0,ripple_aliasing,hit,post,0.0
llama3-8b,memit,ripple,ripple_random_row0,ripple_relation_specificity,hit,post,0.0
llama3-8b,memit,ripple,ripple_random_row1,efficacy,hit,pre,0.0
llama3-8b,memit,ripple,ripple_random_row1,ripple_compositional_i,hit,pre,0.0
llama3-8b,memit,ripple,ripple_random_row1,ripple_aliasing,hit,pre,0.0
llama3-8b,memit,ripple,ripple_random_row1,ripple_relation_specificity,hit,pre,0.0
llama3-8b,memit,ripple,ripple_random_row1,efficacy,hit,post,0.0
llama3-8b,memit,ripple,ripple_random_row1,ripple_compositional_i,hit,post,0.0
llama3-8b,memit,ripple,ripple_random_row1,ripple_aliasing,hit,post,0.0
llama3-8b,memit,ripple,ripple_random_row1,ripple_relation_specificity,hit,post,0.0
llama3-8b,memit,ripple,ripple_random_row2,efficacy,hit,pre,0.0
llama3-8b,memit,ripple,ripple_random_row2,ripple_compositional_i,hit,pre,0.0
llama3-8b,memit,ripple,ripple_random_row2,ripple_aliasing,hit,pre,0.0
llama3-8b,memit,ripple,ripple_random_row2,efficacy,hit,post,0.0
llama3-8b,memit,ripple,ripple_random_row2,ripple_compositional_i,hit,post,0.0
llama3-8b,memit,ripple,ripple_random_row2,ripple_aliasing,hit,post,0.0
llama3-8b,memit,zsre,zsre_row0,efficacy,success,pre,1.0
llama3-8b,memit,zsre,zsre_row0,efficacy,diff,pre,0.0369414045465265
llama3-8b,memit,zsre,zsre_row0,efficacy,acc,pre,0.3333333333333333
llama3-8b,memit,zsre,zsre_row0,generalisation,success,pre,1.0
llama3-8b,memit,zsre,zsre_row0,generalisation,diff,pre,0.016267404748743455
llama3-8b,memit,zsre,zsre_row0,generalisation,acc,pre,0.3333333333333333
llama3-8b,memit,zsre,zsre_row0,specificity,success,pre,0.0
llama3-8b,memit,zsre,zsre_row0,specificity,diff,pre,-0.00038704909303236695
llama3-8b,memit,zsre,zsre_row0,specificity,acc,pre,0.6666666666666666
llama3-8b,memit,zsre,zsre_row0,efficacy,success,post,1.0
llama3-8b,memit,zsre,zsre_row0,efficacy,diff,post,0.10842057827356821
llama3-8b,memit,zsre,zsre_row0,efficacy,acc,post,0.6666666666666666
llama3-8b,memit,zsre,zsre_row0,generalisation,success,post,1.0
llama3-8b,memit,zsre,zsre_row0,generalisation,diff,post,0.08030914299631124
llama3-8b,memit,zsre,zsre_row0,generalisation,acc,post,0.6666666666666666
llama3-8b,memit,zsre,zsre_row0,specificity,success,post,0.0
llama3-8b,memit,zsre,zsre_row0,specificity,diff,post,-0.0003533746955039496
llama3-8b,memit,zsre,zsre_row0,specificity,acc,post,0.6666666666666666
llama3-8b,memit,zsre,zsre_row1,efficacy,success,pre,0.0
llama3-8b,memit,zsre,zsre_row1,efficacy,diff,pre,-0.1378009694705405
llama3-8b,memit,zsre,zsre_row1,efficacy,acc,pre,0.0
llama3-8b,memit,zsre,zsre_row1,generalisation,success,pre,0.0
llama3-8b,memit,zsre,zsre_row1,generalisation,diff,pre,-0.1258746068663492
llama3-8b,memit,zsre,zsre_row1,generalisation,acc,pre,0.0
llama3-8b,memit,zsre,zsre_row1,specificity,success,pre,0.0
llama3-8b,memit,zsre,zsre_row1,specificity,diff,pre,-0.0034145509734565573
llama3-8b,memit,zsre,zsre_row1,specificity,acc,pre,0.5
llama3-8b,memit,zsre,zsre_row1,efficacy,success,post,1.0
llama3-8b,memit,zsre,zsre_row1,efficacy,diff,post,0.04958157242225522
llama3-8b,memit,zsre,zsre_row1,efficacy,acc,post,0.3333333333333333
llama3-8b,memit,zsre,zsre_row1,generalisation,success,post,0.0
llama3-8b,memit,zsre,zsre_row1,generalisation,diff,post,-0.07992006667321462
llama3-8b,memit,zsre,zsre_row1,generalisation,acc,post,0.0
llama3-8b,memit,zsre,zsre_row1,specificity,success,post,0.0
llama3-8b,memit,zsre,zsre_row1,specificity,diff,post,-0.003406506512149903
llama3-8b,memit,zsre,zsre_row1,specificity,acc,post,0.5
llama3-8b,memit,zsre,zsre_row2,efficacy,success,pre,1.0
llama3-8b,memit,zsre,zsre_row2,efficacy,diff,pre,1.208607070673092e-06
llama3-8b,memit,zsre,zsre_row2,efficacy,acc,pre,0.0
llama3-8b,memit,zsre,zsre_row2,generalisation,success,pre,0.0
llama3-8b,memit,zsre,zsre_row2,generalisation,diff,pre,-3.4509760115199677e-06
llama3-8b,memit,zsre,zsre_row2,generalisation,acc,pre,0.0
llama3-8b,memit,zsre,zsre_row2,specificity,success,pre,0.0
llama3-8b,memit,zsre,zsre_row2,specificity,diff,pre,-0.004027526213683726
llama3-8b,memit,zsre,zsre_row2,specificity,acc,pre,0.3333333333333333
llama3-8b,memit,zsre,zsre_row2,efficacy,success,post,1.0
llama3-8b,memit,zsre,zsre_row2,efficacy,diff,post,8.369747286474541e-06
llama3-8b,memit,zsre,zsre_row2,efficacy,acc,post,0.0
llama3-8b,memit,zsre,zsre_row2,generalisation,success,post,1.0
llama3-8b,memit,zsre,zsre_row2,generalisation,diff,post,4.196056776763277e-05
llama3-8b,memit,zsre,zsre_row2,generalisation,acc,post,0.0
llama3-8b,memit,zsre,zsre_row2,specificity,success,post,0.0
llama3-8b,memit,zsre,zsre_row2,specificity,diff,post,-0.004052843951290267
llama3-8b,memit,zsre,zsre_row2,specificity,acc,post,0.3333333333333333
llama3-8b,remedi,counterfact,0,efficacy,success,pre,0.0
llama3-8b,remedi,counterfact,0,efficacy,diff,pre,-0.554447759264991
llama3-8b,remedi,counterfact,0,efficacy,acc,pre,0.0
llama3-8b,remedi,counterfact,0,generalisation,success,pre,0.0
llama3-8b,remedi,counterfact,0,generalisation,diff,pre,-0.017276258042719
llama3-8b,remedi,counterfact,0,generalisation,acc,pre,0.0
llama3-8b,remedi,counterfact,0,specificity,success,pre,0.0
llama3-8b,remedi,counterfact,0,specificity,diff,pre,-0.3691831430535373
llama3-8b,remedi,counterfact,0,specificity,acc,pre,0.5
llama3-8b,remedi,counterfact,0,target_close_neighbour,success,pre,1.0
llama3-8b,remedi,counterfact,0,target_close_neighbour,diff,pre,0.13501298562453548
llama3-8b,remedi,counterfact,0,target_close_neighbour,acc,pre,0.4
llama3-8b,remedi,counterfact,0,efficacy,success,post,1.0
llama3-8b,remedi,counterfact,0,efficacy,diff,post,0.04000503331137926
llama3-8b,remedi,counterfact,0,efficacy,acc,post,0.0
llama3-8b,remedi,counterfact,0,generalisation,success,post,0.5
llama3-8b,remedi,counterfact,0,generalisation,diff,post,-0.002091396539303617
llama3-8b,remedi,counterfact,0,generalisation,acc,post,0.0
llama3-8b,remedi,counterfact,0,specificity,success,post,0.0
llama3-8b,remedi,counterfact,0,specificity,diff,post,-0.3691831430535373
llama3-8b,remedi,counterfact,0,specificity,acc,post,0.5
llama3-8b,remedi,counterfact,0,target_close_neighbour,success,post,1.0
llama3-8b,remedi,counterfact,0,target_close_neighbour,diff,post,0.13501298562453548
llama3-8b,remedi,counterfact,0,target_close_neighbour,acc,post,0.4
llama3-8b,remedi,counterfact,1,efficacy,success,pre,0.0
llama3-8b,remedi,counterfact,1,efficacy,diff,pre,-0.15195808065583227
llama3-8b,remedi,counterfact,1,efficacy,acc,pre,0.0
llama3-8b,remedi,counterfact,1,generalisation,success,pre,0.0
llama3-8b,remedi,counterfact,1,generalisation,diff,pre,-0.03057342970014454
llama3-8b,remedi,counterfact,1,generalisation,acc,pre,0.0
llama3-8b,remedi,counterfact,1,specificity,success,pre,0.4
llama3-8b,remedi,counterfact,1,specificity,diff,pre,-0.007853033098426339
llama3-8b,remedi,counterfact,1,specificity,acc,pre,0.0
llama3-8b,remedi,counterfact,1,target_close_neighbour,success,pre,1.0
llama3-8b,remedi,counterfact,1,target_close_neighbour,diff,pre,0.12185462705339314
llama3-8b,remedi,counterfact,1,target_close_neighbour,acc,pre,0.2
llama3-8b,remedi,counterfact,1,efficacy,success,post,1.0
llama3-8b,remedi,counterfact,1,efficacy,diff,post,0.006951295521092621
llama3-8b,remedi,counterfact,1,efficacy,acc,post,0.0
llama3-8b,remedi,counterfact,1,generalisation,success,post,1.0
llama3-8b,remedi,counterfact,1,generalisation,diff,post,0.18544901538870934
llama3-8b,remedi,counterfact,1,generalisation,acc,post,0.5
llama3-8b,remedi,counterfact,1,specificity,success,post,0.4
llama3-8b,remedi,counterfact,1,specificity,diff,post,-0.007853033098426339
llama3-8b,remedi,counterfact,1,specificity,acc,post,0.0
llama3-8b,remedi,counterfact,1,target_close_neighbour,success,post,1.0
llama3-8b,remedi,counterfact,1,target_close_neighbour,diff,post,0.12185462705339314
llama3-8b,remedi,counterfact,1,target_close_neighbour,acc,post,0.2
llama3-8b,remedi,counterfact,2,efficacy,success,pre,1.0
llama3-8b,remedi,counterfact,2,efficacy,diff,pre,2.1259822173694097e-05
llama3-8b,remedi,counterfact,2,efficacy,acc,pre,0.0
llama3-8b,remedi,counterfact,2,generalisation,success,pre,1.0
llama3-8b,remedi,counterfact,2,generalisation,diff,pre,0.041588110685158136
llama3-8b,remedi,counterfact,2,generalisation,acc,pre,0.5
llama3-8b,remedi,counterfact,2,specificity,success,pre,0.6
llama3-8b,remedi,counterfact,2,specificity,diff,pre,-0.016179983789135374
llama3-8b,remedi,counterfact,2,specificity,acc,pre,0.2
llama3-8b,remedi,counterfact,2,target_close_neighbour,success,pre,1.0
llama3-8b,remedi,counterfact,2,target_close_neighbour,diff,pre,0.11117857836485087
llama3-8b,remedi,counterfact,2,target_close_neighbour,acc,pre,0.6
llama3-8b,remedi,counterfact,2,efficacy,success,post,1.0
llama3-8b,remedi,counterfact,2,efficacy,diff,post,0.06392780097096919
llama3-8b,remedi,counterfact,2,efficacy,acc,post,1.0
llama3-8b,remedi,counterfact,2,generalisation,success,post,1.0
llama3-8b,remedi,counterfact,2,generalisation,diff,post,0.2569508893048479
llama3-8b,remedi,counterfact,2,generalisation,acc,post,0.5
llama3-8b,remedi,counterfact,2,specificity,success,post,0.6
llama3-8b,remedi,counterfact,2,specificity,diff,post,-0.016179983789135374
llama3-8b,remedi,counterfact,2,specificity,acc,post,0.2
llama3-8b,remedi,counterfact,2,target_close_neighbour,success,post,1.0
llama3-8b,remedi,counterfact,2,target_close_neighbour,diff,post,0.11117857836485087
llama3-8b,remedi,counterfact,2,target_close_neighbour,acc,post,0.6
llama3-8b,remedi,ripple,ripple_popular_row0,efficacy,hit,pre,0.0
llama3-8b,remedi,ripple,ripple_popular_row0,ripple_compositional_i,hit,pre,0.0
llama3-8b,remedi,ripple,ripple_popular_row0,ripple_aliasing,hit,pre,0.0
llama3-8b,remedi,ripple,ripple_popular_row0,ripple_relation_specificity,hit,pre,0.7777777777777778
llama3-8b,remedi,ripple,ripple_popular_row0,ripple_preservation,hit,pre,0.0
llama3-8b,remedi,ripple,ripple_popular_row0,efficacy,hit,post,0.0
llama3-8b,remedi,ripple,ripple_popular_row0,ripple_compositional_i,hit,post,0.0
llama3-8b,remedi,ripple,ripple_popular_row0,ripple_aliasing,hit,post,0.0
llama3-8b,remedi,ripple,ripple_popular_row0,ripple_relation_specificity,hit,post,0.3333333333333333
llama3-8b,remedi,ripple,ripple_popular_row0,ripple_preservation,hit,post,0.0
llama3-8b,remedi,ripple,ripple_popular_row2,efficacy,hit,pre,0.0
llama3-8b,remedi,ripple,ripple_popular_row2,ripple_logical,hit,pre,0.0
llama3-8b,remedi,ripple,ripple_popular_row2,ripple_compositional_i,hit,pre,0.0
llama3-8b,remedi,ripple,ripple_popular_row2,ripple_aliasing,hit,pre,0.0
llama3-8b,remedi,ripple,ripple_popular_row2,ripple_relation_specificity,hit,pre,0.5555555555555556
llama3-8b,remedi,ripple,ripple_popular_row2,ripple_preservation,hit,pre,1.0
llama3-8b,remedi,ripple,ripple_popular_row2,efficacy,hit,post,0.0
llama3-8b,remedi,ripple,ripple_popular_row2,ripple_logical,hit,post,0.0
llama3-8b,remedi,ripple,ripple_popular_row2,ripple_compositional_i,hit,post,0.0
llama3-8b,remedi,ripple,ripple_popular_row2,ripple_aliasing,hit,post,0.0
llama3-8b,remedi,ripple,ripple_popular_row2,ripple_relation_specificity,hit,post,0.1111111111111111
llama3-8b,remedi,ripple,ripple_popular_row2,ripple_preservation,hit,post,1.0
llama3-8b,remedi,ripple,ripple_random_row0,efficacy,hit,pre,0.0
llama3-8b,remedi,ripple,ripple_random_row0,ripple_logical,hit,pre,0.0
llama3-8b,remedi,ripple,ripple_random_row0,ripple_aliasing,hit,pre,0.0
llama3-8b,remedi,ripple,ripple_random_row0,ripple_relation_specificity,hit,pre,0.0
llama3-8b,remedi,ripple,ripple_random_row0,efficacy,hit,post,0.0
llama3-8b,remedi,ripple,ripple_random_row0,ripple_logical,hit,post,0.0
llama3-8b,remedi,ripple,ripple_random_row0,ripple_aliasing,hit,post,0.0
llama3-8b,remedi,ripple,ripple_random_row0,ripple_relation_specificity,hit,post,0.0
llama3-8b,remedi,ripple,ripple_random_row1,efficacy,hit,pre,0.0
llama3-8b,remedi,ripple,ripple_random_row1,ripple_compositional_i,hit,pre,0.0
llama3-8b,remedi,ripple,ripple_random_row1,ripple_aliasing,hit,pre,0.0
llama3-8b,remedi,ripple,ripple_random_row1,ripple_relation_specificity,hit,pre,0.0
llama3-8b,remedi,ripple,ripple_random_row1,efficacy,hit,post,0.0
llama3-8b,remedi,ripple,ripple_random_row1,ripple_compositional_i,hit,post,0.0
llama3-8b,remedi,ripple,ripple_random_row1,ripple_aliasing,hit,post,0.0
llama3-8b,remedi,ripple,ripple_random_row1,ripple_relation_specificity,hit,post,0.0
llama3-8b,remedi,ripple,ripple_random_row2,efficacy,hit,pre,0.0
llama3-8b,remedi,ripple,ripple_random_row2,ripple_compositional_i,hit,pre,0.0
llama3-8b,remedi,ripple,ripple_random_row2,ripple_aliasing,hit,pre,0.0
llama3-8b,remedi,ripple,ripple_random_row2,efficacy,hit,post,0.0
llama3-8b,remedi,ripple,ripple_random_row2,ripple_compositional_i,hit,post,0.0
llama3-8b,remedi,ripple,ripple_random_row2,ripple_aliasing,hit,post,0.0
llama3-8b,remedi,zsre,zsre_row0,efficacy,success,pre,1.0
llama3-8b,remedi,zsre,zsre_row0,efficacy,diff,pre,0.0369414045465265
llama3-8b,remedi,zsre,zsre_row0,efficacy,acc,pre,0.3333333333333333
llama3-8b,remedi,zsre,zsre_row0,generalisation,success,pre,1.0
llama3-8b,remedi,zsre,zsre_row0,generalisation,diff,pre,0.016267404748743455
llama3-8b,remedi,zsre,zsre_row0,generalisation,acc,pre,0.3333333333333333
llama3-8b,remedi,zsre,zsre_row0,specificity,success,pre,0.0
llama3-8b,remedi,zsre,zsre_row0,specificity,diff,pre,-0.00038704909303236695
llama3-8b,remedi,zsre,zsre_row0,specificity,acc,pre,0.6666666666666666
llama3-8b,remedi,zsre,zsre_row0,efficacy,success,post,1.0
llama3-8b,remedi,zsre,zsre_row0,efficacy,diff,post,0.0427519560690586
llama3-8b,remedi,zsre,zsre_row0,efficacy,acc,post,0.3333333333333333
llama3-8b,remedi,zsre,zsre_row0,generalisation,success,post,1.0
llama3-8b,remedi,zsre,zsre_row0,generalisation,diff,post,0.04994231338548205
llama3-8b,remedi,zsre,zsre_row0,generalisation,acc,post,0.6666666666666666
llama3-8b,remedi,zsre,zsre_row0,specificity,success,post,0.0
llama3-8b,remedi,zsre,zsre_row0,specificity,diff,post,-0.00038704909303236695
llama3-8b,remedi,zsre,zsre_row0,specificity,acc,post,0.6666666666666666
llama3-8b,remedi,zsre,zsre_row1,efficacy,success,pre,0.0
llama3-8b,remedi,zsre,zsre_row1,efficacy,diff,pre,-0.1378009694705405
llama3-8b,remedi,zsre,zsre_row1,efficacy,acc,pre,0.0
llama3-8b,remedi,zsre,zsre_row1,generalisation,success,pre,0.0
llama3-8b,remedi,zsre,zsre_row1,generalisation,diff,pre,-0.1258746068663492
llama3-8b,remedi,zsre,zsre_row1,generalisation,acc,pre,0.0
llama3-8b,remedi,zsre,zsre_row1,specificity,success,pre,0.0
llama3-8b,remedi,zsre,zsre_row1,specificity,diff,pre,-0.0034145509734565573
llama3-8b,remedi,zsre,zsre_row1,specificity,acc,pre,0.5
llama3-8b,remedi,zsre,zsre_row1,efficacy,success,post,0.0
llama3-8b,remedi,zsre,zsre_row1,efficacy,diff,post,-0.13093052172139766
llama3-8b,remedi,zsre,zsre_row1,efficacy,acc,post,0.0
llama3-8b,remedi,zsre,zsre_row1,generalisation,success,post,0.0
llama3-8b,remedi,zsre,zsre_row1,generalisation,diff,post,-0.08320667683215774
llama3-8b,remedi,zsre,zsre_row1,generalisation,acc,post,0.0
llama3-8b,remedi,zsre,zsre_row1,specificity,success,post,0.0
llama3-8b,remedi,zsre,zsre_row1,specificity,diff,post,-0.0034145509734565573
llama3-8b,remedi,zsre,zsre_row1,specificity,acc,post,0.5
llama3-8b,remedi,zsre,zsre_row2,efficacy,success,pre,1.0
llama3-8b,remedi,zsre,zsre_row2,efficacy,diff,pre,1.208607070673092e-06
llama3-8b,remedi,zsre,zsre_row2,efficacy,acc,pre,0.0
llama3-8b,remedi,zsre,zsre_row2,generalisation,success,pre,0.0
llama3-8b,remedi,zsre,zsre_row2,generalisation,diff,pre,-3.4509760115199677e-06
llama3-8b,remedi,zsre,zsre_row2,generalisation,acc,pre,0.0
llama3-8b,remedi,zsre,zsre_row2,specificity,success,pre,0.0
llama3-8b,remedi,zsre,zsre_row2,specificity,diff,pre,-0.004027526213683726
llama3-8b,remedi,zsre,zsre_row2,specificity,acc,pre,0.3333333333333333
llama3-8b,remedi,zsre,zsre_row2,efficacy,success,post,1.0
llama3-8b,remedi,zsre,zsre_row2,efficacy,diff,post,1.932317346644706e-06
llama3-8b,remedi,zsre,zsre_row2,efficacy,acc,post,0.0
llama3-8b,remedi,zsre,zsre_row2,generalisation,success,post,1.0
llama3-8b,remedi,zsre,zsre_row2,generalisation,diff,post,1.4963575107625245e-06
llama3-8b,remedi,zsre,zsre_row2,generalisation,acc,post,0.0
llama3-8b,remedi,zsre,zsre_row2,specificity,success,post,0.0
llama3-8b,remedi,zsre,zsre_row2,specificity,diff,post,-0.004027526213683726
llama3-8b,remedi,zsre,zsre_row2,specificity,acc,post,0.3333333333333333
llama3-8b,rome,counterfact,0,efficacy,success,pre,0.0
llama3-8b,rome,counterfact,0,efficacy,diff,pre,-0.554447759264991
llama3-8b,rome,counterfact,0,efficacy,acc,pre,0.0
llama3-8b,rome,counterfact,0,generalisation,success,pre,0.0
llama3-8b,rome,counterfact,0,generalisation,diff,pre,-0.017276258042719
llama3-8b,rome,counterfact,0,generalisation,acc,pre,0.0
llama3-8b,rome,counterfact,0,specificity,success,pre,0.0
llama3-8b,rome,counterfact,0,specificity,diff,pre,-0.3691831430535373
llama3-8b,rome,counterfact,0,specificity,acc,pre,0.5
llama3-8b,rome,counterfact,0,target_close_neighbour,success,pre,1.0
llama3-8b,rome,counterfact,0,target_close_neighbour,diff,pre,0.13501298562453548
llama3-8b,rome,counterfact,0,target_close_neighbour,acc,pre,0.4
llama3-8b,rome,counterfact,0,efficacy,success,post,1.0
llama3-8b,rome,counterfact,0,efficacy,diff,post,0.00014772407376202344
llama3-8b,rome,counterfact,0,efficacy,acc,post,0.0
llama3-8b,rome,counterfact,0,generalisation,success,post,0.5
llama3-8b,rome,counterfact,0,generalisation,diff,post,-1.2639880188951637e-05
llama3-8b,rome,counterfact,0,generalisation,acc,post,0.0
llama3-8b,rome,counterfact,0,specificity,success,post,0.0
llama3-8b,rome,counterfact,0,specificity,diff,post,-0.3131692156854906
llama3-8b,rome,counterfact,0,specificity,acc,post,0.4
llama3-8b,rome,counterfact,0,target_close_neighbour,success,post,1.0
llama3-8b,rome,counterfact,0,target_close_neighbour,diff,post,0.12124722668619803
llama3-8b,rome,counterfact,0,target_close_neighbour,acc,post,0.4
llama3-8b,rome,counterfact,1,efficacy,success,pre,0.0
llama3-8b,rome,counterfact,1,efficacy,diff,pre,-0.15195808065583227
llama3-8b,rome,counterfact,1,efficacy,acc,pre,0.0
llama3-8b,rome,counterfact,1,generalisation,success,pre,0.0
llama3-8b,rome,counterfact,1,generalisation,diff,pre,-0.03057342970014454
llama3-8b,rome,counterfact,1,generalisation,acc,pre,0.0
llama3-8b,rome,counterfact,1,specificity,success,pre,0.4
llama3-8b,rome,counterfact,1,specificity,diff,pre,-0.007853033098426339
llama3-8b,rome,counterfact,1,specificity,acc,pre,0.0
llama3-8b,rome,counterfact,1,target_close_neighbour,success,pre,1.0
llama3-8b,rome,counterfact,1,target_close_neighbour,diff,pre,0.12185462705339314
llama3-8b,rome,counterfact,1,target_close_neighbour,acc,pre,0.2
llama3-8b,rome,counterfact,1,efficacy,success,post,0.0
llama3-8b,rome,counterfact,1,efficacy,diff,post,-0.00026973804497487116
llama3-8b,rome,counterfact,1,efficacy,acc,post,0.0
llama3-8b,rome,counterfact,1,generalisation,success,post,0.0
llama3-8b,rome,counterfact,1,generalisation,diff,post,-0.002160618270173172
llama3-8b,rome,counterfact,1,generalisation,acc,post,0.0
llama3-8b,rome,counterfact,1,specificity,success,post,0.4
llama3-8b,rome,counterfact,1,specificity,diff,post,-0.007666222503814345
llama3-8b,rome,counterfact,1,specificity,acc,post,0.0
llama3-8b,rome,counterfact,1,target_close_neighbour,success,post,1.0
llama3-8b,rome,counterfact,1,target_close_neighbour,diff,post,0.12027852297063797
llama3-8b,rome,counterfact,1,target_close_neighbour,acc,post,0.2
llama3-8b,rome,counterfact,2,efficacy,success,pre,1.0
llama3-8b,rome,counterfact,2,efficacy,diff,pre,2.1259822173694097e-05
llama3-8b,rome,counterfact,2,efficacy,acc,pre,0.0
llama3-8b,rome,counterfact,2,generalisation,success,pre,1.0
llama3-8b,rome,counterfact,2,generalisation,diff,pre,0.041588110685158136
llama3-8b,rome,counterfact,2,generalisation,acc,pre,0.5
llama3-8b,rome,counterfact,2,specificity,success,pre,0.6
llama3-8b,rome,counterfact,2,specificity,diff,pre,-0.016179983789135374
llama3-8b,rome,counterfact,2,specificity,acc,pre,0.2
llama3-8b,rome,counterfact,2,target_close_neighbour,success,pre,1.0
llama3-8b,rome,counterfact,2,target_close_neighbour,diff,pre,0.11117857836485087
llama3-8b,rome,counterfact,2,target_close_neighbour,acc,pre,0.6
llama3-8b,rome,counterfact,2,efficacy,success,post,1.0
llama3-8b,rome,counterfact,2,efficacy,diff,post,2.517829693274138e-07
llama3-8b,rome,counterfact,2,efficacy,acc,post,0.0
llama3-8b,rome,counterfact,2,generalisation,success,post,1.0
llama3-8b,rome,counterfact,2,generalisation,diff,post,0.0001066696661646642
llama3-8b,rome,counterfact,2,generalisation,acc,post,0.0
llama3-8b,rome,counterfact,2,specificity,success,post,0.6
llama3-8b,rome,counterfact,2,specificity,diff,post,-0.016431921228551152
llama3-8b,rome,counterfact,2,specificity,acc,post,0.2
llama3-8b,rome,counterfact,2,target_close_neighbour,success,post,1.0
llama3-8b,rome,counterfact,2,target_close_neighbour,diff,post,0.11047757722195395
llama3-8b,rome,counterfact,2,target_close_neighbour,acc,post,0.6
llama3-8b,rome,mquake,1,efficacy,success,pre,0.5
llama3-8b,rome,mquake,1,efficacy,diff,pre,-0.12516460852795738
llama3-8b,rome,mquake,1,efficacy,acc,pre,0.3333333333333333
llama3-8b,rome,mquake,1,single_hop,success,pre,0.5
llama3-8b,rome,mquake,1,single_hop,diff,pre,-0.12516460852795738
llama3-8b,rome,mquake,1,single_hop,acc,pre,0.3333333333333333
llama3-8b,rome,mquake,1,multihop,hit,pre,0.0
llama3-8b,rome,mquake,1,efficacy,success,post,1.0
llama3-8b,rome,mquake,1,efficacy,diff,post,0.01868247131912193
llama3-8b,rome,mquake,1,efficacy,acc,post,0.4166666666666667
llama3-8b,rome,mquake,1,single_hop,success,post,1.0
llama3-8b,rome,mquake,1,single_hop,diff,post,0.01868247131912193
llama3-8b,rome,mquake,1,single_hop,acc,post,0.4166666666666667
llama3-8b,rome,mquake,1,multihop,hit,post,0.0
llama3-8b,rome,mquake,2,efficacy,success,pre,0.0
llama3-8b,rome,mquake,2,efficacy,diff,pre,-0.5267057367602159
llama3-8b,rome,mquake,2,efficacy,acc,pre,0.25
llama3-8b,rome,mquake,2,single_hop,success,pre,0.5
llama3-8b,rome,mquake,2,single_hop,diff,pre,-0.16526882502839385
llama3-8b,rome,mquake,2,single_hop,acc,pre,0.625
llama3-8b,rome,mquake,2,multihop,hit,pre,0.0
llama3-8b,rome,mquake,2,efficacy,success,post,0.0
llama3-8b,rome,mquake,2,efficacy,diff,post,-0.06064317437964387
llama3-8b,rome,mquake,2,efficacy,acc,post,0.25
llama3-8b,rome,mquake,2,single_hop,success,post,0.5
llama3-8b,rome,mquake,2,single_hop,diff,post,0.066864199893987
llama3-8b,rome,mquake,2,single_hop,acc,post,0.625
llama3-8b,rome,mquake,2,multihop,hit,post,0.0
llama3-8b,rome,mquake,3,efficacy,success,pre,0.0
llama3-8b,rome,mquake,3,efficacy,diff,pre,-0.9471558434905721
llama3-8b,rome,mquake,3,efficacy,acc,pre,0.5
llama3-8b,rome,mquake,3,single_hop,success,pre,0.5
llama3-8b,rome,mquake,3,single_hop,diff,pre,-0.44308061206966204
llama3-8b,rome,mquake,3,single_hop,acc,pre,0.25
llama3-8b,rome,mquake,3,multihop,hit,pre,0.0
llama3-8b,rome,mquake,3,efficacy,success,post,0.0
llama3-8b,rome,mquake,3,efficacy,diff,post,-0.20929681382780804
llama3-8b,rome,mquake,3,efficacy,acc,post,0.5
llama3-8b,rome,mquake,3,single_hop,success,post,0.5
llama3-8b,rome,mquake,3,single_hop,diff,post,-0.08126507922275053
llama3-8b,rome,mquake,3,single_hop,acc,post,0.25
llama3-8b,rome,mquake,3,multihop,hit,post,0.0
llama3-8b,rome,ripple,ripple_popular_row0,efficacy,hit,pre,0.0
llama3-8b,rome,ripple,ripple_popular_row0,ripple_compositional_i,hit,pre,0.0
llama3-8b,rome,ripple,ripple_popular_row0,ripple_aliasing,hit,pre,0.0
llama3-8b,rome,ripple,ripple_popular_row0,ripple_relation_specificity,hit,pre,0.7777777777777778
llama3-8b,rome,ripple,ripple_popular_row0,ripple_preservation,hit,pre,0.0
llama3-8b,rome,ripple,ripple_popular_row0,efficacy,hit,post,0.0
llama3-8b,rome,ripple,ripple_popular_row0,ripple_compositional_i,hit,post,0.14285714285714285
llama3-8b,rome,ripple,ripple_popular_row0,ripple_aliasing,hit,post,0.0
llama3-8b,rome,ripple,ripple_popular_row0,ripple_relation_specificity,hit,post,0.1111111111111111
llama3-8b,rome,ripple,ripple_popular_row0,ripple_preservation,hit,post,0.0
llama3-8b,rome,ripple,ripple_popular_row2,efficacy,hit,pre,0.0
llama3-8b,rome,ripple,ripple_popular_row2,ripple_logical,hit,pre,0.0
llama3-8b,rome,ripple,ripple_popular_row2,ripple_compositional_i,hit,pre,0.0
llama3-8b,rome,ripple,ripple_popular_row2,ripple_aliasing,hit,pre,0.0
llama3-8b,rome,ripple,ripple_popular_row2,ripple_relation_specificity,hit,pre,0.5555555555555556
llama3-8b,rome,ripple,ripple_popular_row2,ripple_preservation,hit,pre,1.0
llama3-8b,rome,ripple,ripple_popular_row2,efficacy,hit,post,0.0
llama3-8b,rome,ripple,ripple_popular_row2,ripple_logical,hit,post,0.0
llama3-8b,rome,ripple,ripple_popular_row2,ripple_compositional_i,hit,post,0.2
llama3-8b,rome,ripple,ripple_popular_row2,ripple_aliasing,hit,post,0.0
llama3-8b,rome,ripple,ripple_popular_row2,ripple_relation_specificity,hit,post,0.2222222222222222
llama3-8b,rome,ripple,ripple_popular_row2,ripple_preservation,hit,post,0.0
llama3-8b,rome,ripple,ripple_random_row0,efficacy,hit,pre,0.0
llama3-8b,rome,ripple,ripple_random_row0,ripple_logical,hit,pre,0.0
llama3-8b,rome,ripple,ripple_random_row0,ripple_aliasing,hit,pre,0.0
llama3-8b,rome,ripple,ripple_random_row0,ripple_relation_specificity,hit,pre,0.0
llama3-8b,rome,ripple,ripple_random_row0,efficacy,hit,post,0.0
llama3-8b,rome,ripple,ripple_random_row0,ripple_logical,hit,post,0.0
llama3-8b,rome,ripple,ripple_random_row0,ripple_aliasing,hit,post,0.0
llama3-8b,rome,ripple,ripple_random_row0,ripple_relation_specificity,hit,post,0.0
llama3-8b,rome,ripple,ripple_random_row1,efficacy,hit,pre,0.0
llama3-8b,rome,ripple,ripple_random_row1,ripple_compositional_i,hit,pre,0.0
llama3-8b,rome,ripple,ripple_random_row1,ripple_aliasing,hit,pre,0.0
llama3-8b,rome,ripple,ripple_random_row1,ripple_relation_specificity,hit,pre,0.0
llama3-8b,rome,ripple,ripple_random_row1,efficacy,hit,post,0.0
llama3-8b,rome,ripple,ripple_random_row1,ripple_compositional_i,hit,post,0.0
llama3-8b,rome,ripple,ripple_random_row1,ripple_aliasing,hit,post,0.0
llama3-8b,rome,ripple,ripple_random_row1,ripple_relation_specificity,hit,post,0.0
llama3-8b,rome,ripple,ripple_random_row2,efficacy,hit,pre,0.0
llama3-8b,rome,ripple,ripple_random_row2,ripple_compositional_i,hit,pre,0.0
llama3-8b,rome,ripple,ripple_random_row2,ripple_aliasing,hit,pre,0.0
llama3-8b,rome,ripple,ripple_random_row2,efficacy,hit,post,0.0
llama3-8b,rome,ripple,ripple_random_row2,ripple_compositional_i,hit,post,0.0
llama3-8b,rome,ripple,ripple_random_row2,ripple_aliasing,hit,post,0.0
llama3-8b,rome,zsre,zsre_row0,efficacy,success,pre,1.0
llama3-8b,rome,zsre,zsre_row0,efficacy,diff,pre,0.0369414045465265
llama3-8b,rome,zsre,zsre_row0,efficacy,acc,pre,0.3333333333333333
llama3-8b,rome,zsre,zsre_row0,generalisation,success,pre,1.0
llama3-8b,rome,zsre,zsre_row0,generalisation,diff,pre,0.016267404748743455
llama3-8b,rome,zsre,zsre_row0,generalisation,acc,pre,0.3333333333333333
llama3-8b,rome,zsre,zsre_row0,specificity,success,pre,0.0
llama3-8b,rome,zsre,zsre_row0,specificity,diff,pre,-0.00038704909303236695
llama3-8b,rome,zsre,zsre_row0,specificity,acc,pre,0.6666666666666666
llama3-8b,rome,zsre,zsre_row0,efficacy,success,post,1.0
llama3-8b,rome,zsre,zsre_row0,efficacy,diff,post,0.001135094039579427
llama3-8b,rome,zsre,zsre_row0,efficacy,acc,post,0.3333333333333333
llama3-8b,rome,zsre,zsre_row0,generalisation,success,post,1.0
llama3-8b,rome,zsre,zsre_row0,generalisation,diff,post,0.0394073733872732
llama3-8b,rome,zsre,zsre_row0,generalisation,acc,post,0.6666666666666666
llama3-8b,rome,zsre,zsre_row0,specificity,success,post,0.0
llama3-8b,rome,zsre,zsre_row0,specificity,diff,post,-9.038007968963134e-05
llama3-8b,rome,zsre,zsre_row0,specificity,acc,post,0.3333333333333333
llama3-8b,rome,zsre,zsre_row1,efficacy,success,pre,0.0
llama3-8b,rome,zsre,zsre_row1,efficacy,diff,pre,-0.1378009694705405
llama3-8b,rome,zsre,zsre_row1,efficacy,acc,pre,0.0
llama3-8b,rome,zsre,zsre_row1,generalisation,success,pre,0.0
llama3-8b,rome,zsre,zsre_row1,generalisation,diff,pre,-0.1258746068663492
llama3-8b,rome,zsre,zsre_row1,generalisation,acc,pre,0.0
llama3-8b,rome,zsre,zsre_row1,specificity,success,pre,0.0
llama3-8b,rome,zsre,zsre_row1,specificity,diff,pre,-0.0034145509734565573
llama3-8b,rome,zsre,zsre_row1,specificity,acc,pre,0.5
llama3-8b,rome,zsre,zsre_row1,efficacy,success,post,0.0
llama3-8b,rome,zsre,zsre_row1,efficacy,diff,post,-0.0032147111340123315
llama3-8b,rome,zsre,zsre_row1,efficacy,acc,post,0.0
llama3-8b,rome,zsre,zsre_row1,generalisation,success,post,0.0
llama3-8b,rome,zsre,zsre_row1,generalisation,diff,post,-0.011165318002292651
llama3-8b,rome,zsre,zsre_row1,generalisation,acc,post,0.0
llama3-8b,rome,zsre,zsre_row1,specificity,success,post,0.0
llama3-8b,rome,zsre,zsre_row1,specificity,diff,post,-0.0032922307429401314
llama3-8b,rome,zsre,zsre_row1,specificity,acc,post,0.5
llama3-8b,rome,zsre,zsre_row2,efficacy,success,pre,1.0
llama3-8b,rome,zsre,zsre_row2,efficacy,diff,pre,1.208607070673092e-06
llama3-8b,rome,zsre,zsre_row2,efficacy,acc,pre,0.0
llama3-8b,rome,zsre,zsre_row2,generalisation,success,pre,0.0
llama3-8b,rome,zsre,zsre_row2,generalisation,diff,pre,-3.4509760115199677e-06
llama3-8b,rome,zsre,zsre_row2,generalisation,acc,pre,0.0
llama3-8b,rome,zsre,zsre_row2,specificity,success,pre,0.0
llama3-8b,rome,zsre,zsre_row2,specificity,diff,pre,-0.004027526213683726
llama3-8b,rome,zsre,zsre_row2,specificity,acc,pre,0.3333333333333333
llama3-8b,rome,zsre,zsre_row2,efficacy,success,post,1.0
llama3-8b,rome,zsre,zsre_row2,efficacy,diff,post,6.973908196959846e-10
llama3-8b,rome,zsre,zsre_row2,efficacy,acc,post,0.0
llama3-8b,rome,zsre,zsre_row2,generalisation,success,post,0.0
llama3-8b,rome,zsre,zsre_row2,generalisation,diff,post,0.0
llama3-8b,rome,zsre,zsre_row2,generalisation,acc,post,0.0
llama3-8b,rome,zsre,zsre_row2,specificity,success,post,0.0
llama3-8b,rome,zsre,zsre_row2,specificity,diff,post,-0.004053182552448689
llama3-8b,rome,zsre,zsre_row2,specificity,acc,post,0.3333333333333333
