model,method,bench,case,category,measure,phase,value
gpt2-xl,alphaedit,ripple,ripple_popular_row657,efficacy,hit,pre,0.0
gpt2-xl,alphaedit,ripple,ripple_popular_row657,ripple_aliasing,hit,pre,0.0
gpt2-xl,alphaedit,ripple,ripple_popular_row657,ripple_relation_specificity,hit,pre,1.0
gpt2-xl,alphaedit,ripple,ripple_popular_row657,efficacy,hit,post,1.0
gpt2-xl,alphaedit,ripple,ripple_popular_row657,ripple_aliasing,hit,post,0.5
gpt2-xl,alphaedit,ripple,ripple_popular_row657,ripple_relation_specificity,hit,post,0.0
gpt2-xl,alphaedit,ripple,ripple_popular_row839,efficacy,hit,pre,0.0
gpt2-xl,alphaedit,ripple,ripple_popular_row839,ripple_aliasing,hit,pre,0.0
gpt2-xl,alphaedit,ripple,ripple_popular_row839,efficacy,hit,post,1.0
gpt2-xl,alphaedit,ripple,ripple_popular_row839,ripple_aliasing,hit,post,0.0
gpt2-xl,alphaedit,ripple,ripple_popular_row792,efficacy,hit,pre,0.0
gpt2-xl,alphaedit,ripple,ripple_popular_row792,ripple_aliasing,hit,pre,0.0
gpt2-xl,alphaedit,ripple,ripple_popular_row792,efficacy,hit,post,1.0
gpt2-xl,alphaedit,ripple,ripple_popular_row792,ripple_aliasing,hit,post,1.0
gpt2-xl,alphaedit,ripple,ripple_popular_row778,efficacy,hit,pre,0.0
gpt2-xl,alphaedit,ripple,ripple_popular_row778,ripple_logical,hit,pre,0.0
gpt2-xl,alphaedit,ripple,ripple_popular_row778,ripple_aliasing,hit,pre,0.0
gpt2-xl,alphaedit,ripple,ripple_popular_row778,ripple_relation_specificity,hit,pre,1.0
gpt2-xl,alphaedit,ripple,ripple_popular_row778,efficacy,hit,post,1.0
gpt2-xl,alphaedit,ripple,ripple_popular_row778,ripple_logical,hit,post,0.0
gpt2-xl,alphaedit,ripple,ripple_popular_row778,ripple_aliasing,hit,post,0.0
gpt2-xl,alphaedit,ripple,ripple_popular_row778,ripple_relation_specificity,hit,post,0.0
gpt2-xl,alphaedit,ripple,ripple_popular_row846,efficacy,hit,pre,0.0
gpt2-xl,alphaedit,ripple,ripple_popular_row846,ripple_aliasing,hit,pre,0.0
gpt2-xl,alphaedit,ripple,ripple_popular_row846,ripple_relation_specificity,hit,pre,1.0
gpt2-xl,alphaedit,ripple,ripple_popular_row846,efficacy,hit,post,1.0
gpt2-xl,alphaedit,ripple,ripple_popular_row846,ripple_aliasing,hit,post,0.0
gpt2-xl,alphaedit,ripple,ripple_popular_row846,ripple_relation_specificity,hit,post,0.0
gpt2-xl,alphaedit,ripple,ripple_popular_row735,efficacy,hit,pre,0.0
gpt2-xl,alphaedit,ripple,ripple_popular_row735,ripple_compositional_i,hit,pre,0.0
gpt2-xl,alphaedit,ripple,ripple_popular_row735,ripple_aliasing,hit,pre,0.0
gpt2-xl,alphaedit,ripple,ripple_popular_row735,efficacy,hit,post,1.0
gpt2-xl,alphaedit,ripple,ripple_popular_row735,ripple_compositional_i,hit,post,1.0
gpt2-xl,alphaedit,ripple,ripple_popular_row735,ripple_aliasing,hit,post,1.0
gpt2-xl,alphaedit,ripple,ripple_popular_row867,efficacy,hit,pre,0.0
gpt2-xl,alphaedit,ripple,ripple_popular_row867,ripple_logical,hit,pre,0.0
gpt2-xl,alphaedit,ripple,ripple_popular_row867,ripple_aliasing,hit,pre,0.0
gpt2-xl,alphaedit,ripple,ripple_popular_row867,efficacy,hit,post,1.0
gpt2-xl,alphaedit,ripple,ripple_popular_row867,ripple_logical,hit,post,0.0
gpt2-xl,alphaedit,ripple,ripple_popular_row867,ripple_aliasing,hit,post,0.0
gpt2-xl,alphaedit,ripple,ripple_popular_row838,efficacy,hit,pre,0.0
gpt2-xl,alphaedit,ripple,ripple_popular_row838,ripple_logical,hit,pre,0.0
gpt2-xl,alphaedit,ripple,ripple_popular_row838,ripple_aliasing,hit,pre,0.0
gpt2-xl,alphaedit,ripple,ripple_popular_row838,ripple_relation_specificity,hit,pre,1.0
gpt2-xl,alphaedit,ripple,ripple_popular_row838,efficacy,hit,post,0.0
gpt2-xl,alphaedit,ripple,ripple_popular_row838,ripple_logical,hit,post,0.0
gpt2-xl,alphaedit,ripple,ripple_popular_row838,ripple_aliasing,hit,post,0.3333333333333333
gpt2-xl,alphaedit,ripple,ripple_popular_row838,ripple_relation_specificity,hit,post,0.0
gpt2-xl,alphaedit,ripple,ripple_popular_row716,efficacy,hit,pre,0.0
gpt2-xl,alphaedit,ripple,ripple_popular_row716,ripple_aliasing,hit,pre,0.0
gpt2-xl,alphaedit,ripple,ripple_popular_row716,efficacy,hit,post,1.0
gpt2-xl,alphaedit,ripple,ripple_popular_row716,ripple_aliasing,hit,post,1.0
gpt2-xl,alphaedit,ripple,ripple_popular_row857,efficacy,hit,pre,0.0
gpt2-xl,alphaedit,ripple,ripple_popular_row857,ripple_logical,hit,pre,0.0
gpt2-xl,alphaedit,ripple,ripple_popular_row857,ripple_aliasing,hit,pre,0.0
gpt2-xl,alphaedit,ripple,ripple_popular_row857,efficacy,hit,post,1.0
gpt2-xl,alphaedit,ripple,ripple_popular_row857,ripple_logical,hit,post,0.0
gpt2-xl,alphaedit,ripple,ripple_popular_row857,ripple_aliasing,hit,post,0.5
gpt2-xl,alphaedit,ripple,ripple_popular_row868,efficacy,hit,pre,0.0
gpt2-xl,alphaedit,ripple,ripple_popular_row868,ripple_compositional_i,hit,pre,0.5
gpt2-xl,alphaedit,ripple,ripple_popular_row868,efficacy,hit,post,1.0
gpt2-xl,alphaedit,ripple,ripple_popular_row868,ripple_compositional_i,hit,post,0.5
gpt2-xl,alphaedit,ripple,ripple_popular_row699,efficacy,hit,pre,0.0
gpt2-xl,alphaedit,ripple,ripple_popular_row699,ripple_aliasing,hit,pre,0.0
gpt2-xl,alphaedit,ripple,ripple_popular_row699,efficacy,hit,post,1.0
gpt2-xl,alphaedit,ripple,ripple_popular_row699,ripple_aliasing,hit,post,0.0
gpt2-xl,alphaedit,ripple,ripple_popular_row825,efficacy,hit,pre,0.0
gpt2-xl,alphaedit,ripple,ripple_popular_row825,ripple_aliasing,hit,pre,0.0
gpt2-xl,alphaedit,ripple,ripple_popular_row825,efficacy,hit,post,0.0
gpt2-xl,alphaedit,ripple,ripple_popular_row825,ripple_aliasing,hit,post,0.0
gpt2-xl,alphaedit,ripple,ripple_popular_row866,efficacy,hit,pre,0.0
gpt2-xl,alphaedit,ripple,ripple_popular_row866,ripple_compositional_i,hit,pre,0.0
gpt2-xl,alphaedit,ripple,ripple_popular_row866,ripple_aliasing,hit,pre,0.0
gpt2-xl,alphaedit,ripple,ripple_popular_row866,efficacy,hit,post,1.0
gpt2-xl,alphaedit,ripple,ripple_popular_row866,ripple_compositional_i,hit,post,0.0
gpt2-xl,alphaedit,ripple,ripple_popular_row866,ripple_aliasing,hit,post,0.25
gpt2-xl,alphaedit,ripple,ripple_popular_row642,efficacy,hit,pre,0.0
gpt2-xl,alphaedit,ripple,ripple_popular_row642,ripple_aliasing,hit,pre,0.0
gpt2-xl,alphaedit,ripple,ripple_popular_row642,ripple_relation_specificity,hit,pre,1.0
gpt2-xl,alphaedit,ripple,ripple_popular_row642,efficacy,hit,post,0.0
gpt2-xl,alphaedit,ripple,ripple_popular_row642,ripple_aliasing,hit,post,0.0
gpt2-xl,alphaedit,ripple,ripple_popular_row642,ripple_relation_specificity,hit,post,0.0
gpt2-xl,alphaedit,ripple,ripple_popular_row653,efficacy,hit,pre,0.0
gpt2-xl,alphaedit,ripple,ripple_popular_row653,ripple_logical,hit,pre,0.0
gpt2-xl,alphaedit,ripple,ripple_popular_row653,efficacy,hit,post,0.0
gpt2-xl,alphaedit,ripple,ripple_popular_row653,ripple_logical,hit,post,0.0
gpt2-xl,alphaedit,ripple,ripple_popular_row663,efficacy,hit,pre,0.0
gpt2-xl,alphaedit,ripple,ripple_popular_row663,efficacy,hit,post,0.0
gpt2-xl,alphaedit,ripple,ripple_popular_row692,efficacy,hit,pre,0.0
gpt2-xl,alphaedit,ripple,ripple_popular_row692,ripple_logical,hit,pre,0.0
gpt2-xl,alphaedit,ripple,ripple_popular_row692,ripple_aliasing,hit,pre,0.0
gpt2-xl,alphaedit,ripple,ripple_popular_row692,ripple_relation_specificity,hit,pre,1.0
gpt2-xl,alphaedit,ripple,ripple_popular_row692,efficacy,hit,post,1.0
gpt2-xl,alphaedit,ripple,ripple_popular_row692,ripple_logical,hit,post,0.0
gpt2-xl,alphaedit,ripple,ripple_popular_row692,ripple_aliasing,hit,post,0.18181818181818182
gpt2-xl,alphaedit,ripple,ripple_popular_row692,ripple_relation_specificity,hit,post,0.0
gpt2-xl,alphaedit,ripple,ripple_popular_row701,efficacy,hit,pre,0.0
gpt2-xl,alphaedit,ripple,ripple_popular_row701,ripple_logical,hit,pre,0.0
gpt2-xl,alphaedit,ripple,ripple_popular_row701,ripple_aliasing,hit,pre,0.0
gpt2-xl,alphaedit,ripple,ripple_popular_row701,efficacy,hit,post,1.0
gpt2-xl,alphaedit,ripple,ripple_popular_row701,ripple_logical,hit,post,0.0
gpt2-xl,alphaedit,ripple,ripple_popular_row701,ripple_aliasing,hit,post,0.5
gpt2-xl,alphaedit,ripple,ripple_popular_row690,efficacy,hit,pre,0.0
gpt2-xl,alphaedit,ripple,ripple_popular_row690,ripple_aliasing,hit,pre,0.0
gpt2-xl,alphaedit,ripple,ripple_popular_row690,ripple_relation_specificity,hit,pre,1.0
gpt2-xl,alphaedit,ripple,ripple_popular_row690,efficacy,hit,post,1.0
gpt2-xl,alphaedit,ripple,ripple_popular_row690,ripple_aliasing,hit,post,1.0
gpt2-xl,alphaedit,ripple,ripple_popular_row690,ripple_relation_specificity,hit,post,0.0
gpt2-xl,alphaedit,ripple,ripple_popular_row668,efficacy,hit,pre,0.0
gpt2-xl,alphaedit,ripple,ripple_popular_row668,ripple_aliasing,hit,pre,0.0
gpt2-xl,alphaedit,ripple,ripple_popular_row668,efficacy,hit,post,1.0
gpt2-xl,alphaedit,ripple,ripple_popular_row668,ripple_aliasing,hit,post,0.8
gpt2-xl,alphaedit,ripple,ripple_popular_row810,efficacy,hit,pre,0.0
gpt2-xl,alphaedit,ripple,ripple_popular_row810,ripple_logical,hit,pre,0.0
gpt2-xl,alphaedit,ripple,ripple_popular_row810,ripple_aliasing,hit,pre,0.0
gpt2-xl,alphaedit,ripple,ripple_popular_row810,ripple_relation_specificity,hit,pre,0.0
gpt2-xl,alphaedit,ripple,ripple_popular_row810,efficacy,hit,post,0.0
gpt2-xl,alphaedit,ripple,ripple_popular_row810,ripple_logical,hit,post,0.0
gpt2-xl,alphaedit,ripple,ripple_popular_row810,ripple_aliasing,hit,post,0.0
gpt2-xl,alphaedit,ripple,ripple_popular_row810,ripple_relation_specificity,hit,post,0.0
gpt2-xl,alphaedit,ripple,ripple_popular_row870,efficacy,hit,pre,0.0
gpt2-xl,alphaedit,ripple,ripple_popular_row870,ripple_relation_specificity,hit,pre,1.0
gpt2-xl,alphaedit,ripple,ripple_popular_row870,efficacy,hit,post,0.0
gpt2-xl,alphaedit,ripple,ripple_popular_row870,ripple_relation_specificity,hit,post,0.0
gpt2-xl,alphaedit,ripple,ripple_popular_row646,efficacy,hit,pre,0.0
gpt2-xl,alphaedit,ripple,ripple_popular_row646,ripple_aliasing,hit,pre,0.0
gpt2-xl,alphaedit,ripple,ripple_popular_row646,ripple_relation_specificity,hit,pre,1.0
gpt2-xl,alphaedit,ripple,ripple_popular_row646,efficacy,hit,post,1.0
gpt2-xl,alphaedit,ripple,ripple_popular_row646,ripple_aliasing,hit,post,0.2
gpt2-xl,alphaedit,ripple,ripple_popular_row646,ripple_relation_specificity,hit,post,0.0
gpt2-xl,alphaedit,ripple,ripple_popular_row697,efficacy,hit,pre,0.0
gpt2-xl,alphaedit,ripple,ripple_popular_row697,ripple_aliasing,hit,pre,0.0
gpt2-xl,alphaedit,ripple,ripple_popular_row697,efficacy,hit,post,0.0
gpt2-xl,alphaedit,ripple,ripple_popular_row697,ripple_aliasing,hit,post,0.0
gpt2-xl,alphaedit,ripple,ripple_popular_row613,efficacy,hit,pre,0.0
gpt2-xl,alphaedit,ripple,ripple_popular_row613,ripple_logical,hit,pre,0.0
gpt2-xl,alphaedit,ripple,ripple_popular_row613,ripple_aliasing,hit,pre,0.0
gpt2-xl,alphaedit,ripple,ripple_popular_row613,ripple_relation_specificity,hit,pre,1.0
gpt2-xl,alphaedit,ripple,ripple_popular_row613,efficacy,hit,post,1.0
gpt2-xl,alphaedit,ripple,ripple_popular_row613,ripple_logical,hit,post,0.0
gpt2-xl,alphaedit,ripple,ripple_popular_row613,ripple_aliasing,hit,post,0.0
gpt2-xl,alphaedit,ripple,ripple_popular_row613,ripple_relation_specificity,hit,post,0.0
gpt2-xl,alphaedit,ripple,ripple_popular_row710,efficacy,hit,pre,0.0
gpt2-xl,alphaedit,ripple,ripple_popular_row710,efficacy,hit,post,1.0
gpt2-xl,alphaedit,ripple,ripple_popular_row819,efficacy,hit,pre,0.0
gpt2-xl,alphaedit,ripple,ripple_popular_row819,ripple_aliasing,hit,pre,0.0
gpt2-xl,alphaedit,ripple,ripple_popular_row819,efficacy,hit,post,1.0
gpt2-xl,alphaedit,ripple,ripple_popular_row819,ripple_aliasing,hit,post,0.0
gpt2-xl,alphaedit,ripple,ripple_popular_row782,efficacy,hit,pre,0.0
gpt2-xl,alphaedit,ripple,ripple_popular_row782,ripple_aliasing,hit,pre,0.0
gpt2-xl,alphaedit,ripple,ripple_popular_row782,efficacy,hit,post,1.0
gpt2-xl,alphaedit,ripple,ripple_popular_row782,ripple_aliasing,hit,post,0.5
gpt2-xl,alphaedit,ripple,ripple_popular_row696,efficacy,hit,pre,0.0
gpt2-xl,alphaedit,ripple,ripple_popular_row696,efficacy,hit,post,1.0
gpt2-xl,alphaedit,ripple,ripple_popular_row641,efficacy,hit,pre,0.0
gpt2-xl,alphaedit,ripple,ripple_popular_row641,ripple_aliasing,hit,pre,0.0
gpt2-xl,alphaedit,ripple,ripple_popular_row641,efficacy,hit,post,0.0
gpt2-xl,alphaedit,ripple,ripple_popular_row641,ripple_aliasing,hit,post,0.0
gpt2-xl,alphaedit,ripple,ripple_popular_row705,efficacy,hit,pre,0.0
gpt2-xl,alphaedit,ripple,ripple_popular_row705,ripple_aliasing,hit,pre,0.0
gpt2-xl,alphaedit,ripple,ripple_popular_row705,efficacy,hit,post,1.0
gpt2-xl,alphaedit,ripple,ripple_popular_row705,ripple_aliasing,hit,post,0.5
gpt2-xl,alphaedit,ripple,ripple_popular_row614,efficacy,hit,pre,0.0
gpt2-xl,alphaedit,ripple,ripple_popular_row614,ripple_compositional_i,hit,pre,0.0
gpt2-xl,alphaedit,ripple,ripple_popular_row614,ripple_aliasing,hit,pre,0.0
gpt2-xl,alphaedit,ripple,ripple_popular_row614,ripple_relation_specificity,hit,pre,1.0
gpt2-xl,alphaedit,ripple,ripple_popular_row614,efficacy,hit,post,1.0
gpt2-xl,alphaedit,ripple,ripple_popular_row614,ripple_compositional_i,hit,post,0.0
gpt2-xl,alphaedit,ripple,ripple_popular_row614,ripple_aliasing,hit,post,0.07692307692307693
gpt2-xl,alphaedit,ripple,ripple_popular_row614,ripple_relation_specificity,hit,post,0.0
gpt2-xl,alphaedit,ripple,ripple_popular_row874,efficacy,hit,pre,0.0
gpt2-xl,alphaedit,ripple,ripple_popular_row874,ripple_logical,hit,pre,0.0
gpt2-xl,alphaedit,ripple,ripple_popular_row874,ripple_compositional_i,hit,pre,1.0
gpt2-xl,alphaedit,ripple,ripple_popular_row874,ripple_aliasing,hit,pre,0.0
gpt2-xl,alphaedit,ripple,ripple_popular_row874,efficacy,hit,post,1.0
gpt2-xl,alphaedit,ripple,ripple_popular_row874,ripple_logical,hit,post,0.0
gpt2-xl,alphaedit,ripple,ripple_popular_row874,ripple_compositional_i,hit,post,1.0
gpt2-xl,alphaedit,ripple,ripple_popular_row874,ripple_aliasing,hit,post,1.0
gpt2-xl,alphaedit,ripple,ripple_popular_row610,efficacy,hit,pre,0.0
gpt2-xl,alphaedit,ripple,ripple_popular_row610,ripple_aliasing,hit,pre,0.0
gpt2-xl,alphaedit,ripple,ripple_popular_row610,efficacy,hit,post,1.0
gpt2-xl,alphaedit,ripple,ripple_popular_row610,ripple_aliasing,hit,post,0.3333333333333333
gpt2-xl,alphaedit,ripple,ripple_popular_row816,efficacy,hit,pre,0.0
gpt2-xl,alphaedit,ripple,ripple_popular_row816,ripple_aliasing,hit,pre,0.0
gpt2-xl,alphaedit,ripple,ripple_popular_row816,ripple_relation_specificity,hit,pre,1.0
gpt2-xl,alphaedit,ripple,ripple_popular_row816,efficacy,hit,post,1.0
gpt2-xl,alphaedit,ripple,ripple_popular_row816,ripple_aliasing,hit,post,0.0
gpt2-xl,alphaedit,ripple,ripple_popular_row816,ripple_relation_specificity,hit,post,0.0
gpt2-xl,alphaedit,ripple,ripple_popular_row717,efficacy,hit,pre,0.0
gpt2-xl,alphaedit,ripple,ripple_popular_row717,ripple_logical,hit,pre,0.0
gpt2-xl,alphaedit,ripple,ripple_popular_row717,ripple_aliasing,hit,pre,0.0
gpt2-xl,alphaedit,ripple,ripple_popular_row717,ripple_relation_specificity,hit,pre,1.0
gpt2-xl,alphaedit,ripple,ripple_popular_row717,efficacy,hit,post,1.0
gpt2-xl,alphaedit,ripple,ripple_popular_row717,ripple_logical,hit,post,0.0
gpt2-xl,alphaedit,ripple,ripple_popular_row717,ripple_aliasing,hit,post,0.25
gpt2-xl,alphaedit,ripple,ripple_popular_row717,ripple_relation_specificity,hit,post,0.5
gpt2-xl,alphaedit,ripple,ripple_popular_row836,efficacy,hit,pre,0.0
gpt2-xl,alphaedit,ripple,ripple_popular_row836,ripple_compositional_ii,hit,pre,0.0
gpt2-xl,alphaedit,ripple,ripple_popular_row836,ripple_aliasing,hit,pre,0.0
gpt2-xl,alphaedit,ripple,ripple_popular_row836,ripple_relation_specificity,hit,pre,1.0
gpt2-xl,alphaedit,ripple,ripple_popular_row836,efficacy,hit,post,0.0
gpt2-xl,alphaedit,ripple,ripple_popular_row836,ripple_compositional_ii,hit,post,0.0
gpt2-xl,alphaedit,ripple,ripple_popular_row836,ripple_aliasing,hit,post,0.0
gpt2-xl,alphaedit,ripple,ripple_popular_row836,ripple_relation_specificity,hit,post,0.0
gpt2-xl,alphaedit,ripple,ripple_popular_row719,efficacy,hit,pre,0.0
gpt2-xl,alphaedit,ripple,ripple_popular_row719,efficacy,hit,post,1.0
gpt2-xl,alphaedit,ripple,ripple_popular_row684,efficacy,hit,pre,0.0
gpt2-xl,alphaedit,ripple,ripple_popular_row684,ripple_aliasing,hit,pre,0.0
gpt2-xl,alphaedit,ripple,ripple_popular_row684,efficacy,hit,post,1.0
gpt2-xl,alphaedit,ripple,ripple_popular_row684,ripple_aliasing,hit,post,0.0
gpt2-xl,alphaedit,ripple,ripple_popular_row877,efficacy,hit,pre,0.0
gpt2-xl,alphaedit,ripple,ripple_popular_row877,ripple_aliasing,hit,pre,0.0
gpt2-xl,alphaedit,ripple,ripple_popular_row877,ripple_relation_specificity,hit,pre,1.0
gpt2-xl,alphaedit,ripple,ripple_popular_row877,efficacy,hit,post,1.0
gpt2-xl,alphaedit,ripple,ripple_popular_row877,ripple_aliasing,hit,post,1.0
gpt2-xl,alphaedit,ripple,ripple_popular_row877,ripple_relation_specificity,hit,post,0.0
gpt2-xl,alphaedit,ripple,ripple_popular_row763,efficacy,hit,pre,0.0
gpt2-xl,alphaedit,ripple,ripple_popular_row763,ripple_aliasing,hit,pre,0.0
gpt2-xl,alphaedit,ripple,ripple_popular_row763,efficacy,hit,post,1.0
gpt2-xl,alphaedit,ripple,ripple_popular_row763,ripple_aliasing,hit,post,1.0
gpt2-xl,alphaedit,ripple,ripple_popular_row731,efficacy,hit,pre,0.0
gpt2-xl,alphaedit,ripple,ripple_popular_row731,ripple_aliasing,hit,pre,0.0
gpt2-xl,alphaedit,ripple,ripple_popular_row731,ripple_relation_specificity,hit,pre,1.0
gpt2-xl,alphaedit,ripple,ripple_popular_row731,efficacy,hit,post,1.0
gpt2-xl,alphaedit,ripple,ripple_popular_row731,ripple_aliasing,hit,post,0.0
gpt2-xl,alphaedit,ripple,ripple_popular_row731,ripple_relation_specificity,hit,post,0.0
gpt2-xl,alphaedit,ripple,ripple_popular_row799,efficacy,hit,pre,0.0
gpt2-xl,alphaedit,ripple,ripple_popular_row799,ripple_aliasing,hit,pre,0.0
gpt2-xl,alphaedit,ripple,ripple_popular_row799,ripple_relation_specificity,hit,pre,1.0
gpt2-xl,alphaedit,ripple,ripple_popular_row799,efficacy,hit,post,0.0
gpt2-xl,alphaedit,ripple,ripple_popular_row799,ripple_aliasing,hit,post,0.0
gpt2-xl,alphaedit,ripple,ripple_popular_row799,ripple_relation_specificity,hit,post,0.0
gpt2-xl,alphaedit,ripple,ripple_popular_row880,efficacy,hit,pre,0.0
gpt2-xl,alphaedit,ripple,ripple_popular_row880,ripple_aliasing,hit,pre,0.0
gpt2-xl,alphaedit,ripple,ripple_popular_row880,ripple_relation_specificity,hit,pre,1.0
gpt2-xl,alphaedit,ripple,ripple_popular_row880,efficacy,hit,post,1.0
gpt2-xl,alphaedit,ripple,ripple_popular_row880,ripple_aliasing,hit,post,1.0
gpt2-xl,alphaedit,ripple,ripple_popular_row880,ripple_relation_specificity,hit,post,0.0
gpt2-xl,alphaedit,ripple,ripple_popular_row680,efficacy,hit,pre,0.0
gpt2-xl,alphaedit,ripple,ripple_popular_row680,ripple_aliasing,hit,pre,0.0
gpt2-xl,alphaedit,ripple,ripple_popular_row680,efficacy,hit,post,0.0
gpt2-xl,alphaedit,ripple,ripple_popular_row680,ripple_aliasing,hit,post,0.0
gpt2-xl,alphaedit,ripple,ripple_popular_row737,efficacy,hit,pre,0.0
gpt2-xl,alphaedit,ripple,ripple_popular_row737,ripple_aliasing,hit,pre,0.0
gpt2-xl,alphaedit,ripple,ripple_popular_row737,ripple_relation_specificity,hit,pre,1.0
gpt2-xl,alphaedit,ripple,ripple_popular_row737,efficacy,hit,post,1.0
gpt2-xl,alphaedit,ripple,ripple_popular_row737,ripple_aliasing,hit,post,0.0
gpt2-xl,alphaedit,ripple,ripple_popular_row737,ripple_relation_specificity,hit,post,0.0
gpt2-xl,alphaedit,ripple,ripple_popular_row712,efficacy,hit,pre,0.0
gpt2-xl,alphaedit,ripple,ripple_popular_row712,ripple_aliasing,hit,pre,0.0
gpt2-xl,alphaedit,ripple,ripple_popular_row712,ripple_relation_specificity,hit,pre,1.0
gpt2-xl,alphaedit,ripple,ripple_popular_row712,efficacy,hit,post,0.0
gpt2-xl,alphaedit,ripple,ripple_popular_row712,ripple_aliasing,hit,post,0.0
gpt2-xl,alphaedit,ripple,ripple_popular_row712,ripple_relation_specificity,hit,post,1.0
gpt2-xl,alphaedit,ripple,ripple_popular_row789,efficacy,hit,pre,0.0
gpt2-xl,alphaedit,ripple,ripple_popular_row789,ripple_aliasing,hit,pre,0.0
gpt2-xl,alphaedit,ripple,ripple_popular_row789,efficacy,hit,post,1.0
gpt2-xl,alphaedit,ripple,ripple_popular_row789,ripple_aliasing,hit,post,0.3333333333333333
gpt2-xl,alphaedit,ripple,ripple_popular_row881,efficacy,hit,pre,0.0
gpt2-xl,alphaedit,ripple,ripple_popular_row881,ripple_logical,hit,pre,0.0
gpt2-xl,alphaedit,ripple,ripple_popular_row881,ripple_aliasing,hit,pre,0.0
gpt2-xl,alphaedit,ripple,ripple_popular_row881,efficacy,hit,post,1.0
gpt2-xl,alphaedit,ripple,ripple_popular_row881,ripple_logical,hit,post,0.0
gpt2-xl,alphaedit,ripple,ripple_popular_row881,ripple_aliasing,hit,post,0.5
gpt2-xl,alphaedit,ripple,ripple_popular_row863,efficacy,hit,pre,0.0
gpt2-xl,alphaedit,ripple,ripple_popular_row863,ripple_aliasing,hit,pre,0.0
gpt2-xl,alphaedit,ripple,ripple_popular_row863,efficacy,hit,post,1.0
gpt2-xl,alphaedit,ripple,ripple_popular_row863,ripple_aliasing,hit,post,1.0
gpt2-xl,alphaedit,ripple,ripple_popular_row873,efficacy,hit,pre,0.0
gpt2-xl,alphaedit,ripple,ripple_popular_row873,ripple_compositional_i,hit,pre,0.0
gpt2-xl,alphaedit,ripple,ripple_popular_row873,ripple_aliasing,hit,pre,0.0
gpt2-xl,alphaedit,ripple,ripple_popular_row873,ripple_relation_specificity,hit,pre,1.0
gpt2-xl,alphaedit,ripple,ripple_popular_row873,efficacy,hit,post,1.0
gpt2-xl,alphaedit,ripple,ripple_popular_row873,ripple_compositional_i,hit,post,0.25
gpt2-xl,alphaedit,ripple,ripple_popular_row873,ripple_aliasing,hit,post,1.0
gpt2-xl,alphaedit,ripple,ripple_popular_row873,ripple_relation_specificity,hit,post,0.0
gpt2-xl,alphaedit,ripple,ripple_popular_row708,efficacy,hit,pre,0.0
gpt2-xl,alphaedit,ripple,ripple_popular_row708,ripple_aliasing,hit,pre,0.0
gpt2-xl,alphaedit,ripple,ripple_popular_row708,ripple_relation_specificity,hit,pre,1.0
gpt2-xl,alphaedit,ripple,ripple_popular_row708,efficacy,hit,post,1.0
gpt2-xl,alphaedit,ripple,ripple_popular_row708,ripple_aliasing,hit,post,0.0
gpt2-xl,alphaedit,ripple,ripple_popular_row708,ripple_relation_specificity,hit,post,0.0
gpt2-xl,alphaedit,ripple,ripple_popular_row850,efficacy,hit,pre,0.0
gpt2-xl,alphaedit,ripple,ripple_popular_row850,efficacy,hit,post,0.0
gpt2-xl,alphaedit,ripple,ripple_popular_row634,efficacy,hit,pre,0.0
gpt2-xl,alphaedit,ripple,ripple_popular_row634,ripple_aliasing,hit,pre,0.0
gpt2-xl,alphaedit,ripple,ripple_popular_row634,efficacy,hit,post,1.0
gpt2-xl,alphaedit,ripple,ripple_popular_row634,ripple_aliasing,hit,post,1.0
gpt2-xl,alphaedit,ripple,ripple_popular_row796,efficacy,hit,pre,0.0
gpt2-xl,alphaedit,ripple,ripple_popular_row796,ripple_relation_specificity,hit,pre,1.0
gpt2-xl,alphaedit,ripple,ripple_popular_row796,efficacy,hit,post,0.0
gpt2-xl,alphaedit,ripple,ripple_popular_row796,ripple_relation_specificity,hit,post,0.0
gpt2-xl,alphaedit,ripple,ripple_popular_row751,efficacy,hit,pre,0.0
gpt2-xl,alphaedit,ripple,ripple_popular_row751,ripple_logical,hit,pre,0.0
gpt2-xl,alphaedit,ripple,ripple_popular_row751,ripple_aliasing,hit,pre,0.0
gpt2-xl,alphaedit,ripple,ripple_popular_row751,ripple_relation_specificity,hit,pre,1.0
gpt2-xl,alphaedit,ripple,ripple_popular_row751,efficacy,hit,post,0.0
gpt2-xl,alphaedit,ripple,ripple_popular_row751,ripple_logical,hit,post,0.0
gpt2-xl,alphaedit,ripple,ripple_popular_row751,ripple_aliasing,hit,post,0.0
gpt2-xl,alphaedit,ripple,ripple_popular_row751,ripple_relation_specificity,hit,post,0.6666666666666666
gpt2-xl,alphaedit,ripple,ripple_popular_row871,efficacy,hit,pre,0.0
gpt2-xl,alphaedit,ripple,ripple_popular_row871,ripple_logical,hit,pre,0.0
gpt2-xl,alphaedit,ripple,ripple_popular_row871,efficacy,hit,post,0.0
gpt2-xl,alphaedit,ripple,ripple_popular_row871,ripple_logical,hit,post,0.0
gpt2-xl,alphaedit,ripple,ripple_popular_row746,efficacy,hit,pre,0.0
gpt2-xl,alphaedit,ripple,ripple_popular_row746,ripple_aliasing,hit,pre,0.0
gpt2-xl,alphaedit,ripple,ripple_popular_row746,ripple_preservation,hit,pre,0.0
gpt2-xl,alphaedit,ripple,ripple_popular_row746,efficacy,hit,post,1.0
gpt2-xl,alphaedit,ripple,ripple_popular_row746,ripple_aliasing,hit,post,0.6666666666666666
gpt2-xl,alphaedit,ripple,ripple_popular_row746,ripple_preservation,hit,post,1.0
gpt2-xl,alphaedit,ripple,ripple_popular_row829,efficacy,hit,pre,0.0
gpt2-xl,alphaedit,ripple,ripple_popular_row829,ripple_aliasing,hit,pre,0.0
gpt2-xl,alphaedit,ripple,ripple_popular_row829,efficacy,hit,post,1.0
gpt2-xl,alphaedit,ripple,ripple_popular_row829,ripple_aliasing,hit,post,1.0
gpt2-xl,alphaedit,ripple,ripple_popular_row658,efficacy,hit,pre,0.0
gpt2-xl,alphaedit,ripple,ripple_popular_row658,ripple_compositional_i,hit,pre,0.0
gpt2-xl,alphaedit,ripple,ripple_popular_row658,ripple_aliasing,hit,pre,0.0
gpt2-xl,alphaedit,ripple,ripple_popular_row658,efficacy,hit,post,1.0
gpt2-xl,alphaedit,ripple,ripple_popular_row658,ripple_compositional_i,hit,post,1.0
gpt2-xl,alphaedit,ripple,ripple_popular_row658,ripple_aliasing,hit,post,0.0
gpt2-xl,alphaedit,ripple,ripple_popular_row884,efficacy,hit,pre,0.0
gpt2-xl,alphaedit,ripple,ripple_popular_row884,ripple_logical,hit,pre,0.0
gpt2-xl,alphaedit,ripple,ripple_popular_row884,ripple_aliasing,hit,pre,0.0
gpt2-xl,alphaedit,ripple,ripple_popular_row884,ripple_relation_specificity,hit,pre,1.0
gpt2-xl,alphaedit,ripple,ripple_popular_row884,efficacy,hit,post,1.0
gpt2-xl,alphaedit,ripple,ripple_popular_row884,ripple_logical,hit,post,0.0
gpt2-xl,alphaedit,ripple,ripple_popular_row884,ripple_aliasing,hit,post,0.625
gpt2-xl,alphaedit,ripple,ripple_popular_row884,ripple_relation_specificity,hit,post,0.0
gpt2-xl,alphaedit,ripple,ripple_popular_row619,efficacy,hit,pre,0.0
gpt2-xl,alphaedit,ripple,ripple_popular_row619,ripple_aliasing,hit,pre,0.0
gpt2-xl,alphaedit,ripple,ripple_popular_row619,efficacy,hit,post,1.0
gpt2-xl,alphaedit,ripple,ripple_popular_row619,ripple_aliasing,hit,post,1.0
gpt2-xl,alphaedit,ripple,ripple_popular_row649,efficacy,hit,pre,0.0
gpt2-xl,alphaedit,ripple,ripple_popular_row649,ripple_logical,hit,pre,0.0
gpt2-xl,alphaedit,ripple,ripple_popular_row649,ripple_aliasing,hit,pre,0.0
gpt2-xl,alphaedit,ripple,ripple_popular_row649,efficacy,hit,post,0.0
gpt2-xl,alphaedit,ripple,ripple_popular_row649,ripple_logical,hit,post,0.0
gpt2-xl,alphaedit,ripple,ripple_popular_row649,ripple_aliasing,hit,post,0.0
gpt2-xl,alphaedit,ripple,ripple_popular_row688,efficacy,hit,pre,0.0
gpt2-xl,alphaedit,ripple,ripple_popular_row688,ripple_aliasing,hit,pre,0.0
gpt2-xl,alphaedit,ripple,ripple_popular_row688,efficacy,hit,post,1.0
gpt2-xl,alphaedit,ripple,ripple_popular_row688,ripple_aliasing,hit,post,1.0
gpt2-xl,alphaedit,ripple,ripple_popular_row639,efficacy,hit,pre,0.0
gpt2-xl,alphaedit,ripple,ripple_popular_row639,ripple_aliasing,hit,pre,0.0
gpt2-xl,alphaedit,ripple,ripple_popular_row639,ripple_relation_specificity,hit,pre,1.0
gpt2-xl,alphaedit,ripple,ripple_popular_row639,efficacy,hit,post,1.0
gpt2-xl,alphaedit,ripple,ripple_popular_row639,ripple_aliasing,hit,post,0.25
gpt2-xl,alphaedit,ripple,ripple_popular_row639,ripple_relation_specificity,hit,post,0.0
gpt2-xl,alphaedit,ripple,ripple_popular_row665,efficacy,hit,pre,0.0
gpt2-xl,alphaedit,ripple,ripple_popular_row665,ripple_logical,hit,pre,0.0
gpt2-xl,alphaedit,ripple,ripple_popular_row665,efficacy,hit,post,1.0
gpt2-xl,alphaedit,ripple,ripple_popular_row665,ripple_logical,hit,post,0.0
gpt2-xl,alphaedit,ripple,ripple_popular_row801,efficacy,hit,pre,0.0
gpt2-xl,alphaedit,ripple,ripple_popular_row801,ripple_aliasing,hit,pre,0.0
gpt2-xl,alphaedit,ripple,ripple_popular_row801,efficacy,hit,post,1.0
gpt2-xl,alphaedit,ripple,ripple_popular_row801,ripple_aliasing,hit,post,1.0
gpt2-xl,alphaedit,ripple,ripple_popular_row601,efficacy,hit,pre,0.0
gpt2-xl,alphaedit,ripple,ripple_popular_row601,ripple_aliasing,hit,pre,0.0
gpt2-xl,alphaedit,ripple,ripple_popular_row601,ripple_relation_specificity,hit,pre,1.0
gpt2-xl,alphaedit,ripple,ripple_popular_row601,efficacy,hit,post,1.0
gpt2-xl,alphaedit,ripple,ripple_popular_row601,ripple_aliasing,hit,post,0.0
gpt2-xl,alphaedit,ripple,ripple_popular_row601,ripple_relation_specificity,hit,post,0.0
gpt2-xl,alphaedit,ripple,ripple_popular_row779,efficacy,hit,pre,0.0
gpt2-xl,alphaedit,ripple,ripple_popular_row779,ripple_logical,hit,pre,0.0
gpt2-xl,alphaedit,ripple,ripple_popular_row779,ripple_aliasing,hit,pre,0.0
gpt2-xl,alphaedit,ripple,ripple_popular_row779,efficacy,hit,post,1.0
gpt2-xl,alphaedit,ripple,ripple_popular_row779,ripple_logical,hit,post,0.0
gpt2-xl,alphaedit,ripple,ripple_popular_row779,ripple_aliasing,hit,post,0.3333333333333333
gpt2-xl,alphaedit,ripple,ripple_popular_row817,efficacy,hit,pre,0.0
gpt2-xl,alphaedit,ripple,ripple_popular_row817,ripple_aliasing,hit,pre,0.0
gpt2-xl,alphaedit,ripple,ripple_popular_row817,efficacy,hit,post,1.0
gpt2-xl,alphaedit,ripple,ripple_popular_row817,ripple_aliasing,hit,post,0.5
gpt2-xl,alphaedit,ripple,ripple_popular_row729,efficacy,hit,pre,0.0
gpt2-xl,alphaedit,ripple,ripple_popular_row729,ripple_aliasing,hit,pre,0.0
gpt2-xl,alphaedit,ripple,ripple_popular_row729,efficacy,hit,post,1.0
gpt2-xl,alphaedit,ripple,ripple_popular_row729,ripple_aliasing,hit,post,0.2727272727272727
gpt2-xl,alphaedit,ripple,ripple_popular_row720,efficacy,hit,pre,0.0
gpt2-xl,alphaedit,ripple,ripple_popular_row720,ripple_logical,hit,pre,1.0
gpt2-xl,alphaedit,ripple,ripple_popular_row720,ripple_aliasing,hit,pre,0.0
gpt2-xl,alphaedit,ripple,ripple_popular_row720,ripple_relation_specificity,hit,pre,1.0
gpt2-xl,alphaedit,ripple,ripple_popular_row720,efficacy,hit,post,0.0
gpt2-xl,alphaedit,ripple,ripple_popular_row720,ripple_logical,hit,post,0.0
gpt2-xl,alphaedit,ripple,ripple_popular_row720,ripple_aliasing,hit,post,0.0
gpt2-xl,alphaedit,ripple,ripple_popular_row720,ripple_relation_specificity,hit,post,0.0
gpt2-xl,alphaedit,ripple,ripple_popular_row632,efficacy,hit,pre,0.0
gpt2-xl,alphaedit,ripple,ripple_popular_row632,ripple_aliasing,hit,pre,0.0
gpt2-xl,alphaedit,ripple,ripple_popular_row632,ripple_relation_specificity,hit,pre,1.0
gpt2-xl,alphaedit,ripple,ripple_popular_row632,efficacy,hit,post,0.0
gpt2-xl,alphaedit,ripple,ripple_popular_row632,ripple_aliasing,hit,post,0.0
gpt2-xl,alphaedit,ripple,ripple_popular_row632,ripple_relation_specificity,hit,post,0.0
gpt2-xl,alphaedit,ripple,ripple_popular_row667,efficacy,hit,pre,0.0
gpt2-xl,alphaedit,ripple,ripple_popular_row667,ripple_aliasing,hit,pre,0.0
gpt2-xl,alphaedit,ripple,ripple_popular_row667,efficacy,hit,post,1.0
gpt2-xl,alphaedit,ripple,ripple_popular_row667,ripple_aliasing,hit,post,0.3333333333333333
gpt2-xl,alphaedit,ripple,ripple_popular_row823,efficacy,hit,pre,0.0
gpt2-xl,alphaedit,ripple,ripple_popular_row823,ripple_aliasing,hit,pre,0.0
gpt2-xl,alphaedit,ripple,ripple_popular_row823,ripple_relation_specificity,hit,pre,1.0
gpt2-xl,alphaedit,ripple,ripple_popular_row823,efficacy,hit,post,1.0
gpt2-xl,alphaedit,ripple,ripple_popular_row823,ripple_aliasing,hit,post,1.0
gpt2-xl,alphaedit,ripple,ripple_popular_row823,ripple_relation_specificity,hit,post,1.0
gpt2-xl,alphaedit,ripple,ripple_popular_row703,efficacy,hit,pre,0.0
gpt2-xl,alphaedit,ripple,ripple_popular_row703,efficacy,hit,post,0.0
gpt2-xl,alphaedit,ripple,ripple_popular_row774,efficacy,hit,pre,0.0
gpt2-xl,alphaedit,ripple,ripple_popular_row774,ripple_aliasing,hit,pre,0.0
gpt2-xl,alphaedit,ripple,ripple_popular_row774,efficacy,hit,post,1.0
gpt2-xl,alphaedit,ripple,ripple_popular_row774,ripple_aliasing,hit,post,0.625
gpt2-xl,alphaedit,ripple,ripple_popular_row793,efficacy,hit,pre,0.0
gpt2-xl,alphaedit,ripple,ripple_popular_row793,ripple_logical,hit,pre,0.0
gpt2-xl,alphaedit,ripple,ripple_popular_row793,ripple_aliasing,hit,pre,0.0
gpt2-xl,alphaedit,ripple,ripple_popular_row793,ripple_relation_specificity,hit,pre,1.0
gpt2-xl,alphaedit,ripple,ripple_popular_row793,efficacy,hit,post,1.0
gpt2-xl,alphaedit,ripple,ripple_popular_row793,ripple_logical,hit,post,0.0
gpt2-xl,alphaedit,ripple,ripple_popular_row793,ripple_aliasing,hit,post,1.0
gpt2-xl,alphaedit,ripple,ripple_popular_row793,ripple_relation_specificity,hit,post,0.0
gpt2-xl,alphaedit,ripple,ripple_popular_row718,efficacy,hit,pre,0.0
gpt2-xl,alphaedit,ripple,ripple_popular_row718,ripple_aliasing,hit,pre,0.0
gpt2-xl,alphaedit,ripple,ripple_popular_row718,efficacy,hit,post,0.0
gpt2-xl,alphaedit,ripple,ripple_popular_row718,ripple_aliasing,hit,post,0.0
gpt2-xl,alphaedit,ripple,ripple_popular_row759,efficacy,hit,pre,0.0
gpt2-xl,alphaedit,ripple,ripple_popular_row759,ripple_relation_specificity,hit,pre,0.0
gpt2-xl,alphaedit,ripple,ripple_popular_row759,efficacy,hit,post,1.0
gpt2-xl,alphaedit,ripple,ripple_popular_row759,ripple_relation_specificity,hit,post,0.0
gpt2-xl,alphaedit,ripple,ripple_popular_row672,efficacy,hit,pre,0.0
gpt2-xl,alphaedit,ripple,ripple_popular_row672,ripple_logical,hit,pre,0.0
gpt2-xl,alphaedit,ripple,ripple_popular_row672,efficacy,hit,post,1.0
gpt2-xl,alphaedit,ripple,ripple_popular_row672,ripple_logical,hit,post,0.0
gpt2-xl,alphaedit,ripple,ripple_popular_row875,efficacy,hit,pre,0.0
gpt2-xl,alphaedit,ripple,ripple_popular_row875,efficacy,hit,post,1.0
gpt2-xl,alphaedit,ripple,ripple_popular_row645,efficacy,hit,pre,0.0
gpt2-xl,alphaedit,ripple,ripple_popular_row645,ripple_compositional_i,hit,pre,0.0
gpt2-xl,alphaedit,ripple,ripple_popular_row645,ripple_aliasing,hit,pre,0.0
gpt2-xl,alphaedit,ripple,ripple_popular_row645,ripple_relation_specificity,hit,pre,1.0
gpt2-xl,alphaedit,ripple,ripple_popular_row645,efficacy,hit,post,1.0
gpt2-xl,alphaedit,ripple,ripple_popular_row645,ripple_compositional_i,hit,post,0.0
gpt2-xl,alphaedit,ripple,ripple_popular_row645,ripple_aliasing,hit,post,0.0
gpt2-xl,alphaedit,ripple,ripple_popular_row645,ripple_relation_specificity,hit,post,0.0
gpt2-xl,alphaedit,ripple,ripple_popular_row765,efficacy,hit,pre,0.0
gpt2-xl,alphaedit,ripple,ripple_popular_row765,ripple_aliasing,hit,pre,0.0
gpt2-xl,alphaedit,ripple,ripple_popular_row765,efficacy,hit,post,1.0
gpt2-xl,alphaedit,ripple,ripple_popular_row765,ripple_aliasing,hit,post,0.0
gpt2-xl,alphaedit,ripple,ripple_popular_row865,efficacy,hit,pre,0.0
gpt2-xl,alphaedit,ripple,ripple_popular_row865,ripple_aliasing,hit,pre,0.0
gpt2-xl,alphaedit,ripple,ripple_popular_row865,ripple_relation_specificity,hit,pre,1.0
gpt2-xl,alphaedit,ripple,ripple_popular_row865,efficacy,hit,post,1.0
gpt2-xl,alphaedit,ripple,ripple_popular_row865,ripple_aliasing,hit,post,0.0
gpt2-xl,alphaedit,ripple,ripple_popular_row865,ripple_relation_specificity,hit,post,0.0
gpt2-xl,alphaedit,ripple,ripple_popular_row689,efficacy,hit,pre,0.0
gpt2-xl,alphaedit,ripple,ripple_popular_row689,ripple_aliasing,hit,pre,0.0
gpt2-xl,alphaedit,ripple,ripple_popular_row689,efficacy,hit,post,0.0
gpt2-xl,alphaedit,ripple,ripple_popular_row689,ripple_aliasing,hit,post,0.0
gpt2-xl,alphaedit,ripple,ripple_popular_row743,efficacy,hit,pre,0.0
gpt2-xl,alphaedit,ripple,ripple_popular_row743,ripple_aliasing,hit,pre,0.0
gpt2-xl,alphaedit,ripple,ripple_popular_row743,efficacy,hit,post,1.0
gpt2-xl,alphaedit,ripple,ripple_popular_row743,ripple_aliasing,hit,post,1.0
gpt2-xl,alphaedit,ripple,ripple_popular_row676,efficacy,hit,pre,0.0
gpt2-xl,alphaedit,ripple,ripple_popular_row676,ripple_aliasing,hit,pre,0.0
gpt2-xl,alphaedit,ripple,ripple_popular_row676,efficacy,hit,post,1.0
gpt2-xl,alphaedit,ripple,ripple_popular_row676,ripple_aliasing,hit,post,0.0
gpt2-xl,alphaedit,ripple,ripple_random_row1742,efficacy,hit,pre,0.0
gpt2-xl,alphaedit,ripple,ripple_random_row1742,ripple_aliasing,hit,pre,0.0
gpt2-xl,alphaedit,ripple,ripple_random_row1742,efficacy,hit,post,1.0
gpt2-xl,alphaedit,ripple,ripple_random_row1742,ripple_aliasing,hit,post,0.0
gpt2-xl,alphaedit,ripple,ripple_random_row1584,efficacy,hit,pre,0.0
gpt2-xl,alphaedit,ripple,ripple_random_row1584,ripple_aliasing,hit,pre,0.0
gpt2-xl,alphaedit,ripple,ripple_random_row1584,efficacy,hit,post,1.0
gpt2-xl,alphaedit,ripple,ripple_random_row1584,ripple_aliasing,hit,post,0.0
gpt2-xl,alphaedit,ripple,ripple_random_row1799,efficacy,hit,pre,0.0
gpt2-xl,alphaedit,ripple,ripple_random_row1799,ripple_aliasing,hit,pre,0.0
gpt2-xl,alphaedit,ripple,ripple_random_row1799,efficacy,hit,post,1.0
gpt2-xl,alphaedit,ripple,ripple_random_row1799,ripple_aliasing,hit,post,1.0
gpt2-xl,alphaedit,ripple,ripple_random_row1627,efficacy,hit,pre,0.0
gpt2-xl,alphaedit,ripple,ripple_random_row1627,ripple_aliasing,hit,pre,0.0
gpt2-xl,alphaedit,ripple,ripple_random_row1627,efficacy,hit,post,0.0
gpt2-xl,alphaedit,ripple,ripple_random_row1627,ripple_aliasing,hit,post,1.0
gpt2-xl,alphaedit,ripple,ripple_random_row1806,efficacy,hit,pre,0.0
gpt2-xl,alphaedit,ripple,ripple_random_row1806,ripple_aliasing,hit,pre,0.0
gpt2-xl,alphaedit,ripple,ripple_random_row1806,efficacy,hit,post,0.0
gpt2-xl,alphaedit,ripple,ripple_random_row1806,ripple_aliasing,hit,post,0.0
gpt2-xl,alphaedit,ripple,ripple_random_row1724,efficacy,hit,pre,0.0
gpt2-xl,alphaedit,ripple,ripple_random_row1724,ripple_logical,hit,pre,0.0
gpt2-xl,alphaedit,ripple,ripple_random_row1724,ripple_aliasing,hit,pre,0.0
gpt2-xl,alphaedit,ripple,ripple_random_row1724,efficacy,hit,post,0.0
gpt2-xl,alphaedit,ripple,ripple_random_row1724,ripple_logical,hit,post,0.0
gpt2-xl,alphaedit,ripple,ripple_random_row1724,ripple_aliasing,hit,post,0.0
gpt2-xl,alphaedit,ripple,ripple_random_row1562,efficacy,hit,pre,0.0
gpt2-xl,alphaedit,ripple,ripple_random_row1562,ripple_aliasing,hit,pre,0.0
gpt2-xl,alphaedit,ripple,ripple_random_row1562,ripple_relation_specificity,hit,pre,1.0
gpt2-xl,alphaedit,ripple,ripple_random_row1562,efficacy,hit,post,0.0
gpt2-xl,alphaedit,ripple,ripple_random_row1562,ripple_aliasing,hit,post,0.0
gpt2-xl,alphaedit,ripple,ripple_random_row1562,ripple_relation_specificity,hit,post,0.0
gpt2-xl,alphaedit,ripple,ripple_random_row1855,efficacy,hit,pre,0.0
gpt2-xl,alphaedit,ripple,ripple_random_row1855,ripple_aliasing,hit,pre,0.0
gpt2-xl,alphaedit,ripple,ripple_random_row1855,efficacy,hit,post,1.0
gpt2-xl,alphaedit,ripple,ripple_random_row1855,ripple_aliasing,hit,post,0.0
gpt2-xl,alphaedit,ripple,ripple_random_row1823,efficacy,hit,pre,0.0
gpt2-xl,alphaedit,ripple,ripple_random_row1823,ripple_logical,hit,pre,0.0
gpt2-xl,alphaedit,ripple,ripple_random_row1823,ripple_compositional_i,hit,pre,0.0
gpt2-xl,alphaedit,ripple,ripple_random_row1823,ripple_aliasing,hit,pre,0.0
gpt2-xl,alphaedit,ripple,ripple_random_row1823,efficacy,hit,post,1.0
gpt2-xl,alphaedit,ripple,ripple_random_row1823,ripple_logical,hit,post,0.5
gpt2-xl,alphaedit,ripple,ripple_random_row1823,ripple_compositional_i,hit,post,0.25
gpt2-xl,alphaedit,ripple,ripple_random_row1823,ripple_aliasing,hit,post,0.0
gpt2-xl,alphaedit,ripple,ripple_random_row1765,efficacy,hit,pre,0.0
gpt2-xl,alphaedit,ripple,ripple_random_row1765,ripple_aliasing,hit,pre,0.0
gpt2-xl,alphaedit,ripple,ripple_random_row1765,efficacy,hit,post,1.0
gpt2-xl,alphaedit,ripple,ripple_random_row1765,ripple_aliasing,hit,post,1.0
gpt2-xl,alphaedit,ripple,ripple_random_row1916,efficacy,hit,pre,0.0
gpt2-xl,alphaedit,ripple,ripple_random_row1916,ripple_aliasing,hit,pre,0.0
gpt2-xl,alphaedit,ripple,ripple_random_row1916,efficacy,hit,post,0.0
gpt2-xl,alphaedit,ripple,ripple_random_row1916,ripple_aliasing,hit,post,0.0
gpt2-xl,alphaedit,ripple,ripple_random_row1593,efficacy,hit,pre,0.0
gpt2-xl,alphaedit,ripple,ripple_random_row1593,ripple_aliasing,hit,pre,0.0
gpt2-xl,alphaedit,ripple,ripple_random_row1593,efficacy,hit,post,1.0
gpt2-xl,alphaedit,ripple,ripple_random_row1593,ripple_aliasing,hit,post,0.0
gpt2-xl,alphaedit,ripple,ripple_random_row1734,efficacy,hit,pre,0.0
gpt2-xl,alphaedit,ripple,ripple_random_row1734,ripple_relation_specificity,hit,pre,1.0
gpt2-xl,alphaedit,ripple,ripple_random_row1734,efficacy,hit,post,0.0
gpt2-xl,alphaedit,ripple,ripple_random_row1734,ripple_relation_specificity,hit,post,0.0
gpt2-xl,alphaedit,ripple,ripple_random_row1556,efficacy,hit,pre,0.0
gpt2-xl,alphaedit,ripple,ripple_random_row1556,ripple_aliasing,hit,pre,0.0
gpt2-xl,alphaedit,ripple,ripple_random_row1556,efficacy,hit,post,1.0
gpt2-xl,alphaedit,ripple,ripple_random_row1556,ripple_aliasing,hit,post,0.0
gpt2-xl,alphaedit,ripple,ripple_random_row1592,efficacy,hit,pre,0.0
gpt2-xl,alphaedit,ripple,ripple_random_row1592,ripple_aliasing,hit,pre,0.0
gpt2-xl,alphaedit,ripple,ripple_random_row1592,efficacy,hit,post,1.0
gpt2-xl,alphaedit,ripple,ripple_random_row1592,ripple_aliasing,hit,post,1.0
gpt2-xl,alphaedit,ripple,ripple_random_row1843,efficacy,hit,pre,0.0
gpt2-xl,alphaedit,ripple,ripple_random_row1843,ripple_aliasing,hit,pre,0.0
gpt2-xl,alphaedit,ripple,ripple_random_row1843,efficacy,hit,post,0.0
gpt2-xl,alphaedit,ripple,ripple_random_row1843,ripple_aliasing,hit,post,0.5
gpt2-xl,alphaedit,ripple,ripple_random_row1711,efficacy,hit,pre,0.0
gpt2-xl,alphaedit,ripple,ripple_random_row1711,ripple_aliasing,hit,pre,0.0
gpt2-xl,alphaedit,ripple,ripple_random_row1711,efficacy,hit,post,1.0
gpt2-xl,alphaedit,ripple,ripple_random_row1711,ripple_aliasing,hit,post,0.0
gpt2-xl,alphaedit,ripple,ripple_random_row1553,efficacy,hit,pre,0.0
gpt2-xl,alphaedit,ripple,ripple_random_row1553,ripple_aliasing,hit,pre,0.0
gpt2-xl,alphaedit,ripple,ripple_random_row1553,efficacy,hit,post,1.0
gpt2-xl,alphaedit,ripple,ripple_random_row1553,ripple_aliasing,hit,post,1.0
gpt2-xl,alphaedit,ripple,ripple_random_row1569,efficacy,hit,pre,0.0
gpt2-xl,alphaedit,ripple,ripple_random_row1569,ripple_aliasing,hit,pre,0.0
gpt2-xl,alphaedit,ripple,ripple_random_row1569,efficacy,hit,post,1.0
gpt2-xl,alphaedit,ripple,ripple_random_row1569,ripple_aliasing,hit,post,1.0
gpt2-xl,alphaedit,ripple,ripple_random_row1883,efficacy,hit,pre,0.0
gpt2-xl,alphaedit,ripple,ripple_random_row1883,ripple_logical,hit,pre,0.0
gpt2-xl,alphaedit,ripple,ripple_random_row1883,ripple_aliasing,hit,pre,0.0
gpt2-xl,alphaedit,ripple,ripple_random_row1883,ripple_relation_specificity,hit,pre,1.0
gpt2-xl,alphaedit,ripple,ripple_random_row1883,efficacy,hit,post,1.0
gpt2-xl,alphaedit,ripple,ripple_random_row1883,ripple_logical,hit,post,0.0
gpt2-xl,alphaedit,ripple,ripple_random_row1883,ripple_aliasing,hit,post,1.0
gpt2-xl,alphaedit,ripple,ripple_random_row1883,ripple_relation_specificity,hit,post,0.0
gpt2-xl,alphaedit,ripple,ripple_random_row1910,efficacy,hit,pre,0.0
gpt2-xl,alphaedit,ripple,ripple_random_row1910,ripple_logical,hit,pre,0.0
gpt2-xl,alphaedit,ripple,ripple_random_row1910,ripple_aliasing,hit,pre,0.0
gpt2-xl,alphaedit,ripple,ripple_random_row1910,efficacy,hit,post,1.0
gpt2-xl,alphaedit,ripple,ripple_random_row1910,ripple_logical,hit,post,0.0
gpt2-xl,alphaedit,ripple,ripple_random_row1910,ripple_aliasing,hit,post,0.6666666666666666
gpt2-xl,alphaedit,ripple,ripple_random_row1608,efficacy,hit,pre,0.0
gpt2-xl,alphaedit,ripple,ripple_random_row1608,ripple_aliasing,hit,pre,0.0
gpt2-xl,alphaedit,ripple,ripple_random_row1608,efficacy,hit,post,1.0
gpt2-xl,alphaedit,ripple,ripple_random_row1608,ripple_aliasing,hit,post,0.0
gpt2-xl,alphaedit,ripple,ripple_random_row1527,efficacy,hit,pre,0.0
gpt2-xl,alphaedit,ripple,ripple_random_row1527,ripple_aliasing,hit,pre,0.0
gpt2-xl,alphaedit,ripple,ripple_random_row1527,efficacy,hit,post,0.0
gpt2-xl,alphaedit,ripple,ripple_random_row1527,ripple_aliasing,hit,post,0.0
gpt2-xl,alphaedit,ripple,ripple_random_row1565,efficacy,hit,pre,0.0
gpt2-xl,alphaedit,ripple,ripple_random_row1565,ripple_aliasing,hit,pre,0.0
gpt2-xl,alphaedit,ripple,ripple_random_row1565,efficacy,hit,post,1.0
gpt2-xl,alphaedit,ripple,ripple_random_row1565,ripple_aliasing,hit,post,1.0
gpt2-xl,alphaedit,ripple,ripple_random_row1809,efficacy,hit,pre,0.0
gpt2-xl,alphaedit,ripple,ripple_random_row1809,ripple_aliasing,hit,pre,0.0
gpt2-xl,alphaedit,ripple,ripple_random_row1809,efficacy,hit,post,1.0
gpt2-xl,alphaedit,ripple,ripple_random_row1809,ripple_aliasing,hit,post,1.0
gpt2-xl,alphaedit,ripple,ripple_random_row1536,efficacy,hit,pre,0.0
gpt2-xl,alphaedit,ripple,ripple_random_row1536,ripple_aliasing,hit,pre,0.0
gpt2-xl,alphaedit,ripple,ripple_random_row1536,efficacy,hit,post,1.0
gpt2-xl,alphaedit,ripple,ripple_random_row1536,ripple_aliasing,hit,post,1.0
gpt2-xl,alphaedit,ripple,ripple_random_row1629,efficacy,hit,pre,0.0
gpt2-xl,alphaedit,ripple,ripple_random_row1629,ripple_aliasing,hit,pre,0.0
gpt2-xl,alphaedit,ripple,ripple_random_row1629,efficacy,hit,post,1.0
gpt2-xl,alphaedit,ripple,ripple_random_row1629,ripple_aliasing,hit,post,1.0
gpt2-xl,alphaedit,ripple,ripple_random_row1528,efficacy,hit,pre,0.0
gpt2-xl,alphaedit,ripple,ripple_random_row1528,ripple_logical,hit,pre,0.0
gpt2-xl,alphaedit,ripple,ripple_random_row1528,ripple_aliasing,hit,pre,0.0
gpt2-xl,alphaedit,ripple,ripple_random_row1528,efficacy,hit,post,1.0
gpt2-xl,alphaedit,ripple,ripple_random_row1528,ripple_logical,hit,post,1.0
gpt2-xl,alphaedit,ripple,ripple_random_row1528,ripple_aliasing,hit,post,1.0
gpt2-xl,alphaedit,ripple,ripple_random_row1529,efficacy,hit,pre,0.0
gpt2-xl,alphaedit,ripple,ripple_random_row1529,ripple_aliasing,hit,pre,0.0
gpt2-xl,alphaedit,ripple,ripple_random_row1529,efficacy,hit,post,1.0
gpt2-xl,alphaedit,ripple,ripple_random_row1529,ripple_aliasing,hit,post,1.0
gpt2-xl,alphaedit,ripple,ripple_random_row1815,efficacy,hit,pre,0.0
gpt2-xl,alphaedit,ripple,ripple_random_row1815,ripple_aliasing,hit,pre,0.0
gpt2-xl,alphaedit,ripple,ripple_random_row1815,efficacy,hit,post,0.0
gpt2-xl,alphaedit,ripple,ripple_random_row1815,ripple_aliasing,hit,post,0.0
gpt2-xl,alphaedit,ripple,ripple_random_row1675,efficacy,hit,pre,0.0
gpt2-xl,alphaedit,ripple,ripple_random_row1675,ripple_logical,hit,pre,0.0
gpt2-xl,alphaedit,ripple,ripple_random_row1675,ripple_aliasing,hit,pre,0.0
gpt2-xl,alphaedit,ripple,ripple_random_row1675,efficacy,hit,post,1.0
gpt2-xl,alphaedit,ripple,ripple_random_row1675,ripple_logical,hit,post,0.0
gpt2-xl,alphaedit,ripple,ripple_random_row1675,ripple_aliasing,hit,post,0.0
gpt2-xl,alphaedit,ripple,ripple_random_row1581,efficacy,hit,pre,0.0
gpt2-xl,alphaedit,ripple,ripple_random_row1581,ripple_logical,hit,pre,0.0
gpt2-xl,alphaedit,ripple,ripple_random_row1581,ripple_compositional_i,hit,pre,0.0
gpt2-xl,alphaedit,ripple,ripple_random_row1581,ripple_aliasing,hit,pre,0.0
gpt2-xl,alphaedit,ripple,ripple_random_row1581,efficacy,hit,post,0.0
gpt2-xl,alphaedit,ripple,ripple_random_row1581,ripple_logical,hit,post,0.0
gpt2-xl,alphaedit,ripple,ripple_random_row1581,ripple_compositional_i,hit,post,0.0
gpt2-xl,alphaedit,ripple,ripple_random_row1581,ripple_aliasing,hit,post,0.0
gpt2-xl,alphaedit,ripple,ripple_random_row1728,efficacy,hit,pre,0.0
gpt2-xl,alphaedit,ripple,ripple_random_row1728,ripple_logical,hit,pre,0.0
gpt2-xl,alphaedit,ripple,ripple_random_row1728,ripple_aliasing,hit,pre,0.0
gpt2-xl,alphaedit,ripple,ripple_random_row1728,efficacy,hit,post,1.0
gpt2-xl,alphaedit,ripple,ripple_random_row1728,ripple_logical,hit,post,0.0
gpt2-xl,alphaedit,ripple,ripple_random_row1728,ripple_aliasing,hit,post,1.0
gpt2-xl,alphaedit,ripple,ripple_random_row1609,efficacy,hit,pre,0.0
gpt2-xl,alphaedit,ripple,ripple_random_row1609,ripple_compositional_i,hit,pre,0.0
gpt2-xl,alphaedit,ripple,ripple_random_row1609,ripple_aliasing,hit,pre,0.0
gpt2-xl,alphaedit,ripple,ripple_random_row1609,efficacy,hit,post,1.0
gpt2-xl,alphaedit,ripple,ripple_random_row1609,ripple_compositional_i,hit,post,1.0
gpt2-xl,alphaedit,ripple,ripple_random_row1609,ripple_aliasing,hit,post,1.0
gpt2-xl,alphaedit,ripple,ripple_random_row1769,efficacy,hit,pre,0.0
gpt2-xl,alphaedit,ripple,ripple_random_row1769,ripple_logical,hit,pre,0.0
gpt2-xl,alphaedit,ripple,ripple_random_row1769,ripple_aliasing,hit,pre,0.0
gpt2-xl,alphaedit,ripple,ripple_random_row1769,efficacy,hit,post,1.0
gpt2-xl,alphaedit,ripple,ripple_random_row1769,ripple_logical,hit,post,0.0
gpt2-xl,alphaedit,ripple,ripple_random_row1769,ripple_aliasing,hit,post,1.0
gpt2-xl,alphaedit,ripple,ripple_random_row1721,efficacy,hit,pre,0.0
gpt2-xl,alphaedit,ripple,ripple_random_row1721,ripple_aliasing,hit,pre,0.0
gpt2-xl,alphaedit,ripple,ripple_random_row1721,efficacy,hit,post,1.0
gpt2-xl,alphaedit,ripple,ripple_random_row1721,ripple_aliasing,hit,post,0.0
gpt2-xl,alphaedit,ripple,ripple_random_row1504,efficacy,hit,pre,0.0
gpt2-xl,alphaedit,ripple,ripple_random_row1504,ripple_aliasing,hit,pre,0.0
gpt2-xl,alphaedit,ripple,ripple_random_row1504,efficacy,hit,post,1.0
gpt2-xl,alphaedit,ripple,ripple_random_row1504,ripple_aliasing,hit,post,1.0
gpt2-xl,alphaedit,ripple,ripple_random_row1702,efficacy,hit,pre,0.0
gpt2-xl,alphaedit,ripple,ripple_random_row1702,ripple_compositional_i,hit,pre,0.0
gpt2-xl,alphaedit,ripple,ripple_random_row1702,ripple_aliasing,hit,pre,0.0
gpt2-xl,alphaedit,ripple,ripple_random_row1702,efficacy,hit,post,1.0
gpt2-xl,alphaedit,ripple,ripple_random_row1702,ripple_compositional_i,hit,post,1.0
gpt2-xl,alphaedit,ripple,ripple_random_row1702,ripple_aliasing,hit,post,0.0
gpt2-xl,alphaedit,ripple,ripple_random_row1912,efficacy,hit,pre,0.0
gpt2-xl,alphaedit,ripple,ripple_random_row1912,ripple_aliasing,hit,pre,0.0
gpt2-xl,alphaedit,ripple,ripple_random_row1912,efficacy,hit,post,0.0
gpt2-xl,alphaedit,ripple,ripple_random_row1912,ripple_aliasing,hit,post,1.0
gpt2-xl,alphaedit,ripple,ripple_random_row1686,efficacy,hit,pre,0.0
gpt2-xl,alphaedit,ripple,ripple_random_row1686,ripple_aliasing,hit,pre,0.0
gpt2-xl,alphaedit,ripple,ripple_random_row1686,efficacy,hit,post,1.0
gpt2-xl,alphaedit,ripple,ripple_random_row1686,ripple_aliasing,hit,post,1.0
gpt2-xl,alphaedit,ripple,ripple_random_row1747,efficacy,hit,pre,0.0
gpt2-xl,alphaedit,ripple,ripple_random_row1747,ripple_aliasing,hit,pre,0.0
gpt2-xl,alphaedit,ripple,ripple_random_row1747,efficacy,hit,post,1.0
gpt2-xl,alphaedit,ripple,ripple_random_row1747,ripple_aliasing,hit,post,0.0
gpt2-xl,alphaedit,ripple,ripple_random_row1802,efficacy,hit,pre,0.0
gpt2-xl,alphaedit,ripple,ripple_random_row1802,ripple_aliasing,hit,pre,0.0
gpt2-xl,alphaedit,ripple,ripple_random_row1802,efficacy,hit,post,1.0
gpt2-xl,alphaedit,ripple,ripple_random_row1802,ripple_aliasing,hit,post,0.0
gpt2-xl,alphaedit,ripple,ripple_random_row1759,efficacy,hit,pre,0.0
gpt2-xl,alphaedit,ripple,ripple_random_row1759,ripple_aliasing,hit,pre,0.0
gpt2-xl,alphaedit,ripple,ripple_random_row1759,efficacy,hit,post,1.0
gpt2-xl,alphaedit,ripple,ripple_random_row1759,ripple_aliasing,hit,post,0.0
gpt2-xl,alphaedit,ripple,ripple_random_row1893,efficacy,hit,pre,0.0
gpt2-xl,alphaedit,ripple,ripple_random_row1893,ripple_aliasing,hit,pre,0.0
gpt2-xl,alphaedit,ripple,ripple_random_row1893,efficacy,hit,post,1.0
gpt2-xl,alphaedit,ripple,ripple_random_row1893,ripple_aliasing,hit,post,1.0
gpt2-xl,alphaedit,ripple,ripple_random_row1740,efficacy,hit,pre,0.0
gpt2-xl,alphaedit,ripple,ripple_random_row1740,ripple_aliasing,hit,pre,0.0
gpt2-xl,alphaedit,ripple,ripple_random_row1740,efficacy,hit,post,0.0
gpt2-xl,alphaedit,ripple,ripple_random_row1740,ripple_aliasing,hit,post,0.0
gpt2-xl,alphaedit,ripple,ripple_random_row1659,efficacy,hit,pre,0.0
gpt2-xl,alphaedit,ripple,ripple_random_row1659,ripple_aliasing,hit,pre,0.0
gpt2-xl,alphaedit,ripple,ripple_random_row1659,efficacy,hit,post,1.0
gpt2-xl,alphaedit,ripple,ripple_random_row1659,ripple_aliasing,hit,post,1.0
gpt2-xl,alphaedit,ripple,ripple_random_row1685,efficacy,hit,pre,0.0
gpt2-xl,alphaedit,ripple,ripple_random_row1685,ripple_logical,hit,pre,0.0
gpt2-xl,alphaedit,ripple,ripple_random_row1685,ripple_compositional_i,hit,pre,0.0
gpt2-xl,alphaedit,ripple,ripple_random_row1685,ripple_aliasing,hit,pre,0.0
gpt2-xl,alphaedit,ripple,ripple_random_row1685,efficacy,hit,post,1.0
gpt2-xl,alphaedit,ripple,ripple_random_row1685,ripple_logical,hit,post,1.0
gpt2-xl,alphaedit,ripple,ripple_random_row1685,ripple_compositional_i,hit,post,1.0
gpt2-xl,alphaedit,ripple,ripple_random_row1685,ripple_aliasing,hit,post,0.0
gpt2-xl,alphaedit,ripple,ripple_random_row1615,efficacy,hit,pre,0.0
gpt2-xl,alphaedit,ripple,ripple_random_row1615,ripple_aliasing,hit,pre,0.0
gpt2-xl,alphaedit,ripple,ripple_random_row1615,efficacy,hit,post,1.0
gpt2-xl,alphaedit,ripple,ripple_random_row1615,ripple_aliasing,hit,post,0.0
gpt2-xl,alphaedit,ripple,ripple_random_row1754,efficacy,hit,pre,0.0
gpt2-xl,alphaedit,ripple,ripple_random_row1754,ripple_aliasing,hit,pre,0.0
gpt2-xl,alphaedit,ripple,ripple_random_row1754,efficacy,hit,post,1.0
gpt2-xl,alphaedit,ripple,ripple_random_row1754,ripple_aliasing,hit,post,0.0
gpt2-xl,alphaedit,ripple,ripple_random_row1570,efficacy,hit,pre,0.0
gpt2-xl,alphaedit,ripple,ripple_random_row1570,ripple_logical,hit,pre,0.0
gpt2-xl,alphaedit,ripple,ripple_random_row1570,ripple_aliasing,hit,pre,0.0
gpt2-xl,alphaedit,ripple,ripple_random_row1570,efficacy,hit,post,1.0
gpt2-xl,alphaedit,ripple,ripple_random_row1570,ripple_logical,hit,post,0.0
gpt2-xl,alphaedit,ripple,ripple_random_row1570,ripple_aliasing,hit,post,1.0
gpt2-xl,alphaedit,ripple,ripple_random_row1905,efficacy,hit,pre,0.0
gpt2-xl,alphaedit,ripple,ripple_random_row1905,ripple_aliasing,hit,pre,0.0
gpt2-xl,alphaedit,ripple,ripple_random_row1905,ripple_relation_specificity,hit,pre,1.0
gpt2-xl,alphaedit,ripple,ripple_random_row1905,efficacy,hit,post,1.0
gpt2-xl,alphaedit,ripple,ripple_random_row1905,ripple_aliasing,hit,post,1.0
gpt2-xl,alphaedit,ripple,ripple_random_row1905,ripple_relation_specificity,hit,post,0.0
gpt2-xl,alphaedit,ripple,ripple_random_row1917,efficacy,hit,pre,0.0
gpt2-xl,alphaedit,ripple,ripple_random_row1917,ripple_aliasing,hit,pre,0.0
gpt2-xl,alphaedit,ripple,ripple_random_row1917,efficacy,hit,post,0.0
gpt2-xl,alphaedit,ripple,ripple_random_row1917,ripple_aliasing,hit,post,0.0
gpt2-xl,alphaedit,ripple,ripple_random_row1781,efficacy,hit,pre,0.0
gpt2-xl,alphaedit,ripple,ripple_random_row1781,ripple_aliasing,hit,pre,0.0
gpt2-xl,alphaedit,ripple,ripple_random_row1781,ripple_relation_specificity,hit,pre,1.0
gpt2-xl,alphaedit,ripple,ripple_random_row1781,efficacy,hit,post,1.0
gpt2-xl,alphaedit,ripple,ripple_random_row1781,ripple_aliasing,hit,post,1.0
gpt2-xl,alphaedit,ripple,ripple_random_row1781,ripple_relation_specificity,hit,post,0.0
gpt2-xl,alphaedit,ripple,ripple_random_row1603,efficacy,hit,pre,0.0
gpt2-xl,alphaedit,ripple,ripple_random_row1603,ripple_aliasing,hit,pre,0.0
gpt2-xl,alphaedit,ripple,ripple_random_row1603,efficacy,hit,post,0.0
gpt2-xl,alphaedit,ripple,ripple_random_row1603,ripple_aliasing,hit,post,0.0
gpt2-xl,alphaedit,ripple,ripple_random_row1751,efficacy,hit,pre,0.0
gpt2-xl,alphaedit,ripple,ripple_random_row1751,ripple_aliasing,hit,pre,0.0
gpt2-xl,alphaedit,ripple,ripple_random_row1751,efficacy,hit,post,1.0
gpt2-xl,alphaedit,ripple,ripple_random_row1751,ripple_aliasing,hit,post,0.0
gpt2-xl,alphaedit,ripple,ripple_random_row1899,efficacy,hit,pre,0.0
gpt2-xl,alphaedit,ripple,ripple_random_row1899,ripple_aliasing,hit,pre,0.0
gpt2-xl,alphaedit,ripple,ripple_random_row1899,efficacy,hit,post,1.0
gpt2-xl,alphaedit,ripple,ripple_random_row1899,ripple_aliasing,hit,post,1.0
gpt2-xl,alphaedit,ripple,ripple_random_row1890,efficacy,hit,pre,0.0
gpt2-xl,alphaedit,ripple,ripple_random_row1890,ripple_aliasing,hit,pre,0.0
gpt2-xl,alphaedit,ripple,ripple_random_row1890,efficacy,hit,post,1.0
gpt2-xl,alphaedit,ripple,ripple_random_row1890,ripple_aliasing,hit,post,1.0
gpt2-xl,alphaedit,ripple,ripple_random_row1636,efficacy,hit,pre,0.0
gpt2-xl,alphaedit,ripple,ripple_random_row1636,efficacy,hit,post,0.0
gpt2-xl,alphaedit,ripple,ripple_random_row1684,efficacy,hit,pre,0.0
gpt2-xl,alphaedit,ripple,ripple_random_row1684,ripple_logical,hit,pre,0.0
gpt2-xl,alphaedit,ripple,ripple_random_row1684,ripple_compositional_i,hit,pre,0.0
gpt2-xl,alphaedit,ripple,ripple_random_row1684,ripple_aliasing,hit,pre,0.0
gpt2-xl,alphaedit,ripple,ripple_random_row1684,efficacy,hit,post,1.0
gpt2-xl,alphaedit,ripple,ripple_random_row1684,ripple_logical,hit,post,0.5
gpt2-xl,alphaedit,ripple,ripple_random_row1684,ripple_compositional_i,hit,post,0.0
gpt2-xl,alphaedit,ripple,ripple_random_row1684,ripple_aliasing,hit,post,1.0
gpt2-xl,alphaedit,ripple,ripple_random_row1817,efficacy,hit,pre,0.0
gpt2-xl,alphaedit,ripple,ripple_random_row1817,ripple_aliasing,hit,pre,0.0
gpt2-xl,alphaedit,ripple,ripple_random_row1817,efficacy,hit,post,1.0
gpt2-xl,alphaedit,ripple,ripple_random_row1817,ripple_aliasing,hit,post,0.5
gpt2-xl,alphaedit,ripple,ripple_random_row1896,efficacy,hit,pre,0.0
gpt2-xl,alphaedit,ripple,ripple_random_row1896,ripple_aliasing,hit,pre,0.0
gpt2-xl,alphaedit,ripple,ripple_random_row1896,efficacy,hit,post,1.0
gpt2-xl,alphaedit,ripple,ripple_random_row1896,ripple_aliasing,hit,post,0.0
gpt2-xl,alphaedit,ripple,ripple_random_row1845,efficacy,hit,pre,1.0
gpt2-xl,alphaedit,ripple,ripple_random_row1845,ripple_aliasing,hit,pre,0.0
gpt2-xl,alphaedit,ripple,ripple_random_row1845,efficacy,hit,post,1.0
gpt2-xl,alphaedit,ripple,ripple_random_row1845,ripple_aliasing,hit,post,0.0
gpt2-xl,alphaedit,ripple,ripple_random_row1688,efficacy,hit,pre,0.0
gpt2-xl,alphaedit,ripple,ripple_random_row1688,ripple_aliasing,hit,pre,0.0
gpt2-xl,alphaedit,ripple,ripple_random_row1688,efficacy,hit,post,1.0
gpt2-xl,alphaedit,ripple,ripple_random_row1688,ripple_aliasing,hit,post,1.0
gpt2-xl,alphaedit,ripple,ripple_random_row1903,efficacy,hit,pre,0.0
gpt2-xl,alphaedit,ripple,ripple_random_row1903,ripple_aliasing,hit,pre,0.0
gpt2-xl,alphaedit,ripple,ripple_random_row1903,efficacy,hit,post,1.0
gpt2-xl,alphaedit,ripple,ripple_random_row1903,ripple_aliasing,hit,post,0.0
gpt2-xl,alphaedit,ripple,ripple_random_row1501,efficacy,hit,pre,0.0
gpt2-xl,alphaedit,ripple,ripple_random_row1501,ripple_aliasing,hit,pre,0.0
gpt2-xl,alphaedit,ripple,ripple_random_row1501,efficacy,hit,post,1.0
gpt2-xl,alphaedit,ripple,ripple_random_row1501,ripple_aliasing,hit,post,1.0
gpt2-xl,alphaedit,ripple,ripple_random_row1637,efficacy,hit,pre,0.0
gpt2-xl,alphaedit,ripple,ripple_random_row1637,ripple_aliasing,hit,pre,0.0
gpt2-xl,alphaedit,ripple,ripple_random_row1637,efficacy,hit,post,1.0
gpt2-xl,alphaedit,ripple,ripple_random_row1637,ripple_aliasing,hit,post,1.0
gpt2-xl,alphaedit,ripple,ripple_random_row1834,efficacy,hit,pre,0.0
gpt2-xl,alphaedit,ripple,ripple_random_row1834,ripple_logical,hit,pre,0.0
gpt2-xl,alphaedit,ripple,ripple_random_row1834,ripple_aliasing,hit,pre,0.0
gpt2-xl,alphaedit,ripple,ripple_random_row1834,ripple_relation_specificity,hit,pre,1.0
gpt2-xl,alphaedit,ripple,ripple_random_row1834,efficacy,hit,post,1.0
gpt2-xl,alphaedit,ripple,ripple_random_row1834,ripple_logical,hit,post,0.0
gpt2-xl,alphaedit,ripple,ripple_random_row1834,ripple_aliasing,hit,post,0.0
gpt2-xl,alphaedit,ripple,ripple_random_row1834,ripple_relation_specificity,hit,post,0.0
gpt2-xl,alphaedit,ripple,ripple_random_row1522,efficacy,hit,pre,0.0
gpt2-xl,alphaedit,ripple,ripple_random_row1522,ripple_aliasing,hit,pre,0.0
gpt2-xl,alphaedit,ripple,ripple_random_row1522,efficacy,hit,post,1.0
gpt2-xl,alphaedit,ripple,ripple_random_row1522,ripple_aliasing,hit,post,1.0
gpt2-xl,alphaedit,ripple,ripple_random_row1568,efficacy,hit,pre,0.0
gpt2-xl,alphaedit,ripple,ripple_random_row1568,ripple_aliasing,hit,pre,0.0
gpt2-xl,alphaedit,ripple,ripple_random_row1568,efficacy,hit,post,0.0
gpt2-xl,alphaedit,ripple,ripple_random_row1568,ripple_aliasing,hit,post,0.0
gpt2-xl,alphaedit,ripple,ripple_random_row1872,efficacy,hit,pre,0.0
gpt2-xl,alphaedit,ripple,ripple_random_row1872,ripple_aliasing,hit,pre,0.0
gpt2-xl,alphaedit,ripple,ripple_random_row1872,efficacy,hit,post,1.0
gpt2-xl,alphaedit,ripple,ripple_random_row1872,ripple_aliasing,hit,post,0.0
gpt2-xl,alphaedit,ripple,ripple_random_row1846,efficacy,hit,pre,0.0
gpt2-xl,alphaedit,ripple,ripple_random_row1846,ripple_aliasing,hit,pre,0.0
gpt2-xl,alphaedit,ripple,ripple_random_row1846,efficacy,hit,post,0.0
gpt2-xl,alphaedit,ripple,ripple_random_row1846,ripple_aliasing,hit,post,0.0
gpt2-xl,alphaedit,ripple,ripple_random_row1558,efficacy,hit,pre,0.0
gpt2-xl,alphaedit,ripple,ripple_random_row1558,ripple_aliasing,hit,pre,0.0
gpt2-xl,alphaedit,ripple,ripple_random_row1558,efficacy,hit,post,1.0
gpt2-xl,alphaedit,ripple,ripple_random_row1558,ripple_aliasing,hit,post,0.5
gpt2-xl,alphaedit,ripple,ripple_random_row1618,efficacy,hit,pre,0.0
gpt2-xl,alphaedit,ripple,ripple_random_row1618,ripple_aliasing,hit,pre,0.0
gpt2-xl,alphaedit,ripple,ripple_random_row1618,efficacy,hit,post,1.0
gpt2-xl,alphaedit,ripple,ripple_random_row1618,ripple_aliasing,hit,post,0.0
gpt2-xl,alphaedit,ripple,ripple_random_row1720,efficacy,hit,pre,0.0
gpt2-xl,alphaedit,ripple,ripple_random_row1720,ripple_logical,hit,pre,0.0
gpt2-xl,alphaedit,ripple,ripple_random_row1720,ripple_compositional_i,hit,pre,0.0
gpt2-xl,alphaedit,ripple,ripple_random_row1720,ripple_aliasing,hit,pre,0.0
gpt2-xl,alphaedit,ripple,ripple_random_row1720,efficacy,hit,post,1.0
gpt2-xl,alphaedit,ripple,ripple_random_row1720,ripple_logical,hit,post,0.0
gpt2-xl,alphaedit,ripple,ripple_random_row1720,ripple_compositional_i,hit,post,0.0
gpt2-xl,alphaedit,ripple,ripple_random_row1720,ripple_aliasing,hit,post,1.0
gpt2-xl,alphaedit,ripple,ripple_random_row1795,efficacy,hit,pre,0.0
gpt2-xl,alphaedit,ripple,ripple_random_row1795,ripple_aliasing,hit,pre,0.0
gpt2-xl,alphaedit,ripple,ripple_random_row1795,efficacy,hit,post,1.0
gpt2-xl,alphaedit,ripple,ripple_random_row1795,ripple_aliasing,hit,post,1.0
gpt2-xl,alphaedit,ripple,ripple_random_row1650,efficacy,hit,pre,0.0
gpt2-xl,alphaedit,ripple,ripple_random_row1650,ripple_aliasing,hit,pre,0.0
gpt2-xl,alphaedit,ripple,ripple_random_row1650,efficacy,hit,post,1.0
gpt2-xl,alphaedit,ripple,ripple_random_row1650,ripple_aliasing,hit,post,1.0
gpt2-xl,alphaedit,ripple,ripple_random_row1692,efficacy,hit,pre,0.0
gpt2-xl,alphaedit,ripple,ripple_random_row1692,ripple_aliasing,hit,pre,0.0
gpt2-xl,alphaedit,ripple,ripple_random_row1692,ripple_relation_specificity,hit,pre,1.0
gpt2-xl,alphaedit,ripple,ripple_random_row1692,efficacy,hit,post,0.0
gpt2-xl,alphaedit,ripple,ripple_random_row1692,ripple_aliasing,hit,post,0.0
gpt2-xl,alphaedit,ripple,ripple_random_row1692,ripple_relation_specificity,hit,post,0.0
gpt2-xl,alphaedit,ripple,ripple_random_row1826,efficacy,hit,pre,0.0
gpt2-xl,alphaedit,ripple,ripple_random_row1826,ripple_aliasing,hit,pre,0.0
gpt2-xl,alphaedit,ripple,ripple_random_row1826,efficacy,hit,post,1.0
gpt2-xl,alphaedit,ripple,ripple_random_row1826,ripple_aliasing,hit,post,1.0
gpt2-xl,alphaedit,ripple,ripple_random_row1526,efficacy,hit,pre,0.0
gpt2-xl,alphaedit,ripple,ripple_random_row1526,ripple_aliasing,hit,pre,0.0
gpt2-xl,alphaedit,ripple,ripple_random_row1526,efficacy,hit,post,1.0
gpt2-xl,alphaedit,ripple,ripple_random_row1526,ripple_aliasing,hit,post,1.0
gpt2-xl,alphaedit,ripple,ripple_random_row1836,efficacy,hit,pre,0.0
gpt2-xl,alphaedit,ripple,ripple_random_row1836,ripple_aliasing,hit,pre,0.0
gpt2-xl,alphaedit,ripple,ripple_random_row1836,efficacy,hit,post,1.0
gpt2-xl,alphaedit,ripple,ripple_random_row1836,ripple_aliasing,hit,post,0.0
gpt2-xl,alphaedit,ripple,ripple_random_row1505,efficacy,hit,pre,0.0
gpt2-xl,alphaedit,ripple,ripple_random_row1505,ripple_aliasing,hit,pre,0.0
gpt2-xl,alphaedit,ripple,ripple_random_row1505,efficacy,hit,post,1.0
gpt2-xl,alphaedit,ripple,ripple_random_row1505,ripple_aliasing,hit,post,1.0
gpt2-xl,alphaedit,ripple,ripple_random_row1646,efficacy,hit,pre,0.0
gpt2-xl,alphaedit,ripple,ripple_random_row1646,ripple_logical,hit,pre,0.0
gpt2-xl,alphaedit,ripple,ripple_random_row1646,ripple_aliasing,hit,pre,0.0
gpt2-xl,alphaedit,ripple,ripple_random_row1646,efficacy,hit,post,1.0
gpt2-xl,alphaedit,ripple,ripple_random_row1646,ripple_logical,hit,post,1.0
gpt2-xl,alphaedit,ripple,ripple_random_row1646,ripple_aliasing,hit,post,1.0
gpt2-xl,alphaedit,ripple,ripple_random_row1709,efficacy,hit,pre,0.0
gpt2-xl,alphaedit,ripple,ripple_random_row1709,ripple_logical,hit,pre,0.0
gpt2-xl,alphaedit,ripple,ripple_random_row1709,ripple_compositional_i,hit,pre,0.0
gpt2-xl,alphaedit,ripple,ripple_random_row1709,ripple_aliasing,hit,pre,0.0
gpt2-xl,alphaedit,ripple,ripple_random_row1709,efficacy,hit,post,1.0
gpt2-xl,alphaedit,ripple,ripple_random_row1709,ripple_logical,hit,post,0.0
gpt2-xl,alphaedit,ripple,ripple_random_row1709,ripple_compositional_i,hit,post,0.0
gpt2-xl,alphaedit,ripple,ripple_random_row1709,ripple_aliasing,hit,post,0.3333333333333333
gpt2-xl,alphaedit,ripple,ripple_random_row1814,efficacy,hit,pre,0.0
gpt2-xl,alphaedit,ripple,ripple_random_row1814,ripple_aliasing,hit,pre,0.0
gpt2-xl,alphaedit,ripple,ripple_random_row1814,efficacy,hit,post,1.0
gpt2-xl,alphaedit,ripple,ripple_random_row1814,ripple_aliasing,hit,post,0.3333333333333333
gpt2-xl,alphaedit,ripple,ripple_random_row1889,efficacy,hit,pre,0.0
gpt2-xl,alphaedit,ripple,ripple_random_row1889,ripple_aliasing,hit,pre,0.0
gpt2-xl,alphaedit,ripple,ripple_random_row1889,efficacy,hit,post,1.0
gpt2-xl,alphaedit,ripple,ripple_random_row1889,ripple_aliasing,hit,post,1.0
gpt2-xl,alphaedit,ripple,ripple_random_row1713,efficacy,hit,pre,0.0
gpt2-xl,alphaedit,ripple,ripple_random_row1713,ripple_aliasing,hit,pre,0.0
gpt2-xl,alphaedit,ripple,ripple_random_row1713,efficacy,hit,post,1.0
gpt2-xl,alphaedit,ripple,ripple_random_row1713,ripple_aliasing,hit,post,0.5
gpt2-xl,alphaedit,ripple,ripple_random_row1582,efficacy,hit,pre,0.0
gpt2-xl,alphaedit,ripple,ripple_random_row1582,ripple_aliasing,hit,pre,0.0
gpt2-xl,alphaedit,ripple,ripple_random_row1582,efficacy,hit,post,1.0
gpt2-xl,alphaedit,ripple,ripple_random_row1582,ripple_aliasing,hit,post,1.0
gpt2-xl,anyedit,ripple,ripple_popular_row657,efficacy,hit,pre,0.0
gpt2-xl,anyedit,ripple,ripple_popular_row657,ripple_aliasing,hit,pre,0.0
gpt2-xl,anyedit,ripple,ripple_popular_row657,ripple_relation_specificity,hit,pre,1.0
gpt2-xl,anyedit,ripple,ripple_popular_row657,efficacy,hit,post,0.0
gpt2-xl,anyedit,ripple,ripple_popular_row657,ripple_aliasing,hit,post,0.0
gpt2-xl,anyedit,ripple,ripple_popular_row657,ripple_relation_specificity,hit,post,1.0
gpt2-xl,anyedit,ripple,ripple_popular_row839,efficacy,hit,pre,0.0
gpt2-xl,anyedit,ripple,ripple_popular_row839,ripple_aliasing,hit,pre,0.0
gpt2-xl,anyedit,ripple,ripple_popular_row839,efficacy,hit,post,0.0
gpt2-xl,anyedit,ripple,ripple_popular_row839,ripple_aliasing,hit,post,0.0
gpt2-xl,anyedit,ripple,ripple_popular_row792,efficacy,hit,pre,0.0
gpt2-xl,anyedit,ripple,ripple_popular_row792,ripple_aliasing,hit,pre,0.0
gpt2-xl,anyedit,ripple,ripple_popular_row792,efficacy,hit,post,0.0
gpt2-xl,anyedit,ripple,ripple_popular_row792,ripple_aliasing,hit,post,0.0
gpt2-xl,anyedit,ripple,ripple_popular_row778,efficacy,hit,pre,0.0
gpt2-xl,anyedit,ripple,ripple_popular_row778,ripple_logical,hit,pre,0.0
gpt2-xl,anyedit,ripple,ripple_popular_row778,ripple_aliasing,hit,pre,0.0
gpt2-xl,anyedit,ripple,ripple_popular_row778,ripple_relation_specificity,hit,pre,1.0
gpt2-xl,anyedit,ripple,ripple_popular_row778,efficacy,hit,post,0.0
gpt2-xl,anyedit,ripple,ripple_popular_row778,ripple_logical,hit,post,0.0
gpt2-xl,anyedit,ripple,ripple_popular_row778,ripple_aliasing,hit,post,0.0
gpt2-xl,anyedit,ripple,ripple_popular_row778,ripple_relation_specificity,hit,post,1.0
gpt2-xl,anyedit,ripple,ripple_popular_row846,efficacy,hit,pre,0.0
gpt2-xl,anyedit,ripple,ripple_popular_row846,ripple_aliasing,hit,pre,0.0
gpt2-xl,anyedit,ripple,ripple_popular_row846,ripple_relation_specificity,hit,pre,1.0
gpt2-xl,anyedit,ripple,ripple_popular_row846,efficacy,hit,post,0.0
gpt2-xl,anyedit,ripple,ripple_popular_row846,ripple_aliasing,hit,post,0.0
gpt2-xl,anyedit,ripple,ripple_popular_row846,ripple_relation_specificity,hit,post,0.5
gpt2-xl,anyedit,ripple,ripple_popular_row735,efficacy,hit,pre,0.0
gpt2-xl,anyedit,ripple,ripple_popular_row735,ripple_compositional_i,hit,pre,0.0
gpt2-xl,anyedit,ripple,ripple_popular_row735,ripple_aliasing,hit,pre,0.0
gpt2-xl,anyedit,ripple,ripple_popular_row735,efficacy,hit,post,0.0
gpt2-xl,anyedit,ripple,ripple_popular_row735,ripple_compositional_i,hit,post,0.0
gpt2-xl,anyedit,ripple,ripple_popular_row735,ripple_aliasing,hit,post,0.0
gpt2-xl,anyedit,ripple,ripple_popular_row867,efficacy,hit,pre,0.0
gpt2-xl,anyedit,ripple,ripple_popular_row867,ripple_logical,hit,pre,0.0
gpt2-xl,anyedit,ripple,ripple_popular_row867,ripple_aliasing,hit,pre,0.0
gpt2-xl,anyedit,ripple,ripple_popular_row867,efficacy,hit,post,0.0
gpt2-xl,anyedit,ripple,ripple_popular_row867,ripple_logical,hit,post,0.0
gpt2-xl,anyedit,ripple,ripple_popular_row867,ripple_aliasing,hit,post,0.0
gpt2-xl,anyedit,ripple,ripple_popular_row838,efficacy,hit,pre,0.0
gpt2-xl,anyedit,ripple,ripple_popular_row838,ripple_logical,hit,pre,0.0
gpt2-xl,anyedit,ripple,ripple_popular_row838,ripple_aliasing,hit,pre,0.0
gpt2-xl,anyedit,ripple,ripple_popular_row838,ripple_relation_specificity,hit,pre,1.0
gpt2-xl,anyedit,ripple,ripple_popular_row838,efficacy,hit,post,0.0
gpt2-xl,anyedit,ripple,ripple_popular_row838,ripple_logical,hit,post,0.0
gpt2-xl,anyedit,ripple,ripple_popular_row838,ripple_aliasing,hit,post,0.0
gpt2-xl,anyedit,ripple,ripple_popular_row838,ripple_relation_specificity,hit,post,0.0
gpt2-xl,anyedit,ripple,ripple_popular_row716,efficacy,hit,pre,0.0
gpt2-xl,anyedit,ripple,ripple_popular_row716,ripple_aliasing,hit,pre,0.0
gpt2-xl,anyedit,ripple,ripple_popular_row716,efficacy,hit,post,1.0
gpt2-xl,anyedit,ripple,ripple_popular_row716,ripple_aliasing,hit,post,1.0
gpt2-xl,anyedit,ripple,ripple_popular_row857,efficacy,hit,pre,0.0
gpt2-xl,anyedit,ripple,ripple_popular_row857,ripple_logical,hit,pre,0.0
gpt2-xl,anyedit,ripple,ripple_popular_row857,ripple_aliasing,hit,pre,0.0
gpt2-xl,anyedit,ripple,ripple_popular_row857,efficacy,hit,post,0.0
gpt2-xl,anyedit,ripple,ripple_popular_row857,ripple_logical,hit,post,0.0
gpt2-xl,anyedit,ripple,ripple_popular_row857,ripple_aliasing,hit,post,0.0
gpt2-xl,anyedit,ripple,ripple_popular_row868,efficacy,hit,pre,0.0
gpt2-xl,anyedit,ripple,ripple_popular_row868,ripple_compositional_i,hit,pre,0.5
gpt2-xl,anyedit,ripple,ripple_popular_row868,efficacy,hit,post,1.0
gpt2-xl,anyedit,ripple,ripple_popular_row868,ripple_compositional_i,hit,post,0.0
gpt2-xl,anyedit,ripple,ripple_popular_row699,efficacy,hit,pre,0.0
gpt2-xl,anyedit,ripple,ripple_popular_row699,ripple_aliasing,hit,pre,0.0
gpt2-xl,anyedit,ripple,ripple_popular_row699,efficacy,hit,post,0.0
gpt2-xl,anyedit,ripple,ripple_popular_row699,ripple_aliasing,hit,post,0.0
gpt2-xl,anyedit,ripple,ripple_popular_row825,efficacy,hit,pre,0.0
gpt2-xl,anyedit,ripple,ripple_popular_row825,ripple_aliasing,hit,pre,0.0
gpt2-xl,anyedit,ripple,ripple_popular_row825,efficacy,hit,post,0.0
gpt2-xl,anyedit,ripple,ripple_popular_row825,ripple_aliasing,hit,post,0.0
gpt2-xl,anyedit,ripple,ripple_popular_row866,efficacy,hit,pre,0.0
gpt2-xl,anyedit,ripple,ripple_popular_row866,ripple_compositional_i,hit,pre,0.0
gpt2-xl,anyedit,ripple,ripple_popular_row866,ripple_aliasing,hit,pre,0.0
gpt2-xl,anyedit,ripple,ripple_popular_row866,efficacy,hit,post,1.0
gpt2-xl,anyedit,ripple,ripple_popular_row866,ripple_compositional_i,hit,post,0.0
gpt2-xl,anyedit,ripple,ripple_popular_row866,ripple_aliasing,hit,post,0.0
gpt2-xl,anyedit,ripple,ripple_popular_row642,efficacy,hit,pre,0.0
gpt2-xl,anyedit,ripple,ripple_popular_row642,ripple_aliasing,hit,pre,0.0
gpt2-xl,anyedit,ripple,ripple_popular_row642,ripple_relation_specificity,hit,pre,1.0
gpt2-xl,anyedit,ripple,ripple_popular_row642,efficacy,hit,post,0.0
gpt2-xl,anyedit,ripple,ripple_popular_row642,ripple_aliasing,hit,post,0.0
gpt2-xl,anyedit,ripple,ripple_popular_row642,ripple_relation_specificity,hit,post,1.0
gpt2-xl,anyedit,ripple,ripple_popular_row653,efficacy,hit,pre,0.0
gpt2-xl,anyedit,ripple,ripple_popular_row653,ripple_logical,hit,pre,0.0
gpt2-xl,anyedit,ripple,ripple_popular_row653,efficacy,hit,post,0.0
gpt2-xl,anyedit,ripple,ripple_popular_row653,ripple_logical,hit,post,0.0
gpt2-xl,anyedit,ripple,ripple_popular_row663,efficacy,hit,pre,0.0
gpt2-xl,anyedit,ripple,ripple_popular_row663,efficacy,hit,post,1.0
gpt2-xl,anyedit,ripple,ripple_popular_row692,efficacy,hit,pre,0.0
gpt2-xl,anyedit,ripple,ripple_popular_row692,ripple_logical,hit,pre,0.0
gpt2-xl,anyedit,ripple,ripple_popular_row692,ripple_aliasing,hit,pre,0.0
gpt2-xl,anyedit,ripple,ripple_popular_row692,ripple_relation_specificity,hit,pre,1.0
gpt2-xl,anyedit,ripple,ripple_popular_row692,efficacy,hit,post,0.0
gpt2-xl,anyedit,ripple,ripple_popular_row692,ripple_logical,hit,post,0.0
gpt2-xl,anyedit,ripple,ripple_popular_row692,ripple_aliasing,hit,post,0.0
gpt2-xl,anyedit,ripple,ripple_popular_row692,ripple_relation_specificity,hit,post,0.75
gpt2-xl,anyedit,ripple,ripple_popular_row701,efficacy,hit,pre,0.0
gpt2-xl,anyedit,ripple,ripple_popular_row701,ripple_logical,hit,pre,0.0
gpt2-xl,anyedit,ripple,ripple_popular_row701,ripple_aliasing,hit,pre,0.0
gpt2-xl,anyedit,ripple,ripple_popular_row701,efficacy,hit,post,0.0
gpt2-xl,anyedit,ripple,ripple_popular_row701,ripple_logical,hit,post,0.0
gpt2-xl,anyedit,ripple,ripple_popular_row701,ripple_aliasing,hit,post,0.0
gpt2-xl,anyedit,ripple,ripple_popular_row690,efficacy,hit,pre,0.0
gpt2-xl,anyedit,ripple,ripple_popular_row690,ripple_aliasing,hit,pre,0.0
gpt2-xl,anyedit,ripple,ripple_popular_row690,ripple_relation_specificity,hit,pre,1.0
gpt2-xl,anyedit,ripple,ripple_popular_row690,efficacy,hit,post,0.0
gpt2-xl,anyedit,ripple,ripple_popular_row690,ripple_aliasing,hit,post,0.0
gpt2-xl,anyedit,ripple,ripple_popular_row690,ripple_relation_specificity,hit,post,1.0
gpt2-xl,anyedit,ripple,ripple_popular_row668,efficacy,hit,pre,0.0
gpt2-xl,anyedit,ripple,ripple_popular_row668,ripple_aliasing,hit,pre,0.0
gpt2-xl,anyedit,ripple,ripple_popular_row668,efficacy,hit,post,1.0
gpt2-xl,anyedit,ripple,ripple_popular_row668,ripple_aliasing,hit,post,0.8
gpt2-xl,anyedit,ripple,ripple_popular_row810,efficacy,hit,pre,0.0
gpt2-xl,anyedit,ripple,ripple_popular_row810,ripple_logical,hit,pre,0.0
gpt2-xl,anyedit,ripple,ripple_popular_row810,ripple_aliasing,hit,pre,0.0
gpt2-xl,anyedit,ripple,ripple_popular_row810,ripple_relation_specificity,hit,pre,0.0
gpt2-xl,anyedit,ripple,ripple_popular_row810,efficacy,hit,post,0.0
gpt2-xl,anyedit,ripple,ripple_popular_row810,ripple_logical,hit,post,0.0
gpt2-xl,anyedit,ripple,ripple_popular_row810,ripple_aliasing,hit,post,0.0
gpt2-xl,anyedit,ripple,ripple_popular_row810,ripple_relation_specificity,hit,post,1.0
gpt2-xl,anyedit,ripple,ripple_popular_row870,efficacy,hit,pre,0.0
gpt2-xl,anyedit,ripple,ripple_popular_row870,ripple_relation_specificity,hit,pre,1.0
gpt2-xl,anyedit,ripple,ripple_popular_row870,efficacy,hit,post,0.0
gpt2-xl,anyedit,ripple,ripple_popular_row870,ripple_relation_specificity,hit,post,1.0
gpt2-xl,anyedit,ripple,ripple_popular_row646,efficacy,hit,pre,0.0
gpt2-xl,anyedit,ripple,ripple_popular_row646,ripple_aliasing,hit,pre,0.0
gpt2-xl,anyedit,ripple,ripple_popular_row646,ripple_relation_specificity,hit,pre,1.0
gpt2-xl,anyedit,ripple,ripple_popular_row646,efficacy,hit,post,0.0
gpt2-xl,anyedit,ripple,ripple_popular_row646,ripple_aliasing,hit,post,0.0
gpt2-xl,anyedit,ripple,ripple_popular_row646,ripple_relation_specificity,hit,post,1.0
gpt2-xl,anyedit,ripple,ripple_popular_row697,efficacy,hit,pre,0.0
gpt2-xl,anyedit,ripple,ripple_popular_row697,ripple_aliasing,hit,pre,0.0
gpt2-xl,anyedit,ripple,ripple_popular_row697,efficacy,hit,post,0.0
gpt2-xl,anyedit,ripple,ripple_popular_row697,ripple_aliasing,hit,post,0.0
gpt2-xl,anyedit,ripple,ripple_popular_row613,efficacy,hit,pre,0.0
gpt2-xl,anyedit,ripple,ripple_popular_row613,ripple_logical,hit,pre,0.0
gpt2-xl,anyedit,ripple,ripple_popular_row613,ripple_aliasing,hit,pre,0.0
gpt2-xl,anyedit,ripple,ripple_popular_row613,ripple_relation_specificity,hit,pre,1.0
gpt2-xl,anyedit,ripple,ripple_popular_row613,efficacy,hit,post,0.0
gpt2-xl,anyedit,ripple,ripple_popular_row613,ripple_logical,hit,post,0.0
gpt2-xl,anyedit,ripple,ripple_popular_row613,ripple_aliasing,hit,post,0.0
gpt2-xl,anyedit,ripple,ripple_popular_row613,ripple_relation_specificity,hit,post,0.6666666666666666
gpt2-xl,anyedit,ripple,ripple_popular_row710,efficacy,hit,pre,0.0
gpt2-xl,anyedit,ripple,ripple_popular_row710,efficacy,hit,post,0.0
gpt2-xl,anyedit,ripple,ripple_popular_row819,efficacy,hit,pre,0.0
gpt2-xl,anyedit,ripple,ripple_popular_row819,ripple_aliasing,hit,pre,0.0
gpt2-xl,anyedit,ripple,ripple_popular_row819,efficacy,hit,post,0.0
gpt2-xl,anyedit,ripple,ripple_popular_row819,ripple_aliasing,hit,post,0.0
gpt2-xl,anyedit,ripple,ripple_popular_row782,efficacy,hit,pre,0.0
gpt2-xl,anyedit,ripple,ripple_popular_row782,ripple_aliasing,hit,pre,0.0
gpt2-xl,anyedit,ripple,ripple_popular_row782,efficacy,hit,post,1.0
gpt2-xl,anyedit,ripple,ripple_popular_row782,ripple_aliasing,hit,post,1.0
gpt2-xl,anyedit,ripple,ripple_popular_row696,efficacy,hit,pre,0.0
gpt2-xl,anyedit,ripple,ripple_popular_row696,efficacy,hit,post,0.0
gpt2-xl,anyedit,ripple,ripple_popular_row641,efficacy,hit,pre,0.0
gpt2-xl,anyedit,ripple,ripple_popular_row641,ripple_aliasing,hit,pre,0.0
gpt2-xl,anyedit,ripple,ripple_popular_row641,efficacy,hit,post,0.0
gpt2-xl,anyedit,ripple,ripple_popular_row641,ripple_aliasing,hit,post,0.0
gpt2-xl,anyedit,ripple,ripple_popular_row705,efficacy,hit,pre,0.0
gpt2-xl,anyedit,ripple,ripple_popular_row705,ripple_aliasing,hit,pre,0.0
gpt2-xl,anyedit,ripple,ripple_popular_row705,efficacy,hit,post,1.0
gpt2-xl,anyedit,ripple,ripple_popular_row705,ripple_aliasing,hit,post,0.5
gpt2-xl,anyedit,ripple,ripple_popular_row614,efficacy,hit,pre,0.0
gpt2-xl,anyedit,ripple,ripple_popular_row614,ripple_compositional_i,hit,pre,0.0
gpt2-xl,anyedit,ripple,ripple_popular_row614,ripple_aliasing,hit,pre,0.0
gpt2-xl,anyedit,ripple,ripple_popular_row614,ripple_relation_specificity,hit,pre,1.0
gpt2-xl,anyedit,ripple,ripple_popular_row614,efficacy,hit,post,0.0
gpt2-xl,anyedit,ripple,ripple_popular_row614,ripple_compositional_i,hit,post,0.0
gpt2-xl,anyedit,ripple,ripple_popular_row614,ripple_aliasing,hit,post,0.0
gpt2-xl,anyedit,ripple,ripple_popular_row614,ripple_relation_specificity,hit,post,1.0
gpt2-xl,anyedit,ripple,ripple_popular_row874,efficacy,hit,pre,0.0
gpt2-xl,anyedit,ripple,ripple_popular_row874,ripple_logical,hit,pre,0.0
gpt2-xl,anyedit,ripple,ripple_popular_row874,ripple_compositional_i,hit,pre,1.0
gpt2-xl,anyedit,ripple,ripple_popular_row874,ripple_aliasing,hit,pre,0.0
gpt2-xl,anyedit,ripple,ripple_popular_row874,efficacy,hit,post,0.0
gpt2-xl,anyedit,ripple,ripple_popular_row874,ripple_logical,hit,post,0.0
gpt2-xl,anyedit,ripple,ripple_popular_row874,ripple_compositional_i,hit,post,0.0
gpt2-xl,anyedit,ripple,ripple_popular_row874,ripple_aliasing,hit,post,0.0
gpt2-xl,anyedit,ripple,ripple_popular_row610,efficacy,hit,pre,0.0
gpt2-xl,anyedit,ripple,ripple_popular_row610,ripple_aliasing,hit,pre,0.0
gpt2-xl,anyedit,ripple,ripple_popular_row610,efficacy,hit,post,0.0
gpt2-xl,anyedit,ripple,ripple_popular_row610,ripple_aliasing,hit,post,0.0
gpt2-xl,anyedit,ripple,ripple_popular_row816,efficacy,hit,pre,0.0
gpt2-xl,anyedit,ripple,ripple_popular_row816,ripple_aliasing,hit,pre,0.0
gpt2-xl,anyedit,ripple,ripple_popular_row816,ripple_relation_specificity,hit,pre,1.0
gpt2-xl,anyedit,ripple,ripple_popular_row816,efficacy,hit,post,0.0
gpt2-xl,anyedit,ripple,ripple_popular_row816,ripple_aliasing,hit,post,0.0
gpt2-xl,anyedit,ripple,ripple_popular_row816,ripple_relation_specificity,hit,post,1.0
gpt2-xl,anyedit,ripple,ripple_popular_row717,efficacy,hit,pre,0.0
gpt2-xl,anyedit,ripple,ripple_popular_row717,ripple_logical,hit,pre,0.0
gpt2-xl,anyedit,ripple,ripple_popular_row717,ripple_aliasing,hit,pre,0.0
gpt2-xl,anyedit,ripple,ripple_popular_row717,ripple_relation_specificity,hit,pre,1.0
gpt2-xl,anyedit,ripple,ripple_popular_row717,efficacy,hit,post,0.0
gpt2-xl,anyedit,ripple,ripple_popular_row717,ripple_logical,hit,post,0.0
gpt2-xl,anyedit,ripple,ripple_popular_row717,ripple_aliasing,hit,post,0.0
gpt2-xl,anyedit,ripple,ripple_popular_row717,ripple_relation_specificity,hit,post,0.5
gpt2-xl,anyedit,ripple,ripple_popular_row836,efficacy,hit,pre,0.0
gpt2-xl,anyedit,ripple,ripple_popular_row836,ripple_compositional_ii,hit,pre,0.0
gpt2-xl,anyedit,ripple,ripple_popular_row836,ripple_aliasing,hit,pre,0.0
gpt2-xl,anyedit,ripple,ripple_popular_row836,ripple_relation_specificity,hit,pre,1.0
gpt2-xl,anyedit,ripple,ripple_popular_row836,efficacy,hit,post,0.0
gpt2-xl,anyedit,ripple,ripple_popular_row836,ripple_compositional_ii,hit,post,0.0
gpt2-xl,anyedit,ripple,ripple_popular_row836,ripple_aliasing,hit,post,0.0
gpt2-xl,anyedit,ripple,ripple_popular_row836,ripple_relation_specificity,hit,post,1.0
gpt2-xl,anyedit,ripple,ripple_popular_row719,efficacy,hit,pre,0.0
gpt2-xl,anyedit,ripple,ripple_popular_row719,efficacy,hit,post,0.0
gpt2-xl,anyedit,ripple,ripple_popular_row684,efficacy,hit,pre,0.0
gpt2-xl,anyedit,ripple,ripple_popular_row684,ripple_aliasing,hit,pre,0.0
gpt2-xl,anyedit,ripple,ripple_popular_row684,efficacy,hit,post,1.0
gpt2-xl,anyedit,ripple,ripple_popular_row684,ripple_aliasing,hit,post,1.0
gpt2-xl,anyedit,ripple,ripple_popular_row877,efficacy,hit,pre,0.0
gpt2-xl,anyedit,ripple,ripple_popular_row877,ripple_aliasing,hit,pre,0.0
gpt2-xl,anyedit,ripple,ripple_popular_row877,ripple_relation_specificity,hit,pre,1.0
gpt2-xl,anyedit,ripple,ripple_popular_row877,efficacy,hit,post,0.0
gpt2-xl,anyedit,ripple,ripple_popular_row877,ripple_aliasing,hit,post,0.0
gpt2-xl,anyedit,ripple,ripple_popular_row877,ripple_relation_specificity,hit,post,0.0
gpt2-xl,anyedit,ripple,ripple_popular_row763,efficacy,hit,pre,0.0
gpt2-xl,anyedit,ripple,ripple_popular_row763,ripple_aliasing,hit,pre,0.0
gpt2-xl,anyedit,ripple,ripple_popular_row763,efficacy,hit,post,0.0
gpt2-xl,anyedit,ripple,ripple_popular_row763,ripple_aliasing,hit,post,0.0
gpt2-xl,anyedit,ripple,ripple_popular_row731,efficacy,hit,pre,0.0
gpt2-xl,anyedit,ripple,ripple_popular_row731,ripple_aliasing,hit,pre,0.0
gpt2-xl,anyedit,ripple,ripple_popular_row731,ripple_relation_specificity,hit,pre,1.0
gpt2-xl,anyedit,ripple,ripple_popular_row731,efficacy,hit,post,0.0
gpt2-xl,anyedit,ripple,ripple_popular_row731,ripple_aliasing,hit,post,0.0
gpt2-xl,anyedit,ripple,ripple_popular_row731,ripple_relation_specificity,hit,post,1.0
gpt2-xl,anyedit,ripple,ripple_popular_row799,efficacy,hit,pre,0.0
gpt2-xl,anyedit,ripple,ripple_popular_row799,ripple_aliasing,hit,pre,0.0
gpt2-xl,anyedit,ripple,ripple_popular_row799,ripple_relation_specificity,hit,pre,1.0
gpt2-xl,anyedit,ripple,ripple_popular_row799,efficacy,hit,post,0.0
gpt2-xl,anyedit,ripple,ripple_popular_row799,ripple_aliasing,hit,post,0.0
gpt2-xl,anyedit,ripple,ripple_popular_row799,ripple_relation_specificity,hit,post,1.0
gpt2-xl,anyedit,ripple,ripple_popular_row880,efficacy,hit,pre,0.0
gpt2-xl,anyedit,ripple,ripple_popular_row880,ripple_aliasing,hit,pre,0.0
gpt2-xl,anyedit,ripple,ripple_popular_row880,ripple_relation_specificity,hit,pre,1.0
gpt2-xl,anyedit,ripple,ripple_popular_row880,efficacy,hit,post,1.0
gpt2-xl,anyedit,ripple,ripple_popular_row880,ripple_aliasing,hit,post,1.0
gpt2-xl,anyedit,ripple,ripple_popular_row880,ripple_relation_specificity,hit,post,1.0
gpt2-xl,anyedit,ripple,ripple_popular_row680,efficacy,hit,pre,0.0
gpt2-xl,anyedit,ripple,ripple_popular_row680,ripple_aliasing,hit,pre,0.0
gpt2-xl,anyedit,ripple,ripple_popular_row680,efficacy,hit,post,0.0
gpt2-xl,anyedit,ripple,ripple_popular_row680,ripple_aliasing,hit,post,0.0
gpt2-xl,anyedit,ripple,ripple_popular_row737,efficacy,hit,pre,0.0
gpt2-xl,anyedit,ripple,ripple_popular_row737,ripple_aliasing,hit,pre,0.0
gpt2-xl,anyedit,ripple,ripple_popular_row737,ripple_relation_specificity,hit,pre,1.0
gpt2-xl,anyedit,ripple,ripple_popular_row737,efficacy,hit,post,0.0
gpt2-xl,anyedit,ripple,ripple_popular_row737,ripple_aliasing,hit,post,0.0
gpt2-xl,anyedit,ripple,ripple_popular_row737,ripple_relation_specificity,hit,post,1.0
gpt2-xl,anyedit,ripple,ripple_popular_row712,efficacy,hit,pre,0.0
gpt2-xl,anyedit,ripple,ripple_popular_row712,ripple_aliasing,hit,pre,0.0
gpt2-xl,anyedit,ripple,ripple_popular_row712,ripple_relation_specificity,hit,pre,1.0
gpt2-xl,anyedit,ripple,ripple_popular_row712,efficacy,hit,post,0.0
gpt2-xl,anyedit,ripple,ripple_popular_row712,ripple_aliasing,hit,post,0.0
gpt2-xl,anyedit,ripple,ripple_popular_row712,ripple_relation_specificity,hit,post,1.0
gpt2-xl,anyedit,ripple,ripple_popular_row789,efficacy,hit,pre,0.0
gpt2-xl,anyedit,ripple,ripple_popular_row789,ripple_aliasing,hit,pre,0.0
gpt2-xl,anyedit,ripple,ripple_popular_row789,efficacy,hit,post,1.0
gpt2-xl,anyedit,ripple,ripple_popular_row789,ripple_aliasing,hit,post,0.1111111111111111
gpt2-xl,anyedit,ripple,ripple_popular_row881,efficacy,hit,pre,0.0
gpt2-xl,anyedit,ripple,ripple_popular_row881,ripple_logical,hit,pre,0.0
gpt2-xl,anyedit,ripple,ripple_popular_row881,ripple_aliasing,hit,pre,0.0
gpt2-xl,anyedit,ripple,ripple_popular_row881,efficacy,hit,post,0.0
gpt2-xl,anyedit,ripple,ripple_popular_row881,ripple_logical,hit,post,0.0
gpt2-xl,anyedit,ripple,ripple_popular_row881,ripple_aliasing,hit,post,0.0
gpt2-xl,anyedit,ripple,ripple_popular_row863,efficacy,hit,pre,0.0
gpt2-xl,anyedit,ripple,ripple_popular_row863,ripple_aliasing,hit,pre,0.0
gpt2-xl,anyedit,ripple,ripple_popular_row863,efficacy,hit,post,0.0
gpt2-xl,anyedit,ripple,ripple_popular_row863,ripple_aliasing,hit,post,0.0
gpt2-xl,anyedit,ripple,ripple_popular_row873,efficacy,hit,pre,0.0
gpt2-xl,anyedit,ripple,ripple_popular_row873,ripple_compositional_i,hit,pre,0.0
gpt2-xl,anyedit,ripple,ripple_popular_row873,ripple_aliasing,hit,pre,0.0
gpt2-xl,anyedit,ripple,ripple_popular_row873,ripple_relation_specificity,hit,pre,1.0
gpt2-xl,anyedit,ripple,ripple_popular_row873,efficacy,hit,post,0.0
gpt2-xl,anyedit,ripple,ripple_popular_row873,ripple_compositional_i,hit,post,0.0
gpt2-xl,anyedit,ripple,ripple_popular_row873,ripple_aliasing,hit,post,0.0
gpt2-xl,anyedit,ripple,ripple_popular_row873,ripple_relation_specificity,hit,post,1.0
gpt2-xl,anyedit,ripple,ripple_popular_row708,efficacy,hit,pre,0.0
gpt2-xl,anyedit,ripple,ripple_popular_row708,ripple_aliasing,hit,pre,0.0
gpt2-xl,anyedit,ripple,ripple_popular_row708,ripple_relation_specificity,hit,pre,1.0
gpt2-xl,anyedit,ripple,ripple_popular_row708,efficacy,hit,post,0.0
gpt2-xl,anyedit,ripple,ripple_popular_row708,ripple_aliasing,hit,post,0.0
gpt2-xl,anyedit,ripple,ripple_popular_row708,ripple_relation_specificity,hit,post,1.0
gpt2-xl,anyedit,ripple,ripple_popular_row850,efficacy,hit,pre,0.0
gpt2-xl,anyedit,ripple,ripple_popular_row850,efficacy,hit,post,0.0
gpt2-xl,anyedit,ripple,ripple_popular_row634,efficacy,hit,pre,0.0
gpt2-xl,anyedit,ripple,ripple_popular_row634,ripple_aliasing,hit,pre,0.0
gpt2-xl,anyedit,ripple,ripple_popular_row634,efficacy,hit,post,0.0
gpt2-xl,anyedit,ripple,ripple_popular_row634,ripple_aliasing,hit,post,0.0
gpt2-xl,anyedit,ripple,ripple_popular_row796,efficacy,hit,pre,0.0
gpt2-xl,anyedit,ripple,ripple_popular_row796,ripple_relation_specificity,hit,pre,1.0
gpt2-xl,anyedit,ripple,ripple_popular_row796,efficacy,hit,post,0.0
gpt2-xl,anyedit,ripple,ripple_popular_row796,ripple_relation_specificity,hit,post,0.0
gpt2-xl,anyedit,ripple,ripple_popular_row751,efficacy,hit,pre,0.0
gpt2-xl,anyedit,ripple,ripple_popular_row751,ripple_logical,hit,pre,0.0
gpt2-xl,anyedit,ripple,ripple_popular_row751,ripple_aliasing,hit,pre,0.0
gpt2-xl,anyedit,ripple,ripple_popular_row751,ripple_relation_specificity,hit,pre,1.0
gpt2-xl,anyedit,ripple,ripple_popular_row751,efficacy,hit,post,0.0
gpt2-xl,anyedit,ripple,ripple_popular_row751,ripple_logical,hit,post,0.0
gpt2-xl,anyedit,ripple,ripple_popular_row751,ripple_aliasing,hit,post,0.0
gpt2-xl,anyedit,ripple,ripple_popular_row751,ripple_relation_specificity,hit,post,1.0
gpt2-xl,anyedit,ripple,ripple_popular_row871,efficacy,hit,pre,0.0
gpt2-xl,anyedit,ripple,ripple_popular_row871,ripple_logical,hit,pre,0.0
gpt2-xl,anyedit,ripple,ripple_popular_row871,efficacy,hit,post,0.0
gpt2-xl,anyedit,ripple,ripple_popular_row871,ripple_logical,hit,post,0.0
gpt2-xl,anyedit,ripple,ripple_popular_row746,efficacy,hit,pre,0.0
gpt2-xl,anyedit,ripple,ripple_popular_row746,ripple_aliasing,hit,pre,0.0
gpt2-xl,anyedit,ripple,ripple_popular_row746,ripple_preservation,hit,pre,0.0
gpt2-xl,anyedit,ripple,ripple_popular_row746,efficacy,hit,post,0.0
gpt2-xl,anyedit,ripple,ripple_popular_row746,ripple_aliasing,hit,post,0.0
gpt2-xl,anyedit,ripple,ripple_popular_row746,ripple_preservation,hit,post,0.0
gpt2-xl,anyedit,ripple,ripple_popular_row829,efficacy,hit,pre,0.0
gpt2-xl,anyedit,ripple,ripple_popular_row829,ripple_aliasing,hit,pre,0.0
gpt2-xl,anyedit,ripple,ripple_popular_row829,efficacy,hit,post,0.0
gpt2-xl,anyedit,ripple,ripple_popular_row829,ripple_aliasing,hit,post,0.0
gpt2-xl,anyedit,ripple,ripple_popular_row658,efficacy,hit,pre,0.0
gpt2-xl,anyedit,ripple,ripple_popular_row658,ripple_compositional_i,hit,pre,0.0
gpt2-xl,anyedit,ripple,ripple_popular_row658,ripple_aliasing,hit,pre,0.0
gpt2-xl,anyedit,ripple,ripple_popular_row658,efficacy,hit,post,0.0
gpt2-xl,anyedit,ripple,ripple_popular_row658,ripple_compositional_i,hit,post,0.0
gpt2-xl,anyedit,ripple,ripple_popular_row658,ripple_aliasing,hit,post,0.0
gpt2-xl,anyedit,ripple,ripple_popular_row884,efficacy,hit,pre,0.0
gpt2-xl,anyedit,ripple,ripple_popular_row884,ripple_logical,hit,pre,0.0
gpt2-xl,anyedit,ripple,ripple_popular_row884,ripple_aliasing,hit,pre,0.0
gpt2-xl,anyedit,ripple,ripple_popular_row884,ripple_relation_specificity,hit,pre,1.0
gpt2-xl,anyedit,ripple,ripple_popular_row884,efficacy,hit,post,0.0
gpt2-xl,anyedit,ripple,ripple_popular_row884,ripple_logical,hit,post,0.0
gpt2-xl,anyedit,ripple,ripple_popular_row884,ripple_aliasing,hit,post,0.0
gpt2-xl,anyedit,ripple,ripple_popular_row884,ripple_relation_specificity,hit,post,0.0
gpt2-xl,anyedit,ripple,ripple_popular_row619,efficacy,hit,pre,0.0
gpt2-xl,anyedit,ripple,ripple_popular_row619,ripple_aliasing,hit,pre,0.0
gpt2-xl,anyedit,ripple,ripple_popular_row619,efficacy,hit,post,0.0
gpt2-xl,anyedit,ripple,ripple_popular_row619,ripple_aliasing,hit,post,0.0
gpt2-xl,anyedit,ripple,ripple_popular_row649,efficacy,hit,pre,0.0
gpt2-xl,anyedit,ripple,ripple_popular_row649,ripple_logical,hit,pre,0.0
gpt2-xl,anyedit,ripple,ripple_popular_row649,ripple_aliasing,hit,pre,0.0
gpt2-xl,anyedit,ripple,ripple_popular_row649,efficacy,hit,post,0.0
gpt2-xl,anyedit,ripple,ripple_popular_row649,ripple_logical,hit,post,0.0
gpt2-xl,anyedit,ripple,ripple_popular_row649,ripple_aliasing,hit,post,0.0
gpt2-xl,anyedit,ripple,ripple_popular_row688,efficacy,hit,pre,0.0
gpt2-xl,anyedit,ripple,ripple_popular_row688,ripple_aliasing,hit,pre,0.0
gpt2-xl,anyedit,ripple,ripple_popular_row688,efficacy,hit,post,1.0
gpt2-xl,anyedit,ripple,ripple_popular_row688,ripple_aliasing,hit,post,0.5
gpt2-xl,anyedit,ripple,ripple_popular_row639,efficacy,hit,pre,0.0
gpt2-xl,anyedit,ripple,ripple_popular_row639,ripple_aliasing,hit,pre,0.0
gpt2-xl,anyedit,ripple,ripple_popular_row639,ripple_relation_specificity,hit,pre,1.0
gpt2-xl,anyedit,ripple,ripple_popular_row639,efficacy,hit,post,0.0
gpt2-xl,anyedit,ripple,ripple_popular_row639,ripple_aliasing,hit,post,0.0
gpt2-xl,anyedit,ripple,ripple_popular_row639,ripple_relation_specificity,hit,post,0.0
gpt2-xl,anyedit,ripple,ripple_popular_row665,efficacy,hit,pre,0.0
gpt2-xl,anyedit,ripple,ripple_popular_row665,ripple_logical,hit,pre,0.0
gpt2-xl,anyedit,ripple,ripple_popular_row665,efficacy,hit,post,0.0
gpt2-xl,anyedit,ripple,ripple_popular_row665,ripple_logical,hit,post,0.0
gpt2-xl,anyedit,ripple,ripple_popular_row801,efficacy,hit,pre,0.0
gpt2-xl,anyedit,ripple,ripple_popular_row801,ripple_aliasing,hit,pre,0.0
gpt2-xl,anyedit,ripple,ripple_popular_row801,efficacy,hit,post,0.0
gpt2-xl,anyedit,ripple,ripple_popular_row801,ripple_aliasing,hit,post,0.0
gpt2-xl,anyedit,ripple,ripple_popular_row601,efficacy,hit,pre,0.0
gpt2-xl,anyedit,ripple,ripple_popular_row601,ripple_aliasing,hit,pre,0.0
gpt2-xl,anyedit,ripple,ripple_popular_row601,ripple_relation_specificity,hit,pre,1.0
gpt2-xl,anyedit,ripple,ripple_popular_row601,efficacy,hit,post,1.0
gpt2-xl,anyedit,ripple,ripple_popular_row601,ripple_aliasing,hit,post,0.0
gpt2-xl,anyedit,ripple,ripple_popular_row601,ripple_relation_specificity,hit,post,1.0
gpt2-xl,anyedit,ripple,ripple_popular_row779,efficacy,hit,pre,0.0
gpt2-xl,anyedit,ripple,ripple_popular_row779,ripple_logical,hit,pre,0.0
gpt2-xl,anyedit,ripple,ripple_popular_row779,ripple_aliasing,hit,pre,0.0
gpt2-xl,anyedit,ripple,ripple_popular_row779,efficacy,hit,post,0.0
gpt2-xl,anyedit,ripple,ripple_popular_row779,ripple_logical,hit,post,0.0
gpt2-xl,anyedit,ripple,ripple_popular_row779,ripple_aliasing,hit,post,0.0
gpt2-xl,anyedit,ripple,ripple_popular_row817,efficacy,hit,pre,0.0
gpt2-xl,anyedit,ripple,ripple_popular_row817,ripple_aliasing,hit,pre,0.0
gpt2-xl,anyedit,ripple,ripple_popular_row817,efficacy,hit,post,0.0
gpt2-xl,anyedit,ripple,ripple_popular_row817,ripple_aliasing,hit,post,0.0
gpt2-xl,anyedit,ripple,ripple_popular_row729,efficacy,hit,pre,0.0
gpt2-xl,anyedit,ripple,ripple_popular_row729,ripple_aliasing,hit,pre,0.0
gpt2-xl,anyedit,ripple,ripple_popular_row729,efficacy,hit,post,1.0
gpt2-xl,anyedit,ripple,ripple_popular_row729,ripple_aliasing,hit,post,0.5454545454545454
gpt2-xl,anyedit,ripple,ripple_popular_row720,efficacy,hit,pre,0.0
gpt2-xl,anyedit,ripple,ripple_popular_row720,ripple_logical,hit,pre,1.0
gpt2-xl,anyedit,ripple,ripple_popular_row720,ripple_aliasing,hit,pre,0.0
gpt2-xl,anyedit,ripple,ripple_popular_row720,ripple_relation_specificity,hit,pre,1.0
gpt2-xl,anyedit,ripple,ripple_popular_row720,efficacy,hit,post,0.0
gpt2-xl,anyedit,ripple,ripple_popular_row720,ripple_logical,hit,post,0.0
gpt2-xl,anyedit,ripple,ripple_popular_row720,ripple_aliasing,hit,post,0.0
gpt2-xl,anyedit,ripple,ripple_popular_row720,ripple_relation_specificity,hit,post,1.0
gpt2-xl,anyedit,ripple,ripple_popular_row632,efficacy,hit,pre,0.0
gpt2-xl,anyedit,ripple,ripple_popular_row632,ripple_aliasing,hit,pre,0.0
gpt2-xl,anyedit,ripple,ripple_popular_row632,ripple_relation_specificity,hit,pre,1.0
gpt2-xl,anyedit,ripple,ripple_popular_row632,efficacy,hit,post,1.0
gpt2-xl,anyedit,ripple,ripple_popular_row632,ripple_aliasing,hit,post,0.0
gpt2-xl,anyedit,ripple,ripple_popular_row632,ripple_relation_specificity,hit,post,1.0
gpt2-xl,anyedit,ripple,ripple_popular_row667,efficacy,hit,pre,0.0
gpt2-xl,anyedit,ripple,ripple_popular_row667,ripple_aliasing,hit,pre,0.0
gpt2-xl,anyedit,ripple,ripple_popular_row667,efficacy,hit,post,0.0
gpt2-xl,anyedit,ripple,ripple_popular_row667,ripple_aliasing,hit,post,0.0
gpt2-xl,anyedit,ripple,ripple_popular_row823,efficacy,hit,pre,0.0
gpt2-xl,anyedit,ripple,ripple_popular_row823,ripple_aliasing,hit,pre,0.0
gpt2-xl,anyedit,ripple,ripple_popular_row823,ripple_relation_specificity,hit,pre,1.0
gpt2-xl,anyedit,ripple,ripple_popular_row823,efficacy,hit,post,0.0
gpt2-xl,anyedit,ripple,ripple_popular_row823,ripple_aliasing,hit,post,0.0
gpt2-xl,anyedit,ripple,ripple_popular_row823,ripple_relation_specificity,hit,post,1.0
gpt2-xl,anyedit,ripple,ripple_popular_row703,efficacy,hit,pre,0.0
gpt2-xl,anyedit,ripple,ripple_popular_row703,efficacy,hit,post,0.0
gpt2-xl,anyedit,ripple,ripple_popular_row774,efficacy,hit,pre,0.0
gpt2-xl,anyedit,ripple,ripple_popular_row774,ripple_aliasing,hit,pre,0.0
gpt2-xl,anyedit,ripple,ripple_popular_row774,efficacy,hit,post,0.0
gpt2-xl,anyedit,ripple,ripple_popular_row774,ripple_aliasing,hit,post,0.0
gpt2-xl,anyedit,ripple,ripple_popular_row793,efficacy,hit,pre,0.0
gpt2-xl,anyedit,ripple,ripple_popular_row793,ripple_logical,hit,pre,0.0
gpt2-xl,anyedit,ripple,ripple_popular_row793,ripple_aliasing,hit,pre,0.0
gpt2-xl,anyedit,ripple,ripple_popular_row793,ripple_relation_specificity,hit,pre,1.0
gpt2-xl,anyedit,ripple,ripple_popular_row793,efficacy,hit,post,0.0
gpt2-xl,anyedit,ripple,ripple_popular_row793,ripple_logical,hit,post,0.0
gpt2-xl,anyedit,ripple,ripple_popular_row793,ripple_aliasing,hit,post,0.0
gpt2-xl,anyedit,ripple,ripple_popular_row793,ripple_relation_specificity,hit,post,0.5
gpt2-xl,anyedit,ripple,ripple_popular_row718,efficacy,hit,pre,0.0
gpt2-xl,anyedit,ripple,ripple_popular_row718,ripple_aliasing,hit,pre,0.0
gpt2-xl,anyedit,ripple,ripple_popular_row718,efficacy,hit,post,0.0
gpt2-xl,anyedit,ripple,ripple_popular_row718,ripple_aliasing,hit,post,0.0
gpt2-xl,anyedit,ripple,ripple_popular_row759,efficacy,hit,pre,0.0
gpt2-xl,anyedit,ripple,ripple_popular_row759,ripple_relation_specificity,hit,pre,0.0
gpt2-xl,anyedit,ripple,ripple_popular_row759,efficacy,hit,post,0.0
gpt2-xl,anyedit,ripple,ripple_popular_row759,ripple_relation_specificity,hit,post,1.0
gpt2-xl,anyedit,ripple,ripple_popular_row672,efficacy,hit,pre,0.0
gpt2-xl,anyedit,ripple,ripple_popular_row672,ripple_logical,hit,pre,0.0
gpt2-xl,anyedit,ripple,ripple_popular_row672,efficacy,hit,post,0.0
gpt2-xl,anyedit,ripple,ripple_popular_row672,ripple_logical,hit,post,0.0
gpt2-xl,anyedit,ripple,ripple_popular_row875,efficacy,hit,pre,0.0
gpt2-xl,anyedit,ripple,ripple_popular_row875,efficacy,hit,post,0.0
gpt2-xl,anyedit,ripple,ripple_popular_row645,efficacy,hit,pre,0.0
gpt2-xl,anyedit,ripple,ripple_popular_row645,ripple_compositional_i,hit,pre,0.0
gpt2-xl,anyedit,ripple,ripple_popular_row645,ripple_aliasing,hit,pre,0.0
gpt2-xl,anyedit,ripple,ripple_popular_row645,ripple_relation_specificity,hit,pre,1.0
gpt2-xl,anyedit,ripple,ripple_popular_row645,efficacy,hit,post,1.0
gpt2-xl,anyedit,ripple,ripple_popular_row645,ripple_compositional_i,hit,post,0.0
gpt2-xl,anyedit,ripple,ripple_popular_row645,ripple_aliasing,hit,post,0.0
gpt2-xl,anyedit,ripple,ripple_popular_row645,ripple_relation_specificity,hit,post,1.0
gpt2-xl,anyedit,ripple,ripple_popular_row765,efficacy,hit,pre,0.0
gpt2-xl,anyedit,ripple,ripple_popular_row765,ripple_aliasing,hit,pre,0.0
gpt2-xl,anyedit,ripple,ripple_popular_row765,efficacy,hit,post,0.0
gpt2-xl,anyedit,ripple,ripple_popular_row765,ripple_aliasing,hit,post,0.0
gpt2-xl,anyedit,ripple,ripple_popular_row865,efficacy,hit,pre,0.0
gpt2-xl,anyedit,ripple,ripple_popular_row865,ripple_aliasing,hit,pre,0.0
gpt2-xl,anyedit,ripple,ripple_popular_row865,ripple_relation_specificity,hit,pre,1.0
gpt2-xl,anyedit,ripple,ripple_popular_row865,efficacy,hit,post,0.0
gpt2-xl,anyedit,ripple,ripple_popular_row865,ripple_aliasing,hit,post,0.0
gpt2-xl,anyedit,ripple,ripple_popular_row865,ripple_relation_specificity,hit,post,1.0
gpt2-xl,anyedit,ripple,ripple_popular_row689,efficacy,hit,pre,0.0
gpt2-xl,anyedit,ripple,ripple_popular_row689,ripple_aliasing,hit,pre,0.0
gpt2-xl,anyedit,ripple,ripple_popular_row689,efficacy,hit,post,0.0
gpt2-xl,anyedit,ripple,ripple_popular_row689,ripple_aliasing,hit,post,0.0
gpt2-xl,anyedit,ripple,ripple_popular_row743,efficacy,hit,pre,0.0
gpt2-xl,anyedit,ripple,ripple_popular_row743,ripple_aliasing,hit,pre,0.0
gpt2-xl,anyedit,ripple,ripple_popular_row743,efficacy,hit,post,1.0
gpt2-xl,anyedit,ripple,ripple_popular_row743,ripple_aliasing,hit,post,1.0
gpt2-xl,anyedit,ripple,ripple_popular_row676,efficacy,hit,pre,0.0
gpt2-xl,anyedit,ripple,ripple_popular_row676,ripple_aliasing,hit,pre,0.0
gpt2-xl,anyedit,ripple,ripple_popular_row676,efficacy,hit,post,0.0
gpt2-xl,anyedit,ripple,ripple_popular_row676,ripple_aliasing,hit,post,0.0
gpt2-xl,anyedit,ripple,ripple_random_row1742,efficacy,hit,pre,0.0
gpt2-xl,anyedit,ripple,ripple_random_row1742,ripple_aliasing,hit,pre,0.0
gpt2-xl,anyedit,ripple,ripple_random_row1742,efficacy,hit,post,0.0
gpt2-xl,anyedit,ripple,ripple_random_row1742,ripple_aliasing,hit,post,0.0
gpt2-xl,anyedit,ripple,ripple_random_row1584,efficacy,hit,pre,0.0
gpt2-xl,anyedit,ripple,ripple_random_row1584,ripple_aliasing,hit,pre,0.0
gpt2-xl,anyedit,ripple,ripple_random_row1584,efficacy,hit,post,1.0
gpt2-xl,anyedit,ripple,ripple_random_row1584,ripple_aliasing,hit,post,0.0
gpt2-xl,anyedit,ripple,ripple_random_row1799,efficacy,hit,pre,0.0
gpt2-xl,anyedit,ripple,ripple_random_row1799,ripple_aliasing,hit,pre,0.0
gpt2-xl,anyedit,ripple,ripple_random_row1799,efficacy,hit,post,0.0
gpt2-xl,anyedit,ripple,ripple_random_row1799,ripple_aliasing,hit,post,0.0
gpt2-xl,anyedit,ripple,ripple_random_row1627,efficacy,hit,pre,0.0
gpt2-xl,anyedit,ripple,ripple_random_row1627,ripple_aliasing,hit,pre,0.0
gpt2-xl,anyedit,ripple,ripple_random_row1627,efficacy,hit,post,0.0
gpt2-xl,anyedit,ripple,ripple_random_row1627,ripple_aliasing,hit,post,0.0
gpt2-xl,anyedit,ripple,ripple_random_row1806,efficacy,hit,pre,0.0
gpt2-xl,anyedit,ripple,ripple_random_row1806,ripple_aliasing,hit,pre,0.0
gpt2-xl,anyedit,ripple,ripple_random_row1806,efficacy,hit,post,0.0
gpt2-xl,anyedit,ripple,ripple_random_row1806,ripple_aliasing,hit,post,0.0
gpt2-xl,anyedit,ripple,ripple_random_row1724,efficacy,hit,pre,0.0
gpt2-xl,anyedit,ripple,ripple_random_row1724,ripple_logical,hit,pre,0.0
gpt2-xl,anyedit,ripple,ripple_random_row1724,ripple_aliasing,hit,pre,0.0
gpt2-xl,anyedit,ripple,ripple_random_row1724,efficacy,hit,post,0.0
gpt2-xl,anyedit,ripple,ripple_random_row1724,ripple_logical,hit,post,0.0
gpt2-xl,anyedit,ripple,ripple_random_row1724,ripple_aliasing,hit,post,0.0
gpt2-xl,anyedit,ripple,ripple_random_row1562,efficacy,hit,pre,0.0
gpt2-xl,anyedit,ripple,ripple_random_row1562,ripple_aliasing,hit,pre,0.0
gpt2-xl,anyedit,ripple,ripple_random_row1562,ripple_relation_specificity,hit,pre,1.0
gpt2-xl,anyedit,ripple,ripple_random_row1562,efficacy,hit,post,0.0
gpt2-xl,anyedit,ripple,ripple_random_row1562,ripple_aliasing,hit,post,0.0
gpt2-xl,anyedit,ripple,ripple_random_row1562,ripple_relation_specificity,hit,post,0.0
gpt2-xl,anyedit,ripple,ripple_random_row1855,efficacy,hit,pre,0.0
gpt2-xl,anyedit,ripple,ripple_random_row1855,ripple_aliasing,hit,pre,0.0
gpt2-xl,anyedit,ripple,ripple_random_row1855,efficacy,hit,post,0.0
gpt2-xl,anyedit,ripple,ripple_random_row1855,ripple_aliasing,hit,post,0.0
gpt2-xl,anyedit,ripple,ripple_random_row1823,efficacy,hit,pre,0.0
gpt2-xl,anyedit,ripple,ripple_random_row1823,ripple_logical,hit,pre,0.0
gpt2-xl,anyedit,ripple,ripple_random_row1823,ripple_compositional_i,hit,pre,0.0
gpt2-xl,anyedit,ripple,ripple_random_row1823,ripple_aliasing,hit,pre,0.0
gpt2-xl,anyedit,ripple,ripple_random_row1823,efficacy,hit,post,0.0
gpt2-xl,anyedit,ripple,ripple_random_row1823,ripple_logical,hit,post,0.0
gpt2-xl,anyedit,ripple,ripple_random_row1823,ripple_compositional_i,hit,post,0.0
gpt2-xl,anyedit,ripple,ripple_random_row1823,ripple_aliasing,hit,post,0.0
gpt2-xl,anyedit,ripple,ripple_random_row1765,efficacy,hit,pre,0.0
gpt2-xl,anyedit,ripple,ripple_random_row1765,ripple_aliasing,hit,pre,0.0
gpt2-xl,anyedit,ripple,ripple_random_row1765,efficacy,hit,post,1.0
gpt2-xl,anyedit,ripple,ripple_random_row1765,ripple_aliasing,hit,post,0.0
gpt2-xl,anyedit,ripple,ripple_random_row1916,efficacy,hit,pre,0.0
gpt2-xl,anyedit,ripple,ripple_random_row1916,ripple_aliasing,hit,pre,0.0
gpt2-xl,anyedit,ripple,ripple_random_row1916,efficacy,hit,post,0.0
gpt2-xl,anyedit,ripple,ripple_random_row1916,ripple_aliasing,hit,post,0.0
gpt2-xl,anyedit,ripple,ripple_random_row1593,efficacy,hit,pre,0.0
gpt2-xl,anyedit,ripple,ripple_random_row1593,ripple_aliasing,hit,pre,0.0
gpt2-xl,anyedit,ripple,ripple_random_row1593,efficacy,hit,post,0.0
gpt2-xl,anyedit,ripple,ripple_random_row1593,ripple_aliasing,hit,post,0.0
gpt2-xl,anyedit,ripple,ripple_random_row1734,efficacy,hit,pre,0.0
gpt2-xl,anyedit,ripple,ripple_random_row1734,ripple_relation_specificity,hit,pre,1.0
gpt2-xl,anyedit,ripple,ripple_random_row1734,efficacy,hit,post,0.0
gpt2-xl,anyedit,ripple,ripple_random_row1734,ripple_relation_specificity,hit,post,1.0
gpt2-xl,anyedit,ripple,ripple_random_row1556,efficacy,hit,pre,0.0
gpt2-xl,anyedit,ripple,ripple_random_row1556,ripple_aliasing,hit,pre,0.0
gpt2-xl,anyedit,ripple,ripple_random_row1556,efficacy,hit,post,0.0
gpt2-xl,anyedit,ripple,ripple_random_row1556,ripple_aliasing,hit,post,0.0
gpt2-xl,anyedit,ripple,ripple_random_row1592,efficacy,hit,pre,0.0
gpt2-xl,anyedit,ripple,ripple_random_row1592,ripple_aliasing,hit,pre,0.0
gpt2-xl,anyedit,ripple,ripple_random_row1592,efficacy,hit,post,1.0
gpt2-xl,anyedit,ripple,ripple_random_row1592,ripple_aliasing,hit,post,0.0
gpt2-xl,anyedit,ripple,ripple_random_row1843,efficacy,hit,pre,0.0
gpt2-xl,anyedit,ripple,ripple_random_row1843,ripple_aliasing,hit,pre,0.0
gpt2-xl,anyedit,ripple,ripple_random_row1843,efficacy,hit,post,0.0
gpt2-xl,anyedit,ripple,ripple_random_row1843,ripple_aliasing,hit,post,0.0
gpt2-xl,anyedit,ripple,ripple_random_row1711,efficacy,hit,pre,0.0
gpt2-xl,anyedit,ripple,ripple_random_row1711,ripple_aliasing,hit,pre,0.0
gpt2-xl,anyedit,ripple,ripple_random_row1711,efficacy,hit,post,0.0
gpt2-xl,anyedit,ripple,ripple_random_row1711,ripple_aliasing,hit,post,0.0
gpt2-xl,anyedit,ripple,ripple_random_row1553,efficacy,hit,pre,0.0
gpt2-xl,anyedit,ripple,ripple_random_row1553,ripple_aliasing,hit,pre,0.0
gpt2-xl,anyedit,ripple,ripple_random_row1553,efficacy,hit,post,1.0
gpt2-xl,anyedit,ripple,ripple_random_row1553,ripple_aliasing,hit,post,1.0
gpt2-xl,anyedit,ripple,ripple_random_row1569,efficacy,hit,pre,0.0
gpt2-xl,anyedit,ripple,ripple_random_row1569,ripple_aliasing,hit,pre,0.0
gpt2-xl,anyedit,ripple,ripple_random_row1569,efficacy,hit,post,0.0
gpt2-xl,anyedit,ripple,ripple_random_row1569,ripple_aliasing,hit,post,0.0
gpt2-xl,anyedit,ripple,ripple_random_row1883,efficacy,hit,pre,0.0
gpt2-xl,anyedit,ripple,ripple_random_row1883,ripple_logical,hit,pre,0.0
gpt2-xl,anyedit,ripple,ripple_random_row1883,ripple_aliasing,hit,pre,0.0
gpt2-xl,anyedit,ripple,ripple_random_row1883,ripple_relation_specificity,hit,pre,1.0
gpt2-xl,anyedit,ripple,ripple_random_row1883,efficacy,hit,post,0.0
gpt2-xl,anyedit,ripple,ripple_random_row1883,ripple_logical,hit,post,0.0
gpt2-xl,anyedit,ripple,ripple_random_row1883,ripple_aliasing,hit,post,0.0
gpt2-xl,anyedit,ripple,ripple_random_row1883,ripple_relation_specificity,hit,post,1.0
gpt2-xl,anyedit,ripple,ripple_random_row1910,efficacy,hit,pre,0.0
gpt2-xl,anyedit,ripple,ripple_random_row1910,ripple_logical,hit,pre,0.0
gpt2-xl,anyedit,ripple,ripple_random_row1910,ripple_aliasing,hit,pre,0.0
gpt2-xl,anyedit,ripple,ripple_random_row1910,efficacy,hit,post,0.0
gpt2-xl,anyedit,ripple,ripple_random_row1910,ripple_logical,hit,post,0.0
gpt2-xl,anyedit,ripple,ripple_random_row1910,ripple_aliasing,hit,post,0.0
gpt2-xl,anyedit,ripple,ripple_random_row1608,efficacy,hit,pre,0.0
gpt2-xl,anyedit,ripple,ripple_random_row1608,ripple_aliasing,hit,pre,0.0
gpt2-xl,anyedit,ripple,ripple_random_row1608,efficacy,hit,post,0.0
gpt2-xl,anyedit,ripple,ripple_random_row1608,ripple_aliasing,hit,post,0.0
gpt2-xl,anyedit,ripple,ripple_random_row1527,efficacy,hit,pre,0.0
gpt2-xl,anyedit,ripple,ripple_random_row1527,ripple_aliasing,hit,pre,0.0
gpt2-xl,anyedit,ripple,ripple_random_row1527,efficacy,hit,post,1.0
gpt2-xl,anyedit,ripple,ripple_random_row1527,ripple_aliasing,hit,post,0.0
gpt2-xl,anyedit,ripple,ripple_random_row1565,efficacy,hit,pre,0.0
gpt2-xl,anyedit,ripple,ripple_random_row1565,ripple_aliasing,hit,pre,0.0
gpt2-xl,anyedit,ripple,ripple_random_row1565,efficacy,hit,post,0.0
gpt2-xl,anyedit,ripple,ripple_random_row1565,ripple_aliasing,hit,post,0.0
gpt2-xl,anyedit,ripple,ripple_random_row1809,efficacy,hit,pre,0.0
gpt2-xl,anyedit,ripple,ripple_random_row1809,ripple_aliasing,hit,pre,0.0
gpt2-xl,anyedit,ripple,ripple_random_row1809,efficacy,hit,post,1.0
gpt2-xl,anyedit,ripple,ripple_random_row1809,ripple_aliasing,hit,post,1.0
gpt2-xl,anyedit,ripple,ripple_random_row1536,efficacy,hit,pre,0.0
gpt2-xl,anyedit,ripple,ripple_random_row1536,ripple_aliasing,hit,pre,0.0
gpt2-xl,anyedit,ripple,ripple_random_row1536,efficacy,hit,post,0.0
gpt2-xl,anyedit,ripple,ripple_random_row1536,ripple_aliasing,hit,post,0.0
gpt2-xl,anyedit,ripple,ripple_random_row1629,efficacy,hit,pre,0.0
gpt2-xl,anyedit,ripple,ripple_random_row1629,ripple_aliasing,hit,pre,0.0
gpt2-xl,anyedit,ripple,ripple_random_row1629,efficacy,hit,post,1.0
gpt2-xl,anyedit,ripple,ripple_random_row1629,ripple_aliasing,hit,post,1.0
gpt2-xl,anyedit,ripple,ripple_random_row1528,efficacy,hit,pre,0.0
gpt2-xl,anyedit,ripple,ripple_random_row1528,ripple_logical,hit,pre,0.0
gpt2-xl,anyedit,ripple,ripple_random_row1528,ripple_aliasing,hit,pre,0.0
gpt2-xl,anyedit,ripple,ripple_random_row1528,efficacy,hit,post,0.0
gpt2-xl,anyedit,ripple,ripple_random_row1528,ripple_logical,hit,post,0.0
gpt2-xl,anyedit,ripple,ripple_random_row1528,ripple_aliasing,hit,post,0.0
gpt2-xl,anyedit,ripple,ripple_random_row1529,efficacy,hit,pre,0.0
gpt2-xl,anyedit,ripple,ripple_random_row1529,ripple_aliasing,hit,pre,0.0
gpt2-xl,anyedit,ripple,ripple_random_row1529,efficacy,hit,post,0.0
gpt2-xl,anyedit,ripple,ripple_random_row1529,ripple_aliasing,hit,post,0.0
gpt2-xl,anyedit,ripple,ripple_random_row1815,efficacy,hit,pre,0.0
gpt2-xl,anyedit,ripple,ripple_random_row1815,ripple_aliasing,hit,pre,0.0
gpt2-xl,anyedit,ripple,ripple_random_row1815,efficacy,hit,post,0.0
gpt2-xl,anyedit,ripple,ripple_random_row1815,ripple_aliasing,hit,post,0.0
gpt2-xl,anyedit,ripple,ripple_random_row1675,efficacy,hit,pre,0.0
gpt2-xl,anyedit,ripple,ripple_random_row1675,ripple_logical,hit,pre,0.0
gpt2-xl,anyedit,ripple,ripple_random_row1675,ripple_aliasing,hit,pre,0.0
gpt2-xl,anyedit,ripple,ripple_random_row1675,efficacy,hit,post,0.0
gpt2-xl,anyedit,ripple,ripple_random_row1675,ripple_logical,hit,post,0.0
gpt2-xl,anyedit,ripple,ripple_random_row1675,ripple_aliasing,hit,post,0.0
gpt2-xl,anyedit,ripple,ripple_random_row1581,efficacy,hit,pre,0.0
gpt2-xl,anyedit,ripple,ripple_random_row1581,ripple_logical,hit,pre,0.0
gpt2-xl,anyedit,ripple,ripple_random_row1581,ripple_compositional_i,hit,pre,0.0
gpt2-xl,anyedit,ripple,ripple_random_row1581,ripple_aliasing,hit,pre,0.0
gpt2-xl,anyedit,ripple,ripple_random_row1581,efficacy,hit,post,0.0
gpt2-xl,anyedit,ripple,ripple_random_row1581,ripple_logical,hit,post,0.0
gpt2-xl,anyedit,ripple,ripple_random_row1581,ripple_compositional_i,hit,post,0.0
gpt2-xl,anyedit,ripple,ripple_random_row1581,ripple_aliasing,hit,post,0.0
gpt2-xl,anyedit,ripple,ripple_random_row1728,efficacy,hit,pre,0.0
gpt2-xl,anyedit,ripple,ripple_random_row1728,ripple_logical,hit,pre,0.0
gpt2-xl,anyedit,ripple,ripple_random_row1728,ripple_aliasing,hit,pre,0.0
gpt2-xl,anyedit,ripple,ripple_random_row1728,efficacy,hit,post,0.0
gpt2-xl,anyedit,ripple,ripple_random_row1728,ripple_logical,hit,post,0.0
gpt2-xl,anyedit,ripple,ripple_random_row1728,ripple_aliasing,hit,post,0.0
gpt2-xl,anyedit,ripple,ripple_random_row1609,efficacy,hit,pre,0.0
gpt2-xl,anyedit,ripple,ripple_random_row1609,ripple_compositional_i,hit,pre,0.0
gpt2-xl,anyedit,ripple,ripple_random_row1609,ripple_aliasing,hit,pre,0.0
gpt2-xl,anyedit,ripple,ripple_random_row1609,efficacy,hit,post,0.0
gpt2-xl,anyedit,ripple,ripple_random_row1609,ripple_compositional_i,hit,post,0.0
gpt2-xl,anyedit,ripple,ripple_random_row1609,ripple_aliasing,hit,post,0.0
gpt2-xl,anyedit,ripple,ripple_random_row1769,efficacy,hit,pre,0.0
gpt2-xl,anyedit,ripple,ripple_random_row1769,ripple_logical,hit,pre,0.0
gpt2-xl,anyedit,ripple,ripple_random_row1769,ripple_aliasing,hit,pre,0.0
gpt2-xl,anyedit,ripple,ripple_random_row1769,efficacy,hit,post,1.0
gpt2-xl,anyedit,ripple,ripple_random_row1769,ripple_logical,hit,post,0.0
gpt2-xl,anyedit,ripple,ripple_random_row1769,ripple_aliasing,hit,post,1.0
gpt2-xl,anyedit,ripple,ripple_random_row1721,efficacy,hit,pre,0.0
gpt2-xl,anyedit,ripple,ripple_random_row1721,ripple_aliasing,hit,pre,0.0
gpt2-xl,anyedit,ripple,ripple_random_row1721,efficacy,hit,post,0.0
gpt2-xl,anyedit,ripple,ripple_random_row1721,ripple_aliasing,hit,post,0.0
gpt2-xl,anyedit,ripple,ripple_random_row1504,efficacy,hit,pre,0.0
gpt2-xl,anyedit,ripple,ripple_random_row1504,ripple_aliasing,hit,pre,0.0
gpt2-xl,anyedit,ripple,ripple_random_row1504,efficacy,hit,post,0.0
gpt2-xl,anyedit,ripple,ripple_random_row1504,ripple_aliasing,hit,post,0.0
gpt2-xl,anyedit,ripple,ripple_random_row1702,efficacy,hit,pre,0.0
gpt2-xl,anyedit,ripple,ripple_random_row1702,ripple_compositional_i,hit,pre,0.0
gpt2-xl,anyedit,ripple,ripple_random_row1702,ripple_aliasing,hit,pre,0.0
gpt2-xl,anyedit,ripple,ripple_random_row1702,efficacy,hit,post,0.0
gpt2-xl,anyedit,ripple,ripple_random_row1702,ripple_compositional_i,hit,post,0.0
gpt2-xl,anyedit,ripple,ripple_random_row1702,ripple_aliasing,hit,post,0.0
gpt2-xl,anyedit,ripple,ripple_random_row1912,efficacy,hit,pre,0.0
gpt2-xl,anyedit,ripple,ripple_random_row1912,ripple_aliasing,hit,pre,0.0
gpt2-xl,anyedit,ripple,ripple_random_row1912,efficacy,hit,post,1.0
gpt2-xl,anyedit,ripple,ripple_random_row1912,ripple_aliasing,hit,post,1.0
gpt2-xl,anyedit,ripple,ripple_random_row1686,efficacy,hit,pre,0.0
gpt2-xl,anyedit,ripple,ripple_random_row1686,ripple_aliasing,hit,pre,0.0
gpt2-xl,anyedit,ripple,ripple_random_row1686,efficacy,hit,post,1.0
gpt2-xl,anyedit,ripple,ripple_random_row1686,ripple_aliasing,hit,post,1.0
gpt2-xl,anyedit,ripple,ripple_random_row1747,efficacy,hit,pre,0.0
gpt2-xl,anyedit,ripple,ripple_random_row1747,ripple_aliasing,hit,pre,0.0
gpt2-xl,anyedit,ripple,ripple_random_row1747,efficacy,hit,post,0.0
gpt2-xl,anyedit,ripple,ripple_random_row1747,ripple_aliasing,hit,post,0.0
gpt2-xl,anyedit,ripple,ripple_random_row1802,efficacy,hit,pre,0.0
gpt2-xl,anyedit,ripple,ripple_random_row1802,ripple_aliasing,hit,pre,0.0
gpt2-xl,anyedit,ripple,ripple_random_row1802,efficacy,hit,post,0.0
gpt2-xl,anyedit,ripple,ripple_random_row1802,ripple_aliasing,hit,post,0.0
gpt2-xl,anyedit,ripple,ripple_random_row1759,efficacy,hit,pre,0.0
gpt2-xl,anyedit,ripple,ripple_random_row1759,ripple_aliasing,hit,pre,0.0
gpt2-xl,anyedit,ripple,ripple_random_row1759,efficacy,hit,post,1.0
gpt2-xl,anyedit,ripple,ripple_random_row1759,ripple_aliasing,hit,post,1.0
gpt2-xl,anyedit,ripple,ripple_random_row1893,efficacy,hit,pre,0.0
gpt2-xl,anyedit,ripple,ripple_random_row1893,ripple_aliasing,hit,pre,0.0
gpt2-xl,anyedit,ripple,ripple_random_row1893,efficacy,hit,post,1.0
gpt2-xl,anyedit,ripple,ripple_random_row1893,ripple_aliasing,hit,post,1.0
gpt2-xl,anyedit,ripple,ripple_random_row1740,efficacy,hit,pre,0.0
gpt2-xl,anyedit,ripple,ripple_random_row1740,ripple_aliasing,hit,pre,0.0
gpt2-xl,anyedit,ripple,ripple_random_row1740,efficacy,hit,post,0.0
gpt2-xl,anyedit,ripple,ripple_random_row1740,ripple_aliasing,hit,post,0.0
gpt2-xl,anyedit,ripple,ripple_random_row1659,efficacy,hit,pre,0.0
gpt2-xl,anyedit,ripple,ripple_random_row1659,ripple_aliasing,hit,pre,0.0
gpt2-xl,anyedit,ripple,ripple_random_row1659,efficacy,hit,post,0.0
gpt2-xl,anyedit,ripple,ripple_random_row1659,ripple_aliasing,hit,post,0.0
gpt2-xl,anyedit,ripple,ripple_random_row1685,efficacy,hit,pre,0.0
gpt2-xl,anyedit,ripple,ripple_random_row1685,ripple_logical,hit,pre,0.0
gpt2-xl,anyedit,ripple,ripple_random_row1685,ripple_compositional_i,hit,pre,0.0
gpt2-xl,anyedit,ripple,ripple_random_row1685,ripple_aliasing,hit,pre,0.0
gpt2-xl,anyedit,ripple,ripple_random_row1685,efficacy,hit,post,0.0
gpt2-xl,anyedit,ripple,ripple_random_row1685,ripple_logical,hit,post,0.0
gpt2-xl,anyedit,ripple,ripple_random_row1685,ripple_compositional_i,hit,post,0.0
gpt2-xl,anyedit,ripple,ripple_random_row1685,ripple_aliasing,hit,post,0.0
gpt2-xl,anyedit,ripple,ripple_random_row1615,efficacy,hit,pre,0.0
gpt2-xl,anyedit,ripple,ripple_random_row1615,ripple_aliasing,hit,pre,0.0
gpt2-xl,anyedit,ripple,ripple_random_row1615,efficacy,hit,post,0.0
gpt2-xl,anyedit,ripple,ripple_random_row1615,ripple_aliasing,hit,post,0.0
gpt2-xl,anyedit,ripple,ripple_random_row1754,efficacy,hit,pre,0.0
gpt2-xl,anyedit,ripple,ripple_random_row1754,ripple_aliasing,hit,pre,0.0
gpt2-xl,anyedit,ripple,ripple_random_row1754,efficacy,hit,post,0.0
gpt2-xl,anyedit,ripple,ripple_random_row1754,ripple_aliasing,hit,post,0.0
gpt2-xl,anyedit,ripple,ripple_random_row1570,efficacy,hit,pre,0.0
gpt2-xl,anyedit,ripple,ripple_random_row1570,ripple_logical,hit,pre,0.0
gpt2-xl,anyedit,ripple,ripple_random_row1570,ripple_aliasing,hit,pre,0.0
gpt2-xl,anyedit,ripple,ripple_random_row1570,efficacy,hit,post,0.0
gpt2-xl,anyedit,ripple,ripple_random_row1570,ripple_logical,hit,post,0.0
gpt2-xl,anyedit,ripple,ripple_random_row1570,ripple_aliasing,hit,post,0.0
gpt2-xl,anyedit,ripple,ripple_random_row1905,efficacy,hit,pre,0.0
gpt2-xl,anyedit,ripple,ripple_random_row1905,ripple_aliasing,hit,pre,0.0
gpt2-xl,anyedit,ripple,ripple_random_row1905,ripple_relation_specificity,hit,pre,1.0
gpt2-xl,anyedit,ripple,ripple_random_row1905,efficacy,hit,post,0.0
gpt2-xl,anyedit,ripple,ripple_random_row1905,ripple_aliasing,hit,post,0.0
gpt2-xl,anyedit,ripple,ripple_random_row1905,ripple_relation_specificity,hit,post,1.0
gpt2-xl,anyedit,ripple,ripple_random_row1917,efficacy,hit,pre,0.0
gpt2-xl,anyedit,ripple,ripple_random_row1917,ripple_aliasing,hit,pre,0.0
gpt2-xl,anyedit,ripple,ripple_random_row1917,efficacy,hit,post,0.0
gpt2-xl,anyedit,ripple,ripple_random_row1917,ripple_aliasing,hit,post,0.0
gpt2-xl,anyedit,ripple,ripple_random_row1781,efficacy,hit,pre,0.0
gpt2-xl,anyedit,ripple,ripple_random_row1781,ripple_aliasing,hit,pre,0.0
gpt2-xl,anyedit,ripple,ripple_random_row1781,ripple_relation_specificity,hit,pre,1.0
gpt2-xl,anyedit,ripple,ripple_random_row1781,efficacy,hit,post,0.0
gpt2-xl,anyedit,ripple,ripple_random_row1781,ripple_aliasing,hit,post,0.0
gpt2-xl,anyedit,ripple,ripple_random_row1781,ripple_relation_specificity,hit,post,1.0
gpt2-xl,anyedit,ripple,ripple_random_row1603,efficacy,hit,pre,0.0
gpt2-xl,anyedit,ripple,ripple_random_row1603,ripple_aliasing,hit,pre,0.0
gpt2-xl,anyedit,ripple,ripple_random_row1603,efficacy,hit,post,0.0
gpt2-xl,anyedit,ripple,ripple_random_row1603,ripple_aliasing,hit,post,0.0
gpt2-xl,anyedit,ripple,ripple_random_row1751,efficacy,hit,pre,0.0
gpt2-xl,anyedit,ripple,ripple_random_row1751,ripple_aliasing,hit,pre,0.0
gpt2-xl,anyedit,ripple,ripple_random_row1751,efficacy,hit,post,1.0
gpt2-xl,anyedit,ripple,ripple_random_row1751,ripple_aliasing,hit,post,0.0
gpt2-xl,anyedit,ripple,ripple_random_row1899,efficacy,hit,pre,0.0
gpt2-xl,anyedit,ripple,ripple_random_row1899,ripple_aliasing,hit,pre,0.0
gpt2-xl,anyedit,ripple,ripple_random_row1899,efficacy,hit,post,0.0
gpt2-xl,anyedit,ripple,ripple_random_row1899,ripple_aliasing,hit,post,0.0
gpt2-xl,anyedit,ripple,ripple_random_row1890,efficacy,hit,pre,0.0
gpt2-xl,anyedit,ripple,ripple_random_row1890,ripple_aliasing,hit,pre,0.0
gpt2-xl,anyedit,ripple,ripple_random_row1890,efficacy,hit,post,0.0
gpt2-xl,anyedit,ripple,ripple_random_row1890,ripple_aliasing,hit,post,0.0
gpt2-xl,anyedit,ripple,ripple_random_row1636,efficacy,hit,pre,0.0
gpt2-xl,anyedit,ripple,ripple_random_row1636,efficacy,hit,post,1.0
gpt2-xl,anyedit,ripple,ripple_random_row1684,efficacy,hit,pre,0.0
gpt2-xl,anyedit,ripple,ripple_random_row1684,ripple_logical,hit,pre,0.0
gpt2-xl,anyedit,ripple,ripple_random_row1684,ripple_compositional_i,hit,pre,0.0
gpt2-xl,anyedit,ripple,ripple_random_row1684,ripple_aliasing,hit,pre,0.0
gpt2-xl,anyedit,ripple,ripple_random_row1684,efficacy,hit,post,1.0
gpt2-xl,anyedit,ripple,ripple_random_row1684,ripple_logical,hit,post,0.0
gpt2-xl,anyedit,ripple,ripple_random_row1684,ripple_compositional_i,hit,post,0.0
gpt2-xl,anyedit,ripple,ripple_random_row1684,ripple_aliasing,hit,post,1.0
gpt2-xl,anyedit,ripple,ripple_random_row1817,efficacy,hit,pre,0.0
gpt2-xl,anyedit,ripple,ripple_random_row1817,ripple_aliasing,hit,pre,0.0
gpt2-xl,anyedit,ripple,ripple_random_row1817,efficacy,hit,post,0.0
gpt2-xl,anyedit,ripple,ripple_random_row1817,ripple_aliasing,hit,post,0.0
gpt2-xl,anyedit,ripple,ripple_random_row1896,efficacy,hit,pre,0.0
gpt2-xl,anyedit,ripple,ripple_random_row1896,ripple_aliasing,hit,pre,0.0
gpt2-xl,anyedit,ripple,ripple_random_row1896,efficacy,hit,post,0.0
gpt2-xl,anyedit,ripple,ripple_random_row1896,ripple_aliasing,hit,post,0.0
gpt2-xl,anyedit,ripple,ripple_random_row1845,efficacy,hit,pre,1.0
gpt2-xl,anyedit,ripple,ripple_random_row1845,ripple_aliasing,hit,pre,0.0
gpt2-xl,anyedit,ripple,ripple_random_row1845,efficacy,hit,post,1.0
gpt2-xl,anyedit,ripple,ripple_random_row1845,ripple_aliasing,hit,post,1.0
gpt2-xl,anyedit,ripple,ripple_random_row1688,efficacy,hit,pre,0.0
gpt2-xl,anyedit,ripple,ripple_random_row1688,ripple_aliasing,hit,pre,0.0
gpt2-xl,anyedit,ripple,ripple_random_row1688,efficacy,hit,post,1.0
gpt2-xl,anyedit,ripple,ripple_random_row1688,ripple_aliasing,hit,post,1.0
gpt2-xl,anyedit,ripple,ripple_random_row1903,efficacy,hit,pre,0.0
gpt2-xl,anyedit,ripple,ripple_random_row1903,ripple_aliasing,hit,pre,0.0
gpt2-xl,anyedit,ripple,ripple_random_row1903,efficacy,hit,post,0.0
gpt2-xl,anyedit,ripple,ripple_random_row1903,ripple_aliasing,hit,post,0.0
gpt2-xl,anyedit,ripple,ripple_random_row1501,efficacy,hit,pre,0.0
gpt2-xl,anyedit,ripple,ripple_random_row1501,ripple_aliasing,hit,pre,0.0
gpt2-xl,anyedit,ripple,ripple_random_row1501,efficacy,hit,post,1.0
gpt2-xl,anyedit,ripple,ripple_random_row1501,ripple_aliasing,hit,post,1.0
gpt2-xl,anyedit,ripple,ripple_random_row1637,efficacy,hit,pre,0.0
gpt2-xl,anyedit,ripple,ripple_random_row1637,ripple_aliasing,hit,pre,0.0
gpt2-xl,anyedit,ripple,ripple_random_row1637,efficacy,hit,post,0.0
gpt2-xl,anyedit,ripple,ripple_random_row1637,ripple_aliasing,hit,post,0.0
gpt2-xl,anyedit,ripple,ripple_random_row1834,efficacy,hit,pre,0.0
gpt2-xl,anyedit,ripple,ripple_random_row1834,ripple_logical,hit,pre,0.0
gpt2-xl,anyedit,ripple,ripple_random_row1834,ripple_aliasing,hit,pre,0.0
gpt2-xl,anyedit,ripple,ripple_random_row1834,ripple_relation_specificity,hit,pre,1.0
gpt2-xl,anyedit,ripple,ripple_random_row1834,efficacy,hit,post,0.0
gpt2-xl,anyedit,ripple,ripple_random_row1834,ripple_logical,hit,post,0.0
gpt2-xl,anyedit,ripple,ripple_random_row1834,ripple_aliasing,hit,post,0.0
gpt2-xl,anyedit,ripple,ripple_random_row1834,ripple_relation_specificity,hit,post,0.0
gpt2-xl,anyedit,ripple,ripple_random_row1522,efficacy,hit,pre,0.0
gpt2-xl,anyedit,ripple,ripple_random_row1522,ripple_aliasing,hit,pre,0.0
gpt2-xl,anyedit,ripple,ripple_random_row1522,efficacy,hit,post,1.0
gpt2-xl,anyedit,ripple,ripple_random_row1522,ripple_aliasing,hit,post,1.0
gpt2-xl,anyedit,ripple,ripple_random_row1568,efficacy,hit,pre,0.0
gpt2-xl,anyedit,ripple,ripple_random_row1568,ripple_aliasing,hit,pre,0.0
gpt2-xl,anyedit,ripple,ripple_random_row1568,efficacy,hit,post,0.0
gpt2-xl,anyedit,ripple,ripple_random_row1568,ripple_aliasing,hit,post,0.0
gpt2-xl,anyedit,ripple,ripple_random_row1872,efficacy,hit,pre,0.0
gpt2-xl,anyedit,ripple,ripple_random_row1872,ripple_aliasing,hit,pre,0.0
gpt2-xl,anyedit,ripple,ripple_random_row1872,efficacy,hit,post,0.0
gpt2-xl,anyedit,ripple,ripple_random_row1872,ripple_aliasing,hit,post,0.0
gpt2-xl,anyedit,ripple,ripple_random_row1846,efficacy,hit,pre,0.0
gpt2-xl,anyedit,ripple,ripple_random_row1846,ripple_aliasing,hit,pre,0.0
gpt2-xl,anyedit,ripple,ripple_random_row1846,efficacy,hit,post,0.0
gpt2-xl,anyedit,ripple,ripple_random_row1846,ripple_aliasing,hit,post,0.0
gpt2-xl,anyedit,ripple,ripple_random_row1558,efficacy,hit,pre,0.0
gpt2-xl,anyedit,ripple,ripple_random_row1558,ripple_aliasing,hit,pre,0.0
gpt2-xl,anyedit,ripple,ripple_random_row1558,efficacy,hit,post,0.0
gpt2-xl,anyedit,ripple,ripple_random_row1558,ripple_aliasing,hit,post,0.0
gpt2-xl,anyedit,ripple,ripple_random_row1618,efficacy,hit,pre,0.0
gpt2-xl,anyedit,ripple,ripple_random_row1618,ripple_aliasing,hit,pre,0.0
gpt2-xl,anyedit,ripple,ripple_random_row1618,efficacy,hit,post,0.0
gpt2-xl,anyedit,ripple,ripple_random_row1618,ripple_aliasing,hit,post,0.0
gpt2-xl,anyedit,ripple,ripple_random_row1720,efficacy,hit,pre,0.0
gpt2-xl,anyedit,ripple,ripple_random_row1720,ripple_logical,hit,pre,0.0
gpt2-xl,anyedit,ripple,ripple_random_row1720,ripple_compositional_i,hit,pre,0.0
gpt2-xl,anyedit,ripple,ripple_random_row1720,ripple_aliasing,hit,pre,0.0
gpt2-xl,anyedit,ripple,ripple_random_row1720,efficacy,hit,post,0.0
gpt2-xl,anyedit,ripple,ripple_random_row1720,ripple_logical,hit,post,0.0
gpt2-xl,anyedit,ripple,ripple_random_row1720,ripple_compositional_i,hit,post,0.0
gpt2-xl,anyedit,ripple,ripple_random_row1720,ripple_aliasing,hit,post,0.0
gpt2-xl,anyedit,ripple,ripple_random_row1795,efficacy,hit,pre,0.0
gpt2-xl,anyedit,ripple,ripple_random_row1795,ripple_aliasing,hit,pre,0.0
gpt2-xl,anyedit,ripple,ripple_random_row1795,efficacy,hit,post,0.0
gpt2-xl,anyedit,ripple,ripple_random_row1795,ripple_aliasing,hit,post,0.0
gpt2-xl,anyedit,ripple,ripple_random_row1650,efficacy,hit,pre,0.0
gpt2-xl,anyedit,ripple,ripple_random_row1650,ripple_aliasing,hit,pre,0.0
gpt2-xl,anyedit,ripple,ripple_random_row1650,efficacy,hit,post,0.0
gpt2-xl,anyedit,ripple,ripple_random_row1650,ripple_aliasing,hit,post,1.0
gpt2-xl,anyedit,ripple,ripple_random_row1692,efficacy,hit,pre,0.0
gpt2-xl,anyedit,ripple,ripple_random_row1692,ripple_aliasing,hit,pre,0.0
gpt2-xl,anyedit,ripple,ripple_random_row1692,ripple_relation_specificity,hit,pre,1.0
gpt2-xl,anyedit,ripple,ripple_random_row1692,efficacy,hit,post,1.0
gpt2-xl,anyedit,ripple,ripple_random_row1692,ripple_aliasing,hit,post,0.0
gpt2-xl,anyedit,ripple,ripple_random_row1692,ripple_relation_specificity,hit,post,0.0
gpt2-xl,anyedit,ripple,ripple_random_row1826,efficacy,hit,pre,0.0
gpt2-xl,anyedit,ripple,ripple_random_row1826,ripple_aliasing,hit,pre,0.0
gpt2-xl,anyedit,ripple,ripple_random_row1826,efficacy,hit,post,0.0
gpt2-xl,anyedit,ripple,ripple_random_row1826,ripple_aliasing,hit,post,0.0
gpt2-xl,anyedit,ripple,ripple_random_row1526,efficacy,hit,pre,0.0
gpt2-xl,anyedit,ripple,ripple_random_row1526,ripple_aliasing,hit,pre,0.0
gpt2-xl,anyedit,ripple,ripple_random_row1526,efficacy,hit,post,1.0
gpt2-xl,anyedit,ripple,ripple_random_row1526,ripple_aliasing,hit,post,1.0
gpt2-xl,anyedit,ripple,ripple_random_row1836,efficacy,hit,pre,0.0
gpt2-xl,anyedit,ripple,ripple_random_row1836,ripple_aliasing,hit,pre,0.0
gpt2-xl,anyedit,ripple,ripple_random_row1836,efficacy,hit,post,0.0
gpt2-xl,anyedit,ripple,ripple_random_row1836,ripple_aliasing,hit,post,0.0
gpt2-xl,anyedit,ripple,ripple_random_row1505,efficacy,hit,pre,0.0
gpt2-xl,anyedit,ripple,ripple_random_row1505,ripple_aliasing,hit,pre,0.0
gpt2-xl,anyedit,ripple,ripple_random_row1505,efficacy,hit,post,1.0
gpt2-xl,anyedit,ripple,ripple_random_row1505,ripple_aliasing,hit,post,1.0
gpt2-xl,anyedit,ripple,ripple_random_row1646,efficacy,hit,pre,0.0
gpt2-xl,anyedit,ripple,ripple_random_row1646,ripple_logical,hit,pre,0.0
gpt2-xl,anyedit,ripple,ripple_random_row1646,ripple_aliasing,hit,pre,0.0
gpt2-xl,anyedit,ripple,ripple_random_row1646,efficacy,hit,post,1.0
gpt2-xl,anyedit,ripple,ripple_random_row1646,ripple_logical,hit,post,0.0
gpt2-xl,anyedit,ripple,ripple_random_row1646,ripple_aliasing,hit,post,0.0
gpt2-xl,anyedit,ripple,ripple_random_row1709,efficacy,hit,pre,0.0
gpt2-xl,anyedit,ripple,ripple_random_row1709,ripple_logical,hit,pre,0.0
gpt2-xl,anyedit,ripple,ripple_random_row1709,ripple_compositional_i,hit,pre,0.0
gpt2-xl,anyedit,ripple,ripple_random_row1709,ripple_aliasing,hit,pre,0.0
gpt2-xl,anyedit,ripple,ripple_random_row1709,efficacy,hit,post,0.0
gpt2-xl,anyedit,ripple,ripple_random_row1709,ripple_logical,hit,post,0.0
gpt2-xl,anyedit,ripple,ripple_random_row1709,ripple_compositional_i,hit,post,0.0
gpt2-xl,anyedit,ripple,ripple_random_row1709,ripple_aliasing,hit,post,0.0
gpt2-xl,anyedit,ripple,ripple_random_row1814,efficacy,hit,pre,0.0
gpt2-xl,anyedit,ripple,ripple_random_row1814,ripple_aliasing,hit,pre,0.0
gpt2-xl,anyedit,ripple,ripple_random_row1814,efficacy,hit,post,0.0
gpt2-xl,anyedit,ripple,ripple_random_row1814,ripple_aliasing,hit,post,0.0
gpt2-xl,anyedit,ripple,ripple_random_row1889,efficacy,hit,pre,0.0
gpt2-xl,anyedit,ripple,ripple_random_row1889,ripple_aliasing,hit,pre,0.0
gpt2-xl,anyedit,ripple,ripple_random_row1889,efficacy,hit,post,0.0
gpt2-xl,anyedit,ripple,ripple_random_row1889,ripple_aliasing,hit,post,0.0
gpt2-xl,anyedit,ripple,ripple_random_row1713,efficacy,hit,pre,0.0
gpt2-xl,anyedit,ripple,ripple_random_row1713,ripple_aliasing,hit,pre,0.0
gpt2-xl,anyedit,ripple,ripple_random_row1713,efficacy,hit,post,0.0
gpt2-xl,anyedit,ripple,ripple_random_row1713,ripple_aliasing,hit,post,0.0
gpt2-xl,anyedit,ripple,ripple_random_row1582,efficacy,hit,pre,0.0
gpt2-xl,anyedit,ripple,ripple_random_row1582,ripple_aliasing,hit,pre,0.0
gpt2-xl,anyedit,ripple,ripple_random_row1582,efficacy,hit,post,0.0
gpt2-xl,anyedit,ripple,ripple_random_row1582,ripple_aliasing,hit,post,0.0
gpt2-xl,grace,ripple,ripple_popular_row657,efficacy,hit,pre,0.0
gpt2-xl,grace,ripple,ripple_popular_row657,ripple_aliasing,hit,pre,0.0
gpt2-xl,grace,ripple,ripple_popular_row657,ripple_relation_specificity,hit,pre,1.0
gpt2-xl,grace,ripple,ripple_popular_row657,efficacy,hit,post,1.0
gpt2-xl,grace,ripple,ripple_popular_row657,ripple_aliasing,hit,post,0.0
gpt2-xl,grace,ripple,ripple_popular_row657,ripple_relation_specificity,hit,post,1.0
gpt2-xl,grace,ripple,ripple_popular_row839,efficacy,hit,pre,0.0
gpt2-xl,grace,ripple,ripple_popular_row839,ripple_aliasing,hit,pre,0.0
gpt2-xl,grace,ripple,ripple_popular_row839,efficacy,hit,post,1.0
gpt2-xl,grace,ripple,ripple_popular_row839,ripple_aliasing,hit,post,0.0
gpt2-xl,grace,ripple,ripple_popular_row792,efficacy,hit,pre,0.0
gpt2-xl,grace,ripple,ripple_popular_row792,ripple_aliasing,hit,pre,0.0
gpt2-xl,grace,ripple,ripple_popular_row792,efficacy,hit,post,1.0
gpt2-xl,grace,ripple,ripple_popular_row792,ripple_aliasing,hit,post,0.5
gpt2-xl,grace,ripple,ripple_popular_row778,efficacy,hit,pre,0.0
gpt2-xl,grace,ripple,ripple_popular_row778,ripple_logical,hit,pre,0.0
gpt2-xl,grace,ripple,ripple_popular_row778,ripple_aliasing,hit,pre,0.0
gpt2-xl,grace,ripple,ripple_popular_row778,ripple_relation_specificity,hit,pre,1.0
gpt2-xl,grace,ripple,ripple_popular_row778,efficacy,hit,post,1.0
gpt2-xl,grace,ripple,ripple_popular_row778,ripple_logical,hit,post,0.0
gpt2-xl,grace,ripple,ripple_popular_row778,ripple_aliasing,hit,post,0.0
gpt2-xl,grace,ripple,ripple_popular_row778,ripple_relation_specificity,hit,post,1.0
gpt2-xl,grace,ripple,ripple_popular_row846,efficacy,hit,pre,0.0
gpt2-xl,grace,ripple,ripple_popular_row846,ripple_aliasing,hit,pre,0.0
gpt2-xl,grace,ripple,ripple_popular_row846,ripple_relation_specificity,hit,pre,1.0
gpt2-xl,grace,ripple,ripple_popular_row846,efficacy,hit,post,1.0
gpt2-xl,grace,ripple,ripple_popular_row846,ripple_aliasing,hit,post,0.0
gpt2-xl,grace,ripple,ripple_popular_row846,ripple_relation_specificity,hit,post,1.0
gpt2-xl,grace,ripple,ripple_popular_row735,efficacy,hit,pre,0.0
gpt2-xl,grace,ripple,ripple_popular_row735,ripple_compositional_i,hit,pre,0.0
gpt2-xl,grace,ripple,ripple_popular_row735,ripple_aliasing,hit,pre,0.0
gpt2-xl,grace,ripple,ripple_popular_row735,efficacy,hit,post,1.0
gpt2-xl,grace,ripple,ripple_popular_row735,ripple_compositional_i,hit,post,0.0
gpt2-xl,grace,ripple,ripple_popular_row735,ripple_aliasing,hit,post,0.0
gpt2-xl,grace,ripple,ripple_popular_row867,efficacy,hit,pre,0.0
gpt2-xl,grace,ripple,ripple_popular_row867,ripple_logical,hit,pre,0.0
gpt2-xl,grace,ripple,ripple_popular_row867,ripple_aliasing,hit,pre,0.0
gpt2-xl,grace,ripple,ripple_popular_row867,efficacy,hit,post,1.0
gpt2-xl,grace,ripple,ripple_popular_row867,ripple_logical,hit,post,0.0
gpt2-xl,grace,ripple,ripple_popular_row867,ripple_aliasing,hit,post,0.0
gpt2-xl,grace,ripple,ripple_popular_row838,efficacy,hit,pre,0.0
gpt2-xl,grace,ripple,ripple_popular_row838,ripple_logical,hit,pre,0.0
gpt2-xl,grace,ripple,ripple_popular_row838,ripple_aliasing,hit,pre,0.0
gpt2-xl,grace,ripple,ripple_popular_row838,ripple_relation_specificity,hit,pre,1.0
gpt2-xl,grace,ripple,ripple_popular_row838,efficacy,hit,post,1.0
gpt2-xl,grace,ripple,ripple_popular_row838,ripple_logical,hit,post,0.0
gpt2-xl,grace,ripple,ripple_popular_row838,ripple_aliasing,hit,post,0.0
gpt2-xl,grace,ripple,ripple_popular_row838,ripple_relation_specificity,hit,post,1.0
gpt2-xl,grace,ripple,ripple_popular_row716,efficacy,hit,pre,0.0
gpt2-xl,grace,ripple,ripple_popular_row716,ripple_aliasing,hit,pre,0.0
gpt2-xl,grace,ripple,ripple_popular_row716,efficacy,hit,post,1.0
gpt2-xl,grace,ripple,ripple_popular_row716,ripple_aliasing,hit,post,0.0
gpt2-xl,grace,ripple,ripple_popular_row857,efficacy,hit,pre,0.0
gpt2-xl,grace,ripple,ripple_popular_row857,ripple_logical,hit,pre,0.0
gpt2-xl,grace,ripple,ripple_popular_row857,ripple_aliasing,hit,pre,0.0
gpt2-xl,grace,ripple,ripple_popular_row857,efficacy,hit,post,1.0
gpt2-xl,grace,ripple,ripple_popular_row857,ripple_logical,hit,post,0.0
gpt2-xl,grace,ripple,ripple_popular_row857,ripple_aliasing,hit,post,0.5
gpt2-xl,grace,ripple,ripple_popular_row868,efficacy,hit,pre,0.0
gpt2-xl,grace,ripple,ripple_popular_row868,ripple_compositional_i,hit,pre,0.5
gpt2-xl,grace,ripple,ripple_popular_row868,efficacy,hit,post,1.0
gpt2-xl,grace,ripple,ripple_popular_row868,ripple_compositional_i,hit,post,0.5
gpt2-xl,grace,ripple,ripple_popular_row699,efficacy,hit,pre,0.0
gpt2-xl,grace,ripple,ripple_popular_row699,ripple_aliasing,hit,pre,0.0
gpt2-xl,grace,ripple,ripple_popular_row699,efficacy,hit,post,1.0
gpt2-xl,grace,ripple,ripple_popular_row699,ripple_aliasing,hit,post,0.0
gpt2-xl,grace,ripple,ripple_popular_row825,efficacy,hit,pre,0.0
gpt2-xl,grace,ripple,ripple_popular_row825,ripple_aliasing,hit,pre,0.0
gpt2-xl,grace,ripple,ripple_popular_row825,efficacy,hit,post,1.0
gpt2-xl,grace,ripple,ripple_popular_row825,ripple_aliasing,hit,post,0.0
gpt2-xl,grace,ripple,ripple_popular_row866,efficacy,hit,pre,0.0
gpt2-xl,grace,ripple,ripple_popular_row866,ripple_compositional_i,hit,pre,0.0
gpt2-xl,grace,ripple,ripple_popular_row866,ripple_aliasing,hit,pre,0.0
gpt2-xl,grace,ripple,ripple_popular_row866,efficacy,hit,post,1.0
gpt2-xl,grace,ripple,ripple_popular_row866,ripple_compositional_i,hit,post,0.0
gpt2-xl,grace,ripple,ripple_popular_row866,ripple_aliasing,hit,post,0.0
gpt2-xl,grace,ripple,ripple_popular_row642,efficacy,hit,pre,0.0
gpt2-xl,grace,ripple,ripple_popular_row642,ripple_aliasing,hit,pre,0.0
gpt2-xl,grace,ripple,ripple_popular_row642,ripple_relation_specificity,hit,pre,1.0
gpt2-xl,grace,ripple,ripple_popular_row642,efficacy,hit,post,1.0
gpt2-xl,grace,ripple,ripple_popular_row642,ripple_aliasing,hit,post,1.0
gpt2-xl,grace,ripple,ripple_popular_row642,ripple_relation_specificity,hit,post,1.0
gpt2-xl,grace,ripple,ripple_popular_row653,efficacy,hit,pre,0.0
gpt2-xl,grace,ripple,ripple_popular_row653,ripple_logical,hit,pre,0.0
gpt2-xl,grace,ripple,ripple_popular_row653,efficacy,hit,post,0.0
gpt2-xl,grace,ripple,ripple_popular_row653,ripple_logical,hit,post,0.0
gpt2-xl,grace,ripple,ripple_popular_row663,efficacy,hit,pre,0.0
gpt2-xl,grace,ripple,ripple_popular_row663,efficacy,hit,post,1.0
gpt2-xl,grace,ripple,ripple_popular_row692,efficacy,hit,pre,0.0
gpt2-xl,grace,ripple,ripple_popular_row692,ripple_logical,hit,pre,0.0
gpt2-xl,grace,ripple,ripple_popular_row692,ripple_aliasing,hit,pre,0.0
gpt2-xl,grace,ripple,ripple_popular_row692,ripple_relation_specificity,hit,pre,1.0
gpt2-xl,grace,ripple,ripple_popular_row692,efficacy,hit,post,1.0
gpt2-xl,grace,ripple,ripple_popular_row692,ripple_logical,hit,post,0.0
gpt2-xl,grace,ripple,ripple_popular_row692,ripple_aliasing,hit,post,0.0
gpt2-xl,grace,ripple,ripple_popular_row692,ripple_relation_specificity,hit,post,1.0
gpt2-xl,grace,ripple,ripple_popular_row701,efficacy,hit,pre,0.0
gpt2-xl,grace,ripple,ripple_popular_row701,ripple_logical,hit,pre,0.0
gpt2-xl,grace,ripple,ripple_popular_row701,ripple_aliasing,hit,pre,0.0
gpt2-xl,grace,ripple,ripple_popular_row701,efficacy,hit,post,1.0
gpt2-xl,grace,ripple,ripple_popular_row701,ripple_logical,hit,post,0.0
gpt2-xl,grace,ripple,ripple_popular_row701,ripple_aliasing,hit,post,0.0
gpt2-xl,grace,ripple,ripple_popular_row690,efficacy,hit,pre,0.0
gpt2-xl,grace,ripple,ripple_popular_row690,ripple_aliasing,hit,pre,0.0
gpt2-xl,grace,ripple,ripple_popular_row690,ripple_relation_specificity,hit,pre,1.0
gpt2-xl,grace,ripple,ripple_popular_row690,efficacy,hit,post,1.0
gpt2-xl,grace,ripple,ripple_popular_row690,ripple_aliasing,hit,post,0.3333333333333333
gpt2-xl,grace,ripple,ripple_popular_row690,ripple_relation_specificity,hit,post,1.0
gpt2-xl,grace,ripple,ripple_popular_row668,efficacy,hit,pre,0.0
gpt2-xl,grace,ripple,ripple_popular_row668,ripple_aliasing,hit,pre,0.0
gpt2-xl,grace,ripple,ripple_popular_row668,efficacy,hit,post,1.0
gpt2-xl,grace,ripple,ripple_popular_row668,ripple_aliasing,hit,post,0.2
gpt2-xl,grace,ripple,ripple_popular_row810,efficacy,hit,pre,0.0
gpt2-xl,grace,ripple,ripple_popular_row810,ripple_logical,hit,pre,0.0
gpt2-xl,grace,ripple,ripple_popular_row810,ripple_aliasing,hit,pre,0.0
gpt2-xl,grace,ripple,ripple_popular_row810,ripple_relation_specificity,hit,pre,0.0
gpt2-xl,grace,ripple,ripple_popular_row810,efficacy,hit,post,0.0
gpt2-xl,grace,ripple,ripple_popular_row810,ripple_logical,hit,post,0.0
gpt2-xl,grace,ripple,ripple_popular_row810,ripple_aliasing,hit,post,0.0
gpt2-xl,grace,ripple,ripple_popular_row810,ripple_relation_specificity,hit,post,0.0
gpt2-xl,grace,ripple,ripple_popular_row870,efficacy,hit,pre,0.0
gpt2-xl,grace,ripple,ripple_popular_row870,ripple_relation_specificity,hit,pre,1.0
gpt2-xl,grace,ripple,ripple_popular_row870,efficacy,hit,post,0.0
gpt2-xl,grace,ripple,ripple_popular_row870,ripple_relation_specificity,hit,post,1.0
gpt2-xl,grace,ripple,ripple_popular_row646,efficacy,hit,pre,0.0
gpt2-xl,grace,ripple,ripple_popular_row646,ripple_aliasing,hit,pre,0.0
gpt2-xl,grace,ripple,ripple_popular_row646,ripple_relation_specificity,hit,pre,1.0
gpt2-xl,grace,ripple,ripple_popular_row646,efficacy,hit,post,0.0
gpt2-xl,grace,ripple,ripple_popular_row646,ripple_aliasing,hit,post,0.0
gpt2-xl,grace,ripple,ripple_popular_row646,ripple_relation_specificity,hit,post,1.0
gpt2-xl,grace,ripple,ripple_popular_row697,efficacy,hit,pre,0.0
gpt2-xl,grace,ripple,ripple_popular_row697,ripple_aliasing,hit,pre,0.0
gpt2-xl,grace,ripple,ripple_popular_row697,efficacy,hit,post,1.0
gpt2-xl,grace,ripple,ripple_popular_row697,ripple_aliasing,hit,post,0.0
gpt2-xl,grace,ripple,ripple_popular_row613,efficacy,hit,pre,0.0
gpt2-xl,grace,ripple,ripple_popular_row613,ripple_logical,hit,pre,0.0
gpt2-xl,grace,ripple,ripple_popular_row613,ripple_aliasing,hit,pre,0.0
gpt2-xl,grace,ripple,ripple_popular_row613,ripple_relation_specificity,hit,pre,1.0
gpt2-xl,grace,ripple,ripple_popular_row613,efficacy,hit,post,1.0
gpt2-xl,grace,ripple,ripple_popular_row613,ripple_logical,hit,post,0.0
gpt2-xl,grace,ripple,ripple_popular_row613,ripple_aliasing,hit,post,0.0
gpt2-xl,grace,ripple,ripple_popular_row613,ripple_relation_specificity,hit,post,1.0
gpt2-xl,grace,ripple,ripple_popular_row710,efficacy,hit,pre,0.0
gpt2-xl,grace,ripple,ripple_popular_row710,efficacy,hit,post,1.0
gpt2-xl,grace,ripple,ripple_popular_row819,efficacy,hit,pre,0.0
gpt2-xl,grace,ripple,ripple_popular_row819,ripple_aliasing,hit,pre,0.0
gpt2-xl,grace,ripple,ripple_popular_row819,efficacy,hit,post,1.0
gpt2-xl,grace,ripple,ripple_popular_row819,ripple_aliasing,hit,post,0.0
gpt2-xl,grace,ripple,ripple_popular_row782,efficacy,hit,pre,0.0
gpt2-xl,grace,ripple,ripple_popular_row782,ripple_aliasing,hit,pre,0.0
gpt2-xl,grace,ripple,ripple_popular_row782,efficacy,hit,post,1.0
gpt2-xl,grace,ripple,ripple_popular_row782,ripple_aliasing,hit,post,0.0
gpt2-xl,grace,ripple,ripple_popular_row696,efficacy,hit,pre,0.0
gpt2-xl,grace,ripple,ripple_popular_row696,efficacy,hit,post,1.0
gpt2-xl,grace,ripple,ripple_popular_row641,efficacy,hit,pre,0.0
gpt2-xl,grace,ripple,ripple_popular_row641,ripple_aliasing,hit,pre,0.0
gpt2-xl,grace,ripple,ripple_popular_row641,efficacy,hit,post,1.0
gpt2-xl,grace,ripple,ripple_popular_row641,ripple_aliasing,hit,post,0.0
gpt2-xl,grace,ripple,ripple_popular_row705,efficacy,hit,pre,0.0
gpt2-xl,grace,ripple,ripple_popular_row705,ripple_aliasing,hit,pre,0.0
gpt2-xl,grace,ripple,ripple_popular_row705,efficacy,hit,post,1.0
gpt2-xl,grace,ripple,ripple_popular_row705,ripple_aliasing,hit,post,0.0
gpt2-xl,grace,ripple,ripple_popular_row614,efficacy,hit,pre,0.0
gpt2-xl,grace,ripple,ripple_popular_row614,ripple_compositional_i,hit,pre,0.0
gpt2-xl,grace,ripple,ripple_popular_row614,ripple_aliasing,hit,pre,0.0
gpt2-xl,grace,ripple,ripple_popular_row614,ripple_relation_specificity,hit,pre,1.0
gpt2-xl,grace,ripple,ripple_popular_row614,efficacy,hit,post,1.0
gpt2-xl,grace,ripple,ripple_popular_row614,ripple_compositional_i,hit,post,0.0
gpt2-xl,grace,ripple,ripple_popular_row614,ripple_aliasing,hit,post,0.0
gpt2-xl,grace,ripple,ripple_popular_row614,ripple_relation_specificity,hit,post,1.0
gpt2-xl,grace,ripple,ripple_popular_row874,efficacy,hit,pre,0.0
gpt2-xl,grace,ripple,ripple_popular_row874,ripple_logical,hit,pre,0.0
gpt2-xl,grace,ripple,ripple_popular_row874,ripple_compositional_i,hit,pre,1.0
gpt2-xl,grace,ripple,ripple_popular_row874,ripple_aliasing,hit,pre,0.0
gpt2-xl,grace,ripple,ripple_popular_row874,efficacy,hit,post,0.0
gpt2-xl,grace,ripple,ripple_popular_row874,ripple_logical,hit,post,0.0
gpt2-xl,grace,ripple,ripple_popular_row874,ripple_compositional_i,hit,post,1.0
gpt2-xl,grace,ripple,ripple_popular_row874,ripple_aliasing,hit,post,0.0
gpt2-xl,grace,ripple,ripple_popular_row610,efficacy,hit,pre,0.0
gpt2-xl,grace,ripple,ripple_popular_row610,ripple_aliasing,hit,pre,0.0
gpt2-xl,grace,ripple,ripple_popular_row610,efficacy,hit,post,1.0
gpt2-xl,grace,ripple,ripple_popular_row610,ripple_aliasing,hit,post,0.0
gpt2-xl,grace,ripple,ripple_popular_row816,efficacy,hit,pre,0.0
gpt2-xl,grace,ripple,ripple_popular_row816,ripple_aliasing,hit,pre,0.0
gpt2-xl,grace,ripple,ripple_popular_row816,ripple_relation_specificity,hit,pre,1.0
gpt2-xl,grace,ripple,ripple_popular_row816,efficacy,hit,post,1.0
gpt2-xl,grace,ripple,ripple_popular_row816,ripple_aliasing,hit,post,0.0
gpt2-xl,grace,ripple,ripple_popular_row816,ripple_relation_specificity,hit,post,1.0
gpt2-xl,grace,ripple,ripple_popular_row717,efficacy,hit,pre,0.0
gpt2-xl,grace,ripple,ripple_popular_row717,ripple_logical,hit,pre,0.0
gpt2-xl,grace,ripple,ripple_popular_row717,ripple_aliasing,hit,pre,0.0
gpt2-xl,grace,ripple,ripple_popular_row717,ripple_relation_specificity,hit,pre,1.0
gpt2-xl,grace,ripple,ripple_popular_row717,efficacy,hit,post,1.0
gpt2-xl,grace,ripple,ripple_popular_row717,ripple_logical,hit,post,0.0
gpt2-xl,grace,ripple,ripple_popular_row717,ripple_aliasing,hit,post,0.0
gpt2-xl,grace,ripple,ripple_popular_row717,ripple_relation_specificity,hit,post,1.0
gpt2-xl,grace,ripple,ripple_popular_row836,efficacy,hit,pre,0.0
gpt2-xl,grace,ripple,ripple_popular_row836,ripple_compositional_ii,hit,pre,0.0
gpt2-xl,grace,ripple,ripple_popular_row836,ripple_aliasing,hit,pre,0.0
gpt2-xl,grace,ripple,ripple_popular_row836,ripple_relation_specificity,hit,pre,1.0
gpt2-xl,grace,ripple,ripple_popular_row836,efficacy,hit,post,1.0
gpt2-xl,grace,ripple,ripple_popular_row836,ripple_compositional_ii,hit,post,0.0
gpt2-xl,grace,ripple,ripple_popular_row836,ripple_aliasing,hit,post,0.1
gpt2-xl,grace,ripple,ripple_popular_row836,ripple_relation_specificity,hit,post,1.0
gpt2-xl,grace,ripple,ripple_popular_row719,efficacy,hit,pre,0.0
gpt2-xl,grace,ripple,ripple_popular_row719,efficacy,hit,post,0.0
gpt2-xl,grace,ripple,ripple_popular_row684,efficacy,hit,pre,0.0
gpt2-xl,grace,ripple,ripple_popular_row684,ripple_aliasing,hit,pre,0.0
gpt2-xl,grace,ripple,ripple_popular_row684,efficacy,hit,post,1.0
gpt2-xl,grace,ripple,ripple_popular_row684,ripple_aliasing,hit,post,0.0
gpt2-xl,grace,ripple,ripple_popular_row877,efficacy,hit,pre,0.0
gpt2-xl,grace,ripple,ripple_popular_row877,ripple_aliasing,hit,pre,0.0
gpt2-xl,grace,ripple,ripple_popular_row877,ripple_relation_specificity,hit,pre,1.0
gpt2-xl,grace,ripple,ripple_popular_row877,efficacy,hit,post,1.0
gpt2-xl,grace,ripple,ripple_popular_row877,ripple_aliasing,hit,post,0.0
gpt2-xl,grace,ripple,ripple_popular_row877,ripple_relation_specificity,hit,post,1.0
gpt2-xl,grace,ripple,ripple_popular_row763,efficacy,hit,pre,0.0
gpt2-xl,grace,ripple,ripple_popular_row763,ripple_aliasing,hit,pre,0.0
gpt2-xl,grace,ripple,ripple_popular_row763,efficacy,hit,post,1.0
gpt2-xl,grace,ripple,ripple_popular_row763,ripple_aliasing,hit,post,0.0
gpt2-xl,grace,ripple,ripple_popular_row731,efficacy,hit,pre,0.0
gpt2-xl,grace,ripple,ripple_popular_row731,ripple_aliasing,hit,pre,0.0
gpt2-xl,grace,ripple,ripple_popular_row731,ripple_relation_specificity,hit,pre,1.0
gpt2-xl,grace,ripple,ripple_popular_row731,efficacy,hit,post,1.0
gpt2-xl,grace,ripple,ripple_popular_row731,ripple_aliasing,hit,post,1.0
gpt2-xl,grace,ripple,ripple_popular_row731,ripple_relation_specificity,hit,post,1.0
gpt2-xl,grace,ripple,ripple_popular_row799,efficacy,hit,pre,0.0
gpt2-xl,grace,ripple,ripple_popular_row799,ripple_aliasing,hit,pre,0.0
gpt2-xl,grace,ripple,ripple_popular_row799,ripple_relation_specificity,hit,pre,1.0
gpt2-xl,grace,ripple,ripple_popular_row799,efficacy,hit,post,1.0
gpt2-xl,grace,ripple,ripple_popular_row799,ripple_aliasing,hit,post,0.2
gpt2-xl,grace,ripple,ripple_popular_row799,ripple_relation_specificity,hit,post,1.0
gpt2-xl,grace,ripple,ripple_popular_row880,efficacy,hit,pre,0.0
gpt2-xl,grace,ripple,ripple_popular_row880,ripple_aliasing,hit,pre,0.0
gpt2-xl,grace,ripple,ripple_popular_row880,ripple_relation_specificity,hit,pre,1.0
gpt2-xl,grace,ripple,ripple_popular_row880,efficacy,hit,post,1.0
gpt2-xl,grace,ripple,ripple_popular_row880,ripple_aliasing,hit,post,1.0
gpt2-xl,grace,ripple,ripple_popular_row880,ripple_relation_specificity,hit,post,1.0
gpt2-xl,grace,ripple,ripple_popular_row680,efficacy,hit,pre,0.0
gpt2-xl,grace,ripple,ripple_popular_row680,ripple_aliasing,hit,pre,0.0
gpt2-xl,grace,ripple,ripple_popular_row680,efficacy,hit,post,0.0
gpt2-xl,grace,ripple,ripple_popular_row680,ripple_aliasing,hit,post,0.0
gpt2-xl,grace,ripple,ripple_popular_row737,efficacy,hit,pre,0.0
gpt2-xl,grace,ripple,ripple_popular_row737,ripple_aliasing,hit,pre,0.0
gpt2-xl,grace,ripple,ripple_popular_row737,ripple_relation_specificity,hit,pre,1.0
gpt2-xl,grace,ripple,ripple_popular_row737,efficacy,hit,post,1.0
gpt2-xl,grace,ripple,ripple_popular_row737,ripple_aliasing,hit,post,0.0
gpt2-xl,grace,ripple,ripple_popular_row737,ripple_relation_specificity,hit,post,1.0
gpt2-xl,grace,ripple,ripple_popular_row712,efficacy,hit,pre,0.0
gpt2-xl,grace,ripple,ripple_popular_row712,ripple_aliasing,hit,pre,0.0
gpt2-xl,grace,ripple,ripple_popular_row712,ripple_relation_specificity,hit,pre,1.0
gpt2-xl,grace,ripple,ripple_popular_row712,efficacy,hit,post,0.0
gpt2-xl,grace,ripple,ripple_popular_row712,ripple_aliasing,hit,post,0.0
gpt2-xl,grace,ripple,ripple_popular_row712,ripple_relation_specificity,hit,post,1.0
gpt2-xl,grace,ripple,ripple_popular_row789,efficacy,hit,pre,0.0
gpt2-xl,grace,ripple,ripple_popular_row789,ripple_aliasing,hit,pre,0.0
gpt2-xl,grace,ripple,ripple_popular_row789,efficacy,hit,post,1.0
gpt2-xl,grace,ripple,ripple_popular_row789,ripple_aliasing,hit,post,0.0
gpt2-xl,grace,ripple,ripple_popular_row881,efficacy,hit,pre,0.0
gpt2-xl,grace,ripple,ripple_popular_row881,ripple_logical,hit,pre,0.0
gpt2-xl,grace,ripple,ripple_popular_row881,ripple_aliasing,hit,pre,0.0
gpt2-xl,grace,ripple,ripple_popular_row881,efficacy,hit,post,0.0
gpt2-xl,grace,ripple,ripple_popular_row881,ripple_logical,hit,post,0.0
gpt2-xl,grace,ripple,ripple_popular_row881,ripple_aliasing,hit,post,0.0
gpt2-xl,grace,ripple,ripple_popular_row863,efficacy,hit,pre,0.0
gpt2-xl,grace,ripple,ripple_popular_row863,ripple_aliasing,hit,pre,0.0
gpt2-xl,grace,ripple,ripple_popular_row863,efficacy,hit,post,1.0
gpt2-xl,grace,ripple,ripple_popular_row863,ripple_aliasing,hit,post,1.0
gpt2-xl,grace,ripple,ripple_popular_row873,efficacy,hit,pre,0.0
gpt2-xl,grace,ripple,ripple_popular_row873,ripple_compositional_i,hit,pre,0.0
gpt2-xl,grace,ripple,ripple_popular_row873,ripple_aliasing,hit,pre,0.0
gpt2-xl,grace,ripple,ripple_popular_row873,ripple_relation_specificity,hit,pre,1.0
gpt2-xl,grace,ripple,ripple_popular_row873,efficacy,hit,post,1.0
gpt2-xl,grace,ripple,ripple_popular_row873,ripple_compositional_i,hit,post,0.0
gpt2-xl,grace,ripple,ripple_popular_row873,ripple_aliasing,hit,post,0.0
gpt2-xl,grace,ripple,ripple_popular_row873,ripple_relation_specificity,hit,post,1.0
gpt2-xl,grace,ripple,ripple_popular_row708,efficacy,hit,pre,0.0
gpt2-xl,grace,ripple,ripple_popular_row708,ripple_aliasing,hit,pre,0.0
gpt2-xl,grace,ripple,ripple_popular_row708,ripple_relation_specificity,hit,pre,1.0
gpt2-xl,grace,ripple,ripple_popular_row708,efficacy,hit,post,1.0
gpt2-xl,grace,ripple,ripple_popular_row708,ripple_aliasing,hit,post,0.0
gpt2-xl,grace,ripple,ripple_popular_row708,ripple_relation_specificity,hit,post,1.0
gpt2-xl,grace,ripple,ripple_popular_row850,efficacy,hit,pre,0.0
gpt2-xl,grace,ripple,ripple_popular_row850,efficacy,hit,post,0.0
gpt2-xl,grace,ripple,ripple_popular_row634,efficacy,hit,pre,0.0
gpt2-xl,grace,ripple,ripple_popular_row634,ripple_aliasing,hit,pre,0.0
gpt2-xl,grace,ripple,ripple_popular_row634,efficacy,hit,post,1.0
gpt2-xl,grace,ripple,ripple_popular_row634,ripple_aliasing,hit,post,0.0
gpt2-xl,grace,ripple,ripple_popular_row796,efficacy,hit,pre,0.0
gpt2-xl,grace,ripple,ripple_popular_row796,ripple_relation_specificity,hit,pre,1.0
gpt2-xl,grace,ripple,ripple_popular_row796,efficacy,hit,post,1.0
gpt2-xl,grace,ripple,ripple_popular_row796,ripple_relation_specificity,hit,post,1.0
gpt2-xl,grace,ripple,ripple_popular_row751,efficacy,hit,pre,0.0
gpt2-xl,grace,ripple,ripple_popular_row751,ripple_logical,hit,pre,0.0
gpt2-xl,grace,ripple,ripple_popular_row751,ripple_aliasing,hit,pre,0.0
gpt2-xl,grace,ripple,ripple_popular_row751,ripple_relation_specificity,hit,pre,1.0
gpt2-xl,grace,ripple,ripple_popular_row751,efficacy,hit,post,0.0
gpt2-xl,grace,ripple,ripple_popular_row751,ripple_logical,hit,post,0.0
gpt2-xl,grace,ripple,ripple_popular_row751,ripple_aliasing,hit,post,0.0
gpt2-xl,grace,ripple,ripple_popular_row751,ripple_relation_specificity,hit,post,1.0
gpt2-xl,grace,ripple,ripple_popular_row871,efficacy,hit,pre,0.0
gpt2-xl,grace,ripple,ripple_popular_row871,ripple_logical,hit,pre,0.0
gpt2-xl,grace,ripple,ripple_popular_row871,efficacy,hit,post,0.0
gpt2-xl,grace,ripple,ripple_popular_row871,ripple_logical,hit,post,0.0
gpt2-xl,grace,ripple,ripple_popular_row746,efficacy,hit,pre,0.0
gpt2-xl,grace,ripple,ripple_popular_row746,ripple_aliasing,hit,pre,0.0
gpt2-xl,grace,ripple,ripple_popular_row746,ripple_preservation,hit,pre,0.0
gpt2-xl,grace,ripple,ripple_popular_row746,efficacy,hit,post,1.0
gpt2-xl,grace,ripple,ripple_popular_row746,ripple_aliasing,hit,post,0.3333333333333333
gpt2-xl,grace,ripple,ripple_popular_row746,ripple_preservation,hit,post,0.0
gpt2-xl,grace,ripple,ripple_popular_row829,efficacy,hit,pre,0.0
gpt2-xl,grace,ripple,ripple_popular_row829,ripple_aliasing,hit,pre,0.0
gpt2-xl,grace,ripple,ripple_popular_row829,efficacy,hit,post,1.0
gpt2-xl,grace,ripple,ripple_popular_row829,ripple_aliasing,hit,post,1.0
gpt2-xl,grace,ripple,ripple_popular_row658,efficacy,hit,pre,0.0
gpt2-xl,grace,ripple,ripple_popular_row658,ripple_compositional_i,hit,pre,0.0
gpt2-xl,grace,ripple,ripple_popular_row658,ripple_aliasing,hit,pre,0.0
gpt2-xl,grace,ripple,ripple_popular_row658,efficacy,hit,post,0.0
gpt2-xl,grace,ripple,ripple_popular_row658,ripple_compositional_i,hit,post,0.0
gpt2-xl,grace,ripple,ripple_popular_row658,ripple_aliasing,hit,post,0.0
gpt2-xl,grace,ripple,ripple_popular_row884,efficacy,hit,pre,0.0
gpt2-xl,grace,ripple,ripple_popular_row884,ripple_logical,hit,pre,0.0
gpt2-xl,grace,ripple,ripple_popular_row884,ripple_aliasing,hit,pre,0.0
gpt2-xl,grace,ripple,ripple_popular_row884,ripple_relation_specificity,hit,pre,1.0
gpt2-xl,grace,ripple,ripple_popular_row884,efficacy,hit,post,1.0
gpt2-xl,grace,ripple,ripple_popular_row884,ripple_logical,hit,post,0.0
gpt2-xl,grace,ripple,ripple_popular_row884,ripple_aliasing,hit,post,0.0
gpt2-xl,grace,ripple,ripple_popular_row884,ripple_relation_specificity,hit,post,1.0
gpt2-xl,grace,ripple,ripple_popular_row619,efficacy,hit,pre,0.0
gpt2-xl,grace,ripple,ripple_popular_row619,ripple_aliasing,hit,pre,0.0
gpt2-xl,grace,ripple,ripple_popular_row619,efficacy,hit,post,1.0
gpt2-xl,grace,ripple,ripple_popular_row619,ripple_aliasing,hit,post,0.0
gpt2-xl,grace,ripple,ripple_popular_row649,efficacy,hit,pre,0.0
gpt2-xl,grace,ripple,ripple_popular_row649,ripple_logical,hit,pre,0.0
gpt2-xl,grace,ripple,ripple_popular_row649,ripple_aliasing,hit,pre,0.0
gpt2-xl,grace,ripple,ripple_popular_row649,efficacy,hit,post,0.0
gpt2-xl,grace,ripple,ripple_popular_row649,ripple_logical,hit,post,0.0
gpt2-xl,grace,ripple,ripple_popular_row649,ripple_aliasing,hit,post,0.0
gpt2-xl,grace,ripple,ripple_popular_row688,efficacy,hit,pre,0.0
gpt2-xl,grace,ripple,ripple_popular_row688,ripple_aliasing,hit,pre,0.0
gpt2-xl,grace,ripple,ripple_popular_row688,efficacy,hit,post,1.0
gpt2-xl,grace,ripple,ripple_popular_row688,ripple_aliasing,hit,post,0.0
gpt2-xl,grace,ripple,ripple_popular_row639,efficacy,hit,pre,0.0
gpt2-xl,grace,ripple,ripple_popular_row639,ripple_aliasing,hit,pre,0.0
gpt2-xl,grace,ripple,ripple_popular_row639,ripple_relation_specificity,hit,pre,1.0
gpt2-xl,grace,ripple,ripple_popular_row639,efficacy,hit,post,1.0
gpt2-xl,grace,ripple,ripple_popular_row639,ripple_aliasing,hit,post,0.0
gpt2-xl,grace,ripple,ripple_popular_row639,ripple_relation_specificity,hit,post,1.0
gpt2-xl,grace,ripple,ripple_popular_row665,efficacy,hit,pre,0.0
gpt2-xl,grace,ripple,ripple_popular_row665,ripple_logical,hit,pre,0.0
gpt2-xl,grace,ripple,ripple_popular_row665,efficacy,hit,post,1.0
gpt2-xl,grace,ripple,ripple_popular_row665,ripple_logical,hit,post,0.0
gpt2-xl,grace,ripple,ripple_popular_row801,efficacy,hit,pre,0.0
gpt2-xl,grace,ripple,ripple_popular_row801,ripple_aliasing,hit,pre,0.0
gpt2-xl,grace,ripple,ripple_popular_row801,efficacy,hit,post,1.0
gpt2-xl,grace,ripple,ripple_popular_row801,ripple_aliasing,hit,post,0.3333333333333333
gpt2-xl,grace,ripple,ripple_popular_row601,efficacy,hit,pre,0.0
gpt2-xl,grace,ripple,ripple_popular_row601,ripple_aliasing,hit,pre,0.0
gpt2-xl,grace,ripple,ripple_popular_row601,ripple_relation_specificity,hit,pre,1.0
gpt2-xl,grace,ripple,ripple_popular_row601,efficacy,hit,post,1.0
gpt2-xl,grace,ripple,ripple_popular_row601,ripple_aliasing,hit,post,0.0
gpt2-xl,grace,ripple,ripple_popular_row601,ripple_relation_specificity,hit,post,1.0
gpt2-xl,grace,ripple,ripple_popular_row779,efficacy,hit,pre,0.0
gpt2-xl,grace,ripple,ripple_popular_row779,ripple_logical,hit,pre,0.0
gpt2-xl,grace,ripple,ripple_popular_row779,ripple_aliasing,hit,pre,0.0
gpt2-xl,grace,ripple,ripple_popular_row779,efficacy,hit,post,1.0
gpt2-xl,grace,ripple,ripple_popular_row779,ripple_logical,hit,post,0.0
gpt2-xl,grace,ripple,ripple_popular_row779,ripple_aliasing,hit,post,0.3333333333333333
gpt2-xl,grace,ripple,ripple_popular_row817,efficacy,hit,pre,0.0
gpt2-xl,grace,ripple,ripple_popular_row817,ripple_aliasing,hit,pre,0.0
gpt2-xl,grace,ripple,ripple_popular_row817,efficacy,hit,post,1.0
gpt2-xl,grace,ripple,ripple_popular_row817,ripple_aliasing,hit,post,0.0
gpt2-xl,grace,ripple,ripple_popular_row729,efficacy,hit,pre,0.0
gpt2-xl,grace,ripple,ripple_popular_row729,ripple_aliasing,hit,pre,0.0
gpt2-xl,grace,ripple,ripple_popular_row729,efficacy,hit,post,1.0
gpt2-xl,grace,ripple,ripple_popular_row729,ripple_aliasing,hit,post,0.6363636363636364
gpt2-xl,grace,ripple,ripple_popular_row720,efficacy,hit,pre,0.0
gpt2-xl,grace,ripple,ripple_popular_row720,ripple_logical,hit,pre,1.0
gpt2-xl,grace,ripple,ripple_popular_row720,ripple_aliasing,hit,pre,0.0
gpt2-xl,grace,ripple,ripple_popular_row720,ripple_relation_specificity,hit,pre,1.0
gpt2-xl,grace,ripple,ripple_popular_row720,efficacy,hit,post,0.0
gpt2-xl,grace,ripple,ripple_popular_row720,ripple_logical,hit,post,1.0
gpt2-xl,grace,ripple,ripple_popular_row720,ripple_aliasing,hit,post,0.0
gpt2-xl,grace,ripple,ripple_popular_row720,ripple_relation_specificity,hit,post,1.0
gpt2-xl,grace,ripple,ripple_popular_row632,efficacy,hit,pre,0.0
gpt2-xl,grace,ripple,ripple_popular_row632,ripple_aliasing,hit,pre,0.0
gpt2-xl,grace,ripple,ripple_popular_row632,ripple_relation_specificity,hit,pre,1.0
gpt2-xl,grace,ripple,ripple_popular_row632,efficacy,hit,post,1.0
gpt2-xl,grace,ripple,ripple_popular_row632,ripple_aliasing,hit,post,0.0
gpt2-xl,grace,ripple,ripple_popular_row632,ripple_relation_specificity,hit,post,1.0
gpt2-xl,grace,ripple,ripple_popular_row667,efficacy,hit,pre,0.0
gpt2-xl,grace,ripple,ripple_popular_row667,ripple_aliasing,hit,pre,0.0
gpt2-xl,grace,ripple,ripple_popular_row667,efficacy,hit,post,1.0
gpt2-xl,grace,ripple,ripple_popular_row667,ripple_aliasing,hit,post,0.3333333333333333
gpt2-xl,grace,ripple,ripple_popular_row823,efficacy,hit,pre,0.0
gpt2-xl,grace,ripple,ripple_popular_row823,ripple_aliasing,hit,pre,0.0
gpt2-xl,grace,ripple,ripple_popular_row823,ripple_relation_specificity,hit,pre,1.0
gpt2-xl,grace,ripple,ripple_popular_row823,efficacy,hit,post,1.0
gpt2-xl,grace,ripple,ripple_popular_row823,ripple_aliasing,hit,post,0.0
gpt2-xl,grace,ripple,ripple_popular_row823,ripple_relation_specificity,hit,post,1.0
gpt2-xl,grace,ripple,ripple_popular_row703,efficacy,hit,pre,0.0
gpt2-xl,grace,ripple,ripple_popular_row703,efficacy,hit,post,0.0
gpt2-xl,grace,ripple,ripple_popular_row774,efficacy,hit,pre,0.0
gpt2-xl,grace,ripple,ripple_popular_row774,ripple_aliasing,hit,pre,0.0
gpt2-xl,grace,ripple,ripple_popular_row774,efficacy,hit,post,1.0
gpt2-xl,grace,ripple,ripple_popular_row774,ripple_aliasing,hit,post,0.125
gpt2-xl,grace,ripple,ripple_popular_row793,efficacy,hit,pre,0.0
gpt2-xl,grace,ripple,ripple_popular_row793,ripple_logical,hit,pre,0.0
gpt2-xl,grace,ripple,ripple_popular_row793,ripple_aliasing,hit,pre,0.0
gpt2-xl,grace,ripple,ripple_popular_row793,ripple_relation_specificity,hit,pre,1.0
gpt2-xl,grace,ripple,ripple_popular_row793,efficacy,hit,post,1.0
gpt2-xl,grace,ripple,ripple_popular_row793,ripple_logical,hit,post,0.0
gpt2-xl,grace,ripple,ripple_popular_row793,ripple_aliasing,hit,post,0.0
gpt2-xl,grace,ripple,ripple_popular_row793,ripple_relation_specificity,hit,post,1.0
gpt2-xl,grace,ripple,ripple_popular_row718,efficacy,hit,pre,0.0
gpt2-xl,grace,ripple,ripple_popular_row718,ripple_aliasing,hit,pre,0.0
gpt2-xl,grace,ripple,ripple_popular_row718,efficacy,hit,post,0.0
gpt2-xl,grace,ripple,ripple_popular_row718,ripple_aliasing,hit,post,0.0
gpt2-xl,grace,ripple,ripple_popular_row759,efficacy,hit,pre,0.0
gpt2-xl,grace,ripple,ripple_popular_row759,ripple_relation_specificity,hit,pre,0.0
gpt2-xl,grace,ripple,ripple_popular_row759,efficacy,hit,post,1.0
gpt2-xl,grace,ripple,ripple_popular_row759,ripple_relation_specificity,hit,post,0.0
gpt2-xl,grace,ripple,ripple_popular_row672,efficacy,hit,pre,0.0
gpt2-xl,grace,ripple,ripple_popular_row672,ripple_logical,hit,pre,0.0
gpt2-xl,grace,ripple,ripple_popular_row672,efficacy,hit,post,1.0
gpt2-xl,grace,ripple,ripple_popular_row672,ripple_logical,hit,post,0.0
gpt2-xl,grace,ripple,ripple_popular_row875,efficacy,hit,pre,0.0
gpt2-xl,grace,ripple,ripple_popular_row875,efficacy,hit,post,1.0
gpt2-xl,grace,ripple,ripple_popular_row645,efficacy,hit,pre,0.0
gpt2-xl,grace,ripple,ripple_popular_row645,ripple_compositional_i,hit,pre,0.0
gpt2-xl,grace,ripple,ripple_popular_row645,ripple_aliasing,hit,pre,0.0
gpt2-xl,grace,ripple,ripple_popular_row645,ripple_relation_specificity,hit,pre,1.0
gpt2-xl,grace,ripple,ripple_popular_row645,efficacy,hit,post,1.0
gpt2-xl,grace,ripple,ripple_popular_row645,ripple_compositional_i,hit,post,0.0
gpt2-xl,grace,ripple,ripple_popular_row645,ripple_aliasing,hit,post,0.0
gpt2-xl,grace,ripple,ripple_popular_row645,ripple_relation_specificity,hit,post,1.0
gpt2-xl,grace,ripple,ripple_popular_row765,efficacy,hit,pre,0.0
gpt2-xl,grace,ripple,ripple_popular_row765,ripple_aliasing,hit,pre,0.0
gpt2-xl,grace,ripple,ripple_popular_row765,efficacy,hit,post,1.0
gpt2-xl,grace,ripple,ripple_popular_row765,ripple_aliasing,hit,post,0.0
gpt2-xl,grace,ripple,ripple_popular_row865,efficacy,hit,pre,0.0
gpt2-xl,grace,ripple,ripple_popular_row865,ripple_aliasing,hit,pre,0.0
gpt2-xl,grace,ripple,ripple_popular_row865,ripple_relation_specificity,hit,pre,1.0
gpt2-xl,grace,ripple,ripple_popular_row865,efficacy,hit,post,1.0
gpt2-xl,grace,ripple,ripple_popular_row865,ripple_aliasing,hit,post,0.5
gpt2-xl,grace,ripple,ripple_popular_row865,ripple_relation_specificity,hit,post,1.0
gpt2-xl,grace,ripple,ripple_popular_row689,efficacy,hit,pre,0.0
gpt2-xl,grace,ripple,ripple_popular_row689,ripple_aliasing,hit,pre,0.0
gpt2-xl,grace,ripple,ripple_popular_row689,efficacy,hit,post,1.0
gpt2-xl,grace,ripple,ripple_popular_row689,ripple_aliasing,hit,post,1.0
gpt2-xl,grace,ripple,ripple_popular_row743,efficacy,hit,pre,0.0
gpt2-xl,grace,ripple,ripple_popular_row743,ripple_aliasing,hit,pre,0.0
gpt2-xl,grace,ripple,ripple_popular_row743,efficacy,hit,post,1.0
gpt2-xl,grace,ripple,ripple_popular_row743,ripple_aliasing,hit,post,0.0
gpt2-xl,grace,ripple,ripple_popular_row676,efficacy,hit,pre,0.0
gpt2-xl,grace,ripple,ripple_popular_row676,ripple_aliasing,hit,pre,0.0
gpt2-xl,grace,ripple,ripple_popular_row676,efficacy,hit,post,1.0
gpt2-xl,grace,ripple,ripple_popular_row676,ripple_aliasing,hit,post,0.0
gpt2-xl,grace,ripple,ripple_random_row1742,efficacy,hit,pre,0.0
gpt2-xl,grace,ripple,ripple_random_row1742,ripple_aliasing,hit,pre,0.0
gpt2-xl,grace,ripple,ripple_random_row1742,efficacy,hit,post,1.0
gpt2-xl,grace,ripple,ripple_random_row1742,ripple_aliasing,hit,post,0.0
gpt2-xl,grace,ripple,ripple_random_row1584,efficacy,hit,pre,0.0
gpt2-xl,grace,ripple,ripple_random_row1584,ripple_aliasing,hit,pre,0.0
gpt2-xl,grace,ripple,ripple_random_row1584,efficacy,hit,post,1.0
gpt2-xl,grace,ripple,ripple_random_row1584,ripple_aliasing,hit,post,0.0
gpt2-xl,grace,ripple,ripple_random_row1799,efficacy,hit,pre,0.0
gpt2-xl,grace,ripple,ripple_random_row1799,ripple_aliasing,hit,pre,0.0
gpt2-xl,grace,ripple,ripple_random_row1799,efficacy,hit,post,1.0
gpt2-xl,grace,ripple,ripple_random_row1799,ripple_aliasing,hit,post,1.0
gpt2-xl,grace,ripple,ripple_random_row1627,efficacy,hit,pre,0.0
gpt2-xl,grace,ripple,ripple_random_row1627,ripple_aliasing,hit,pre,0.0
gpt2-xl,grace,ripple,ripple_random_row1627,efficacy,hit,post,1.0
gpt2-xl,grace,ripple,ripple_random_row1627,ripple_aliasing,hit,post,0.0
gpt2-xl,grace,ripple,ripple_random_row1806,efficacy,hit,pre,0.0
gpt2-xl,grace,ripple,ripple_random_row1806,ripple_aliasing,hit,pre,0.0
gpt2-xl,grace,ripple,ripple_random_row1806,efficacy,hit,post,0.0
gpt2-xl,grace,ripple,ripple_random_row1806,ripple_aliasing,hit,post,0.0
gpt2-xl,grace,ripple,ripple_random_row1724,efficacy,hit,pre,0.0
gpt2-xl,grace,ripple,ripple_random_row1724,ripple_logical,hit,pre,0.0
gpt2-xl,grace,ripple,ripple_random_row1724,ripple_aliasing,hit,pre,0.0
gpt2-xl,grace,ripple,ripple_random_row1724,efficacy,hit,post,0.0
gpt2-xl,grace,ripple,ripple_random_row1724,ripple_logical,hit,post,0.0
gpt2-xl,grace,ripple,ripple_random_row1724,ripple_aliasing,hit,post,0.0
gpt2-xl,grace,ripple,ripple_random_row1562,efficacy,hit,pre,0.0
gpt2-xl,grace,ripple,ripple_random_row1562,ripple_aliasing,hit,pre,0.0
gpt2-xl,grace,ripple,ripple_random_row1562,ripple_relation_specificity,hit,pre,1.0
gpt2-xl,grace,ripple,ripple_random_row1562,efficacy,hit,post,1.0
gpt2-xl,grace,ripple,ripple_random_row1562,ripple_aliasing,hit,post,1.0
gpt2-xl,grace,ripple,ripple_random_row1562,ripple_relation_specificity,hit,post,1.0
gpt2-xl,grace,ripple,ripple_random_row1855,efficacy,hit,pre,0.0
gpt2-xl,grace,ripple,ripple_random_row1855,ripple_aliasing,hit,pre,0.0
gpt2-xl,grace,ripple,ripple_random_row1855,efficacy,hit,post,1.0
gpt2-xl,grace,ripple,ripple_random_row1855,ripple_aliasing,hit,post,0.0
gpt2-xl,grace,ripple,ripple_random_row1823,efficacy,hit,pre,0.0
gpt2-xl,grace,ripple,ripple_random_row1823,ripple_logical,hit,pre,0.0
gpt2-xl,grace,ripple,ripple_random_row1823,ripple_compositional_i,hit,pre,0.0
gpt2-xl,grace,ripple,ripple_random_row1823,ripple_aliasing,hit,pre,0.0
gpt2-xl,grace,ripple,ripple_random_row1823,efficacy,hit,post,1.0
gpt2-xl,grace,ripple,ripple_random_row1823,ripple_logical,hit,post,0.0
gpt2-xl,grace,ripple,ripple_random_row1823,ripple_compositional_i,hit,post,0.0
gpt2-xl,grace,ripple,ripple_random_row1823,ripple_aliasing,hit,post,1.0
gpt2-xl,grace,ripple,ripple_random_row1765,efficacy,hit,pre,0.0
gpt2-xl,grace,ripple,ripple_random_row1765,ripple_aliasing,hit,pre,0.0
gpt2-xl,grace,ripple,ripple_random_row1765,efficacy,hit,post,1.0
gpt2-xl,grace,ripple,ripple_random_row1765,ripple_aliasing,hit,post,0.0
gpt2-xl,grace,ripple,ripple_random_row1916,efficacy,hit,pre,0.0
gpt2-xl,grace,ripple,ripple_random_row1916,ripple_aliasing,hit,pre,0.0
gpt2-xl,grace,ripple,ripple_random_row1916,efficacy,hit,post,1.0
gpt2-xl,grace,ripple,ripple_random_row1916,ripple_aliasing,hit,post,1.0
gpt2-xl,grace,ripple,ripple_random_row1593,efficacy,hit,pre,0.0
gpt2-xl,grace,ripple,ripple_random_row1593,ripple_aliasing,hit,pre,0.0
gpt2-xl,grace,ripple,ripple_random_row1593,efficacy,hit,post,1.0
gpt2-xl,grace,ripple,ripple_random_row1593,ripple_aliasing,hit,post,1.0
gpt2-xl,grace,ripple,ripple_random_row1734,efficacy,hit,pre,0.0
gpt2-xl,grace,ripple,ripple_random_row1734,ripple_relation_specificity,hit,pre,1.0
gpt2-xl,grace,ripple,ripple_random_row1734,efficacy,hit,post,1.0
gpt2-xl,grace,ripple,ripple_random_row1734,ripple_relation_specificity,hit,post,1.0
gpt2-xl,grace,ripple,ripple_random_row1556,efficacy,hit,pre,0.0
gpt2-xl,grace,ripple,ripple_random_row1556,ripple_aliasing,hit,pre,0.0
gpt2-xl,grace,ripple,ripple_random_row1556,efficacy,hit,post,1.0
gpt2-xl,grace,ripple,ripple_random_row1556,ripple_aliasing,hit,post,0.0
gpt2-xl,grace,ripple,ripple_random_row1592,efficacy,hit,pre,0.0
gpt2-xl,grace,ripple,ripple_random_row1592,ripple_aliasing,hit,pre,0.0
gpt2-xl,grace,ripple,ripple_random_row1592,efficacy,hit,post,1.0
gpt2-xl,grace,ripple,ripple_random_row1592,ripple_aliasing,hit,post,0.0
gpt2-xl,grace,ripple,ripple_random_row1843,efficacy,hit,pre,0.0
gpt2-xl,grace,ripple,ripple_random_row1843,ripple_aliasing,hit,pre,0.0
gpt2-xl,grace,ripple,ripple_random_row1843,efficacy,hit,post,0.0
gpt2-xl,grace,ripple,ripple_random_row1843,ripple_aliasing,hit,post,0.0
gpt2-xl,grace,ripple,ripple_random_row1711,efficacy,hit,pre,0.0
gpt2-xl,grace,ripple,ripple_random_row1711,ripple_aliasing,hit,pre,0.0
gpt2-xl,grace,ripple,ripple_random_row1711,efficacy,hit,post,0.0
gpt2-xl,grace,ripple,ripple_random_row1711,ripple_aliasing,hit,post,0.0
gpt2-xl,grace,ripple,ripple_random_row1553,efficacy,hit,pre,0.0
gpt2-xl,grace,ripple,ripple_random_row1553,ripple_aliasing,hit,pre,0.0
gpt2-xl,grace,ripple,ripple_random_row1553,efficacy,hit,post,1.0
gpt2-xl,grace,ripple,ripple_random_row1553,ripple_aliasing,hit,post,1.0
gpt2-xl,grace,ripple,ripple_random_row1569,efficacy,hit,pre,0.0
gpt2-xl,grace,ripple,ripple_random_row1569,ripple_aliasing,hit,pre,0.0
gpt2-xl,grace,ripple,ripple_random_row1569,efficacy,hit,post,1.0
gpt2-xl,grace,ripple,ripple_random_row1569,ripple_aliasing,hit,post,1.0
gpt2-xl,grace,ripple,ripple_random_row1883,efficacy,hit,pre,0.0
gpt2-xl,grace,ripple,ripple_random_row1883,ripple_logical,hit,pre,0.0
gpt2-xl,grace,ripple,ripple_random_row1883,ripple_aliasing,hit,pre,0.0
gpt2-xl,grace,ripple,ripple_random_row1883,ripple_relation_specificity,hit,pre,1.0
gpt2-xl,grace,ripple,ripple_random_row1883,efficacy,hit,post,1.0
gpt2-xl,grace,ripple,ripple_random_row1883,ripple_logical,hit,post,0.0
gpt2-xl,grace,ripple,ripple_random_row1883,ripple_aliasing,hit,post,1.0
gpt2-xl,grace,ripple,ripple_random_row1883,ripple_relation_specificity,hit,post,1.0
gpt2-xl,grace,ripple,ripple_random_row1910,efficacy,hit,pre,0.0
gpt2-xl,grace,ripple,ripple_random_row1910,ripple_logical,hit,pre,0.0
gpt2-xl,grace,ripple,ripple_random_row1910,ripple_aliasing,hit,pre,0.0
gpt2-xl,grace,ripple,ripple_random_row1910,efficacy,hit,post,1.0
gpt2-xl,grace,ripple,ripple_random_row1910,ripple_logical,hit,post,0.0
gpt2-xl,grace,ripple,ripple_random_row1910,ripple_aliasing,hit,post,0.3333333333333333
gpt2-xl,grace,ripple,ripple_random_row1608,efficacy,hit,pre,0.0
gpt2-xl,grace,ripple,ripple_random_row1608,ripple_aliasing,hit,pre,0.0
gpt2-xl,grace,ripple,ripple_random_row1608,efficacy,hit,post,1.0
gpt2-xl,grace,ripple,ripple_random_row1608,ripple_aliasing,hit,post,1.0
gpt2-xl,grace,ripple,ripple_random_row1527,efficacy,hit,pre,0.0
gpt2-xl,grace,ripple,ripple_random_row1527,ripple_aliasing,hit,pre,0.0
gpt2-xl,grace,ripple,ripple_random_row1527,efficacy,hit,post,1.0
gpt2-xl,grace,ripple,ripple_random_row1527,ripple_aliasing,hit,post,0.0
gpt2-xl,grace,ripple,ripple_random_row1565,efficacy,hit,pre,0.0
gpt2-xl,grace,ripple,ripple_random_row1565,ripple_aliasing,hit,pre,0.0
gpt2-xl,grace,ripple,ripple_random_row1565,efficacy,hit,post,1.0
gpt2-xl,grace,ripple,ripple_random_row1565,ripple_aliasing,hit,post,0.0
gpt2-xl,grace,ripple,ripple_random_row1809,efficacy,hit,pre,0.0
gpt2-xl,grace,ripple,ripple_random_row1809,ripple_aliasing,hit,pre,0.0
gpt2-xl,grace,ripple,ripple_random_row1809,efficacy,hit,post,1.0
gpt2-xl,grace,ripple,ripple_random_row1809,ripple_aliasing,hit,post,1.0
gpt2-xl,grace,ripple,ripple_random_row1536,efficacy,hit,pre,0.0
gpt2-xl,grace,ripple,ripple_random_row1536,ripple_aliasing,hit,pre,0.0
gpt2-xl,grace,ripple,ripple_random_row1536,efficacy,hit,post,1.0
gpt2-xl,grace,ripple,ripple_random_row1536,ripple_aliasing,hit,post,1.0
gpt2-xl,grace,ripple,ripple_random_row1629,efficacy,hit,pre,0.0
gpt2-xl,grace,ripple,ripple_random_row1629,ripple_aliasing,hit,pre,0.0
gpt2-xl,grace,ripple,ripple_random_row1629,efficacy,hit,post,1.0
gpt2-xl,grace,ripple,ripple_random_row1629,ripple_aliasing,hit,post,1.0
gpt2-xl,grace,ripple,ripple_random_row1528,efficacy,hit,pre,0.0
gpt2-xl,grace,ripple,ripple_random_row1528,ripple_logical,hit,pre,0.0
gpt2-xl,grace,ripple,ripple_random_row1528,ripple_aliasing,hit,pre,0.0
gpt2-xl,grace,ripple,ripple_random_row1528,efficacy,hit,post,1.0
gpt2-xl,grace,ripple,ripple_random_row1528,ripple_logical,hit,post,0.0
gpt2-xl,grace,ripple,ripple_random_row1528,ripple_aliasing,hit,post,0.0
gpt2-xl,grace,ripple,ripple_random_row1529,efficacy,hit,pre,0.0
gpt2-xl,grace,ripple,ripple_random_row1529,ripple_aliasing,hit,pre,0.0
gpt2-xl,grace,ripple,ripple_random_row1529,efficacy,hit,post,1.0
gpt2-xl,grace,ripple,ripple_random_row1529,ripple_aliasing,hit,post,0.0
gpt2-xl,grace,ripple,ripple_random_row1815,efficacy,hit,pre,0.0
gpt2-xl,grace,ripple,ripple_random_row1815,ripple_aliasing,hit,pre,0.0
gpt2-xl,grace,ripple,ripple_random_row1815,efficacy,hit,post,1.0
gpt2-xl,grace,ripple,ripple_random_row1815,ripple_aliasing,hit,post,0.0
gpt2-xl,grace,ripple,ripple_random_row1675,efficacy,hit,pre,0.0
gpt2-xl,grace,ripple,ripple_random_row1675,ripple_logical,hit,pre,0.0
gpt2-xl,grace,ripple,ripple_random_row1675,ripple_aliasing,hit,pre,0.0
gpt2-xl,grace,ripple,ripple_random_row1675,efficacy,hit,post,1.0
gpt2-xl,grace,ripple,ripple_random_row1675,ripple_logical,hit,post,0.0
gpt2-xl,grace,ripple,ripple_random_row1675,ripple_aliasing,hit,post,0.0
gpt2-xl,grace,ripple,ripple_random_row1581,efficacy,hit,pre,0.0
gpt2-xl,grace,ripple,ripple_random_row1581,ripple_logical,hit,pre,0.0
gpt2-xl,grace,ripple,ripple_random_row1581,ripple_compositional_i,hit,pre,0.0
gpt2-xl,grace,ripple,ripple_random_row1581,ripple_aliasing,hit,pre,0.0
gpt2-xl,grace,ripple,ripple_random_row1581,efficacy,hit,post,1.0
gpt2-xl,grace,ripple,ripple_random_row1581,ripple_logical,hit,post,0.0
gpt2-xl,grace,ripple,ripple_random_row1581,ripple_compositional_i,hit,post,0.0
gpt2-xl,grace,ripple,ripple_random_row1581,ripple_aliasing,hit,post,0.5
gpt2-xl,grace,ripple,ripple_random_row1728,efficacy,hit,pre,0.0
gpt2-xl,grace,ripple,ripple_random_row1728,ripple_logical,hit,pre,0.0
gpt2-xl,grace,ripple,ripple_random_row1728,ripple_aliasing,hit,pre,0.0
gpt2-xl,grace,ripple,ripple_random_row1728,efficacy,hit,post,0.0
gpt2-xl,grace,ripple,ripple_random_row1728,ripple_logical,hit,post,0.0
gpt2-xl,grace,ripple,ripple_random_row1728,ripple_aliasing,hit,post,0.0
gpt2-xl,grace,ripple,ripple_random_row1609,efficacy,hit,pre,0.0
gpt2-xl,grace,ripple,ripple_random_row1609,ripple_compositional_i,hit,pre,0.0
gpt2-xl,grace,ripple,ripple_random_row1609,ripple_aliasing,hit,pre,0.0
gpt2-xl,grace,ripple,ripple_random_row1609,efficacy,hit,post,1.0
gpt2-xl,grace,ripple,ripple_random_row1609,ripple_compositional_i,hit,post,0.0
gpt2-xl,grace,ripple,ripple_random_row1609,ripple_aliasing,hit,post,0.0
gpt2-xl,grace,ripple,ripple_random_row1769,efficacy,hit,pre,0.0
gpt2-xl,grace,ripple,ripple_random_row1769,ripple_logical,hit,pre,0.0
gpt2-xl,grace,ripple,ripple_random_row1769,ripple_aliasing,hit,pre,0.0
gpt2-xl,grace,ripple,ripple_random_row1769,efficacy,hit,post,1.0
gpt2-xl,grace,ripple,ripple_random_row1769,ripple_logical,hit,post,0.0
gpt2-xl,grace,ripple,ripple_random_row1769,ripple_aliasing,hit,post,0.0
gpt2-xl,grace,ripple,ripple_random_row1721,efficacy,hit,pre,0.0
gpt2-xl,grace,ripple,ripple_random_row1721,ripple_aliasing,hit,pre,0.0
gpt2-xl,grace,ripple,ripple_random_row1721,efficacy,hit,post,1.0
gpt2-xl,grace,ripple,ripple_random_row1721,ripple_aliasing,hit,post,0.0
gpt2-xl,grace,ripple,ripple_random_row1504,efficacy,hit,pre,0.0
gpt2-xl,grace,ripple,ripple_random_row1504,ripple_aliasing,hit,pre,0.0
gpt2-xl,grace,ripple,ripple_random_row1504,efficacy,hit,post,1.0
gpt2-xl,grace,ripple,ripple_random_row1504,ripple_aliasing,hit,post,1.0
gpt2-xl,grace,ripple,ripple_random_row1702,efficacy,hit,pre,0.0
gpt2-xl,grace,ripple,ripple_random_row1702,ripple_compositional_i,hit,pre,0.0
gpt2-xl,grace,ripple,ripple_random_row1702,ripple_aliasing,hit,pre,0.0
gpt2-xl,grace,ripple,ripple_random_row1702,efficacy,hit,post,1.0
gpt2-xl,grace,ripple,ripple_random_row1702,ripple_compositional_i,hit,post,0.0
gpt2-xl,grace,ripple,ripple_random_row1702,ripple_aliasing,hit,post,0.0
gpt2-xl,grace,ripple,ripple_random_row1912,efficacy,hit,pre,0.0
gpt2-xl,grace,ripple,ripple_random_row1912,ripple_aliasing,hit,pre,0.0
gpt2-xl,grace,ripple,ripple_random_row1912,efficacy,hit,post,1.0
gpt2-xl,grace,ripple,ripple_random_row1912,ripple_aliasing,hit,post,1.0
gpt2-xl,grace,ripple,ripple_random_row1686,efficacy,hit,pre,0.0
gpt2-xl,grace,ripple,ripple_random_row1686,ripple_aliasing,hit,pre,0.0
gpt2-xl,grace,ripple,ripple_random_row1686,efficacy,hit,post,1.0
gpt2-xl,grace,ripple,ripple_random_row1686,ripple_aliasing,hit,post,0.0
gpt2-xl,grace,ripple,ripple_random_row1747,efficacy,hit,pre,0.0
gpt2-xl,grace,ripple,ripple_random_row1747,ripple_aliasing,hit,pre,0.0
gpt2-xl,grace,ripple,ripple_random_row1747,efficacy,hit,post,1.0
gpt2-xl,grace,ripple,ripple_random_row1747,ripple_aliasing,hit,post,0.0
gpt2-xl,grace,ripple,ripple_random_row1802,efficacy,hit,pre,0.0
gpt2-xl,grace,ripple,ripple_random_row1802,ripple_aliasing,hit,pre,0.0
gpt2-xl,grace,ripple,ripple_random_row1802,efficacy,hit,post,0.0
gpt2-xl,grace,ripple,ripple_random_row1802,ripple_aliasing,hit,post,0.0
gpt2-xl,grace,ripple,ripple_random_row1759,efficacy,hit,pre,0.0
gpt2-xl,grace,ripple,ripple_random_row1759,ripple_aliasing,hit,pre,0.0
gpt2-xl,grace,ripple,ripple_random_row1759,efficacy,hit,post,1.0
gpt2-xl,grace,ripple,ripple_random_row1759,ripple_aliasing,hit,post,0.0
gpt2-xl,grace,ripple,ripple_random_row1893,efficacy,hit,pre,0.0
gpt2-xl,grace,ripple,ripple_random_row1893,ripple_aliasing,hit,pre,0.0
gpt2-xl,grace,ripple,ripple_random_row1893,efficacy,hit,post,1.0
gpt2-xl,grace,ripple,ripple_random_row1893,ripple_aliasing,hit,post,1.0
gpt2-xl,grace,ripple,ripple_random_row1740,efficacy,hit,pre,0.0
gpt2-xl,grace,ripple,ripple_random_row1740,ripple_aliasing,hit,pre,0.0
gpt2-xl,grace,ripple,ripple_random_row1740,efficacy,hit,post,1.0
gpt2-xl,grace,ripple,ripple_random_row1740,ripple_aliasing,hit,post,0.0
gpt2-xl,grace,ripple,ripple_random_row1659,efficacy,hit,pre,0.0
gpt2-xl,grace,ripple,ripple_random_row1659,ripple_aliasing,hit,pre,0.0
gpt2-xl,grace,ripple,ripple_random_row1659,efficacy,hit,post,0.0
gpt2-xl,grace,ripple,ripple_random_row1659,ripple_aliasing,hit,post,0.0
gpt2-xl,grace,ripple,ripple_random_row1685,efficacy,hit,pre,0.0
gpt2-xl,grace,ripple,ripple_random_row1685,ripple_logical,hit,pre,0.0
gpt2-xl,grace,ripple,ripple_random_row1685,ripple_compositional_i,hit,pre,0.0
gpt2-xl,grace,ripple,ripple_random_row1685,ripple_aliasing,hit,pre,0.0
gpt2-xl,grace,ripple,ripple_random_row1685,efficacy,hit,post,1.0
gpt2-xl,grace,ripple,ripple_random_row1685,ripple_logical,hit,post,0.0
gpt2-xl,grace,ripple,ripple_random_row1685,ripple_compositional_i,hit,post,0.0
gpt2-xl,grace,ripple,ripple_random_row1685,ripple_aliasing,hit,post,1.0
gpt2-xl,grace,ripple,ripple_random_row1615,efficacy,hit,pre,0.0
gpt2-xl,grace,ripple,ripple_random_row1615,ripple_aliasing,hit,pre,0.0
gpt2-xl,grace,ripple,ripple_random_row1615,efficacy,hit,post,1.0
gpt2-xl,grace,ripple,ripple_random_row1615,ripple_aliasing,hit,post,0.0
gpt2-xl,grace,ripple,ripple_random_row1754,efficacy,hit,pre,0.0
gpt2-xl,grace,ripple,ripple_random_row1754,ripple_aliasing,hit,pre,0.0
gpt2-xl,grace,ripple,ripple_random_row1754,efficacy,hit,post,1.0
gpt2-xl,grace,ripple,ripple_random_row1754,ripple_aliasing,hit,post,0.0
gpt2-xl,grace,ripple,ripple_random_row1570,efficacy,hit,pre,0.0
gpt2-xl,grace,ripple,ripple_random_row1570,ripple_logical,hit,pre,0.0
gpt2-xl,grace,ripple,ripple_random_row1570,ripple_aliasing,hit,pre,0.0
gpt2-xl,grace,ripple,ripple_random_row1570,efficacy,hit,post,1.0
gpt2-xl,grace,ripple,ripple_random_row1570,ripple_logical,hit,post,0.0
gpt2-xl,grace,ripple,ripple_random_row1570,ripple_aliasing,hit,post,1.0
gpt2-xl,grace,ripple,ripple_random_row1905,efficacy,hit,pre,0.0
gpt2-xl,grace,ripple,ripple_random_row1905,ripple_aliasing,hit,pre,0.0
gpt2-xl,grace,ripple,ripple_random_row1905,ripple_relation_specificity,hit,pre,1.0
gpt2-xl,grace,ripple,ripple_random_row1905,efficacy,hit,post,1.0
gpt2-xl,grace,ripple,ripple_random_row1905,ripple_aliasing,hit,post,1.0
gpt2-xl,grace,ripple,ripple_random_row1905,ripple_relation_specificity,hit,post,1.0
gpt2-xl,grace,ripple,ripple_random_row1917,efficacy,hit,pre,0.0
gpt2-xl,grace,ripple,ripple_random_row1917,ripple_aliasing,hit,pre,0.0
gpt2-xl,grace,ripple,ripple_random_row1917,efficacy,hit,post,1.0
gpt2-xl,grace,ripple,ripple_random_row1917,ripple_aliasing,hit,post,0.0
gpt2-xl,grace,ripple,ripple_random_row1781,efficacy,hit,pre,0.0
gpt2-xl,grace,ripple,ripple_random_row1781,ripple_aliasing,hit,pre,0.0
gpt2-xl,grace,ripple,ripple_random_row1781,ripple_relation_specificity,hit,pre,1.0
gpt2-xl,grace,ripple,ripple_random_row1781,efficacy,hit,post,1.0
gpt2-xl,grace,ripple,ripple_random_row1781,ripple_aliasing,hit,post,0.0
gpt2-xl,grace,ripple,ripple_random_row1781,ripple_relation_specificity,hit,post,1.0
gpt2-xl,grace,ripple,ripple_random_row1603,efficacy,hit,pre,0.0
gpt2-xl,grace,ripple,ripple_random_row1603,ripple_aliasing,hit,pre,0.0
gpt2-xl,grace,ripple,ripple_random_row1603,efficacy,hit,post,0.0
gpt2-xl,grace,ripple,ripple_random_row1603,ripple_aliasing,hit,post,0.0
gpt2-xl,grace,ripple,ripple_random_row1751,efficacy,hit,pre,0.0
gpt2-xl,grace,ripple,ripple_random_row1751,ripple_aliasing,hit,pre,0.0
gpt2-xl,grace,ripple,ripple_random_row1751,efficacy,hit,post,1.0
gpt2-xl,grace,ripple,ripple_random_row1751,ripple_aliasing,hit,post,0.0
gpt2-xl,grace,ripple,ripple_random_row1899,efficacy,hit,pre,0.0
gpt2-xl,grace,ripple,ripple_random_row1899,ripple_aliasing,hit,pre,0.0
gpt2-xl,grace,ripple,ripple_random_row1899,efficacy,hit,post,1.0
gpt2-xl,grace,ripple,ripple_random_row1899,ripple_aliasing,hit,post,1.0
gpt2-xl,grace,ripple,ripple_random_row1890,efficacy,hit,pre,0.0
gpt2-xl,grace,ripple,ripple_random_row1890,ripple_aliasing,hit,pre,0.0
gpt2-xl,grace,ripple,ripple_random_row1890,efficacy,hit,post,1.0
gpt2-xl,grace,ripple,ripple_random_row1890,ripple_aliasing,hit,post,0.0
gpt2-xl,grace,ripple,ripple_random_row1636,efficacy,hit,pre,0.0
gpt2-xl,grace,ripple,ripple_random_row1636,efficacy,hit,post,1.0
gpt2-xl,grace,ripple,ripple_random_row1684,efficacy,hit,pre,0.0
gpt2-xl,grace,ripple,ripple_random_row1684,ripple_logical,hit,pre,0.0
gpt2-xl,grace,ripple,ripple_random_row1684,ripple_compositional_i,hit,pre,0.0
gpt2-xl,grace,ripple,ripple_random_row1684,ripple_aliasing,hit,pre,0.0
gpt2-xl,grace,ripple,ripple_random_row1684,efficacy,hit,post,1.0
gpt2-xl,grace,ripple,ripple_random_row1684,ripple_logical,hit,post,0.0
gpt2-xl,grace,ripple,ripple_random_row1684,ripple_compositional_i,hit,post,0.0
gpt2-xl,grace,ripple,ripple_random_row1684,ripple_aliasing,hit,post,0.5
gpt2-xl,grace,ripple,ripple_random_row1817,efficacy,hit,pre,0.0
gpt2-xl,grace,ripple,ripple_random_row1817,ripple_aliasing,hit,pre,0.0
gpt2-xl,grace,ripple,ripple_random_row1817,efficacy,hit,post,1.0
gpt2-xl,grace,ripple,ripple_random_row1817,ripple_aliasing,hit,post,0.5
gpt2-xl,grace,ripple,ripple_random_row1896,efficacy,hit,pre,0.0
gpt2-xl,grace,ripple,ripple_random_row1896,ripple_aliasing,hit,pre,0.0
gpt2-xl,grace,ripple,ripple_random_row1896,efficacy,hit,post,1.0
gpt2-xl,grace,ripple,ripple_random_row1896,ripple_aliasing,hit,post,0.0
gpt2-xl,grace,ripple,ripple_random_row1845,efficacy,hit,pre,1.0
gpt2-xl,grace,ripple,ripple_random_row1845,ripple_aliasing,hit,pre,0.0
gpt2-xl,grace,ripple,ripple_random_row1845,efficacy,hit,post,1.0
gpt2-xl,grace,ripple,ripple_random_row1845,ripple_aliasing,hit,post,0.0
gpt2-xl,grace,ripple,ripple_random_row1688,efficacy,hit,pre,0.0
gpt2-xl,grace,ripple,ripple_random_row1688,ripple_aliasing,hit,pre,0.0
gpt2-xl,grace,ripple,ripple_random_row1688,efficacy,hit,post,1.0
gpt2-xl,grace,ripple,ripple_random_row1688,ripple_aliasing,hit,post,1.0
gpt2-xl,grace,ripple,ripple_random_row1903,efficacy,hit,pre,0.0
gpt2-xl,grace,ripple,ripple_random_row1903,ripple_aliasing,hit,pre,0.0
gpt2-xl,grace,ripple,ripple_random_row1903,efficacy,hit,post,1.0
gpt2-xl,grace,ripple,ripple_random_row1903,ripple_aliasing,hit,post,0.0
gpt2-xl,grace,ripple,ripple_random_row1501,efficacy,hit,pre,0.0
gpt2-xl,grace,ripple,ripple_random_row1501,ripple_aliasing,hit,pre,0.0
gpt2-xl,grace,ripple,ripple_random_row1501,efficacy,hit,post,1.0
gpt2-xl,grace,ripple,ripple_random_row1501,ripple_aliasing,hit,post,1.0
gpt2-xl,grace,ripple,ripple_random_row1637,efficacy,hit,pre,0.0
gpt2-xl,grace,ripple,ripple_random_row1637,ripple_aliasing,hit,pre,0.0
gpt2-xl,grace,ripple,ripple_random_row1637,efficacy,hit,post,1.0
gpt2-xl,grace,ripple,ripple_random_row1637,ripple_aliasing,hit,post,0.0
gpt2-xl,grace,ripple,ripple_random_row1834,efficacy,hit,pre,0.0
gpt2-xl,grace,ripple,ripple_random_row1834,ripple_logical,hit,pre,0.0
gpt2-xl,grace,ripple,ripple_random_row1834,ripple_aliasing,hit,pre,0.0
gpt2-xl,grace,ripple,ripple_random_row1834,ripple_relation_specificity,hit,pre,1.0
gpt2-xl,grace,ripple,ripple_random_row1834,efficacy,hit,post,1.0
gpt2-xl,grace,ripple,ripple_random_row1834,ripple_logical,hit,post,0.0
gpt2-xl,grace,ripple,ripple_random_row1834,ripple_aliasing,hit,post,0.0
gpt2-xl,grace,ripple,ripple_random_row1834,ripple_relation_specificity,hit,post,1.0
gpt2-xl,grace,ripple,ripple_random_row1522,efficacy,hit,pre,0.0
gpt2-xl,grace,ripple,ripple_random_row1522,ripple_aliasing,hit,pre,0.0
gpt2-xl,grace,ripple,ripple_random_row1522,efficacy,hit,post,1.0
gpt2-xl,grace,ripple,ripple_random_row1522,ripple_aliasing,hit,post,0.0
gpt2-xl,grace,ripple,ripple_random_row1568,efficacy,hit,pre,0.0
gpt2-xl,grace,ripple,ripple_random_row1568,ripple_aliasing,hit,pre,0.0
gpt2-xl,grace,ripple,ripple_random_row1568,efficacy,hit,post,0.0
gpt2-xl,grace,ripple,ripple_random_row1568,ripple_aliasing,hit,post,0.0
gpt2-xl,grace,ripple,ripple_random_row1872,efficacy,hit,pre,0.0
gpt2-xl,grace,ripple,ripple_random_row1872,ripple_aliasing,hit,pre,0.0
gpt2-xl,grace,ripple,ripple_random_row1872,efficacy,hit,post,1.0
gpt2-xl,grace,ripple,ripple_random_row1872,ripple_aliasing,hit,post,0.0
gpt2-xl,grace,ripple,ripple_random_row1846,efficacy,hit,pre,0.0
gpt2-xl,grace,ripple,ripple_random_row1846,ripple_aliasing,hit,pre,0.0
gpt2-xl,grace,ripple,ripple_random_row1846,efficacy,hit,post,1.0
gpt2-xl,grace,ripple,ripple_random_row1846,ripple_aliasing,hit,post,1.0
gpt2-xl,grace,ripple,ripple_random_row1558,efficacy,hit,pre,0.0
gpt2-xl,grace,ripple,ripple_random_row1558,ripple_aliasing,hit,pre,0.0
gpt2-xl,grace,ripple,ripple_random_row1558,efficacy,hit,post,1.0
gpt2-xl,grace,ripple,ripple_random_row1558,ripple_aliasing,hit,post,0.5
gpt2-xl,grace,ripple,ripple_random_row1618,efficacy,hit,pre,0.0
gpt2-xl,grace,ripple,ripple_random_row1618,ripple_aliasing,hit,pre,0.0
gpt2-xl,grace,ripple,ripple_random_row1618,efficacy,hit,post,1.0
gpt2-xl,grace,ripple,ripple_random_row1618,ripple_aliasing,hit,post,1.0
gpt2-xl,grace,ripple,ripple_random_row1720,efficacy,hit,pre,0.0
gpt2-xl,grace,ripple,ripple_random_row1720,ripple_logical,hit,pre,0.0
gpt2-xl,grace,ripple,ripple_random_row1720,ripple_compositional_i,hit,pre,0.0
gpt2-xl,grace,ripple,ripple_random_row1720,ripple_aliasing,hit,pre,0.0
gpt2-xl,grace,ripple,ripple_random_row1720,efficacy,hit,post,1.0
gpt2-xl,grace,ripple,ripple_random_row1720,ripple_logical,hit,post,0.0
gpt2-xl,grace,ripple,ripple_random_row1720,ripple_compositional_i,hit,post,0.0
gpt2-xl,grace,ripple,ripple_random_row1720,ripple_aliasing,hit,post,0.0
gpt2-xl,grace,ripple,ripple_random_row1795,efficacy,hit,pre,0.0
gpt2-xl,grace,ripple,ripple_random_row1795,ripple_aliasing,hit,pre,0.0
gpt2-xl,grace,ripple,ripple_random_row1795,efficacy,hit,post,1.0
gpt2-xl,grace,ripple,ripple_random_row1795,ripple_aliasing,hit,post,0.0
gpt2-xl,grace,ripple,ripple_random_row1650,efficacy,hit,pre,0.0
gpt2-xl,grace,ripple,ripple_random_row1650,ripple_aliasing,hit,pre,0.0
gpt2-xl,grace,ripple,ripple_random_row1650,efficacy,hit,post,1.0
gpt2-xl,grace,ripple,ripple_random_row1650,ripple_aliasing,hit,post,0.0
gpt2-xl,grace,ripple,ripple_random_row1692,efficacy,hit,pre,0.0
gpt2-xl,grace,ripple,ripple_random_row1692,ripple_aliasing,hit,pre,0.0
gpt2-xl,grace,ripple,ripple_random_row1692,ripple_relation_specificity,hit,pre,1.0
gpt2-xl,grace,ripple,ripple_random_row1692,efficacy,hit,post,1.0
gpt2-xl,grace,ripple,ripple_random_row1692,ripple_aliasing,hit,post,0.0
gpt2-xl,grace,ripple,ripple_random_row1692,ripple_relation_specificity,hit,post,1.0
gpt2-xl,grace,ripple,ripple_random_row1826,efficacy,hit,pre,0.0
gpt2-xl,grace,ripple,ripple_random_row1826,ripple_aliasing,hit,pre,0.0
gpt2-xl,grace,ripple,ripple_random_row1826,efficacy,hit,post,1.0
gpt2-xl,grace,ripple,ripple_random_row1826,ripple_aliasing,hit,post,1.0
gpt2-xl,grace,ripple,ripple_random_row1526,efficacy,hit,pre,0.0
gpt2-xl,grace,ripple,ripple_random_row1526,ripple_aliasing,hit,pre,0.0
gpt2-xl,grace,ripple,ripple_random_row1526,efficacy,hit,post,1.0
gpt2-xl,grace,ripple,ripple_random_row1526,ripple_aliasing,hit,post,0.0
gpt2-xl,grace,ripple,ripple_random_row1836,efficacy,hit,pre,0.0
gpt2-xl,grace,ripple,ripple_random_row1836,ripple_aliasing,hit,pre,0.0
gpt2-xl,grace,ripple,ripple_random_row1836,efficacy,hit,post,1.0
gpt2-xl,grace,ripple,ripple_random_row1836,ripple_aliasing,hit,post,0.0
gpt2-xl,grace,ripple,ripple_random_row1505,efficacy,hit,pre,0.0
gpt2-xl,grace,ripple,ripple_random_row1505,ripple_aliasing,hit,pre,0.0
gpt2-xl,grace,ripple,ripple_random_row1505,efficacy,hit,post,1.0
gpt2-xl,grace,ripple,ripple_random_row1505,ripple_aliasing,hit,post,1.0
gpt2-xl,grace,ripple,ripple_random_row1646,efficacy,hit,pre,0.0
gpt2-xl,grace,ripple,ripple_random_row1646,ripple_logical,hit,pre,0.0
gpt2-xl,grace,ripple,ripple_random_row1646,ripple_aliasing,hit,pre,0.0
gpt2-xl,grace,ripple,ripple_random_row1646,efficacy,hit,post,1.0
gpt2-xl,grace,ripple,ripple_random_row1646,ripple_logical,hit,post,0.0
gpt2-xl,grace,ripple,ripple_random_row1646,ripple_aliasing,hit,post,0.0
gpt2-xl,grace,ripple,ripple_random_row1709,efficacy,hit,pre,0.0
gpt2-xl,grace,ripple,ripple_random_row1709,ripple_logical,hit,pre,0.0
gpt2-xl,grace,ripple,ripple_random_row1709,ripple_compositional_i,hit,pre,0.0
gpt2-xl,grace,ripple,ripple_random_row1709,ripple_aliasing,hit,pre,0.0
gpt2-xl,grace,ripple,ripple_random_row1709,efficacy,hit,post,1.0
gpt2-xl,grace,ripple,ripple_random_row1709,ripple_logical,hit,post,0.0
gpt2-xl,grace,ripple,ripple_random_row1709,ripple_compositional_i,hit,post,0.0
gpt2-xl,grace,ripple,ripple_random_row1709,ripple_aliasing,hit,post,0.6666666666666666
gpt2-xl,grace,ripple,ripple_random_row1814,efficacy,hit,pre,0.0
gpt2-xl,grace,ripple,ripple_random_row1814,ripple_aliasing,hit,pre,0.0
gpt2-xl,grace,ripple,ripple_random_row1814,efficacy,hit,post,1.0
gpt2-xl,grace,ripple,ripple_random_row1814,ripple_aliasing,hit,post,0.0
gpt2-xl,grace,ripple,ripple_random_row1889,efficacy,hit,pre,0.0
gpt2-xl,grace,ripple,ripple_random_row1889,ripple_aliasing,hit,pre,0.0
gpt2-xl,grace,ripple,ripple_random_row1889,efficacy,hit,post,1.0
gpt2-xl,grace,ripple,ripple_random_row1889,ripple_aliasing,hit,post,1.0
gpt2-xl,grace,ripple,ripple_random_row1713,efficacy,hit,pre,0.0
gpt2-xl,grace,ripple,ripple_random_row1713,ripple_aliasing,hit,pre,0.0
gpt2-xl,grace,ripple,ripple_random_row1713,efficacy,hit,post,0.0
gpt2-xl,grace,ripple,ripple_random_row1713,ripple_aliasing,hit,post,0.0
gpt2-xl,grace,ripple,ripple_random_row1582,efficacy,hit,pre,0.0
gpt2-xl,grace,ripple,ripple_random_row1582,ripple_aliasing,hit,pre,0.0
gpt2-xl,grace,ripple,ripple_random_row1582,efficacy,hit,post,1.0
gpt2-xl,grace,ripple,ripple_random_row1582,ripple_aliasing,hit,post,1.0
gpt2-xl,memit,ripple,ripple_popular_row657,efficacy,hit,pre,0.0
gpt2-xl,memit,ripple,ripple_popular_row657,ripple_aliasing,hit,pre,0.0
gpt2-xl,memit,ripple,ripple_popular_row657,ripple_relation_specificity,hit,pre,1.0
gpt2-xl,memit,ripple,ripple_popular_row657,efficacy,hit,post,0.0
gpt2-xl,memit,ripple,ripple_popular_row657,ripple_aliasing,hit,post,0.0
gpt2-xl,memit,ripple,ripple_popular_row657,ripple_relation_specificity,hit,post,1.0
gpt2-xl,memit,ripple,ripple_popular_row839,efficacy,hit,pre,0.0
gpt2-xl,memit,ripple,ripple_popular_row839,ripple_aliasing,hit,pre,0.0
gpt2-xl,memit,ripple,ripple_popular_row839,efficacy,hit,post,0.0
gpt2-xl,memit,ripple,ripple_popular_row839,ripple_aliasing,hit,post,0.0
gpt2-xl,memit,ripple,ripple_popular_row792,efficacy,hit,pre,0.0
gpt2-xl,memit,ripple,ripple_popular_row792,ripple_aliasing,hit,pre,0.0
gpt2-xl,memit,ripple,ripple_popular_row792,efficacy,hit,post,0.0
gpt2-xl,memit,ripple,ripple_popular_row792,ripple_aliasing,hit,post,0.0
gpt2-xl,memit,ripple,ripple_popular_row778,efficacy,hit,pre,0.0
gpt2-xl,memit,ripple,ripple_popular_row778,ripple_logical,hit,pre,0.0
gpt2-xl,memit,ripple,ripple_popular_row778,ripple_aliasing,hit,pre,0.0
gpt2-xl,memit,ripple,ripple_popular_row778,ripple_relation_specificity,hit,pre,1.0
gpt2-xl,memit,ripple,ripple_popular_row778,efficacy,hit,post,0.0
gpt2-xl,memit,ripple,ripple_popular_row778,ripple_logical,hit,post,0.0
gpt2-xl,memit,ripple,ripple_popular_row778,ripple_aliasing,hit,post,0.0
gpt2-xl,memit,ripple,ripple_popular_row778,ripple_relation_specificity,hit,post,0.0
gpt2-xl,memit,ripple,ripple_popular_row846,efficacy,hit,pre,0.0
gpt2-xl,memit,ripple,ripple_popular_row846,ripple_aliasing,hit,pre,0.0
gpt2-xl,memit,ripple,ripple_popular_row846,ripple_relation_specificity,hit,pre,1.0
gpt2-xl,memit,ripple,ripple_popular_row846,efficacy,hit,post,1.0
gpt2-xl,memit,ripple,ripple_popular_row846,ripple_aliasing,hit,post,0.0
gpt2-xl,memit,ripple,ripple_popular_row846,ripple_relation_specificity,hit,post,1.0
gpt2-xl,memit,ripple,ripple_popular_row735,efficacy,hit,pre,0.0
gpt2-xl,memit,ripple,ripple_popular_row735,ripple_compositional_i,hit,pre,0.0
gpt2-xl,memit,ripple,ripple_popular_row735,ripple_aliasing,hit,pre,0.0
gpt2-xl,memit,ripple,ripple_popular_row735,efficacy,hit,post,1.0
gpt2-xl,memit,ripple,ripple_popular_row735,ripple_compositional_i,hit,post,0.0
gpt2-xl,memit,ripple,ripple_popular_row735,ripple_aliasing,hit,post,1.0
gpt2-xl,memit,ripple,ripple_popular_row867,efficacy,hit,pre,0.0
gpt2-xl,memit,ripple,ripple_popular_row867,ripple_logical,hit,pre,0.0
gpt2-xl,memit,ripple,ripple_popular_row867,ripple_aliasing,hit,pre,0.0
gpt2-xl,memit,ripple,ripple_popular_row867,efficacy,hit,post,0.0
gpt2-xl,memit,ripple,ripple_popular_row867,ripple_logical,hit,post,0.0
gpt2-xl,memit,ripple,ripple_popular_row867,ripple_aliasing,hit,post,0.0
gpt2-xl,memit,ripple,ripple_popular_row838,efficacy,hit,pre,0.0
gpt2-xl,memit,ripple,ripple_popular_row838,ripple_logical,hit,pre,0.0
gpt2-xl,memit,ripple,ripple_popular_row838,ripple_aliasing,hit,pre,0.0
gpt2-xl,memit,ripple,ripple_popular_row838,ripple_relation_specificity,hit,pre,1.0
gpt2-xl,memit,ripple,ripple_popular_row838,efficacy,hit,post,0.0
gpt2-xl,memit,ripple,ripple_popular_row838,ripple_logical,hit,post,0.0
gpt2-xl,memit,ripple,ripple_popular_row838,ripple_aliasing,hit,post,0.0
gpt2-xl,memit,ripple,ripple_popular_row838,ripple_relation_specificity,hit,post,0.0
gpt2-xl,memit,ripple,ripple_popular_row716,efficacy,hit,pre,0.0
gpt2-xl,memit,ripple,ripple_popular_row716,ripple_aliasing,hit,pre,0.0
gpt2-xl,memit,ripple,ripple_popular_row716,efficacy,hit,post,0.0
gpt2-xl,memit,ripple,ripple_popular_row716,ripple_aliasing,hit,post,0.0
gpt2-xl,memit,ripple,ripple_popular_row857,efficacy,hit,pre,0.0
gpt2-xl,memit,ripple,ripple_popular_row857,ripple_logical,hit,pre,0.0
gpt2-xl,memit,ripple,ripple_popular_row857,ripple_aliasing,hit,pre,0.0
gpt2-xl,memit,ripple,ripple_popular_row857,efficacy,hit,post,0.0
gpt2-xl,memit,ripple,ripple_popular_row857,ripple_logical,hit,post,0.0
gpt2-xl,memit,ripple,ripple_popular_row857,ripple_aliasing,hit,post,0.0
gpt2-xl,memit,ripple,ripple_popular_row868,efficacy,hit,pre,0.0
gpt2-xl,memit,ripple,ripple_popular_row868,ripple_compositional_i,hit,pre,0.5
gpt2-xl,memit,ripple,ripple_popular_row868,efficacy,hit,post,1.0
gpt2-xl,memit,ripple,ripple_popular_row868,ripple_compositional_i,hit,post,0.0
gpt2-xl,memit,ripple,ripple_popular_row699,efficacy,hit,pre,0.0
gpt2-xl,memit,ripple,ripple_popular_row699,ripple_aliasing,hit,pre,0.0
gpt2-xl,memit,ripple,ripple_popular_row699,efficacy,hit,post,1.0
gpt2-xl,memit,ripple,ripple_popular_row699,ripple_aliasing,hit,post,0.0
gpt2-xl,memit,ripple,ripple_popular_row825,efficacy,hit,pre,0.0
gpt2-xl,memit,ripple,ripple_popular_row825,ripple_aliasing,hit,pre,0.0
gpt2-xl,memit,ripple,ripple_popular_row825,efficacy,hit,post,1.0
gpt2-xl,memit,ripple,ripple_popular_row825,ripple_aliasing,hit,post,0.0
gpt2-xl,memit,ripple,ripple_popular_row866,efficacy,hit,pre,0.0
gpt2-xl,memit,ripple,ripple_popular_row866,ripple_compositional_i,hit,pre,0.0
gpt2-xl,memit,ripple,ripple_popular_row866,ripple_aliasing,hit,pre,0.0
gpt2-xl,memit,ripple,ripple_popular_row866,efficacy,hit,post,1.0
gpt2-xl,memit,ripple,ripple_popular_row866,ripple_compositional_i,hit,post,0.5
gpt2-xl,memit,ripple,ripple_popular_row866,ripple_aliasing,hit,post,0.25
gpt2-xl,memit,ripple,ripple_popular_row642,efficacy,hit,pre,0.0
gpt2-xl,memit,ripple,ripple_popular_row642,ripple_aliasing,hit,pre,0.0
gpt2-xl,memit,ripple,ripple_popular_row642,ripple_relation_specificity,hit,pre,1.0
gpt2-xl,memit,ripple,ripple_popular_row642,efficacy,hit,post,0.0
gpt2-xl,memit,ripple,ripple_popular_row642,ripple_aliasing,hit,post,0.0
gpt2-xl,memit,ripple,ripple_popular_row642,ripple_relation_specificity,hit,post,1.0
gpt2-xl,memit,ripple,ripple_popular_row653,efficacy,hit,pre,0.0
gpt2-xl,memit,ripple,ripple_popular_row653,ripple_logical,hit,pre,0.0
gpt2-xl,memit,ripple,ripple_popular_row653,efficacy,hit,post,0.0
gpt2-xl,memit,ripple,ripple_popular_row653,ripple_logical,hit,post,0.0
gpt2-xl,memit,ripple,ripple_popular_row663,efficacy,hit,pre,0.0
gpt2-xl,memit,ripple,ripple_popular_row663,efficacy,hit,post,1.0
gpt2-xl,memit,ripple,ripple_popular_row692,efficacy,hit,pre,0.0
gpt2-xl,memit,ripple,ripple_popular_row692,ripple_logical,hit,pre,0.0
gpt2-xl,memit,ripple,ripple_popular_row692,ripple_aliasing,hit,pre,0.0
gpt2-xl,memit,ripple,ripple_popular_row692,ripple_relation_specificity,hit,pre,1.0
gpt2-xl,memit,ripple,ripple_popular_row692,efficacy,hit,post,0.0
gpt2-xl,memit,ripple,ripple_popular_row692,ripple_logical,hit,post,0.0
gpt2-xl,memit,ripple,ripple_popular_row692,ripple_aliasing,hit,post,0.0
gpt2-xl,memit,ripple,ripple_popular_row692,ripple_relation_specificity,hit,post,0.5
gpt2-xl,memit,ripple,ripple_popular_row701,efficacy,hit,pre,0.0
gpt2-xl,memit,ripple,ripple_popular_row701,ripple_logical,hit,pre,0.0
gpt2-xl,memit,ripple,ripple_popular_row701,ripple_aliasing,hit,pre,0.0
gpt2-xl,memit,ripple,ripple_popular_row701,efficacy,hit,post,0.0
gpt2-xl,memit,ripple,ripple_popular_row701,ripple_logical,hit,post,0.0
gpt2-xl,memit,ripple,ripple_popular_row701,ripple_aliasing,hit,post,0.0
gpt2-xl,memit,ripple,ripple_popular_row690,efficacy,hit,pre,0.0
gpt2-xl,memit,ripple,ripple_popular_row690,ripple_aliasing,hit,pre,0.0
gpt2-xl,memit,ripple,ripple_popular_row690,ripple_relation_specificity,hit,pre,1.0
gpt2-xl,memit,ripple,ripple_popular_row690,efficacy,hit,post,0.0
gpt2-xl,memit,ripple,ripple_popular_row690,ripple_aliasing,hit,post,0.0
gpt2-xl,memit,ripple,ripple_popular_row690,ripple_relation_specificity,hit,post,0.5
gpt2-xl,memit,ripple,ripple_popular_row668,efficacy,hit,pre,0.0
gpt2-xl,memit,ripple,ripple_popular_row668,ripple_aliasing,hit,pre,0.0
gpt2-xl,memit,ripple,ripple_popular_row668,efficacy,hit,post,1.0
gpt2-xl,memit,ripple,ripple_popular_row668,ripple_aliasing,hit,post,0.6
gpt2-xl,memit,ripple,ripple_popular_row810,efficacy,hit,pre,0.0
gpt2-xl,memit,ripple,ripple_popular_row810,ripple_logical,hit,pre,0.0
gpt2-xl,memit,ripple,ripple_popular_row810,ripple_aliasing,hit,pre,0.0
gpt2-xl,memit,ripple,ripple_popular_row810,ripple_relation_specificity,hit,pre,0.0
gpt2-xl,memit,ripple,ripple_popular_row810,efficacy,hit,post,0.0
gpt2-xl,memit,ripple,ripple_popular_row810,ripple_logical,hit,post,0.0
gpt2-xl,memit,ripple,ripple_popular_row810,ripple_aliasing,hit,post,0.0
gpt2-xl,memit,ripple,ripple_popular_row810,ripple_relation_specificity,hit,post,0.0
gpt2-xl,memit,ripple,ripple_popular_row870,efficacy,hit,pre,0.0
gpt2-xl,memit,ripple,ripple_popular_row870,ripple_relation_specificity,hit,pre,1.0
gpt2-xl,memit,ripple,ripple_popular_row870,efficacy,hit,post,0.0
gpt2-xl,memit,ripple,ripple_popular_row870,ripple_relation_specificity,hit,post,0.0
gpt2-xl,memit,ripple,ripple_popular_row646,efficacy,hit,pre,0.0
gpt2-xl,memit,ripple,ripple_popular_row646,ripple_aliasing,hit,pre,0.0
gpt2-xl,memit,ripple,ripple_popular_row646,ripple_relation_specificity,hit,pre,1.0
gpt2-xl,memit,ripple,ripple_popular_row646,efficacy,hit,post,0.0
gpt2-xl,memit,ripple,ripple_popular_row646,ripple_aliasing,hit,post,0.0
gpt2-xl,memit,ripple,ripple_popular_row646,ripple_relation_specificity,hit,post,1.0
gpt2-xl,memit,ripple,ripple_popular_row697,efficacy,hit,pre,0.0
gpt2-xl,memit,ripple,ripple_popular_row697,ripple_aliasing,hit,pre,0.0
gpt2-xl,memit,ripple,ripple_popular_row697,efficacy,hit,post,1.0
gpt2-xl,memit,ripple,ripple_popular_row697,ripple_aliasing,hit,post,0.0
gpt2-xl,memit,ripple,ripple_popular_row613,efficacy,hit,pre,0.0
gpt2-xl,memit,ripple,ripple_popular_row613,ripple_logical,hit,pre,0.0
gpt2-xl,memit,ripple,ripple_popular_row613,ripple_aliasing,hit,pre,0.0
gpt2-xl,memit,ripple,ripple_popular_row613,ripple_relation_specificity,hit,pre,1.0
gpt2-xl,memit,ripple,ripple_popular_row613,efficacy,hit,post,0.0
gpt2-xl,memit,ripple,ripple_popular_row613,ripple_logical,hit,post,0.0
gpt2-xl,memit,ripple,ripple_popular_row613,ripple_aliasing,hit,post,0.0
gpt2-xl,memit,ripple,ripple_popular_row613,ripple_relation_specificity,hit,post,0.6666666666666666
gpt2-xl,memit,ripple,ripple_popular_row710,efficacy,hit,pre,0.0
gpt2-xl,memit,ripple,ripple_popular_row710,efficacy,hit,post,1.0
gpt2-xl,memit,ripple,ripple_popular_row819,efficacy,hit,pre,0.0
gpt2-xl,memit,ripple,ripple_popular_row819,ripple_aliasing,hit,pre,0.0
gpt2-xl,memit,ripple,ripple_popular_row819,efficacy,hit,post,0.0
gpt2-xl,memit,ripple,ripple_popular_row819,ripple_aliasing,hit,post,0.0
gpt2-xl,memit,ripple,ripple_popular_row782,efficacy,hit,pre,0.0
gpt2-xl,memit,ripple,ripple_popular_row782,ripple_aliasing,hit,pre,0.0
gpt2-xl,memit,ripple,ripple_popular_row782,efficacy,hit,post,1.0
gpt2-xl,memit,ripple,ripple_popular_row782,ripple_aliasing,hit,post,0.5
gpt2-xl,memit,ripple,ripple_popular_row696,efficacy,hit,pre,0.0
gpt2-xl,memit,ripple,ripple_popular_row696,efficacy,hit,post,1.0
gpt2-xl,memit,ripple,ripple_popular_row641,efficacy,hit,pre,0.0
gpt2-xl,memit,ripple,ripple_popular_row641,ripple_aliasing,hit,pre,0.0
gpt2-xl,memit,ripple,ripple_popular_row641,efficacy,hit,post,0.0
gpt2-xl,memit,ripple,ripple_popular_row641,ripple_aliasing,hit,post,0.0
gpt2-xl,memit,ripple,ripple_popular_row705,efficacy,hit,pre,0.0
gpt2-xl,memit,ripple,ripple_popular_row705,ripple_aliasing,hit,pre,0.0
gpt2-xl,memit,ripple,ripple_popular_row705,efficacy,hit,post,1.0
gpt2-xl,memit,ripple,ripple_popular_row705,ripple_aliasing,hit,post,0.0
gpt2-xl,memit,ripple,ripple_popular_row614,efficacy,hit,pre,0.0
gpt2-xl,memit,ripple,ripple_popular_row614,ripple_compositional_i,hit,pre,0.0
gpt2-xl,memit,ripple,ripple_popular_row614,ripple_aliasing,hit,pre,0.0
gpt2-xl,memit,ripple,ripple_popular_row614,ripple_relation_specificity,hit,pre,1.0
gpt2-xl,memit,ripple,ripple_popular_row614,efficacy,hit,post,0.0
gpt2-xl,memit,ripple,ripple_popular_row614,ripple_compositional_i,hit,post,0.0
gpt2-xl,memit,ripple,ripple_popular_row614,ripple_aliasing,hit,post,0.0
gpt2-xl,memit,ripple,ripple_popular_row614,ripple_relation_specificity,hit,post,1.0
gpt2-xl,memit,ripple,ripple_popular_row874,efficacy,hit,pre,0.0
gpt2-xl,memit,ripple,ripple_popular_row874,ripple_logical,hit,pre,0.0
gpt2-xl,memit,ripple,ripple_popular_row874,ripple_compositional_i,hit,pre,1.0
gpt2-xl,memit,ripple,ripple_popular_row874,ripple_aliasing,hit,pre,0.0
gpt2-xl,memit,ripple,ripple_popular_row874,efficacy,hit,post,0.0
gpt2-xl,memit,ripple,ripple_popular_row874,ripple_logical,hit,post,0.0
gpt2-xl,memit,ripple,ripple_popular_row874,ripple_compositional_i,hit,post,0.0
gpt2-xl,memit,ripple,ripple_popular_row874,ripple_aliasing,hit,post,0.0
gpt2-xl,memit,ripple,ripple_popular_row610,efficacy,hit,pre,0.0
gpt2-xl,memit,ripple,ripple_popular_row610,ripple_aliasing,hit,pre,0.0
gpt2-xl,memit,ripple,ripple_popular_row610,efficacy,hit,post,0.0
gpt2-xl,memit,ripple,ripple_popular_row610,ripple_aliasing,hit,post,0.0
gpt2-xl,memit,ripple,ripple_popular_row816,efficacy,hit,pre,0.0
gpt2-xl,memit,ripple,ripple_popular_row816,ripple_aliasing,hit,pre,0.0
gpt2-xl,memit,ripple,ripple_popular_row816,ripple_relation_specificity,hit,pre,1.0
gpt2-xl,memit,ripple,ripple_popular_row816,efficacy,hit,post,1.0
gpt2-xl,memit,ripple,ripple_popular_row816,ripple_aliasing,hit,post,0.0
gpt2-xl,memit,ripple,ripple_popular_row816,ripple_relation_specificity,hit,post,0.0
gpt2-xl,memit,ripple,ripple_popular_row717,efficacy,hit,pre,0.0
gpt2-xl,memit,ripple,ripple_popular_row717,ripple_logical,hit,pre,0.0
gpt2-xl,memit,ripple,ripple_popular_row717,ripple_aliasing,hit,pre,0.0
gpt2-xl,memit,ripple,ripple_popular_row717,ripple_relation_specificity,hit,pre,1.0
gpt2-xl,memit,ripple,ripple_popular_row717,efficacy,hit,post,0.0
gpt2-xl,memit,ripple,ripple_popular_row717,ripple_logical,hit,post,0.0
gpt2-xl,memit,ripple,ripple_popular_row717,ripple_aliasing,hit,post,0.0
gpt2-xl,memit,ripple,ripple_popular_row717,ripple_relation_specificity,hit,post,0.5
gpt2-xl,memit,ripple,ripple_popular_row836,efficacy,hit,pre,0.0
gpt2-xl,memit,ripple,ripple_popular_row836,ripple_compositional_ii,hit,pre,0.0
gpt2-xl,memit,ripple,ripple_popular_row836,ripple_aliasing,hit,pre,0.0
gpt2-xl,memit,ripple,ripple_popular_row836,ripple_relation_specificity,hit,pre,1.0
gpt2-xl,memit,ripple,ripple_popular_row836,efficacy,hit,post,0.0
gpt2-xl,memit,ripple,ripple_popular_row836,ripple_compositional_ii,hit,post,0.0
gpt2-xl,memit,ripple,ripple_popular_row836,ripple_aliasing,hit,post,0.0
gpt2-xl,memit,ripple,ripple_popular_row836,ripple_relation_specificity,hit,post,0.0
gpt2-xl,memit,ripple,ripple_popular_row719,efficacy,hit,pre,0.0
gpt2-xl,memit,ripple,ripple_popular_row719,efficacy,hit,post,0.0
gpt2-xl,memit,ripple,ripple_popular_row684,efficacy,hit,pre,0.0
gpt2-xl,memit,ripple,ripple_popular_row684,ripple_aliasing,hit,pre,0.0
gpt2-xl,memit,ripple,ripple_popular_row684,efficacy,hit,post,0.0
gpt2-xl,memit,ripple,ripple_popular_row684,ripple_aliasing,hit,post,0.0
gpt2-xl,memit,ripple,ripple_popular_row877,efficacy,hit,pre,0.0
gpt2-xl,memit,ripple,ripple_popular_row877,ripple_aliasing,hit,pre,0.0
gpt2-xl,memit,ripple,ripple_popular_row877,ripple_relation_specificity,hit,pre,1.0
gpt2-xl,memit,ripple,ripple_popular_row877,efficacy,hit,post,0.0
gpt2-xl,memit,ripple,ripple_popular_row877,ripple_aliasing,hit,post,0.0
gpt2-xl,memit,ripple,ripple_popular_row877,ripple_relation_specificity,hit,post,0.0
gpt2-xl,memit,ripple,ripple_popular_row763,efficacy,hit,pre,0.0
gpt2-xl,memit,ripple,ripple_popular_row763,ripple_aliasing,hit,pre,0.0
gpt2-xl,memit,ripple,ripple_popular_row763,efficacy,hit,post,0.0
gpt2-xl,memit,ripple,ripple_popular_row763,ripple_aliasing,hit,post,0.0
gpt2-xl,memit,ripple,ripple_popular_row731,efficacy,hit,pre,0.0
gpt2-xl,memit,ripple,ripple_popular_row731,ripple_aliasing,hit,pre,0.0
gpt2-xl,memit,ripple,ripple_popular_row731,ripple_relation_specificity,hit,pre,1.0
gpt2-xl,memit,ripple,ripple_popular_row731,efficacy,hit,post,0.0
gpt2-xl,memit,ripple,ripple_popular_row731,ripple_aliasing,hit,post,0.0
gpt2-xl,memit,ripple,ripple_popular_row731,ripple_relation_specificity,hit,post,0.0
gpt2-xl,memit,ripple,ripple_popular_row799,efficacy,hit,pre,0.0
gpt2-xl,memit,ripple,ripple_popular_row799,ripple_aliasing,hit,pre,0.0
gpt2-xl,memit,ripple,ripple_popular_row799,ripple_relation_specificity,hit,pre,1.0
gpt2-xl,memit,ripple,ripple_popular_row799,efficacy,hit,post,0.0
gpt2-xl,memit,ripple,ripple_popular_row799,ripple_aliasing,hit,post,0.0
gpt2-xl,memit,ripple,ripple_popular_row799,ripple_relation_specificity,hit,post,0.0
gpt2-xl,memit,ripple,ripple_popular_row880,efficacy,hit,pre,0.0
gpt2-xl,memit,ripple,ripple_popular_row880,ripple_aliasing,hit,pre,0.0
gpt2-xl,memit,ripple,ripple_popular_row880,ripple_relation_specificity,hit,pre,1.0
gpt2-xl,memit,ripple,ripple_popular_row880,efficacy,hit,post,1.0
gpt2-xl,memit,ripple,ripple_popular_row880,ripple_aliasing,hit,post,1.0
gpt2-xl,memit,ripple,ripple_popular_row880,ripple_relation_specificity,hit,post,0.0
gpt2-xl,memit,ripple,ripple_popular_row680,efficacy,hit,pre,0.0
gpt2-xl,memit,ripple,ripple_popular_row680,ripple_aliasing,hit,pre,0.0
gpt2-xl,memit,ripple,ripple_popular_row680,efficacy,hit,post,0.0
gpt2-xl,memit,ripple,ripple_popular_row680,ripple_aliasing,hit,post,0.0
gpt2-xl,memit,ripple,ripple_popular_row737,efficacy,hit,pre,0.0
gpt2-xl,memit,ripple,ripple_popular_row737,ripple_aliasing,hit,pre,0.0
gpt2-xl,memit,ripple,ripple_popular_row737,ripple_relation_specificity,hit,pre,1.0
gpt2-xl,memit,ripple,ripple_popular_row737,efficacy,hit,post,1.0
gpt2-xl,memit,ripple,ripple_popular_row737,ripple_aliasing,hit,post,0.0
gpt2-xl,memit,ripple,ripple_popular_row737,ripple_relation_specificity,hit,post,0.5
gpt2-xl,memit,ripple,ripple_popular_row712,efficacy,hit,pre,0.0
gpt2-xl,memit,ripple,ripple_popular_row712,ripple_aliasing,hit,pre,0.0
gpt2-xl,memit,ripple,ripple_popular_row712,ripple_relation_specificity,hit,pre,1.0
gpt2-xl,memit,ripple,ripple_popular_row712,efficacy,hit,post,0.0
gpt2-xl,memit,ripple,ripple_popular_row712,ripple_aliasing,hit,post,0.0
gpt2-xl,memit,ripple,ripple_popular_row712,ripple_relation_specificity,hit,post,1.0
gpt2-xl,memit,ripple,ripple_popular_row789,efficacy,hit,pre,0.0
gpt2-xl,memit,ripple,ripple_popular_row789,ripple_aliasing,hit,pre,0.0
gpt2-xl,memit,ripple,ripple_popular_row789,efficacy,hit,post,0.0
gpt2-xl,memit,ripple,ripple_popular_row789,ripple_aliasing,hit,post,0.0
gpt2-xl,memit,ripple,ripple_popular_row881,efficacy,hit,pre,0.0
gpt2-xl,memit,ripple,ripple_popular_row881,ripple_logical,hit,pre,0.0
gpt2-xl,memit,ripple,ripple_popular_row881,ripple_aliasing,hit,pre,0.0
gpt2-xl,memit,ripple,ripple_popular_row881,efficacy,hit,post,0.0
gpt2-xl,memit,ripple,ripple_popular_row881,ripple_logical,hit,post,0.0
gpt2-xl,memit,ripple,ripple_popular_row881,ripple_aliasing,hit,post,0.0
gpt2-xl,memit,ripple,ripple_popular_row863,efficacy,hit,pre,0.0
gpt2-xl,memit,ripple,ripple_popular_row863,ripple_aliasing,hit,pre,0.0
gpt2-xl,memit,ripple,ripple_popular_row863,efficacy,hit,post,1.0
gpt2-xl,memit,ripple,ripple_popular_row863,ripple_aliasing,hit,post,1.0
gpt2-xl,memit,ripple,ripple_popular_row873,efficacy,hit,pre,0.0
gpt2-xl,memit,ripple,ripple_popular_row873,ripple_compositional_i,hit,pre,0.0
gpt2-xl,memit,ripple,ripple_popular_row873,ripple_aliasing,hit,pre,0.0
gpt2-xl,memit,ripple,ripple_popular_row873,ripple_relation_specificity,hit,pre,1.0
gpt2-xl,memit,ripple,ripple_popular_row873,efficacy,hit,post,1.0
gpt2-xl,memit,ripple,ripple_popular_row873,ripple_compositional_i,hit,post,0.25
gpt2-xl,memit,ripple,ripple_popular_row873,ripple_aliasing,hit,post,1.0
gpt2-xl,memit,ripple,ripple_popular_row873,ripple_relation_specificity,hit,post,0.0
gpt2-xl,memit,ripple,ripple_popular_row708,efficacy,hit,pre,0.0
gpt2-xl,memit,ripple,ripple_popular_row708,ripple_aliasing,hit,pre,0.0
gpt2-xl,memit,ripple,ripple_popular_row708,ripple_relation_specificity,hit,pre,1.0
gpt2-xl,memit,ripple,ripple_popular_row708,efficacy,hit,post,0.0
gpt2-xl,memit,ripple,ripple_popular_row708,ripple_aliasing,hit,post,0.0
gpt2-xl,memit,ripple,ripple_popular_row708,ripple_relation_specificity,hit,post,1.0
gpt2-xl,memit,ripple,ripple_popular_row850,efficacy,hit,pre,0.0
gpt2-xl,memit,ripple,ripple_popular_row850,efficacy,hit,post,0.0
gpt2-xl,memit,ripple,ripple_popular_row634,efficacy,hit,pre,0.0
gpt2-xl,memit,ripple,ripple_popular_row634,ripple_aliasing,hit,pre,0.0
gpt2-xl,memit,ripple,ripple_popular_row634,efficacy,hit,post,0.0
gpt2-xl,memit,ripple,ripple_popular_row634,ripple_aliasing,hit,post,0.0
gpt2-xl,memit,ripple,ripple_popular_row796,efficacy,hit,pre,0.0
gpt2-xl,memit,ripple,ripple_popular_row796,ripple_relation_specificity,hit,pre,1.0
gpt2-xl,memit,ripple,ripple_popular_row796,efficacy,hit,post,0.0
gpt2-xl,memit,ripple,ripple_popular_row796,ripple_relation_specificity,hit,post,0.0
gpt2-xl,memit,ripple,ripple_popular_row751,efficacy,hit,pre,0.0
gpt2-xl,memit,ripple,ripple_popular_row751,ripple_logical,hit,pre,0.0
gpt2-xl,memit,ripple,ripple_popular_row751,ripple_aliasing,hit,pre,0.0
gpt2-xl,memit,ripple,ripple_popular_row751,ripple_relation_specificity,hit,pre,1.0
gpt2-xl,memit,ripple,ripple_popular_row751,efficacy,hit,post,0.0
gpt2-xl,memit,ripple,ripple_popular_row751,ripple_logical,hit,post,0.0
gpt2-xl,memit,ripple,ripple_popular_row751,ripple_aliasing,hit,post,0.0
gpt2-xl,memit,ripple,ripple_popular_row751,ripple_relation_specificity,hit,post,1.0
gpt2-xl,memit,ripple,ripple_popular_row871,efficacy,hit,pre,0.0
gpt2-xl,memit,ripple,ripple_popular_row871,ripple_logical,hit,pre,0.0
gpt2-xl,memit,ripple,ripple_popular_row871,efficacy,hit,post,0.0
gpt2-xl,memit,ripple,ripple_popular_row871,ripple_logical,hit,post,0.0
gpt2-xl,memit,ripple,ripple_popular_row746,efficacy,hit,pre,0.0
gpt2-xl,memit,ripple,ripple_popular_row746,ripple_aliasing,hit,pre,0.0
gpt2-xl,memit,ripple,ripple_popular_row746,ripple_preservation,hit,pre,0.0
gpt2-xl,memit,ripple,ripple_popular_row746,efficacy,hit,post,1.0
gpt2-xl,memit,ripple,ripple_popular_row746,ripple_aliasing,hit,post,0.6666666666666666
gpt2-xl,memit,ripple,ripple_popular_row746,ripple_preservation,hit,post,0.0
gpt2-xl,memit,ripple,ripple_popular_row829,efficacy,hit,pre,0.0
gpt2-xl,memit,ripple,ripple_popular_row829,ripple_aliasing,hit,pre,0.0
gpt2-xl,memit,ripple,ripple_popular_row829,efficacy,hit,post,1.0
gpt2-xl,memit,ripple,ripple_popular_row829,ripple_aliasing,hit,post,1.0
gpt2-xl,memit,ripple,ripple_popular_row658,efficacy,hit,pre,0.0
gpt2-xl,memit,ripple,ripple_popular_row658,ripple_compositional_i,hit,pre,0.0
gpt2-xl,memit,ripple,ripple_popular_row658,ripple_aliasing,hit,pre,0.0
gpt2-xl,memit,ripple,ripple_popular_row658,efficacy,hit,post,0.0
gpt2-xl,memit,ripple,ripple_popular_row658,ripple_compositional_i,hit,post,0.0
gpt2-xl,memit,ripple,ripple_popular_row658,ripple_aliasing,hit,post,0.0
gpt2-xl,memit,ripple,ripple_popular_row884,efficacy,hit,pre,0.0
gpt2-xl,memit,ripple,ripple_popular_row884,ripple_logical,hit,pre,0.0
gpt2-xl,memit,ripple,ripple_popular_row884,ripple_aliasing,hit,pre,0.0
gpt2-xl,memit,ripple,ripple_popular_row884,ripple_relation_specificity,hit,pre,1.0
gpt2-xl,memit,ripple,ripple_popular_row884,efficacy,hit,post,1.0
gpt2-xl,memit,ripple,ripple_popular_row884,ripple_logical,hit,post,0.0
gpt2-xl,memit,ripple,ripple_popular_row884,ripple_aliasing,hit,post,0.0
gpt2-xl,memit,ripple,ripple_popular_row884,ripple_relation_specificity,hit,post,1.0
gpt2-xl,memit,ripple,ripple_popular_row619,efficacy,hit,pre,0.0
gpt2-xl,memit,ripple,ripple_popular_row619,ripple_aliasing,hit,pre,0.0
gpt2-xl,memit,ripple,ripple_popular_row619,efficacy,hit,post,1.0
gpt2-xl,memit,ripple,ripple_popular_row619,ripple_aliasing,hit,post,1.0
gpt2-xl,memit,ripple,ripple_popular_row649,efficacy,hit,pre,0.0
gpt2-xl,memit,ripple,ripple_popular_row649,ripple_logical,hit,pre,0.0
gpt2-xl,memit,ripple,ripple_popular_row649,ripple_aliasing,hit,pre,0.0
gpt2-xl,memit,ripple,ripple_popular_row649,efficacy,hit,post,0.0
gpt2-xl,memit,ripple,ripple_popular_row649,ripple_logical,hit,post,0.0
gpt2-xl,memit,ripple,ripple_popular_row649,ripple_aliasing,hit,post,0.0
gpt2-xl,memit,ripple,ripple_popular_row688,efficacy,hit,pre,0.0
gpt2-xl,memit,ripple,ripple_popular_row688,ripple_aliasing,hit,pre,0.0
gpt2-xl,memit,ripple,ripple_popular_row688,efficacy,hit,post,1.0
gpt2-xl,memit,ripple,ripple_popular_row688,ripple_aliasing,hit,post,0.5
gpt2-xl,memit,ripple,ripple_popular_row639,efficacy,hit,pre,0.0
gpt2-xl,memit,ripple,ripple_popular_row639,ripple_aliasing,hit,pre,0.0
gpt2-xl,memit,ripple,ripple_popular_row639,ripple_relation_specificity,hit,pre,1.0
gpt2-xl,memit,ripple,ripple_popular_row639,efficacy,hit,post,0.0
gpt2-xl,memit,ripple,ripple_popular_row639,ripple_aliasing,hit,post,0.0
gpt2-xl,memit,ripple,ripple_popular_row639,ripple_relation_specificity,hit,post,0.0
gpt2-xl,memit,ripple,ripple_popular_row665,efficacy,hit,pre,0.0
gpt2-xl,memit,ripple,ripple_popular_row665,ripple_logical,hit,pre,0.0
gpt2-xl,memit,ripple,ripple_popular_row665,efficacy,hit,post,0.0
gpt2-xl,memit,ripple,ripple_popular_row665,ripple_logical,hit,post,0.0
gpt2-xl,memit,ripple,ripple_popular_row801,efficacy,hit,pre,0.0
gpt2-xl,memit,ripple,ripple_popular_row801,ripple_aliasing,hit,pre,0.0
gpt2-xl,memit,ripple,ripple_popular_row801,efficacy,hit,post,1.0
gpt2-xl,memit,ripple,ripple_popular_row801,ripple_aliasing,hit,post,0.6666666666666666
gpt2-xl,memit,ripple,ripple_popular_row601,efficacy,hit,pre,0.0
gpt2-xl,memit,ripple,ripple_popular_row601,ripple_aliasing,hit,pre,0.0
gpt2-xl,memit,ripple,ripple_popular_row601,ripple_relation_specificity,hit,pre,1.0
gpt2-xl,memit,ripple,ripple_popular_row601,efficacy,hit,post,1.0
gpt2-xl,memit,ripple,ripple_popular_row601,ripple_aliasing,hit,post,0.0
gpt2-xl,memit,ripple,ripple_popular_row601,ripple_relation_specificity,hit,post,1.0
gpt2-xl,memit,ripple,ripple_popular_row779,efficacy,hit,pre,0.0
gpt2-xl,memit,ripple,ripple_popular_row779,ripple_logical,hit,pre,0.0
gpt2-xl,memit,ripple,ripple_popular_row779,ripple_aliasing,hit,pre,0.0
gpt2-xl,memit,ripple,ripple_popular_row779,efficacy,hit,post,0.0
gpt2-xl,memit,ripple,ripple_popular_row779,ripple_logical,hit,post,0.0
gpt2-xl,memit,ripple,ripple_popular_row779,ripple_aliasing,hit,post,0.0
gpt2-xl,memit,ripple,ripple_popular_row817,efficacy,hit,pre,0.0
gpt2-xl,memit,ripple,ripple_popular_row817,ripple_aliasing,hit,pre,0.0
gpt2-xl,memit,ripple,ripple_popular_row817,efficacy,hit,post,1.0
gpt2-xl,memit,ripple,ripple_popular_row817,ripple_aliasing,hit,post,0.0
gpt2-xl,memit,ripple,ripple_popular_row729,efficacy,hit,pre,0.0
gpt2-xl,memit,ripple,ripple_popular_row729,ripple_aliasing,hit,pre,0.0
gpt2-xl,memit,ripple,ripple_popular_row729,efficacy,hit,post,1.0
gpt2-xl,memit,ripple,ripple_popular_row729,ripple_aliasing,hit,post,0.0
gpt2-xl,memit,ripple,ripple_popular_row720,efficacy,hit,pre,0.0
gpt2-xl,memit,ripple,ripple_popular_row720,ripple_logical,hit,pre,1.0
gpt2-xl,memit,ripple,ripple_popular_row720,ripple_aliasing,hit,pre,0.0
gpt2-xl,memit,ripple,ripple_popular_row720,ripple_relation_specificity,hit,pre,1.0
gpt2-xl,memit,ripple,ripple_popular_row720,efficacy,hit,post,1.0
gpt2-xl,memit,ripple,ripple_popular_row720,ripple_logical,hit,post,0.0
gpt2-xl,memit,ripple,ripple_popular_row720,ripple_aliasing,hit,post,0.0
gpt2-xl,memit,ripple,ripple_popular_row720,ripple_relation_specificity,hit,post,0.0
gpt2-xl,memit,ripple,ripple_popular_row632,efficacy,hit,pre,0.0
gpt2-xl,memit,ripple,ripple_popular_row632,ripple_aliasing,hit,pre,0.0
gpt2-xl,memit,ripple,ripple_popular_row632,ripple_relation_specificity,hit,pre,1.0
gpt2-xl,memit,ripple,ripple_popular_row632,efficacy,hit,post,1.0
gpt2-xl,memit,ripple,ripple_popular_row632,ripple_aliasing,hit,post,0.0
gpt2-xl,memit,ripple,ripple_popular_row632,ripple_relation_specificity,hit,post,0.0
gpt2-xl,memit,ripple,ripple_popular_row667,efficacy,hit,pre,0.0
gpt2-xl,memit,ripple,ripple_popular_row667,ripple_aliasing,hit,pre,0.0
gpt2-xl,memit,ripple,ripple_popular_row667,efficacy,hit,post,0.0
gpt2-xl,memit,ripple,ripple_popular_row667,ripple_aliasing,hit,post,0.0
gpt2-xl,memit,ripple,ripple_popular_row823,efficacy,hit,pre,0.0
gpt2-xl,memit,ripple,ripple_popular_row823,ripple_aliasing,hit,pre,0.0
gpt2-xl,memit,ripple,ripple_popular_row823,ripple_relation_specificity,hit,pre,1.0
gpt2-xl,memit,ripple,ripple_popular_row823,efficacy,hit,post,1.0
gpt2-xl,memit,ripple,ripple_popular_row823,ripple_aliasing,hit,post,1.0
gpt2-xl,memit,ripple,ripple_popular_row823,ripple_relation_specificity,hit,post,1.0
gpt2-xl,memit,ripple,ripple_popular_row703,efficacy,hit,pre,0.0
gpt2-xl,memit,ripple,ripple_popular_row703,efficacy,hit,post,0.0
gpt2-xl,memit,ripple,ripple_popular_row774,efficacy,hit,pre,0.0
gpt2-xl,memit,ripple,ripple_popular_row774,ripple_aliasing,hit,pre,0.0
gpt2-xl,memit,ripple,ripple_popular_row774,efficacy,hit,post,0.0
gpt2-xl,memit,ripple,ripple_popular_row774,ripple_aliasing,hit,post,0.0
gpt2-xl,memit,ripple,ripple_popular_row793,efficacy,hit,pre,0.0
gpt2-xl,memit,ripple,ripple_popular_row793,ripple_logical,hit,pre,0.0
gpt2-xl,memit,ripple,ripple_popular_row793,ripple_aliasing,hit,pre,0.0
gpt2-xl,memit,ripple,ripple_popular_row793,ripple_relation_specificity,hit,pre,1.0
gpt2-xl,memit,ripple,ripple_popular_row793,efficacy,hit,post,1.0
gpt2-xl,memit,ripple,ripple_popular_row793,ripple_logical,hit,post,0.0
gpt2-xl,memit,ripple,ripple_popular_row793,ripple_aliasing,hit,post,0.0
gpt2-xl,memit,ripple,ripple_popular_row793,ripple_relation_specificity,hit,post,0.0
gpt2-xl,memit,ripple,ripple_popular_row718,efficacy,hit,pre,0.0
gpt2-xl,memit,ripple,ripple_popular_row718,ripple_aliasing,hit,pre,0.0
gpt2-xl,memit,ripple,ripple_popular_row718,efficacy,hit,post,0.0
gpt2-xl,memit,ripple,ripple_popular_row718,ripple_aliasing,hit,post,0.0
gpt2-xl,memit,ripple,ripple_popular_row759,efficacy,hit,pre,0.0
gpt2-xl,memit,ripple,ripple_popular_row759,ripple_relation_specificity,hit,pre,0.0
gpt2-xl,memit,ripple,ripple_popular_row759,efficacy,hit,post,1.0
gpt2-xl,memit,ripple,ripple_popular_row759,ripple_relation_specificity,hit,post,0.0
gpt2-xl,memit,ripple,ripple_popular_row672,efficacy,hit,pre,0.0
gpt2-xl,memit,ripple,ripple_popular_row672,ripple_logical,hit,pre,0.0
gpt2-xl,memit,ripple,ripple_popular_row672,efficacy,hit,post,0.0
gpt2-xl,memit,ripple,ripple_popular_row672,ripple_logical,hit,post,0.0
gpt2-xl,memit,ripple,ripple_popular_row875,efficacy,hit,pre,0.0
gpt2-xl,memit,ripple,ripple_popular_row875,efficacy,hit,post,1.0
gpt2-xl,memit,ripple,ripple_popular_row645,efficacy,hit,pre,0.0
gpt2-xl,memit,ripple,ripple_popular_row645,ripple_compositional_i,hit,pre,0.0
gpt2-xl,memit,ripple,ripple_popular_row645,ripple_aliasing,hit,pre,0.0
gpt2-xl,memit,ripple,ripple_popular_row645,ripple_relation_specificity,hit,pre,1.0
gpt2-xl,memit,ripple,ripple_popular_row645,efficacy,hit,post,1.0
gpt2-xl,memit,ripple,ripple_popular_row645,ripple_compositional_i,hit,post,0.0
gpt2-xl,memit,ripple,ripple_popular_row645,ripple_aliasing,hit,post,0.0
gpt2-xl,memit,ripple,ripple_popular_row645,ripple_relation_specificity,hit,post,0.0
gpt2-xl,memit,ripple,ripple_popular_row765,efficacy,hit,pre,0.0
gpt2-xl,memit,ripple,ripple_popular_row765,ripple_aliasing,hit,pre,0.0
gpt2-xl,memit,ripple,ripple_popular_row765,efficacy,hit,post,1.0
gpt2-xl,memit,ripple,ripple_popular_row765,ripple_aliasing,hit,post,1.0
gpt2-xl,memit,ripple,ripple_popular_row865,efficacy,hit,pre,0.0
gpt2-xl,memit,ripple,ripple_popular_row865,ripple_aliasing,hit,pre,0.0
gpt2-xl,memit,ripple,ripple_popular_row865,ripple_relation_specificity,hit,pre,1.0
gpt2-xl,memit,ripple,ripple_popular_row865,efficacy,hit,post,0.0
gpt2-xl,memit,ripple,ripple_popular_row865,ripple_aliasing,hit,post,0.0
gpt2-xl,memit,ripple,ripple_popular_row865,ripple_relation_specificity,hit,post,1.0
gpt2-xl,memit,ripple,ripple_popular_row689,efficacy,hit,pre,0.0
gpt2-xl,memit,ripple,ripple_popular_row689,ripple_aliasing,hit,pre,0.0
gpt2-xl,memit,ripple,ripple_popular_row689,efficacy,hit,post,1.0
gpt2-xl,memit,ripple,ripple_popular_row689,ripple_aliasing,hit,post,1.0
gpt2-xl,memit,ripple,ripple_popular_row743,efficacy,hit,pre,0.0
gpt2-xl,memit,ripple,ripple_popular_row743,ripple_aliasing,hit,pre,0.0
gpt2-xl,memit,ripple,ripple_popular_row743,efficacy,hit,post,1.0
gpt2-xl,memit,ripple,ripple_popular_row743,ripple_aliasing,hit,post,0.0
gpt2-xl,memit,ripple,ripple_popular_row676,efficacy,hit,pre,0.0
gpt2-xl,memit,ripple,ripple_popular_row676,ripple_aliasing,hit,pre,0.0
gpt2-xl,memit,ripple,ripple_popular_row676,efficacy,hit,post,1.0
gpt2-xl,memit,ripple,ripple_popular_row676,ripple_aliasing,hit,post,0.0
gpt2-xl,memit,ripple,ripple_random_row1742,efficacy,hit,pre,0.0
gpt2-xl,memit,ripple,ripple_random_row1742,ripple_aliasing,hit,pre,0.0
gpt2-xl,memit,ripple,ripple_random_row1742,efficacy,hit,post,0.0
gpt2-xl,memit,ripple,ripple_random_row1742,ripple_aliasing,hit,post,0.0
gpt2-xl,memit,ripple,ripple_random_row1584,efficacy,hit,pre,0.0
gpt2-xl,memit,ripple,ripple_random_row1584,ripple_aliasing,hit,pre,0.0
gpt2-xl,memit,ripple,ripple_random_row1584,efficacy,hit,post,1.0
gpt2-xl,memit,ripple,ripple_random_row1584,ripple_aliasing,hit,post,0.0
gpt2-xl,memit,ripple,ripple_random_row1799,efficacy,hit,pre,0.0
gpt2-xl,memit,ripple,ripple_random_row1799,ripple_aliasing,hit,pre,0.0
gpt2-xl,memit,ripple,ripple_random_row1799,efficacy,hit,post,1.0
gpt2-xl,memit,ripple,ripple_random_row1799,ripple_aliasing,hit,post,0.0
gpt2-xl,memit,ripple,ripple_random_row1627,efficacy,hit,pre,0.0
gpt2-xl,memit,ripple,ripple_random_row1627,ripple_aliasing,hit,pre,0.0
gpt2-xl,memit,ripple,ripple_random_row1627,efficacy,hit,post,0.0
gpt2-xl,memit,ripple,ripple_random_row1627,ripple_aliasing,hit,post,0.0
gpt2-xl,memit,ripple,ripple_random_row1806,efficacy,hit,pre,0.0
gpt2-xl,memit,ripple,ripple_random_row1806,ripple_aliasing,hit,pre,0.0
gpt2-xl,memit,ripple,ripple_random_row1806,efficacy,hit,post,0.0
gpt2-xl,memit,ripple,ripple_random_row1806,ripple_aliasing,hit,post,0.0
gpt2-xl,memit,ripple,ripple_random_row1724,efficacy,hit,pre,0.0
gpt2-xl,memit,ripple,ripple_random_row1724,ripple_logical,hit,pre,0.0
gpt2-xl,memit,ripple,ripple_random_row1724,ripple_aliasing,hit,pre,0.0
gpt2-xl,memit,ripple,ripple_random_row1724,efficacy,hit,post,0.0
gpt2-xl,memit,ripple,ripple_random_row1724,ripple_logical,hit,post,0.0
gpt2-xl,memit,ripple,ripple_random_row1724,ripple_aliasing,hit,post,0.0
gpt2-xl,memit,ripple,ripple_random_row1562,efficacy,hit,pre,0.0
gpt2-xl,memit,ripple,ripple_random_row1562,ripple_aliasing,hit,pre,0.0
gpt2-xl,memit,ripple,ripple_random_row1562,ripple_relation_specificity,hit,pre,1.0
gpt2-xl,memit,ripple,ripple_random_row1562,efficacy,hit,post,0.0
gpt2-xl,memit,ripple,ripple_random_row1562,ripple_aliasing,hit,post,0.0
gpt2-xl,memit,ripple,ripple_random_row1562,ripple_relation_specificity,hit,post,0.0
gpt2-xl,memit,ripple,ripple_random_row1855,efficacy,hit,pre,0.0
gpt2-xl,memit,ripple,ripple_random_row1855,ripple_aliasing,hit,pre,0.0
gpt2-xl,memit,ripple,ripple_random_row1855,efficacy,hit,post,0.0
gpt2-xl,memit,ripple,ripple_random_row1855,ripple_aliasing,hit,post,0.0
gpt2-xl,memit,ripple,ripple_random_row1823,efficacy,hit,pre,0.0
gpt2-xl,memit,ripple,ripple_random_row1823,ripple_logical,hit,pre,0.0
gpt2-xl,memit,ripple,ripple_random_row1823,ripple_compositional_i,hit,pre,0.0
gpt2-xl,memit,ripple,ripple_random_row1823,ripple_aliasing,hit,pre,0.0
gpt2-xl,memit,ripple,ripple_random_row1823,efficacy,hit,post,1.0
gpt2-xl,memit,ripple,ripple_random_row1823,ripple_logical,hit,post,0.5
gpt2-xl,memit,ripple,ripple_random_row1823,ripple_compositional_i,hit,post,0.25
gpt2-xl,memit,ripple,ripple_random_row1823,ripple_aliasing,hit,post,0.0
gpt2-xl,memit,ripple,ripple_random_row1765,efficacy,hit,pre,0.0
gpt2-xl,memit,ripple,ripple_random_row1765,ripple_aliasing,hit,pre,0.0
gpt2-xl,memit,ripple,ripple_random_row1765,efficacy,hit,post,0.0
gpt2-xl,memit,ripple,ripple_random_row1765,ripple_aliasing,hit,post,0.0
gpt2-xl,memit,ripple,ripple_random_row1916,efficacy,hit,pre,0.0
gpt2-xl,memit,ripple,ripple_random_row1916,ripple_aliasing,hit,pre,0.0
gpt2-xl,memit,ripple,ripple_random_row1916,efficacy,hit,post,1.0
gpt2-xl,memit,ripple,ripple_random_row1916,ripple_aliasing,hit,post,1.0
gpt2-xl,memit,ripple,ripple_random_row1593,efficacy,hit,pre,0.0
gpt2-xl,memit,ripple,ripple_random_row1593,ripple_aliasing,hit,pre,0.0
gpt2-xl,memit,ripple,ripple_random_row1593,efficacy,hit,post,1.0
gpt2-xl,memit,ripple,ripple_random_row1593,ripple_aliasing,hit,post,0.0
gpt2-xl,memit,ripple,ripple_random_row1734,efficacy,hit,pre,0.0
gpt2-xl,memit,ripple,ripple_random_row1734,ripple_relation_specificity,hit,pre,1.0
gpt2-xl,memit,ripple,ripple_random_row1734,efficacy,hit,post,1.0
gpt2-xl,memit,ripple,ripple_random_row1734,ripple_relation_specificity,hit,post,0.0
gpt2-xl,memit,ripple,ripple_random_row1556,efficacy,hit,pre,0.0
gpt2-xl,memit,ripple,ripple_random_row1556,ripple_aliasing,hit,pre,0.0
gpt2-xl,memit,ripple,ripple_random_row1556,efficacy,hit,post,1.0
gpt2-xl,memit,ripple,ripple_random_row1556,ripple_aliasing,hit,post,0.0
gpt2-xl,memit,ripple,ripple_random_row1592,efficacy,hit,pre,0.0
gpt2-xl,memit,ripple,ripple_random_row1592,ripple_aliasing,hit,pre,0.0
gpt2-xl,memit,ripple,ripple_random_row1592,efficacy,hit,post,1.0
gpt2-xl,memit,ripple,ripple_random_row1592,ripple_aliasing,hit,post,0.0
gpt2-xl,memit,ripple,ripple_random_row1843,efficacy,hit,pre,0.0
gpt2-xl,memit,ripple,ripple_random_row1843,ripple_aliasing,hit,pre,0.0
gpt2-xl,memit,ripple,ripple_random_row1843,efficacy,hit,post,0.0
gpt2-xl,memit,ripple,ripple_random_row1843,ripple_aliasing,hit,post,0.0
gpt2-xl,memit,ripple,ripple_random_row1711,efficacy,hit,pre,0.0
gpt2-xl,memit,ripple,ripple_random_row1711,ripple_aliasing,hit,pre,0.0
gpt2-xl,memit,ripple,ripple_random_row1711,efficacy,hit,post,0.0
gpt2-xl,memit,ripple,ripple_random_row1711,ripple_aliasing,hit,post,0.0
gpt2-xl,memit,ripple,ripple_random_row1553,efficacy,hit,pre,0.0
gpt2-xl,memit,ripple,ripple_random_row1553,ripple_aliasing,hit,pre,0.0
gpt2-xl,memit,ripple,ripple_random_row1553,efficacy,hit,post,1.0
gpt2-xl,memit,ripple,ripple_random_row1553,ripple_aliasing,hit,post,1.0
gpt2-xl,memit,ripple,ripple_random_row1569,efficacy,hit,pre,0.0
gpt2-xl,memit,ripple,ripple_random_row1569,ripple_aliasing,hit,pre,0.0
gpt2-xl,memit,ripple,ripple_random_row1569,efficacy,hit,post,1.0
gpt2-xl,memit,ripple,ripple_random_row1569,ripple_aliasing,hit,post,0.0
gpt2-xl,memit,ripple,ripple_random_row1883,efficacy,hit,pre,0.0
gpt2-xl,memit,ripple,ripple_random_row1883,ripple_logical,hit,pre,0.0
gpt2-xl,memit,ripple,ripple_random_row1883,ripple_aliasing,hit,pre,0.0
gpt2-xl,memit,ripple,ripple_random_row1883,ripple_relation_specificity,hit,pre,1.0
gpt2-xl,memit,ripple,ripple_random_row1883,efficacy,hit,post,0.0
gpt2-xl,memit,ripple,ripple_random_row1883,ripple_logical,hit,post,0.0
gpt2-xl,memit,ripple,ripple_random_row1883,ripple_aliasing,hit,post,0.0
gpt2-xl,memit,ripple,ripple_random_row1883,ripple_relation_specificity,hit,post,1.0
gpt2-xl,memit,ripple,ripple_random_row1910,efficacy,hit,pre,0.0
gpt2-xl,memit,ripple,ripple_random_row1910,ripple_logical,hit,pre,0.0
gpt2-xl,memit,ripple,ripple_random_row1910,ripple_aliasing,hit,pre,0.0
gpt2-xl,memit,ripple,ripple_random_row1910,efficacy,hit,post,0.0
gpt2-xl,memit,ripple,ripple_random_row1910,ripple_logical,hit,post,0.0
gpt2-xl,memit,ripple,ripple_random_row1910,ripple_aliasing,hit,post,0.0
gpt2-xl,memit,ripple,ripple_random_row1608,efficacy,hit,pre,0.0
gpt2-xl,memit,ripple,ripple_random_row1608,ripple_aliasing,hit,pre,0.0
gpt2-xl,memit,ripple,ripple_random_row1608,efficacy,hit,post,1.0
gpt2-xl,memit,ripple,ripple_random_row1608,ripple_aliasing,hit,post,0.0
gpt2-xl,memit,ripple,ripple_random_row1527,efficacy,hit,pre,0.0
gpt2-xl,memit,ripple,ripple_random_row1527,ripple_aliasing,hit,pre,0.0
gpt2-xl,memit,ripple,ripple_random_row1527,efficacy,hit,post,1.0
gpt2-xl,memit,ripple,ripple_random_row1527,ripple_aliasing,hit,post,0.0
gpt2-xl,memit,ripple,ripple_random_row1565,efficacy,hit,pre,0.0
gpt2-xl,memit,ripple,ripple_random_row1565,ripple_aliasing,hit,pre,0.0
gpt2-xl,memit,ripple,ripple_random_row1565,efficacy,hit,post,1.0
gpt2-xl,memit,ripple,ripple_random_row1565,ripple_aliasing,hit,post,1.0
gpt2-xl,memit,ripple,ripple_random_row1809,efficacy,hit,pre,0.0
gpt2-xl,memit,ripple,ripple_random_row1809,ripple_aliasing,hit,pre,0.0
gpt2-xl,memit,ripple,ripple_random_row1809,efficacy,hit,post,1.0
gpt2-xl,memit,ripple,ripple_random_row1809,ripple_aliasing,hit,post,0.0
gpt2-xl,memit,ripple,ripple_random_row1536,efficacy,hit,pre,0.0
gpt2-xl,memit,ripple,ripple_random_row1536,ripple_aliasing,hit,pre,0.0
gpt2-xl,memit,ripple,ripple_random_row1536,efficacy,hit,post,0.0
gpt2-xl,memit,ripple,ripple_random_row1536,ripple_aliasing,hit,post,0.0
gpt2-xl,memit,ripple,ripple_random_row1629,efficacy,hit,pre,0.0
gpt2-xl,memit,ripple,ripple_random_row1629,ripple_aliasing,hit,pre,0.0
gpt2-xl,memit,ripple,ripple_random_row1629,efficacy,hit,post,1.0
gpt2-xl,memit,ripple,ripple_random_row1629,ripple_aliasing,hit,post,1.0
gpt2-xl,memit,ripple,ripple_random_row1528,efficacy,hit,pre,0.0
gpt2-xl,memit,ripple,ripple_random_row1528,ripple_logical,hit,pre,0.0
gpt2-xl,memit,ripple,ripple_random_row1528,ripple_aliasing,hit,pre,0.0
gpt2-xl,memit,ripple,ripple_random_row1528,efficacy,hit,post,0.0
gpt2-xl,memit,ripple,ripple_random_row1528,ripple_logical,hit,post,0.0
gpt2-xl,memit,ripple,ripple_random_row1528,ripple_aliasing,hit,post,0.0
gpt2-xl,memit,ripple,ripple_random_row1529,efficacy,hit,pre,0.0
gpt2-xl,memit,ripple,ripple_random_row1529,ripple_aliasing,hit,pre,0.0
gpt2-xl,memit,ripple,ripple_random_row1529,efficacy,hit,post,0.0
gpt2-xl,memit,ripple,ripple_random_row1529,ripple_aliasing,hit,post,0.0
gpt2-xl,memit,ripple,ripple_random_row1815,efficacy,hit,pre,0.0
gpt2-xl,memit,ripple,ripple_random_row1815,ripple_aliasing,hit,pre,0.0
gpt2-xl,memit,ripple,ripple_random_row1815,efficacy,hit,post,0.0
gpt2-xl,memit,ripple,ripple_random_row1815,ripple_aliasing,hit,post,0.0
gpt2-xl,memit,ripple,ripple_random_row1675,efficacy,hit,pre,0.0
gpt2-xl,memit,ripple,ripple_random_row1675,ripple_logical,hit,pre,0.0
gpt2-xl,memit,ripple,ripple_random_row1675,ripple_aliasing,hit,pre,0.0
gpt2-xl,memit,ripple,ripple_random_row1675,efficacy,hit,post,0.0
gpt2-xl,memit,ripple,ripple_random_row1675,ripple_logical,hit,post,0.0
gpt2-xl,memit,ripple,ripple_random_row1675,ripple_aliasing,hit,post,0.0
gpt2-xl,memit,ripple,ripple_random_row1581,efficacy,hit,pre,0.0
gpt2-xl,memit,ripple,ripple_random_row1581,ripple_logical,hit,pre,0.0
gpt2-xl,memit,ripple,ripple_random_row1581,ripple_compositional_i,hit,pre,0.0
gpt2-xl,memit,ripple,ripple_random_row1581,ripple_aliasing,hit,pre,0.0
gpt2-xl,memit,ripple,ripple_random_row1581,efficacy,hit,post,0.0
gpt2-xl,memit,ripple,ripple_random_row1581,ripple_logical,hit,post,0.0
gpt2-xl,memit,ripple,ripple_random_row1581,ripple_compositional_i,hit,post,0.0
gpt2-xl,memit,ripple,ripple_random_row1581,ripple_aliasing,hit,post,0.0
gpt2-xl,memit,ripple,ripple_random_row1728,efficacy,hit,pre,0.0
gpt2-xl,memit,ripple,ripple_random_row1728,ripple_logical,hit,pre,0.0
gpt2-xl,memit,ripple,ripple_random_row1728,ripple_aliasing,hit,pre,0.0
gpt2-xl,memit,ripple,ripple_random_row1728,efficacy,hit,post,0.0
gpt2-xl,memit,ripple,ripple_random_row1728,ripple_logical,hit,post,0.0
gpt2-xl,memit,ripple,ripple_random_row1728,ripple_aliasing,hit,post,0.0
gpt2-xl,memit,ripple,ripple_random_row1609,efficacy,hit,pre,0.0
gpt2-xl,memit,ripple,ripple_random_row1609,ripple_compositional_i,hit,pre,0.0
gpt2-xl,memit,ripple,ripple_random_row1609,ripple_aliasing,hit,pre,0.0
gpt2-xl,memit,ripple,ripple_random_row1609,efficacy,hit,post,1.0
gpt2-xl,memit,ripple,ripple_random_row1609,ripple_compositional_i,hit,post,0.0
gpt2-xl,memit,ripple,ripple_random_row1609,ripple_aliasing,hit,post,0.0
gpt2-xl,memit,ripple,ripple_random_row1769,efficacy,hit,pre,0.0
gpt2-xl,memit,ripple,ripple_random_row1769,ripple_logical,hit,pre,0.0
gpt2-xl,memit,ripple,ripple_random_row1769,ripple_aliasing,hit,pre,0.0
gpt2-xl,memit,ripple,ripple_random_row1769,efficacy,hit,post,1.0
gpt2-xl,memit,ripple,ripple_random_row1769,ripple_logical,hit,post,0.0
gpt2-xl,memit,ripple,ripple_random_row1769,ripple_aliasing,hit,post,1.0
gpt2-xl,memit,ripple,ripple_random_row1721,efficacy,hit,pre,0.0
gpt2-xl,memit,ripple,ripple_random_row1721,ripple_aliasing,hit,pre,0.0
gpt2-xl,memit,ripple,ripple_random_row1721,efficacy,hit,post,1.0
gpt2-xl,memit,ripple,ripple_random_row1721,ripple_aliasing,hit,post,0.0
gpt2-xl,memit,ripple,ripple_random_row1504,efficacy,hit,pre,0.0
gpt2-xl,memit,ripple,ripple_random_row1504,ripple_aliasing,hit,pre,0.0
gpt2-xl,memit,ripple,ripple_random_row1504,efficacy,hit,post,1.0
gpt2-xl,memit,ripple,ripple_random_row1504,ripple_aliasing,hit,post,1.0
gpt2-xl,memit,ripple,ripple_random_row1702,efficacy,hit,pre,0.0
gpt2-xl,memit,ripple,ripple_random_row1702,ripple_compositional_i,hit,pre,0.0
gpt2-xl,memit,ripple,ripple_random_row1702,ripple_aliasing,hit,pre,0.0
gpt2-xl,memit,ripple,ripple_random_row1702,efficacy,hit,post,1.0
gpt2-xl,memit,ripple,ripple_random_row1702,ripple_compositional_i,hit,post,0.0
gpt2-xl,memit,ripple,ripple_random_row1702,ripple_aliasing,hit,post,0.0
gpt2-xl,memit,ripple,ripple_random_row1912,efficacy,hit,pre,0.0
gpt2-xl,memit,ripple,ripple_random_row1912,ripple_aliasing,hit,pre,0.0
gpt2-xl,memit,ripple,ripple_random_row1912,efficacy,hit,post,1.0
gpt2-xl,memit,ripple,ripple_random_row1912,ripple_aliasing,hit,post,1.0
gpt2-xl,memit,ripple,ripple_random_row1686,efficacy,hit,pre,0.0
gpt2-xl,memit,ripple,ripple_random_row1686,ripple_aliasing,hit,pre,0.0
gpt2-xl,memit,ripple,ripple_random_row1686,efficacy,hit,post,1.0
gpt2-xl,memit,ripple,ripple_random_row1686,ripple_aliasing,hit,post,1.0
gpt2-xl,memit,ripple,ripple_random_row1747,efficacy,hit,pre,0.0
gpt2-xl,memit,ripple,ripple_random_row1747,ripple_aliasing,hit,pre,0.0
gpt2-xl,memit,ripple,ripple_random_row1747,efficacy,hit,post,1.0
gpt2-xl,memit,ripple,ripple_random_row1747,ripple_aliasing,hit,post,0.0
gpt2-xl,memit,ripple,ripple_random_row1802,efficacy,hit,pre,0.0
gpt2-xl,memit,ripple,ripple_random_row1802,ripple_aliasing,hit,pre,0.0
gpt2-xl,memit,ripple,ripple_random_row1802,efficacy,hit,post,1.0
gpt2-xl,memit,ripple,ripple_random_row1802,ripple_aliasing,hit,post,0.0
gpt2-xl,memit,ripple,ripple_random_row1759,efficacy,hit,pre,0.0
gpt2-xl,memit,ripple,ripple_random_row1759,ripple_aliasing,hit,pre,0.0
gpt2-xl,memit,ripple,ripple_random_row1759,efficacy,hit,post,1.0
gpt2-xl,memit,ripple,ripple_random_row1759,ripple_aliasing,hit,post,0.0
gpt2-xl,memit,ripple,ripple_random_row1893,efficacy,hit,pre,0.0
gpt2-xl,memit,ripple,ripple_random_row1893,ripple_aliasing,hit,pre,0.0
gpt2-xl,memit,ripple,ripple_random_row1893,efficacy,hit,post,1.0
gpt2-xl,memit,ripple,ripple_random_row1893,ripple_aliasing,hit,post,1.0
gpt2-xl,memit,ripple,ripple_random_row1740,efficacy,hit,pre,0.0
gpt2-xl,memit,ripple,ripple_random_row1740,ripple_aliasing,hit,pre,0.0
gpt2-xl,memit,ripple,ripple_random_row1740,efficacy,hit,post,0.0
gpt2-xl,memit,ripple,ripple_random_row1740,ripple_aliasing,hit,post,0.0
gpt2-xl,memit,ripple,ripple_random_row1659,efficacy,hit,pre,0.0
gpt2-xl,memit,ripple,ripple_random_row1659,ripple_aliasing,hit,pre,0.0
gpt2-xl,memit,ripple,ripple_random_row1659,efficacy,hit,post,1.0
gpt2-xl,memit,ripple,ripple_random_row1659,ripple_aliasing,hit,post,0.0
gpt2-xl,memit,ripple,ripple_random_row1685,efficacy,hit,pre,0.0
gpt2-xl,memit,ripple,ripple_random_row1685,ripple_logical,hit,pre,0.0
gpt2-xl,memit,ripple,ripple_random_row1685,ripple_compositional_i,hit,pre,0.0
gpt2-xl,memit,ripple,ripple_random_row1685,ripple_aliasing,hit,pre,0.0
gpt2-xl,memit,ripple,ripple_random_row1685,efficacy,hit,post,1.0
gpt2-xl,memit,ripple,ripple_random_row1685,ripple_logical,hit,post,1.0
gpt2-xl,memit,ripple,ripple_random_row1685,ripple_compositional_i,hit,post,1.0
gpt2-xl,memit,ripple,ripple_random_row1685,ripple_aliasing,hit,post,0.0
gpt2-xl,memit,ripple,ripple_random_row1615,efficacy,hit,pre,0.0
gpt2-xl,memit,ripple,ripple_random_row1615,ripple_aliasing,hit,pre,0.0
gpt2-xl,memit,ripple,ripple_random_row1615,efficacy,hit,post,1.0
gpt2-xl,memit,ripple,ripple_random_row1615,ripple_aliasing,hit,post,0.0
gpt2-xl,memit,ripple,ripple_random_row1754,efficacy,hit,pre,0.0
gpt2-xl,memit,ripple,ripple_random_row1754,ripple_aliasing,hit,pre,0.0
gpt2-xl,memit,ripple,ripple_random_row1754,efficacy,hit,post,1.0
gpt2-xl,memit,ripple,ripple_random_row1754,ripple_aliasing,hit,post,0.0
gpt2-xl,memit,ripple,ripple_random_row1570,efficacy,hit,pre,0.0
gpt2-xl,memit,ripple,ripple_random_row1570,ripple_logical,hit,pre,0.0
gpt2-xl,memit,ripple,ripple_random_row1570,ripple_aliasing,hit,pre,0.0
gpt2-xl,memit,ripple,ripple_random_row1570,efficacy,hit,post,1.0
gpt2-xl,memit,ripple,ripple_random_row1570,ripple_logical,hit,post,0.0
gpt2-xl,memit,ripple,ripple_random_row1570,ripple_aliasing,hit,post,0.0
gpt2-xl,memit,ripple,ripple_random_row1905,efficacy,hit,pre,0.0
gpt2-xl,memit,ripple,ripple_random_row1905,ripple_aliasing,hit,pre,0.0
gpt2-xl,memit,ripple,ripple_random_row1905,ripple_relation_specificity,hit,pre,1.0
gpt2-xl,memit,ripple,ripple_random_row1905,efficacy,hit,post,1.0
gpt2-xl,memit,ripple,ripple_random_row1905,ripple_aliasing,hit,post,1.0
gpt2-xl,memit,ripple,ripple_random_row1905,ripple_relation_specificity,hit,post,0.0
gpt2-xl,memit,ripple,ripple_random_row1917,efficacy,hit,pre,0.0
gpt2-xl,memit,ripple,ripple_random_row1917,ripple_aliasing,hit,pre,0.0
gpt2-xl,memit,ripple,ripple_random_row1917,efficacy,hit,post,1.0
gpt2-xl,memit,ripple,ripple_random_row1917,ripple_aliasing,hit,post,0.0
gpt2-xl,memit,ripple,ripple_random_row1781,efficacy,hit,pre,0.0
gpt2-xl,memit,ripple,ripple_random_row1781,ripple_aliasing,hit,pre,0.0
gpt2-xl,memit,ripple,ripple_random_row1781,ripple_relation_specificity,hit,pre,1.0
gpt2-xl,memit,ripple,ripple_random_row1781,efficacy,hit,post,0.0
gpt2-xl,memit,ripple,ripple_random_row1781,ripple_aliasing,hit,post,0.0
gpt2-xl,memit,ripple,ripple_random_row1781,ripple_relation_specificity,hit,post,0.0
gpt2-xl,memit,ripple,ripple_random_row1603,efficacy,hit,pre,0.0
gpt2-xl,memit,ripple,ripple_random_row1603,ripple_aliasing,hit,pre,0.0
gpt2-xl,memit,ripple,ripple_random_row1603,efficacy,hit,post,1.0
gpt2-xl,memit,ripple,ripple_random_row1603,ripple_aliasing,hit,post,0.0
gpt2-xl,memit,ripple,ripple_random_row1751,efficacy,hit,pre,0.0
gpt2-xl,memit,ripple,ripple_random_row1751,ripple_aliasing,hit,pre,0.0
gpt2-xl,memit,ripple,ripple_random_row1751,efficacy,hit,post,0.0
gpt2-xl,memit,ripple,ripple_random_row1751,ripple_aliasing,hit,post,0.0
gpt2-xl,memit,ripple,ripple_random_row1899,efficacy,hit,pre,0.0
gpt2-xl,memit,ripple,ripple_random_row1899,ripple_aliasing,hit,pre,0.0
gpt2-xl,memit,ripple,ripple_random_row1899,efficacy,hit,post,0.0
gpt2-xl,memit,ripple,ripple_random_row1899,ripple_aliasing,hit,post,0.0
gpt2-xl,memit,ripple,ripple_random_row1890,efficacy,hit,pre,0.0
gpt2-xl,memit,ripple,ripple_random_row1890,ripple_aliasing,hit,pre,0.0
gpt2-xl,memit,ripple,ripple_random_row1890,efficacy,hit,post,0.0
gpt2-xl,memit,ripple,ripple_random_row1890,ripple_aliasing,hit,post,0.0
gpt2-xl,memit,ripple,ripple_random_row1636,efficacy,hit,pre,0.0
gpt2-xl,memit,ripple,ripple_random_row1636,efficacy,hit,post,1.0
gpt2-xl,memit,ripple,ripple_random_row1684,efficacy,hit,pre,0.0
gpt2-xl,memit,ripple,ripple_random_row1684,ripple_logical,hit,pre,0.0
gpt2-xl,memit,ripple,ripple_random_row1684,ripple_compositional_i,hit,pre,0.0
gpt2-xl,memit,ripple,ripple_random_row1684,ripple_aliasing,hit,pre,0.0
gpt2-xl,memit,ripple,ripple_random_row1684,efficacy,hit,post,1.0
gpt2-xl,memit,ripple,ripple_random_row1684,ripple_logical,hit,post,0.5
gpt2-xl,memit,ripple,ripple_random_row1684,ripple_compositional_i,hit,post,0.3333333333333333
gpt2-xl,memit,ripple,ripple_random_row1684,ripple_aliasing,hit,post,0.5
gpt2-xl,memit,ripple,ripple_random_row1817,efficacy,hit,pre,0.0
gpt2-xl,memit,ripple,ripple_random_row1817,ripple_aliasing,hit,pre,0.0
gpt2-xl,memit,ripple,ripple_random_row1817,efficacy,hit,post,1.0
gpt2-xl,memit,ripple,ripple_random_row1817,ripple_aliasing,hit,post,0.0
gpt2-xl,memit,ripple,ripple_random_row1896,efficacy,hit,pre,0.0
gpt2-xl,memit,ripple,ripple_random_row1896,ripple_aliasing,hit,pre,0.0
gpt2-xl,memit,ripple,ripple_random_row1896,efficacy,hit,post,0.0
gpt2-xl,memit,ripple,ripple_random_row1896,ripple_aliasing,hit,post,0.0
gpt2-xl,memit,ripple,ripple_random_row1845,efficacy,hit,pre,1.0
gpt2-xl,memit,ripple,ripple_random_row1845,ripple_aliasing,hit,pre,0.0
gpt2-xl,memit,ripple,ripple_random_row1845,efficacy,hit,post,1.0
gpt2-xl,memit,ripple,ripple_random_row1845,ripple_aliasing,hit,post,0.0
gpt2-xl,memit,ripple,ripple_random_row1688,efficacy,hit,pre,0.0
gpt2-xl,memit,ripple,ripple_random_row1688,ripple_aliasing,hit,pre,0.0
gpt2-xl,memit,ripple,ripple_random_row1688,efficacy,hit,post,1.0
gpt2-xl,memit,ripple,ripple_random_row1688,ripple_aliasing,hit,post,1.0
gpt2-xl,memit,ripple,ripple_random_row1903,efficacy,hit,pre,0.0
gpt2-xl,memit,ripple,ripple_random_row1903,ripple_aliasing,hit,pre,0.0
gpt2-xl,memit,ripple,ripple_random_row1903,efficacy,hit,post,0.0
gpt2-xl,memit,ripple,ripple_random_row1903,ripple_aliasing,hit,post,0.0
gpt2-xl,memit,ripple,ripple_random_row1501,efficacy,hit,pre,0.0
gpt2-xl,memit,ripple,ripple_random_row1501,ripple_aliasing,hit,pre,0.0
gpt2-xl,memit,ripple,ripple_random_row1501,efficacy,hit,post,1.0
gpt2-xl,memit,ripple,ripple_random_row1501,ripple_aliasing,hit,post,1.0
gpt2-xl,memit,ripple,ripple_random_row1637,efficacy,hit,pre,0.0
gpt2-xl,memit,ripple,ripple_random_row1637,ripple_aliasing,hit,pre,0.0
gpt2-xl,memit,ripple,ripple_random_row1637,efficacy,hit,post,1.0
gpt2-xl,memit,ripple,ripple_random_row1637,ripple_aliasing,hit,post,0.0
gpt2-xl,memit,ripple,ripple_random_row1834,efficacy,hit,pre,0.0
gpt2-xl,memit,ripple,ripple_random_row1834,ripple_logical,hit,pre,0.0
gpt2-xl,memit,ripple,ripple_random_row1834,ripple_aliasing,hit,pre,0.0
gpt2-xl,memit,ripple,ripple_random_row1834,ripple_relation_specificity,hit,pre,1.0
gpt2-xl,memit,ripple,ripple_random_row1834,efficacy,hit,post,1.0
gpt2-xl,memit,ripple,ripple_random_row1834,ripple_logical,hit,post,0.0
gpt2-xl,memit,ripple,ripple_random_row1834,ripple_aliasing,hit,post,0.0
gpt2-xl,memit,ripple,ripple_random_row1834,ripple_relation_specificity,hit,post,0.0
gpt2-xl,memit,ripple,ripple_random_row1522,efficacy,hit,pre,0.0
gpt2-xl,memit,ripple,ripple_random_row1522,ripple_aliasing,hit,pre,0.0
gpt2-xl,memit,ripple,ripple_random_row1522,efficacy,hit,post,1.0
gpt2-xl,memit,ripple,ripple_random_row1522,ripple_aliasing,hit,post,0.0
gpt2-xl,memit,ripple,ripple_random_row1568,efficacy,hit,pre,0.0
gpt2-xl,memit,ripple,ripple_random_row1568,ripple_aliasing,hit,pre,0.0
gpt2-xl,memit,ripple,ripple_random_row1568,efficacy,hit,post,0.0
gpt2-xl,memit,ripple,ripple_random_row1568,ripple_aliasing,hit,post,0.0
gpt2-xl,memit,ripple,ripple_random_row1872,efficacy,hit,pre,0.0
gpt2-xl,memit,ripple,ripple_random_row1872,ripple_aliasing,hit,pre,0.0
gpt2-xl,memit,ripple,ripple_random_row1872,efficacy,hit,post,0.0
gpt2-xl,memit,ripple,ripple_random_row1872,ripple_aliasing,hit,post,0.0
gpt2-xl,memit,ripple,ripple_random_row1846,efficacy,hit,pre,0.0
gpt2-xl,memit,ripple,ripple_random_row1846,ripple_aliasing,hit,pre,0.0
gpt2-xl,memit,ripple,ripple_random_row1846,efficacy,hit,post,1.0
gpt2-xl,memit,ripple,ripple_random_row1846,ripple_aliasing,hit,post,1.0
gpt2-xl,memit,ripple,ripple_random_row1558,efficacy,hit,pre,0.0
gpt2-xl,memit,ripple,ripple_random_row1558,ripple_aliasing,hit,pre,0.0
gpt2-xl,memit,ripple,ripple_random_row1558,efficacy,hit,post,0.0
gpt2-xl,memit,ripple,ripple_random_row1558,ripple_aliasing,hit,post,0.0
gpt2-xl,memit,ripple,ripple_random_row1618,efficacy,hit,pre,0.0
gpt2-xl,memit,ripple,ripple_random_row1618,ripple_aliasing,hit,pre,0.0
gpt2-xl,memit,ripple,ripple_random_row1618,efficacy,hit,post,1.0
gpt2-xl,memit,ripple,ripple_random_row1618,ripple_aliasing,hit,post,0.0
gpt2-xl,memit,ripple,ripple_random_row1720,efficacy,hit,pre,0.0
gpt2-xl,memit,ripple,ripple_random_row1720,ripple_logical,hit,pre,0.0
gpt2-xl,memit,ripple,ripple_random_row1720,ripple_compositional_i,hit,pre,0.0
gpt2-xl,memit,ripple,ripple_random_row1720,ripple_aliasing,hit,pre,0.0
gpt2-xl,memit,ripple,ripple_random_row1720,efficacy,hit,post,0.0
gpt2-xl,memit,ripple,ripple_random_row1720,ripple_logical,hit,post,0.0
gpt2-xl,memit,ripple,ripple_random_row1720,ripple_compositional_i,hit,post,0.0
gpt2-xl,memit,ripple,ripple_random_row1720,ripple_aliasing,hit,post,0.0
gpt2-xl,memit,ripple,ripple_random_row1795,efficacy,hit,pre,0.0
gpt2-xl,memit,ripple,ripple_random_row1795,ripple_aliasing,hit,pre,0.0
gpt2-xl,memit,ripple,ripple_random_row1795,efficacy,hit,post,1.0
gpt2-xl,memit,ripple,ripple_random_row1795,ripple_aliasing,hit,post,0.0
gpt2-xl,memit,ripple,ripple_random_row1650,efficacy,hit,pre,0.0
gpt2-xl,memit,ripple,ripple_random_row1650,ripple_aliasing,hit,pre,0.0
gpt2-xl,memit,ripple,ripple_random_row1650,efficacy,hit,post,0.0
gpt2-xl,memit,ripple,ripple_random_row1650,ripple_aliasing,hit,post,0.0
gpt2-xl,memit,ripple,ripple_random_row1692,efficacy,hit,pre,0.0
gpt2-xl,memit,ripple,ripple_random_row1692,ripple_aliasing,hit,pre,0.0
gpt2-xl,memit,ripple,ripple_random_row1692,ripple_relation_specificity,hit,pre,1.0
gpt2-xl,memit,ripple,ripple_random_row1692,efficacy,hit,post,1.0
gpt2-xl,memit,ripple,ripple_random_row1692,ripple_aliasing,hit,post,0.0
gpt2-xl,memit,ripple,ripple_random_row1692,ripple_relation_specificity,hit,post,0.0
gpt2-xl,memit,ripple,ripple_random_row1826,efficacy,hit,pre,0.0
gpt2-xl,memit,ripple,ripple_random_row1826,ripple_aliasing,hit,pre,0.0
gpt2-xl,memit,ripple,ripple_random_row1826,efficacy,hit,post,0.0
gpt2-xl,memit,ripple,ripple_random_row1826,ripple_aliasing,hit,post,0.0
gpt2-xl,memit,ripple,ripple_random_row1526,efficacy,hit,pre,0.0
gpt2-xl,memit,ripple,ripple_random_row1526,ripple_aliasing,hit,pre,0.0
gpt2-xl,memit,ripple,ripple_random_row1526,efficacy,hit,post,1.0
gpt2-xl,memit,ripple,ripple_random_row1526,ripple_aliasing,hit,post,1.0
gpt2-xl,memit,ripple,ripple_random_row1836,efficacy,hit,pre,0.0
gpt2-xl,memit,ripple,ripple_random_row1836,ripple_aliasing,hit,pre,0.0
gpt2-xl,memit,ripple,ripple_random_row1836,efficacy,hit,post,0.0
gpt2-xl,memit,ripple,ripple_random_row1836,ripple_aliasing,hit,post,0.0
gpt2-xl,memit,ripple,ripple_random_row1505,efficacy,hit,pre,0.0
gpt2-xl,memit,ripple,ripple_random_row1505,ripple_aliasing,hit,pre,0.0
gpt2-xl,memit,ripple,ripple_random_row1505,efficacy,hit,post,1.0
gpt2-xl,memit,ripple,ripple_random_row1505,ripple_aliasing,hit,post,1.0
gpt2-xl,memit,ripple,ripple_random_row1646,efficacy,hit,pre,0.0
gpt2-xl,memit,ripple,ripple_random_row1646,ripple_logical,hit,pre,0.0
gpt2-xl,memit,ripple,ripple_random_row1646,ripple_aliasing,hit,pre,0.0
gpt2-xl,memit,ripple,ripple_random_row1646,efficacy,hit,post,1.0
gpt2-xl,memit,ripple,ripple_random_row1646,ripple_logical,hit,post,0.0
gpt2-xl,memit,ripple,ripple_random_row1646,ripple_aliasing,hit,post,1.0
gpt2-xl,memit,ripple,ripple_random_row1709,efficacy,hit,pre,0.0
gpt2-xl,memit,ripple,ripple_random_row1709,ripple_logical,hit,pre,0.0
gpt2-xl,memit,ripple,ripple_random_row1709,ripple_compositional_i,hit,pre,0.0
gpt2-xl,memit,ripple,ripple_random_row1709,ripple_aliasing,hit,pre,0.0
gpt2-xl,memit,ripple,ripple_random_row1709,efficacy,hit,post,1.0
gpt2-xl,memit,ripple,ripple_random_row1709,ripple_logical,hit,post,0.0
gpt2-xl,memit,ripple,ripple_random_row1709,ripple_compositional_i,hit,post,0.0
gpt2-xl,memit,ripple,ripple_random_row1709,ripple_aliasing,hit,post,0.3333333333333333
gpt2-xl,memit,ripple,ripple_random_row1814,efficacy,hit,pre,0.0
gpt2-xl,memit,ripple,ripple_random_row1814,ripple_aliasing,hit,pre,0.0
gpt2-xl,memit,ripple,ripple_random_row1814,efficacy,hit,post,0.0
gpt2-xl,memit,ripple,ripple_random_row1814,ripple_aliasing,hit,post,0.0
gpt2-xl,memit,ripple,ripple_random_row1889,efficacy,hit,pre,0.0
gpt2-xl,memit,ripple,ripple_random_row1889,ripple_aliasing,hit,pre,0.0
gpt2-xl,memit,ripple,ripple_random_row1889,efficacy,hit,post,0.0
gpt2-xl,memit,ripple,ripple_random_row1889,ripple_aliasing,hit,post,0.0
gpt2-xl,memit,ripple,ripple_random_row1713,efficacy,hit,pre,0.0
gpt2-xl,memit,ripple,ripple_random_row1713,ripple_aliasing,hit,pre,0.0
gpt2-xl,memit,ripple,ripple_random_row1713,efficacy,hit,post,0.0
gpt2-xl,memit,ripple,ripple_random_row1713,ripple_aliasing,hit,post,0.0
gpt2-xl,memit,ripple,ripple_random_row1582,efficacy,hit,pre,0.0
gpt2-xl,memit,ripple,ripple_random_row1582,ripple_aliasing,hit,pre,0.0
gpt2-xl,memit,ripple,ripple_random_row1582,efficacy,hit,post,1.0
gpt2-xl,memit,ripple,ripple_random_row1582,ripple_aliasing,hit,post,1.0
gpt2-xl,remedi,ripple,ripple_popular_row657,efficacy,hit,pre,0.0
gpt2-xl,remedi,ripple,ripple_popular_row657,ripple_aliasing,hit,pre,0.0
gpt2-xl,remedi,ripple,ripple_popular_row657,ripple_relation_specificity,hit,pre,1.0
gpt2-xl,remedi,ripple,ripple_popular_row657,efficacy,hit,post,0.0
gpt2-xl,remedi,ripple,ripple_popular_row657,ripple_aliasing,hit,post,0.0
gpt2-xl,remedi,ripple,ripple_popular_row657,ripple_relation_specificity,hit,post,1.0
gpt2-xl,remedi,ripple,ripple_popular_row839,efficacy,hit,pre,0.0
gpt2-xl,remedi,ripple,ripple_popular_row839,ripple_aliasing,hit,pre,0.0
gpt2-xl,remedi,ripple,ripple_popular_row839,efficacy,hit,post,0.0
gpt2-xl,remedi,ripple,ripple_popular_row839,ripple_aliasing,hit,post,0.0
gpt2-xl,remedi,ripple,ripple_popular_row792,efficacy,hit,pre,0.0
gpt2-xl,remedi,ripple,ripple_popular_row792,ripple_aliasing,hit,pre,0.0
gpt2-xl,remedi,ripple,ripple_popular_row792,efficacy,hit,post,0.0
gpt2-xl,remedi,ripple,ripple_popular_row792,ripple_aliasing,hit,post,0.0
gpt2-xl,remedi,ripple,ripple_popular_row778,efficacy,hit,pre,0.0
gpt2-xl,remedi,ripple,ripple_popular_row778,ripple_logical,hit,pre,0.0
gpt2-xl,remedi,ripple,ripple_popular_row778,ripple_aliasing,hit,pre,0.0
gpt2-xl,remedi,ripple,ripple_popular_row778,ripple_relation_specificity,hit,pre,1.0
gpt2-xl,remedi,ripple,ripple_popular_row778,efficacy,hit,post,0.0
gpt2-xl,remedi,ripple,ripple_popular_row778,ripple_logical,hit,post,0.0
gpt2-xl,remedi,ripple,ripple_popular_row778,ripple_aliasing,hit,post,0.0
gpt2-xl,remedi,ripple,ripple_popular_row778,ripple_relation_specificity,hit,post,0.5
gpt2-xl,remedi,ripple,ripple_popular_row846,efficacy,hit,pre,0.0
gpt2-xl,remedi,ripple,ripple_popular_row846,ripple_aliasing,hit,pre,0.0
gpt2-xl,remedi,ripple,ripple_popular_row846,ripple_relation_specificity,hit,pre,1.0
gpt2-xl,remedi,ripple,ripple_popular_row846,efficacy,hit,post,0.0
gpt2-xl,remedi,ripple,ripple_popular_row846,ripple_aliasing,hit,post,0.0
gpt2-xl,remedi,ripple,ripple_popular_row846,ripple_relation_specificity,hit,post,0.5
gpt2-xl,remedi,ripple,ripple_popular_row735,efficacy,hit,pre,0.0
gpt2-xl,remedi,ripple,ripple_popular_row735,ripple_compositional_i,hit,pre,0.0
gpt2-xl,remedi,ripple,ripple_popular_row735,ripple_aliasing,hit,pre,0.0
gpt2-xl,remedi,ripple,ripple_popular_row735,efficacy,hit,post,0.0
gpt2-xl,remedi,ripple,ripple_popular_row735,ripple_compositional_i,hit,post,0.0
gpt2-xl,remedi,ripple,ripple_popular_row735,ripple_aliasing,hit,post,0.0
gpt2-xl,remedi,ripple,ripple_popular_row867,efficacy,hit,pre,0.0
gpt2-xl,remedi,ripple,ripple_popular_row867,ripple_logical,hit,pre,0.0
gpt2-xl,remedi,ripple,ripple_popular_row867,ripple_aliasing,hit,pre,0.0
gpt2-xl,remedi,ripple,ripple_popular_row867,efficacy,hit,post,0.0
gpt2-xl,remedi,ripple,ripple_popular_row867,ripple_logical,hit,post,0.0
gpt2-xl,remedi,ripple,ripple_popular_row867,ripple_aliasing,hit,post,0.0
gpt2-xl,remedi,ripple,ripple_popular_row838,efficacy,hit,pre,0.0
gpt2-xl,remedi,ripple,ripple_popular_row838,ripple_logical,hit,pre,0.0
gpt2-xl,remedi,ripple,ripple_popular_row838,ripple_aliasing,hit,pre,0.0
gpt2-xl,remedi,ripple,ripple_popular_row838,ripple_relation_specificity,hit,pre,1.0
gpt2-xl,remedi,ripple,ripple_popular_row838,efficacy,hit,post,0.0
gpt2-xl,remedi,ripple,ripple_popular_row838,ripple_logical,hit,post,0.0
gpt2-xl,remedi,ripple,ripple_popular_row838,ripple_aliasing,hit,post,0.0
gpt2-xl,remedi,ripple,ripple_popular_row838,ripple_relation_specificity,hit,post,1.0
gpt2-xl,remedi,ripple,ripple_popular_row716,efficacy,hit,pre,0.0
gpt2-xl,remedi,ripple,ripple_popular_row716,ripple_aliasing,hit,pre,0.0
gpt2-xl,remedi,ripple,ripple_popular_row716,efficacy,hit,post,0.0
gpt2-xl,remedi,ripple,ripple_popular_row716,ripple_aliasing,hit,post,0.0
gpt2-xl,remedi,ripple,ripple_popular_row857,efficacy,hit,pre,0.0
gpt2-xl,remedi,ripple,ripple_popular_row857,ripple_logical,hit,pre,0.0
gpt2-xl,remedi,ripple,ripple_popular_row857,ripple_aliasing,hit,pre,0.0
gpt2-xl,remedi,ripple,ripple_popular_row857,efficacy,hit,post,0.0
gpt2-xl,remedi,ripple,ripple_popular_row857,ripple_logical,hit,post,0.0
gpt2-xl,remedi,ripple,ripple_popular_row857,ripple_aliasing,hit,post,0.0
gpt2-xl,remedi,ripple,ripple_popular_row868,efficacy,hit,pre,0.0
gpt2-xl,remedi,ripple,ripple_popular_row868,ripple_compositional_i,hit,pre,0.5
gpt2-xl,remedi,ripple,ripple_popular_row868,efficacy,hit,post,0.0
gpt2-xl,remedi,ripple,ripple_popular_row868,ripple_compositional_i,hit,post,0.5
gpt2-xl,remedi,ripple,ripple_popular_row699,efficacy,hit,pre,0.0
gpt2-xl,remedi,ripple,ripple_popular_row699,ripple_aliasing,hit,pre,0.0
gpt2-xl,remedi,ripple,ripple_popular_row699,efficacy,hit,post,0.0
gpt2-xl,remedi,ripple,ripple_popular_row699,ripple_aliasing,hit,post,0.0
gpt2-xl,remedi,ripple,ripple_popular_row825,efficacy,hit,pre,0.0
gpt2-xl,remedi,ripple,ripple_popular_row825,ripple_aliasing,hit,pre,0.0
gpt2-xl,remedi,ripple,ripple_popular_row825,efficacy,hit,post,0.0
gpt2-xl,remedi,ripple,ripple_popular_row825,ripple_aliasing,hit,post,0.0
gpt2-xl,remedi,ripple,ripple_popular_row866,efficacy,hit,pre,0.0
gpt2-xl,remedi,ripple,ripple_popular_row866,ripple_compositional_i,hit,pre,0.0
gpt2-xl,remedi,ripple,ripple_popular_row866,ripple_aliasing,hit,pre,0.0
gpt2-xl,remedi,ripple,ripple_popular_row866,efficacy,hit,post,0.0
gpt2-xl,remedi,ripple,ripple_popular_row866,ripple_compositional_i,hit,post,1.0
gpt2-xl,remedi,ripple,ripple_popular_row866,ripple_aliasing,hit,post,0.0
gpt2-xl,remedi,ripple,ripple_popular_row642,efficacy,hit,pre,0.0
gpt2-xl,remedi,ripple,ripple_popular_row642,ripple_aliasing,hit,pre,0.0
gpt2-xl,remedi,ripple,ripple_popular_row642,ripple_relation_specificity,hit,pre,1.0
gpt2-xl,remedi,ripple,ripple_popular_row642,efficacy,hit,post,0.0
gpt2-xl,remedi,ripple,ripple_popular_row642,ripple_aliasing,hit,post,0.0
gpt2-xl,remedi,ripple,ripple_popular_row642,ripple_relation_specificity,hit,post,1.0
gpt2-xl,remedi,ripple,ripple_popular_row653,efficacy,hit,pre,0.0
gpt2-xl,remedi,ripple,ripple_popular_row653,ripple_logical,hit,pre,0.0
gpt2-xl,remedi,ripple,ripple_popular_row653,efficacy,hit,post,0.0
gpt2-xl,remedi,ripple,ripple_popular_row653,ripple_logical,hit,post,0.0
gpt2-xl,remedi,ripple,ripple_popular_row663,efficacy,hit,pre,0.0
gpt2-xl,remedi,ripple,ripple_popular_row663,efficacy,hit,post,0.0
gpt2-xl,remedi,ripple,ripple_popular_row692,efficacy,hit,pre,0.0
gpt2-xl,remedi,ripple,ripple_popular_row692,ripple_logical,hit,pre,0.0
gpt2-xl,remedi,ripple,ripple_popular_row692,ripple_aliasing,hit,pre,0.0
gpt2-xl,remedi,ripple,ripple_popular_row692,ripple_relation_specificity,hit,pre,1.0
gpt2-xl,remedi,ripple,ripple_popular_row692,efficacy,hit,post,0.0
gpt2-xl,remedi,ripple,ripple_popular_row692,ripple_logical,hit,post,0.0
gpt2-xl,remedi,ripple,ripple_popular_row692,ripple_aliasing,hit,post,0.0
gpt2-xl,remedi,ripple,ripple_popular_row692,ripple_relation_specificity,hit,post,0.75
gpt2-xl,remedi,ripple,ripple_popular_row701,efficacy,hit,pre,0.0
gpt2-xl,remedi,ripple,ripple_popular_row701,ripple_logical,hit,pre,0.0
gpt2-xl,remedi,ripple,ripple_popular_row701,ripple_aliasing,hit,pre,0.0
gpt2-xl,remedi,ripple,ripple_popular_row701,efficacy,hit,post,0.0
gpt2-xl,remedi,ripple,ripple_popular_row701,ripple_logical,hit,post,0.0
gpt2-xl,remedi,ripple,ripple_popular_row701,ripple_aliasing,hit,post,0.0
gpt2-xl,remedi,ripple,ripple_popular_row690,efficacy,hit,pre,0.0
gpt2-xl,remedi,ripple,ripple_popular_row690,ripple_aliasing,hit,pre,0.0
gpt2-xl,remedi,ripple,ripple_popular_row690,ripple_relation_specificity,hit,pre,1.0
gpt2-xl,remedi,ripple,ripple_popular_row690,efficacy,hit,post,0.0
gpt2-xl,remedi,ripple,ripple_popular_row690,ripple_aliasing,hit,post,0.0
gpt2-xl,remedi,ripple,ripple_popular_row690,ripple_relation_specificity,hit,post,1.0
gpt2-xl,remedi,ripple,ripple_popular_row668,efficacy,hit,pre,0.0
gpt2-xl,remedi,ripple,ripple_popular_row668,ripple_aliasing,hit,pre,0.0
gpt2-xl,remedi,ripple,ripple_popular_row668,efficacy,hit,post,0.0
gpt2-xl,remedi,ripple,ripple_popular_row668,ripple_aliasing,hit,post,0.0
gpt2-xl,remedi,ripple,ripple_popular_row810,efficacy,hit,pre,0.0
gpt2-xl,remedi,ripple,ripple_popular_row810,ripple_logical,hit,pre,0.0
gpt2-xl,remedi,ripple,ripple_popular_row810,ripple_aliasing,hit,pre,0.0
gpt2-xl,remedi,ripple,ripple_popular_row810,ripple_relation_specificity,hit,pre,0.0
gpt2-xl,remedi,ripple,ripple_popular_row810,efficacy,hit,post,0.0
gpt2-xl,remedi,ripple,ripple_popular_row810,ripple_logical,hit,post,0.0
gpt2-xl,remedi,ripple,ripple_popular_row810,ripple_aliasing,hit,post,0.0
gpt2-xl,remedi,ripple,ripple_popular_row810,ripple_relation_specificity,hit,post,0.0
gpt2-xl,remedi,ripple,ripple_popular_row870,efficacy,hit,pre,0.0
gpt2-xl,remedi,ripple,ripple_popular_row870,ripple_relation_specificity,hit,pre,1.0
gpt2-xl,remedi,ripple,ripple_popular_row870,efficacy,hit,post,0.0
gpt2-xl,remedi,ripple,ripple_popular_row870,ripple_relation_specificity,hit,post,0.0
gpt2-xl,remedi,ripple,ripple_popular_row646,efficacy,hit,pre,0.0
gpt2-xl,remedi,ripple,ripple_popular_row646,ripple_aliasing,hit,pre,0.0
gpt2-xl,remedi,ripple,ripple_popular_row646,ripple_relation_specificity,hit,pre,1.0
gpt2-xl,remedi,ripple,ripple_popular_row646,efficacy,hit,post,0.0
gpt2-xl,remedi,ripple,ripple_popular_row646,ripple_aliasing,hit,post,0.0
gpt2-xl,remedi,ripple,ripple_popular_row646,ripple_relation_specificity,hit,post,1.0
gpt2-xl,remedi,ripple,ripple_popular_row697,efficacy,hit,pre,0.0
gpt2-xl,remedi,ripple,ripple_popular_row697,ripple_aliasing,hit,pre,0.0
gpt2-xl,remedi,ripple,ripple_popular_row697,efficacy,hit,post,0.0
gpt2-xl,remedi,ripple,ripple_popular_row697,ripple_aliasing,hit,post,0.0
gpt2-xl,remedi,ripple,ripple_popular_row613,efficacy,hit,pre,0.0
gpt2-xl,remedi,ripple,ripple_popular_row613,ripple_logical,hit,pre,0.0
gpt2-xl,remedi,ripple,ripple_popular_row613,ripple_aliasing,hit,pre,0.0
gpt2-xl,remedi,ripple,ripple_popular_row613,ripple_relation_specificity,hit,pre,1.0
gpt2-xl,remedi,ripple,ripple_popular_row613,efficacy,hit,post,0.0
gpt2-xl,remedi,ripple,ripple_popular_row613,ripple_logical,hit,post,0.0
gpt2-xl,remedi,ripple,ripple_popular_row613,ripple_aliasing,hit,post,0.0
gpt2-xl,remedi,ripple,ripple_popular_row613,ripple_relation_specificity,hit,post,0.6666666666666666
gpt2-xl,remedi,ripple,ripple_popular_row710,efficacy,hit,pre,0.0
gpt2-xl,remedi,ripple,ripple_popular_row710,efficacy,hit,post,0.0
gpt2-xl,remedi,ripple,ripple_popular_row819,efficacy,hit,pre,0.0
gpt2-xl,remedi,ripple,ripple_popular_row819,ripple_aliasing,hit,pre,0.0
gpt2-xl,remedi,ripple,ripple_popular_row819,efficacy,hit,post,0.0
gpt2-xl,remedi,ripple,ripple_popular_row819,ripple_aliasing,hit,post,0.0
gpt2-xl,remedi,ripple,ripple_popular_row782,efficacy,hit,pre,0.0
gpt2-xl,remedi,ripple,ripple_popular_row782,ripple_aliasing,hit,pre,0.0
gpt2-xl,remedi,ripple,ripple_popular_row782,efficacy,hit,post,1.0
gpt2-xl,remedi,ripple,ripple_popular_row782,ripple_aliasing,hit,post,0.5
gpt2-xl,remedi,ripple,ripple_popular_row696,efficacy,hit,pre,0.0
gpt2-xl,remedi,ripple,ripple_popular_row696,efficacy,hit,post,0.0
gpt2-xl,remedi,ripple,ripple_popular_row641,efficacy,hit,pre,0.0
gpt2-xl,remedi,ripple,ripple_popular_row641,ripple_aliasing,hit,pre,0.0
gpt2-xl,remedi,ripple,ripple_popular_row641,efficacy,hit,post,0.0
gpt2-xl,remedi,ripple,ripple_popular_row641,ripple_aliasing,hit,post,0.0
gpt2-xl,remedi,ripple,ripple_popular_row705,efficacy,hit,pre,0.0
gpt2-xl,remedi,ripple,ripple_popular_row705,ripple_aliasing,hit,pre,0.0
gpt2-xl,remedi,ripple,ripple_popular_row705,efficacy,hit,post,0.0
gpt2-xl,remedi,ripple,ripple_popular_row705,ripple_aliasing,hit,post,0.0
gpt2-xl,remedi,ripple,ripple_popular_row614,efficacy,hit,pre,0.0
gpt2-xl,remedi,ripple,ripple_popular_row614,ripple_compositional_i,hit,pre,0.0
gpt2-xl,remedi,ripple,ripple_popular_row614,ripple_aliasing,hit,pre,0.0
gpt2-xl,remedi,ripple,ripple_popular_row614,ripple_relation_specificity,hit,pre,1.0
gpt2-xl,remedi,ripple,ripple_popular_row614,efficacy,hit,post,0.0
gpt2-xl,remedi,ripple,ripple_popular_row614,ripple_compositional_i,hit,post,0.0
gpt2-xl,remedi,ripple,ripple_popular_row614,ripple_aliasing,hit,post,0.0
gpt2-xl,remedi,ripple,ripple_popular_row614,ripple_relation_specificity,hit,post,1.0
gpt2-xl,remedi,ripple,ripple_popular_row874,efficacy,hit,pre,0.0
gpt2-xl,remedi,ripple,ripple_popular_row874,ripple_logical,hit,pre,0.0
gpt2-xl,remedi,ripple,ripple_popular_row874,ripple_compositional_i,hit,pre,1.0
gpt2-xl,remedi,ripple,ripple_popular_row874,ripple_aliasing,hit,pre,0.0
gpt2-xl,remedi,ripple,ripple_popular_row874,efficacy,hit,post,0.0
gpt2-xl,remedi,ripple,ripple_popular_row874,ripple_logical,hit,post,0.0
gpt2-xl,remedi,ripple,ripple_popular_row874,ripple_compositional_i,hit,post,0.0
gpt2-xl,remedi,ripple,ripple_popular_row874,ripple_aliasing,hit,post,0.0
gpt2-xl,remedi,ripple,ripple_popular_row610,efficacy,hit,pre,0.0
gpt2-xl,remedi,ripple,ripple_popular_row610,ripple_aliasing,hit,pre,0.0
gpt2-xl,remedi,ripple,ripple_popular_row610,efficacy,hit,post,0.0
gpt2-xl,remedi,ripple,ripple_popular_row610,ripple_aliasing,hit,post,0.0
gpt2-xl,remedi,ripple,ripple_popular_row816,efficacy,hit,pre,0.0
gpt2-xl,remedi,ripple,ripple_popular_row816,ripple_aliasing,hit,pre,0.0
gpt2-xl,remedi,ripple,ripple_popular_row816,ripple_relation_specificity,hit,pre,1.0
gpt2-xl,remedi,ripple,ripple_popular_row816,efficacy,hit,post,0.0
gpt2-xl,remedi,ripple,ripple_popular_row816,ripple_aliasing,hit,post,0.0
gpt2-xl,remedi,ripple,ripple_popular_row816,ripple_relation_specificity,hit,post,1.0
gpt2-xl,remedi,ripple,ripple_popular_row717,efficacy,hit,pre,0.0
gpt2-xl,remedi,ripple,ripple_popular_row717,ripple_logical,hit,pre,0.0
gpt2-xl,remedi,ripple,ripple_popular_row717,ripple_aliasing,hit,pre,0.0
gpt2-xl,remedi,ripple,ripple_popular_row717,ripple_relation_specificity,hit,pre,1.0
gpt2-xl,remedi,ripple,ripple_popular_row717,efficacy,hit,post,0.0
gpt2-xl,remedi,ripple,ripple_popular_row717,ripple_logical,hit,post,0.0
gpt2-xl,remedi,ripple,ripple_popular_row717,ripple_aliasing,hit,post,0.0
gpt2-xl,remedi,ripple,ripple_popular_row717,ripple_relation_specificity,hit,post,0.5
gpt2-xl,remedi,ripple,ripple_popular_row836,efficacy,hit,pre,0.0
gpt2-xl,remedi,ripple,ripple_popular_row836,ripple_compositional_ii,hit,pre,0.0
gpt2-xl,remedi,ripple,ripple_popular_row836,ripple_aliasing,hit,pre,0.0
gpt2-xl,remedi,ripple,ripple_popular_row836,ripple_relation_specificity,hit,pre,1.0
gpt2-xl,remedi,ripple,ripple_popular_row836,efficacy,hit,post,0.0
gpt2-xl,remedi,ripple,ripple_popular_row836,ripple_compositional_ii,hit,post,0.0
gpt2-xl,remedi,ripple,ripple_popular_row836,ripple_aliasing,hit,post,0.0
gpt2-xl,remedi,ripple,ripple_popular_row836,ripple_relation_specificity,hit,post,1.0
gpt2-xl,remedi,ripple,ripple_popular_row719,efficacy,hit,pre,0.0
gpt2-xl,remedi,ripple,ripple_popular_row719,efficacy,hit,post,0.0
gpt2-xl,remedi,ripple,ripple_popular_row684,efficacy,hit,pre,0.0
gpt2-xl,remedi,ripple,ripple_popular_row684,ripple_aliasing,hit,pre,0.0
gpt2-xl,remedi,ripple,ripple_popular_row684,efficacy,hit,post,0.0
gpt2-xl,remedi,ripple,ripple_popular_row684,ripple_aliasing,hit,post,0.0
gpt2-xl,remedi,ripple,ripple_popular_row877,efficacy,hit,pre,0.0
gpt2-xl,remedi,ripple,ripple_popular_row877,ripple_aliasing,hit,pre,0.0
gpt2-xl,remedi,ripple,ripple_popular_row877,ripple_relation_specificity,hit,pre,1.0
gpt2-xl,remedi,ripple,ripple_popular_row877,efficacy,hit,post,0.0
gpt2-xl,remedi,ripple,ripple_popular_row877,ripple_aliasing,hit,post,0.0
gpt2-xl,remedi,ripple,ripple_popular_row877,ripple_relation_specificity,hit,post,1.0
gpt2-xl,remedi,ripple,ripple_popular_row763,efficacy,hit,pre,0.0
gpt2-xl,remedi,ripple,ripple_popular_row763,ripple_aliasing,hit,pre,0.0
gpt2-xl,remedi,ripple,ripple_popular_row763,efficacy,hit,post,0.0
gpt2-xl,remedi,ripple,ripple_popular_row763,ripple_aliasing,hit,post,0.0
gpt2-xl,remedi,ripple,ripple_popular_row731,efficacy,hit,pre,0.0
gpt2-xl,remedi,ripple,ripple_popular_row731,ripple_aliasing,hit,pre,0.0
gpt2-xl,remedi,ripple,ripple_popular_row731,ripple_relation_specificity,hit,pre,1.0
gpt2-xl,remedi,ripple,ripple_popular_row731,efficacy,hit,post,0.0
gpt2-xl,remedi,ripple,ripple_popular_row731,ripple_aliasing,hit,post,0.0
gpt2-xl,remedi,ripple,ripple_popular_row731,ripple_relation_specificity,hit,post,1.0
gpt2-xl,remedi,ripple,ripple_popular_row799,efficacy,hit,pre,0.0
gpt2-xl,remedi,ripple,ripple_popular_row799,ripple_aliasing,hit,pre,0.0
gpt2-xl,remedi,ripple,ripple_popular_row799,ripple_relation_specificity,hit,pre,1.0
gpt2-xl,remedi,ripple,ripple_popular_row799,efficacy,hit,post,0.0
gpt2-xl,remedi,ripple,ripple_popular_row799,ripple_aliasing,hit,post,0.0
gpt2-xl,remedi,ripple,ripple_popular_row799,ripple_relation_specificity,hit,post,0.0
gpt2-xl,remedi,ripple,ripple_popular_row880,efficacy,hit,pre,0.0
gpt2-xl,remedi,ripple,ripple_popular_row880,ripple_aliasing,hit,pre,0.0
gpt2-xl,remedi,ripple,ripple_popular_row880,ripple_relation_specificity,hit,pre,1.0
gpt2-xl,remedi,ripple,ripple_popular_row880,efficacy,hit,post,0.0
gpt2-xl,remedi,ripple,ripple_popular_row880,ripple_aliasing,hit,post,0.0
gpt2-xl,remedi,ripple,ripple_popular_row880,ripple_relation_specificity,hit,post,0.0
gpt2-xl,remedi,ripple,ripple_popular_row680,efficacy,hit,pre,0.0
gpt2-xl,remedi,ripple,ripple_popular_row680,ripple_aliasing,hit,pre,0.0
gpt2-xl,remedi,ripple,ripple_popular_row680,efficacy,hit,post,0.0
gpt2-xl,remedi,ripple,ripple_popular_row680,ripple_aliasing,hit,post,0.0
gpt2-xl,remedi,ripple,ripple_popular_row737,efficacy,hit,pre,0.0
gpt2-xl,remedi,ripple,ripple_popular_row737,ripple_aliasing,hit,pre,0.0
gpt2-xl,remedi,ripple,ripple_popular_row737,ripple_relation_specificity,hit,pre,1.0
gpt2-xl,remedi,ripple,ripple_popular_row737,efficacy,hit,post,0.0
gpt2-xl,remedi,ripple,ripple_popular_row737,ripple_aliasing,hit,post,0.0
gpt2-xl,remedi,ripple,ripple_popular_row737,ripple_relation_specificity,hit,post,0.5
gpt2-xl,remedi,ripple,ripple_popular_row712,efficacy,hit,pre,0.0
gpt2-xl,remedi,ripple,ripple_popular_row712,ripple_aliasing,hit,pre,0.0
gpt2-xl,remedi,ripple,ripple_popular_row712,ripple_relation_specificity,hit,pre,1.0
gpt2-xl,remedi,ripple,ripple_popular_row712,efficacy,hit,post,0.0
gpt2-xl,remedi,ripple,ripple_popular_row712,ripple_aliasing,hit,post,0.0
gpt2-xl,remedi,ripple,ripple_popular_row712,ripple_relation_specificity,hit,post,0.0
gpt2-xl,remedi,ripple,ripple_popular_row789,efficacy,hit,pre,0.0
gpt2-xl,remedi,ripple,ripple_popular_row789,ripple_aliasing,hit,pre,0.0
gpt2-xl,remedi,ripple,ripple_popular_row789,efficacy,hit,post,0.0
gpt2-xl,remedi,ripple,ripple_popular_row789,ripple_aliasing,hit,post,0.0
gpt2-xl,remedi,ripple,ripple_popular_row881,efficacy,hit,pre,0.0
gpt2-xl,remedi,ripple,ripple_popular_row881,ripple_logical,hit,pre,0.0
gpt2-xl,remedi,ripple,ripple_popular_row881,ripple_aliasing,hit,pre,0.0
gpt2-xl,remedi,ripple,ripple_popular_row881,efficacy,hit,post,0.0
gpt2-xl,remedi,ripple,ripple_popular_row881,ripple_logical,hit,post,0.0
gpt2-xl,remedi,ripple,ripple_popular_row881,ripple_aliasing,hit,post,0.0
gpt2-xl,remedi,ripple,ripple_popular_row863,efficacy,hit,pre,0.0
gpt2-xl,remedi,ripple,ripple_popular_row863,ripple_aliasing,hit,pre,0.0
gpt2-xl,remedi,ripple,ripple_popular_row863,efficacy,hit,post,0.0
gpt2-xl,remedi,ripple,ripple_popular_row863,ripple_aliasing,hit,post,0.0
gpt2-xl,remedi,ripple,ripple_popular_row873,efficacy,hit,pre,0.0
gpt2-xl,remedi,ripple,ripple_popular_row873,ripple_compositional_i,hit,pre,0.0
gpt2-xl,remedi,ripple,ripple_popular_row873,ripple_aliasing,hit,pre,0.0
gpt2-xl,remedi,ripple,ripple_popular_row873,ripple_relation_specificity,hit,pre,1.0
gpt2-xl,remedi,ripple,ripple_popular_row873,efficacy,hit,post,0.0
gpt2-xl,remedi,ripple,ripple_popular_row873,ripple_compositional_i,hit,post,0.0
gpt2-xl,remedi,ripple,ripple_popular_row873,ripple_aliasing,hit,post,0.0
gpt2-xl,remedi,ripple,ripple_popular_row873,ripple_relation_specificity,hit,post,1.0
gpt2-xl,remedi,ripple,ripple_popular_row708,efficacy,hit,pre,0.0
gpt2-xl,remedi,ripple,ripple_popular_row708,ripple_aliasing,hit,pre,0.0
gpt2-xl,remedi,ripple,ripple_popular_row708,ripple_relation_specificity,hit,pre,1.0
gpt2-xl,remedi,ripple,ripple_popular_row708,efficacy,hit,post,0.0
gpt2-xl,remedi,ripple,ripple_popular_row708,ripple_aliasing,hit,post,0.0
gpt2-xl,remedi,ripple,ripple_popular_row708,ripple_relation_specificity,hit,post,0.3333333333333333
gpt2-xl,remedi,ripple,ripple_popular_row850,efficacy,hit,pre,0.0
gpt2-xl,remedi,ripple,ripple_popular_row850,efficacy,hit,post,0.0
gpt2-xl,remedi,ripple,ripple_popular_row634,efficacy,hit,pre,0.0
gpt2-xl,remedi,ripple,ripple_popular_row634,ripple_aliasing,hit,pre,0.0
gpt2-xl,remedi,ripple,ripple_popular_row634,efficacy,hit,post,0.0
gpt2-xl,remedi,ripple,ripple_popular_row634,ripple_aliasing,hit,post,0.0
gpt2-xl,remedi,ripple,ripple_popular_row796,efficacy,hit,pre,0.0
gpt2-xl,remedi,ripple,ripple_popular_row796,ripple_relation_specificity,hit,pre,1.0
gpt2-xl,remedi,ripple,ripple_popular_row796,efficacy,hit,post,0.0
gpt2-xl,remedi,ripple,ripple_popular_row796,ripple_relation_specificity,hit,post,1.0
gpt2-xl,remedi,ripple,ripple_popular_row751,efficacy,hit,pre,0.0
gpt2-xl,remedi,ripple,ripple_popular_row751,ripple_logical,hit,pre,0.0
gpt2-xl,remedi,ripple,ripple_popular_row751,ripple_aliasing,hit,pre,0.0
gpt2-xl,remedi,ripple,ripple_popular_row751,ripple_relation_specificity,hit,pre,1.0
gpt2-xl,remedi,ripple,ripple_popular_row751,efficacy,hit,post,0.0
gpt2-xl,remedi,ripple,ripple_popular_row751,ripple_logical,hit,post,0.0
gpt2-xl,remedi,ripple,ripple_popular_row751,ripple_aliasing,hit,post,0.0
gpt2-xl,remedi,ripple,ripple_popular_row751,ripple_relation_specificity,hit,post,1.0
gpt2-xl,remedi,ripple,ripple_popular_row871,efficacy,hit,pre,0.0
gpt2-xl,remedi,ripple,ripple_popular_row871,ripple_logical,hit,pre,0.0
gpt2-xl,remedi,ripple,ripple_popular_row871,efficacy,hit,post,0.0
gpt2-xl,remedi,ripple,ripple_popular_row871,ripple_logical,hit,post,0.0
gpt2-xl,remedi,ripple,ripple_popular_row746,efficacy,hit,pre,0.0
gpt2-xl,remedi,ripple,ripple_popular_row746,ripple_aliasing,hit,pre,0.0
gpt2-xl,remedi,ripple,ripple_popular_row746,ripple_preservation,hit,pre,0.0
gpt2-xl,remedi,ripple,ripple_popular_row746,efficacy,hit,post,0.0
gpt2-xl,remedi,ripple,ripple_popular_row746,ripple_aliasing,hit,post,0.0
gpt2-xl,remedi,ripple,ripple_popular_row746,ripple_preservation,hit,post,1.0
gpt2-xl,remedi,ripple,ripple_popular_row829,efficacy,hit,pre,0.0
gpt2-xl,remedi,ripple,ripple_popular_row829,ripple_aliasing,hit,pre,0.0
gpt2-xl,remedi,ripple,ripple_popular_row829,efficacy,hit,post,0.0
gpt2-xl,remedi,ripple,ripple_popular_row829,ripple_aliasing,hit,post,0.0
gpt2-xl,remedi,ripple,ripple_popular_row658,efficacy,hit,pre,0.0
gpt2-xl,remedi,ripple,ripple_popular_row658,ripple_compositional_i,hit,pre,0.0
gpt2-xl,remedi,ripple,ripple_popular_row658,ripple_aliasing,hit,pre,0.0
gpt2-xl,remedi,ripple,ripple_popular_row658,efficacy,hit,post,0.0
gpt2-xl,remedi,ripple,ripple_popular_row658,ripple_compositional_i,hit,post,0.0
gpt2-xl,remedi,ripple,ripple_popular_row658,ripple_aliasing,hit,post,0.0
gpt2-xl,remedi,ripple,ripple_popular_row884,efficacy,hit,pre,0.0
gpt2-xl,remedi,ripple,ripple_popular_row884,ripple_logical,hit,pre,0.0
gpt2-xl,remedi,ripple,ripple_popular_row884,ripple_aliasing,hit,pre,0.0
gpt2-xl,remedi,ripple,ripple_popular_row884,ripple_relation_specificity,hit,pre,1.0
gpt2-xl,remedi,ripple,ripple_popular_row884,efficacy,hit,post,0.0
gpt2-xl,remedi,ripple,ripple_popular_row884,ripple_logical,hit,post,0.0
gpt2-xl,remedi,ripple,ripple_popular_row884,ripple_aliasing,hit,post,0.0
gpt2-xl,remedi,ripple,ripple_popular_row884,ripple_relation_specificity,hit,post,1.0
gpt2-xl,remedi,ripple,ripple_popular_row619,efficacy,hit,pre,0.0
gpt2-xl,remedi,ripple,ripple_popular_row619,ripple_aliasing,hit,pre,0.0
gpt2-xl,remedi,ripple,ripple_popular_row619,efficacy,hit,post,0.0
gpt2-xl,remedi,ripple,ripple_popular_row619,ripple_aliasing,hit,post,0.0
gpt2-xl,remedi,ripple,ripple_popular_row649,efficacy,hit,pre,0.0
gpt2-xl,remedi,ripple,ripple_popular_row649,ripple_logical,hit,pre,0.0
gpt2-xl,remedi,ripple,ripple_popular_row649,ripple_aliasing,hit,pre,0.0
gpt2-xl,remedi,ripple,ripple_popular_row649,efficacy,hit,post,0.0
gpt2-xl,remedi,ripple,ripple_popular_row649,ripple_logical,hit,post,0.0
gpt2-xl,remedi,ripple,ripple_popular_row649,ripple_aliasing,hit,post,0.0
gpt2-xl,remedi,ripple,ripple_popular_row688,efficacy,hit,pre,0.0
gpt2-xl,remedi,ripple,ripple_popular_row688,ripple_aliasing,hit,pre,0.0
gpt2-xl,remedi,ripple,ripple_popular_row688,efficacy,hit,post,0.0
gpt2-xl,remedi,ripple,ripple_popular_row688,ripple_aliasing,hit,post,0.0
gpt2-xl,remedi,ripple,ripple_popular_row639,efficacy,hit,pre,0.0
gpt2-xl,remedi,ripple,ripple_popular_row639,ripple_aliasing,hit,pre,0.0
gpt2-xl,remedi,ripple,ripple_popular_row639,ripple_relation_specificity,hit,pre,1.0
gpt2-xl,remedi,ripple,ripple_popular_row639,efficacy,hit,post,0.0
gpt2-xl,remedi,ripple,ripple_popular_row639,ripple_aliasing,hit,post,0.0
gpt2-xl,remedi,ripple,ripple_popular_row639,ripple_relation_specificity,hit,post,1.0
gpt2-xl,remedi,ripple,ripple_popular_row665,efficacy,hit,pre,0.0
gpt2-xl,remedi,ripple,ripple_popular_row665,ripple_logical,hit,pre,0.0
gpt2-xl,remedi,ripple,ripple_popular_row665,efficacy,hit,post,0.0
gpt2-xl,remedi,ripple,ripple_popular_row665,ripple_logical,hit,post,0.0
gpt2-xl,remedi,ripple,ripple_popular_row801,efficacy,hit,pre,0.0
gpt2-xl,remedi,ripple,ripple_popular_row801,ripple_aliasing,hit,pre,0.0
gpt2-xl,remedi,ripple,ripple_popular_row801,efficacy,hit,post,0.0
gpt2-xl,remedi,ripple,ripple_popular_row801,ripple_aliasing,hit,post,0.0
gpt2-xl,remedi,ripple,ripple_popular_row601,efficacy,hit,pre,0.0
gpt2-xl,remedi,ripple,ripple_popular_row601,ripple_aliasing,hit,pre,0.0
gpt2-xl,remedi,ripple,ripple_popular_row601,ripple_relation_specificity,hit,pre,1.0
gpt2-xl,remedi,ripple,ripple_popular_row601,efficacy,hit,post,0.0
gpt2-xl,remedi,ripple,ripple_popular_row601,ripple_aliasing,hit,post,0.0
gpt2-xl,remedi,ripple,ripple_popular_row601,ripple_relation_specificity,hit,post,0.0
gpt2-xl,remedi,ripple,ripple_popular_row779,efficacy,hit,pre,0.0
gpt2-xl,remedi,ripple,ripple_popular_row779,ripple_logical,hit,pre,0.0
gpt2-xl,remedi,ripple,ripple_popular_row779,ripple_aliasing,hit,pre,0.0
gpt2-xl,remedi,ripple,ripple_popular_row779,efficacy,hit,post,0.0
gpt2-xl,remedi,ripple,ripple_popular_row779,ripple_logical,hit,post,0.0
gpt2-xl,remedi,ripple,ripple_popular_row779,ripple_aliasing,hit,post,0.0
gpt2-xl,remedi,ripple,ripple_popular_row817,efficacy,hit,pre,0.0
gpt2-xl,remedi,ripple,ripple_popular_row817,ripple_aliasing,hit,pre,0.0
gpt2-xl,remedi,ripple,ripple_popular_row817,efficacy,hit,post,0.0
gpt2-xl,remedi,ripple,ripple_popular_row817,ripple_aliasing,hit,post,0.0
gpt2-xl,remedi,ripple,ripple_popular_row729,efficacy,hit,pre,0.0
gpt2-xl,remedi,ripple,ripple_popular_row729,ripple_aliasing,hit,pre,0.0
gpt2-xl,remedi,ripple,ripple_popular_row729,efficacy,hit,post,0.0
gpt2-xl,remedi,ripple,ripple_popular_row729,ripple_aliasing,hit,post,0.0
gpt2-xl,remedi,ripple,ripple_popular_row720,efficacy,hit,pre,0.0
gpt2-xl,remedi,ripple,ripple_popular_row720,ripple_logical,hit,pre,1.0
gpt2-xl,remedi,ripple,ripple_popular_row720,ripple_aliasing,hit,pre,0.0
gpt2-xl,remedi,ripple,ripple_popular_row720,ripple_relation_specificity,hit,pre,1.0
gpt2-xl,remedi,ripple,ripple_popular_row720,efficacy,hit,post,0.0
gpt2-xl,remedi,ripple,ripple_popular_row720,ripple_logical,hit,post,0.0
gpt2-xl,remedi,ripple,ripple_popular_row720,ripple_aliasing,hit,post,0.0
gpt2-xl,remedi,ripple,ripple_popular_row720,ripple_relation_specificity,hit,post,0.0
gpt2-xl,remedi,ripple,ripple_popular_row632,efficacy,hit,pre,0.0
gpt2-xl,remedi,ripple,ripple_popular_row632,ripple_aliasing,hit,pre,0.0
gpt2-xl,remedi,ripple,ripple_popular_row632,ripple_relation_specificity,hit,pre,1.0
gpt2-xl,remedi,ripple,ripple_popular_row632,efficacy,hit,post,0.0
gpt2-xl,remedi,ripple,ripple_popular_row632,ripple_aliasing,hit,post,0.0
gpt2-xl,remedi,ripple,ripple_popular_row632,ripple_relation_specificity,hit,post,1.0
gpt2-xl,remedi,ripple,ripple_popular_row667,efficacy,hit,pre,0.0
gpt2-xl,remedi,ripple,ripple_popular_row667,ripple_aliasing,hit,pre,0.0
gpt2-xl,remedi,ripple,ripple_popular_row667,efficacy,hit,post,0.0
gpt2-xl,remedi,ripple,ripple_popular_row667,ripple_aliasing,hit,post,0.0
gpt2-xl,remedi,ripple,ripple_popular_row823,efficacy,hit,pre,0.0
gpt2-xl,remedi,ripple,ripple_popular_row823,ripple_aliasing,hit,pre,0.0
gpt2-xl,remedi,ripple,ripple_popular_row823,ripple_relation_specificity,hit,pre,1.0
gpt2-xl,remedi,ripple,ripple_popular_row823,efficacy,hit,post,0.0
gpt2-xl,remedi,ripple,ripple_popular_row823,ripple_aliasing,hit,post,0.0
gpt2-xl,remedi,ripple,ripple_popular_row823,ripple_relation_specificity,hit,post,0.0
gpt2-xl,remedi,ripple,ripple_popular_row703,efficacy,hit,pre,0.0
gpt2-xl,remedi,ripple,ripple_popular_row703,efficacy,hit,post,0.0
gpt2-xl,remedi,ripple,ripple_popular_row774,efficacy,hit,pre,0.0
gpt2-xl,remedi,ripple,ripple_popular_row774,ripple_aliasing,hit,pre,0.0
gpt2-xl,remedi,ripple,ripple_popular_row774,efficacy,hit,post,0.0
gpt2-xl,remedi,ripple,ripple_popular_row774,ripple_aliasing,hit,post,0.5
gpt2-xl,remedi,ripple,ripple_popular_row793,efficacy,hit,pre,0.0
gpt2-xl,remedi,ripple,ripple_popular_row793,ripple_logical,hit,pre,0.0
gpt2-xl,remedi,ripple,ripple_popular_row793,ripple_aliasing,hit,pre,0.0
gpt2-xl,remedi,ripple,ripple_popular_row793,ripple_relation_specificity,hit,pre,1.0
gpt2-xl,remedi,ripple,ripple_popular_row793,efficacy,hit,post,0.0
gpt2-xl,remedi,ripple,ripple_popular_row793,ripple_logical,hit,post,1.0
gpt2-xl,remedi,ripple,ripple_popular_row793,ripple_aliasing,hit,post,0.0
gpt2-xl,remedi,ripple,ripple_popular_row793,ripple_relation_specificity,hit,post,0.5
gpt2-xl,remedi,ripple,ripple_popular_row718,efficacy,hit,pre,0.0
gpt2-xl,remedi,ripple,ripple_popular_row718,ripple_aliasing,hit,pre,0.0
gpt2-xl,remedi,ripple,ripple_popular_row718,efficacy,hit,post,0.0
gpt2-xl,remedi,ripple,ripple_popular_row718,ripple_aliasing,hit,post,0.0
gpt2-xl,remedi,ripple,ripple_popular_row759,efficacy,hit,pre,0.0
gpt2-xl,remedi,ripple,ripple_popular_row759,ripple_relation_specificity,hit,pre,0.0
gpt2-xl,remedi,ripple,ripple_popular_row759,efficacy,hit,post,0.0
gpt2-xl,remedi,ripple,ripple_popular_row759,ripple_relation_specificity,hit,post,0.0
gpt2-xl,remedi,ripple,ripple_popular_row672,efficacy,hit,pre,0.0
gpt2-xl,remedi,ripple,ripple_popular_row672,ripple_logical,hit,pre,0.0
gpt2-xl,remedi,ripple,ripple_popular_row672,efficacy,hit,post,0.0
gpt2-xl,remedi,ripple,ripple_popular_row672,ripple_logical,hit,post,0.0
gpt2-xl,remedi,ripple,ripple_popular_row875,efficacy,hit,pre,0.0
gpt2-xl,remedi,ripple,ripple_popular_row875,efficacy,hit,post,0.0
gpt2-xl,remedi,ripple,ripple_popular_row645,efficacy,hit,pre,0.0
gpt2-xl,remedi,ripple,ripple_popular_row645,ripple_compositional_i,hit,pre,0.0
gpt2-xl,remedi,ripple,ripple_popular_row645,ripple_aliasing,hit,pre,0.0
gpt2-xl,remedi,ripple,ripple_popular_row645,ripple_relation_specificity,hit,pre,1.0
gpt2-xl,remedi,ripple,ripple_popular_row645,efficacy,hit,post,0.0
gpt2-xl,remedi,ripple,ripple_popular_row645,ripple_compositional_i,hit,post,0.0
gpt2-xl,remedi,ripple,ripple_popular_row645,ripple_aliasing,hit,post,0.0
gpt2-xl,remedi,ripple,ripple_popular_row645,ripple_relation_specificity,hit,post,1.0
gpt2-xl,remedi,ripple,ripple_popular_row765,efficacy,hit,pre,0.0
gpt2-xl,remedi,ripple,ripple_popular_row765,ripple_aliasing,hit,pre,0.0
gpt2-xl,remedi,ripple,ripple_popular_row765,efficacy,hit,post,0.0
gpt2-xl,remedi,ripple,ripple_popular_row765,ripple_aliasing,hit,post,0.0
gpt2-xl,remedi,ripple,ripple_popular_row865,efficacy,hit,pre,0.0
gpt2-xl,remedi,ripple,ripple_popular_row865,ripple_aliasing,hit,pre,0.0
gpt2-xl,remedi,ripple,ripple_popular_row865,ripple_relation_specificity,hit,pre,1.0
gpt2-xl,remedi,ripple,ripple_popular_row865,efficacy,hit,post,0.0
gpt2-xl,remedi,ripple,ripple_popular_row865,ripple_aliasing,hit,post,0.0
gpt2-xl,remedi,ripple,ripple_popular_row865,ripple_relation_specificity,hit,post,1.0
gpt2-xl,remedi,ripple,ripple_popular_row689,efficacy,hit,pre,0.0
gpt2-xl,remedi,ripple,ripple_popular_row689,ripple_aliasing,hit,pre,0.0
gpt2-xl,remedi,ripple,ripple_popular_row689,efficacy,hit,post,0.0
gpt2-xl,remedi,ripple,ripple_popular_row689,ripple_aliasing,hit,post,0.0
gpt2-xl,remedi,ripple,ripple_popular_row743,efficacy,hit,pre,0.0
gpt2-xl,remedi,ripple,ripple_popular_row743,ripple_aliasing,hit,pre,0.0
gpt2-xl,remedi,ripple,ripple_popular_row743,efficacy,hit,post,0.0
gpt2-xl,remedi,ripple,ripple_popular_row743,ripple_aliasing,hit,post,0.0
gpt2-xl,remedi,ripple,ripple_popular_row676,efficacy,hit,pre,0.0
gpt2-xl,remedi,ripple,ripple_popular_row676,ripple_aliasing,hit,pre,0.0
gpt2-xl,remedi,ripple,ripple_popular_row676,efficacy,hit,post,0.0
gpt2-xl,remedi,ripple,ripple_popular_row676,ripple_aliasing,hit,post,0.0
gpt2-xl,remedi,ripple,ripple_random_row1742,efficacy,hit,pre,0.0
gpt2-xl,remedi,ripple,ripple_random_row1742,ripple_aliasing,hit,pre,0.0
gpt2-xl,remedi,ripple,ripple_random_row1742,efficacy,hit,post,0.0
gpt2-xl,remedi,ripple,ripple_random_row1742,ripple_aliasing,hit,post,0.0
gpt2-xl,remedi,ripple,ripple_random_row1584,efficacy,hit,pre,0.0
gpt2-xl,remedi,ripple,ripple_random_row1584,ripple_aliasing,hit,pre,0.0
gpt2-xl,remedi,ripple,ripple_random_row1584,efficacy,hit,post,0.0
gpt2-xl,remedi,ripple,ripple_random_row1584,ripple_aliasing,hit,post,0.0
gpt2-xl,remedi,ripple,ripple_random_row1799,efficacy,hit,pre,0.0
gpt2-xl,remedi,ripple,ripple_random_row1799,ripple_aliasing,hit,pre,0.0
gpt2-xl,remedi,ripple,ripple_random_row1799,efficacy,hit,post,0.0
gpt2-xl,remedi,ripple,ripple_random_row1799,ripple_aliasing,hit,post,0.0
gpt2-xl,remedi,ripple,ripple_random_row1627,efficacy,hit,pre,0.0
gpt2-xl,remedi,ripple,ripple_random_row1627,ripple_aliasing,hit,pre,0.0
gpt2-xl,remedi,ripple,ripple_random_row1627,efficacy,hit,post,0.0
gpt2-xl,remedi,ripple,ripple_random_row1627,ripple_aliasing,hit,post,0.0
gpt2-xl,remedi,ripple,ripple_random_row1806,efficacy,hit,pre,0.0
gpt2-xl,remedi,ripple,ripple_random_row1806,ripple_aliasing,hit,pre,0.0
gpt2-xl,remedi,ripple,ripple_random_row1806,efficacy,hit,post,0.0
gpt2-xl,remedi,ripple,ripple_random_row1806,ripple_aliasing,hit,post,0.0
gpt2-xl,remedi,ripple,ripple_random_row1724,efficacy,hit,pre,0.0
gpt2-xl,remedi,ripple,ripple_random_row1724,ripple_logical,hit,pre,0.0
gpt2-xl,remedi,ripple,ripple_random_row1724,ripple_aliasing,hit,pre,0.0
gpt2-xl,remedi,ripple,ripple_random_row1724,efficacy,hit,post,0.0
gpt2-xl,remedi,ripple,ripple_random_row1724,ripple_logical,hit,post,0.0
gpt2-xl,remedi,ripple,ripple_random_row1724,ripple_aliasing,hit,post,0.0
gpt2-xl,remedi,ripple,ripple_random_row1562,efficacy,hit,pre,0.0
gpt2-xl,remedi,ripple,ripple_random_row1562,ripple_aliasing,hit,pre,0.0
gpt2-xl,remedi,ripple,ripple_random_row1562,ripple_relation_specificity,hit,pre,1.0
gpt2-xl,remedi,ripple,ripple_random_row1562,efficacy,hit,post,0.0
gpt2-xl,remedi,ripple,ripple_random_row1562,ripple_aliasing,hit,post,0.0
gpt2-xl,remedi,ripple,ripple_random_row1562,ripple_relation_specificity,hit,post,1.0
gpt2-xl,remedi,ripple,ripple_random_row1855,efficacy,hit,pre,0.0
gpt2-xl,remedi,ripple,ripple_random_row1855,ripple_aliasing,hit,pre,0.0
gpt2-xl,remedi,ripple,ripple_random_row1855,efficacy,hit,post,0.0
gpt2-xl,remedi,ripple,ripple_random_row1855,ripple_aliasing,hit,post,0.0
gpt2-xl,remedi,ripple,ripple_random_row1823,efficacy,hit,pre,0.0
gpt2-xl,remedi,ripple,ripple_random_row1823,ripple_logical,hit,pre,0.0
gpt2-xl,remedi,ripple,ripple_random_row1823,ripple_compositional_i,hit,pre,0.0
gpt2-xl,remedi,ripple,ripple_random_row1823,ripple_aliasing,hit,pre,0.0
gpt2-xl,remedi,ripple,ripple_random_row1823,efficacy,hit,post,0.0
gpt2-xl,remedi,ripple,ripple_random_row1823,ripple_logical,hit,post,0.0
gpt2-xl,remedi,ripple,ripple_random_row1823,ripple_compositional_i,hit,post,0.0
gpt2-xl,remedi,ripple,ripple_random_row1823,ripple_aliasing,hit,post,0.0
gpt2-xl,remedi,ripple,ripple_random_row1765,efficacy,hit,pre,0.0
gpt2-xl,remedi,ripple,ripple_random_row1765,ripple_aliasing,hit,pre,0.0
gpt2-xl,remedi,ripple,ripple_random_row1765,efficacy,hit,post,0.0
gpt2-xl,remedi,ripple,ripple_random_row1765,ripple_aliasing,hit,post,0.0
gpt2-xl,remedi,ripple,ripple_random_row1916,efficacy,hit,pre,0.0
gpt2-xl,remedi,ripple,ripple_random_row1916,ripple_aliasing,hit,pre,0.0
gpt2-xl,remedi,ripple,ripple_random_row1916,efficacy,hit,post,0.0
gpt2-xl,remedi,ripple,ripple_random_row1916,ripple_aliasing,hit,post,0.0
gpt2-xl,remedi,ripple,ripple_random_row1593,efficacy,hit,pre,0.0
gpt2-xl,remedi,ripple,ripple_random_row1593,ripple_aliasing,hit,pre,0.0
gpt2-xl,remedi,ripple,ripple_random_row1593,efficacy,hit,post,0.0
gpt2-xl,remedi,ripple,ripple_random_row1593,ripple_aliasing,hit,post,0.0
gpt2-xl,remedi,ripple,ripple_random_row1734,efficacy,hit,pre,0.0
gpt2-xl,remedi,ripple,ripple_random_row1734,ripple_relation_specificity,hit,pre,1.0
gpt2-xl,remedi,ripple,ripple_random_row1734,efficacy,hit,post,0.0
gpt2-xl,remedi,ripple,ripple_random_row1734,ripple_relation_specificity,hit,post,1.0
gpt2-xl,remedi,ripple,ripple_random_row1556,efficacy,hit,pre,0.0
gpt2-xl,remedi,ripple,ripple_random_row1556,ripple_aliasing,hit,pre,0.0
gpt2-xl,remedi,ripple,ripple_random_row1556,efficacy,hit,post,0.0
gpt2-xl,remedi,ripple,ripple_random_row1556,ripple_aliasing,hit,post,0.0
gpt2-xl,remedi,ripple,ripple_random_row1592,efficacy,hit,pre,0.0
gpt2-xl,remedi,ripple,ripple_random_row1592,ripple_aliasing,hit,pre,0.0
gpt2-xl,remedi,ripple,ripple_random_row1592,efficacy,hit,post,0.0
gpt2-xl,remedi,ripple,ripple_random_row1592,ripple_aliasing,hit,post,0.0
gpt2-xl,remedi,ripple,ripple_random_row1843,efficacy,hit,pre,0.0
gpt2-xl,remedi,ripple,ripple_random_row1843,ripple_aliasing,hit,pre,0.0
gpt2-xl,remedi,ripple,ripple_random_row1843,efficacy,hit,post,0.0
gpt2-xl,remedi,ripple,ripple_random_row1843,ripple_aliasing,hit,post,0.0
gpt2-xl,remedi,ripple,ripple_random_row1711,efficacy,hit,pre,0.0
gpt2-xl,remedi,ripple,ripple_random_row1711,ripple_aliasing,hit,pre,0.0
gpt2-xl,remedi,ripple,ripple_random_row1711,efficacy,hit,post,0.0
gpt2-xl,remedi,ripple,ripple_random_row1711,ripple_aliasing,hit,post,0.0
gpt2-xl,remedi,ripple,ripple_random_row1553,efficacy,hit,pre,0.0
gpt2-xl,remedi,ripple,ripple_random_row1553,ripple_aliasing,hit,pre,0.0
gpt2-xl,remedi,ripple,ripple_random_row1553,efficacy,hit,post,0.0
gpt2-xl,remedi,ripple,ripple_random_row1553,ripple_aliasing,hit,post,0.0
gpt2-xl,remedi,ripple,ripple_random_row1569,efficacy,hit,pre,0.0
gpt2-xl,remedi,ripple,ripple_random_row1569,ripple_aliasing,hit,pre,0.0
gpt2-xl,remedi,ripple,ripple_random_row1569,efficacy,hit,post,0.0
gpt2-xl,remedi,ripple,ripple_random_row1569,ripple_aliasing,hit,post,0.0
gpt2-xl,remedi,ripple,ripple_random_row1883,efficacy,hit,pre,0.0
gpt2-xl,remedi,ripple,ripple_random_row1883,ripple_logical,hit,pre,0.0
gpt2-xl,remedi,ripple,ripple_random_row1883,ripple_aliasing,hit,pre,0.0
gpt2-xl,remedi,ripple,ripple_random_row1883,ripple_relation_specificity,hit,pre,1.0
gpt2-xl,remedi,ripple,ripple_random_row1883,efficacy,hit,post,0.0
gpt2-xl,remedi,ripple,ripple_random_row1883,ripple_logical,hit,post,0.0
gpt2-xl,remedi,ripple,ripple_random_row1883,ripple_aliasing,hit,post,0.0
gpt2-xl,remedi,ripple,ripple_random_row1883,ripple_relation_specificity,hit,post,1.0
gpt2-xl,remedi,ripple,ripple_random_row1910,efficacy,hit,pre,0.0
gpt2-xl,remedi,ripple,ripple_random_row1910,ripple_logical,hit,pre,0.0
gpt2-xl,remedi,ripple,ripple_random_row1910,ripple_aliasing,hit,pre,0.0
gpt2-xl,remedi,ripple,ripple_random_row1910,efficacy,hit,post,0.0
gpt2-xl,remedi,ripple,ripple_random_row1910,ripple_logical,hit,post,0.0
gpt2-xl,remedi,ripple,ripple_random_row1910,ripple_aliasing,hit,post,0.0
gpt2-xl,remedi,ripple,ripple_random_row1608,efficacy,hit,pre,0.0
gpt2-xl,remedi,ripple,ripple_random_row1608,ripple_aliasing,hit,pre,0.0
gpt2-xl,remedi,ripple,ripple_random_row1608,efficacy,hit,post,0.0
gpt2-xl,remedi,ripple,ripple_random_row1608,ripple_aliasing,hit,post,0.0
gpt2-xl,remedi,ripple,ripple_random_row1527,efficacy,hit,pre,0.0
gpt2-xl,remedi,ripple,ripple_random_row1527,ripple_aliasing,hit,pre,0.0
gpt2-xl,remedi,ripple,ripple_random_row1527,efficacy,hit,post,0.0
gpt2-xl,remedi,ripple,ripple_random_row1527,ripple_aliasing,hit,post,0.0
gpt2-xl,remedi,ripple,ripple_random_row1565,efficacy,hit,pre,0.0
gpt2-xl,remedi,ripple,ripple_random_row1565,ripple_aliasing,hit,pre,0.0
gpt2-xl,remedi,ripple,ripple_random_row1565,efficacy,hit,post,0.0
gpt2-xl,remedi,ripple,ripple_random_row1565,ripple_aliasing,hit,post,0.0
gpt2-xl,remedi,ripple,ripple_random_row1809,efficacy,hit,pre,0.0
gpt2-xl,remedi,ripple,ripple_random_row1809,ripple_aliasing,hit,pre,0.0
gpt2-xl,remedi,ripple,ripple_random_row1809,efficacy,hit,post,0.0
gpt2-xl,remedi,ripple,ripple_random_row1809,ripple_aliasing,hit,post,0.0
gpt2-xl,remedi,ripple,ripple_random_row1536,efficacy,hit,pre,0.0
gpt2-xl,remedi,ripple,ripple_random_row1536,ripple_aliasing,hit,pre,0.0
gpt2-xl,remedi,ripple,ripple_random_row1536,efficacy,hit,post,0.0
gpt2-xl,remedi,ripple,ripple_random_row1536,ripple_aliasing,hit,post,0.0
gpt2-xl,remedi,ripple,ripple_random_row1629,efficacy,hit,pre,0.0
gpt2-xl,remedi,ripple,ripple_random_row1629,ripple_aliasing,hit,pre,0.0
gpt2-xl,remedi,ripple,ripple_random_row1629,efficacy,hit,post,0.0
gpt2-xl,remedi,ripple,ripple_random_row1629,ripple_aliasing,hit,post,0.0
gpt2-xl,remedi,ripple,ripple_random_row1528,efficacy,hit,pre,0.0
gpt2-xl,remedi,ripple,ripple_random_row1528,ripple_logical,hit,pre,0.0
gpt2-xl,remedi,ripple,ripple_random_row1528,ripple_aliasing,hit,pre,0.0
gpt2-xl,remedi,ripple,ripple_random_row1528,efficacy,hit,post,0.0
gpt2-xl,remedi,ripple,ripple_random_row1528,ripple_logical,hit,post,0.0
gpt2-xl,remedi,ripple,ripple_random_row1528,ripple_aliasing,hit,post,0.0
gpt2-xl,remedi,ripple,ripple_random_row1529,efficacy,hit,pre,0.0
gpt2-xl,remedi,ripple,ripple_random_row1529,ripple_aliasing,hit,pre,0.0
gpt2-xl,remedi,ripple,ripple_random_row1529,efficacy,hit,post,0.0
gpt2-xl,remedi,ripple,ripple_random_row1529,ripple_aliasing,hit,post,0.0
gpt2-xl,remedi,ripple,ripple_random_row1815,efficacy,hit,pre,0.0
gpt2-xl,remedi,ripple,ripple_random_row1815,ripple_aliasing,hit,pre,0.0
gpt2-xl,remedi,ripple,ripple_random_row1815,efficacy,hit,post,0.0
gpt2-xl,remedi,ripple,ripple_random_row1815,ripple_aliasing,hit,post,0.0
gpt2-xl,remedi,ripple,ripple_random_row1675,efficacy,hit,pre,0.0
gpt2-xl,remedi,ripple,ripple_random_row1675,ripple_logical,hit,pre,0.0
gpt2-xl,remedi,ripple,ripple_random_row1675,ripple_aliasing,hit,pre,0.0
gpt2-xl,remedi,ripple,ripple_random_row1675,efficacy,hit,post,0.0
gpt2-xl,remedi,ripple,ripple_random_row1675,ripple_logical,hit,post,0.0
gpt2-xl,remedi,ripple,ripple_random_row1675,ripple_aliasing,hit,post,0.0
gpt2-xl,remedi,ripple,ripple_random_row1581,efficacy,hit,pre,0.0
gpt2-xl,remedi,ripple,ripple_random_row1581,ripple_logical,hit,pre,0.0
gpt2-xl,remedi,ripple,ripple_random_row1581,ripple_compositional_i,hit,pre,0.0
gpt2-xl,remedi,ripple,ripple_random_row1581,ripple_aliasing,hit,pre,0.0
gpt2-xl,remedi,ripple,ripple_random_row1581,efficacy,hit,post,0.0
gpt2-xl,remedi,ripple,ripple_random_row1581,ripple_logical,hit,post,0.0
gpt2-xl,remedi,ripple,ripple_random_row1581,ripple_compositional_i,hit,post,0.0
gpt2-xl,remedi,ripple,ripple_random_row1581,ripple_aliasing,hit,post,0.0
gpt2-xl,remedi,ripple,ripple_random_row1728,efficacy,hit,pre,0.0
gpt2-xl,remedi,ripple,ripple_random_row1728,ripple_logical,hit,pre,0.0
gpt2-xl,remedi,ripple,ripple_random_row1728,ripple_aliasing,hit,pre,0.0
gpt2-xl,remedi,ripple,ripple_random_row1728,efficacy,hit,post,0.0
gpt2-xl,remedi,ripple,ripple_random_row1728,ripple_logical,hit,post,0.0
gpt2-xl,remedi,ripple,ripple_random_row1728,ripple_aliasing,hit,post,0.0
gpt2-xl,remedi,ripple,ripple_random_row1609,efficacy,hit,pre,0.0
gpt2-xl,remedi,ripple,ripple_random_row1609,ripple_compositional_i,hit,pre,0.0
gpt2-xl,remedi,ripple,ripple_random_row1609,ripple_aliasing,hit,pre,0.0
gpt2-xl,remedi,ripple,ripple_random_row1609,efficacy,hit,post,0.0
gpt2-xl,remedi,ripple,ripple_random_row1609,ripple_compositional_i,hit,post,0.0
gpt2-xl,remedi,ripple,ripple_random_row1609,ripple_aliasing,hit,post,0.0
gpt2-xl,remedi,ripple,ripple_random_row1769,efficacy,hit,pre,0.0
gpt2-xl,remedi,ripple,ripple_random_row1769,ripple_logical,hit,pre,0.0
gpt2-xl,remedi,ripple,ripple_random_row1769,ripple_aliasing,hit,pre,0.0
gpt2-xl,remedi,ripple,ripple_random_row1769,efficacy,hit,post,0.0
gpt2-xl,remedi,ripple,ripple_random_row1769,ripple_logical,hit,post,0.0
gpt2-xl,remedi,ripple,ripple_random_row1769,ripple_aliasing,hit,post,0.0
gpt2-xl,remedi,ripple,ripple_random_row1721,efficacy,hit,pre,0.0
gpt2-xl,remedi,ripple,ripple_random_row1721,ripple_aliasing,hit,pre,0.0
gpt2-xl,remedi,ripple,ripple_random_row1721,efficacy,hit,post,0.0
gpt2-xl,remedi,ripple,ripple_random_row1721,ripple_aliasing,hit,post,0.0
gpt2-xl,remedi,ripple,ripple_random_row1504,efficacy,hit,pre,0.0
gpt2-xl,remedi,ripple,ripple_random_row1504,ripple_aliasing,hit,pre,0.0
gpt2-xl,remedi,ripple,ripple_random_row1504,efficacy,hit,post,0.0
gpt2-xl,remedi,ripple,ripple_random_row1504,ripple_aliasing,hit,post,0.0
gpt2-xl,remedi,ripple,ripple_random_row1702,efficacy,hit,pre,0.0
gpt2-xl,remedi,ripple,ripple_random_row1702,ripple_compositional_i,hit,pre,0.0
gpt2-xl,remedi,ripple,ripple_random_row1702,ripple_aliasing,hit,pre,0.0
gpt2-xl,remedi,ripple,ripple_random_row1702,efficacy,hit,post,0.0
gpt2-xl,remedi,ripple,ripple_random_row1702,ripple_compositional_i,hit,post,0.0
gpt2-xl,remedi,ripple,ripple_random_row1702,ripple_aliasing,hit,post,0.0
gpt2-xl,remedi,ripple,ripple_random_row1912,efficacy,hit,pre,0.0
gpt2-xl,remedi,ripple,ripple_random_row1912,ripple_aliasing,hit,pre,0.0
gpt2-xl,remedi,ripple,ripple_random_row1912,efficacy,hit,post,0.0
gpt2-xl,remedi,ripple,ripple_random_row1912,ripple_aliasing,hit,post,0.0
gpt2-xl,remedi,ripple,ripple_random_row1686,efficacy,hit,pre,0.0
gpt2-xl,remedi,ripple,ripple_random_row1686,ripple_aliasing,hit,pre,0.0
gpt2-xl,remedi,ripple,ripple_random_row1686,efficacy,hit,post,0.0
gpt2-xl,remedi,ripple,ripple_random_row1686,ripple_aliasing,hit,post,0.0
gpt2-xl,remedi,ripple,ripple_random_row1747,efficacy,hit,pre,0.0
gpt2-xl,remedi,ripple,ripple_random_row1747,ripple_aliasing,hit,pre,0.0
gpt2-xl,remedi,ripple,ripple_random_row1747,efficacy,hit,post,0.0
gpt2-xl,remedi,ripple,ripple_random_row1747,ripple_aliasing,hit,post,0.0
gpt2-xl,remedi,ripple,ripple_random_row1802,efficacy,hit,pre,0.0
gpt2-xl,remedi,ripple,ripple_random_row1802,ripple_aliasing,hit,pre,0.0
gpt2-xl,remedi,ripple,ripple_random_row1802,efficacy,hit,post,0.0
gpt2-xl,remedi,ripple,ripple_random_row1802,ripple_aliasing,hit,post,0.0
gpt2-xl,remedi,ripple,ripple_random_row1759,efficacy,hit,pre,0.0
gpt2-xl,remedi,ripple,ripple_random_row1759,ripple_aliasing,hit,pre,0.0
gpt2-xl,remedi,ripple,ripple_random_row1759,efficacy,hit,post,0.0
gpt2-xl,remedi,ripple,ripple_random_row1759,ripple_aliasing,hit,post,0.0
gpt2-xl,remedi,ripple,ripple_random_row1893,efficacy,hit,pre,0.0
gpt2-xl,remedi,ripple,ripple_random_row1893,ripple_aliasing,hit,pre,0.0
gpt2-xl,remedi,ripple,ripple_random_row1893,efficacy,hit,post,0.0
gpt2-xl,remedi,ripple,ripple_random_row1893,ripple_aliasing,hit,post,0.0
gpt2-xl,remedi,ripple,ripple_random_row1740,efficacy,hit,pre,0.0
gpt2-xl,remedi,ripple,ripple_random_row1740,ripple_aliasing,hit,pre,0.0
gpt2-xl,remedi,ripple,ripple_random_row1740,efficacy,hit,post,0.0
gpt2-xl,remedi,ripple,ripple_random_row1740,ripple_aliasing,hit,post,0.0
gpt2-xl,remedi,ripple,ripple_random_row1659,efficacy,hit,pre,0.0
gpt2-xl,remedi,ripple,ripple_random_row1659,ripple_aliasing,hit,pre,0.0
gpt2-xl,remedi,ripple,ripple_random_row1659,efficacy,hit,post,0.0
gpt2-xl,remedi,ripple,ripple_random_row1659,ripple_aliasing,hit,post,0.0
gpt2-xl,remedi,ripple,ripple_random_row1685,efficacy,hit,pre,0.0
gpt2-xl,remedi,ripple,ripple_random_row1685,ripple_logical,hit,pre,0.0
gpt2-xl,remedi,ripple,ripple_random_row1685,ripple_compositional_i,hit,pre,0.0
gpt2-xl,remedi,ripple,ripple_random_row1685,ripple_aliasing,hit,pre,0.0
gpt2-xl,remedi,ripple,ripple_random_row1685,efficacy,hit,post,0.0
gpt2-xl,remedi,ripple,ripple_random_row1685,ripple_logical,hit,post,0.0
gpt2-xl,remedi,ripple,ripple_random_row1685,ripple_compositional_i,hit,post,0.0
gpt2-xl,remedi,ripple,ripple_random_row1685,ripple_aliasing,hit,post,0.0
gpt2-xl,remedi,ripple,ripple_random_row1615,efficacy,hit,pre,0.0
gpt2-xl,remedi,ripple,ripple_random_row1615,ripple_aliasing,hit,pre,0.0
gpt2-xl,remedi,ripple,ripple_random_row1615,efficacy,hit,post,0.0
gpt2-xl,remedi,ripple,ripple_random_row1615,ripple_aliasing,hit,post,0.0
gpt2-xl,remedi,ripple,ripple_random_row1754,efficacy,hit,pre,0.0
gpt2-xl,remedi,ripple,ripple_random_row1754,ripple_aliasing,hit,pre,0.0
gpt2-xl,remedi,ripple,ripple_random_row1754,efficacy,hit,post,0.0
gpt2-xl,remedi,ripple,ripple_random_row1754,ripple_aliasing,hit,post,0.0
gpt2-xl,remedi,ripple,ripple_random_row1570,efficacy,hit,pre,0.0
gpt2-xl,remedi,ripple,ripple_random_row1570,ripple_logical,hit,pre,0.0
gpt2-xl,remedi,ripple,ripple_random_row1570,ripple_aliasing,hit,pre,0.0
gpt2-xl,remedi,ripple,ripple_random_row1570,efficacy,hit,post,0.0
gpt2-xl,remedi,ripple,ripple_random_row1570,ripple_logical,hit,post,0.0
gpt2-xl,remedi,ripple,ripple_random_row1570,ripple_aliasing,hit,post,0.0
gpt2-xl,remedi,ripple,ripple_random_row1905,efficacy,hit,pre,0.0
gpt2-xl,remedi,ripple,ripple_random_row1905,ripple_aliasing,hit,pre,0.0
gpt2-xl,remedi,ripple,ripple_random_row1905,ripple_relation_specificity,hit,pre,1.0
gpt2-xl,remedi,ripple,ripple_random_row1905,efficacy,hit,post,0.0
gpt2-xl,remedi,ripple,ripple_random_row1905,ripple_aliasing,hit,post,0.0
gpt2-xl,remedi,ripple,ripple_random_row1905,ripple_relation_specificity,hit,post,0.0
gpt2-xl,remedi,ripple,ripple_random_row1917,efficacy,hit,pre,0.0
gpt2-xl,remedi,ripple,ripple_random_row1917,ripple_aliasing,hit,pre,0.0
gpt2-xl,remedi,ripple,ripple_random_row1917,efficacy,hit,post,0.0
gpt2-xl,remedi,ripple,ripple_random_row1917,ripple_aliasing,hit,post,0.0
gpt2-xl,remedi,ripple,ripple_random_row1781,efficacy,hit,pre,0.0
gpt2-xl,remedi,ripple,ripple_random_row1781,ripple_aliasing,hit,pre,0.0
gpt2-xl,remedi,ripple,ripple_random_row1781,ripple_relation_specificity,hit,pre,1.0
gpt2-xl,remedi,ripple,ripple_random_row1781,efficacy,hit,post,0.0
gpt2-xl,remedi,ripple,ripple_random_row1781,ripple_aliasing,hit,post,0.0
gpt2-xl,remedi,ripple,ripple_random_row1781,ripple_relation_specificity,hit,post,1.0
gpt2-xl,remedi,ripple,ripple_random_row1603,efficacy,hit,pre,0.0
gpt2-xl,remedi,ripple,ripple_random_row1603,ripple_aliasing,hit,pre,0.0
gpt2-xl,remedi,ripple,ripple_random_row1603,efficacy,hit,post,0.0
gpt2-xl,remedi,ripple,ripple_random_row1603,ripple_aliasing,hit,post,0.0
gpt2-xl,remedi,ripple,ripple_random_row1751,efficacy,hit,pre,0.0
gpt2-xl,remedi,ripple,ripple_random_row1751,ripple_aliasing,hit,pre,0.0
gpt2-xl,remedi,ripple,ripple_random_row1751,efficacy,hit,post,0.0
gpt2-xl,remedi,ripple,ripple_random_row1751,ripple_aliasing,hit,post,0.0
gpt2-xl,remedi,ripple,ripple_random_row1899,efficacy,hit,pre,0.0
gpt2-xl,remedi,ripple,ripple_random_row1899,ripple_aliasing,hit,pre,0.0
gpt2-xl,remedi,ripple,ripple_random_row1899,efficacy,hit,post,0.0
gpt2-xl,remedi,ripple,ripple_random_row1899,ripple_aliasing,hit,post,0.0
gpt2-xl,remedi,ripple,ripple_random_row1890,efficacy,hit,pre,0.0
gpt2-xl,remedi,ripple,ripple_random_row1890,ripple_aliasing,hit,pre,0.0
gpt2-xl,remedi,ripple,ripple_random_row1890,efficacy,hit,post,0.0
gpt2-xl,remedi,ripple,ripple_random_row1890,ripple_aliasing,hit,post,0.0
gpt2-xl,remedi,ripple,ripple_random_row1636,efficacy,hit,pre,0.0
gpt2-xl,remedi,ripple,ripple_random_row1636,efficacy,hit,post,0.0
gpt2-xl,remedi,ripple,ripple_random_row1684,efficacy,hit,pre,0.0
gpt2-xl,remedi,ripple,ripple_random_row1684,ripple_logical,hit,pre,0.0
gpt2-xl,remedi,ripple,ripple_random_row1684,ripple_compositional_i,hit,pre,0.0
gpt2-xl,remedi,ripple,ripple_random_row1684,ripple_aliasing,hit,pre,0.0
gpt2-xl,remedi,ripple,ripple_random_row1684,efficacy,hit,post,0.0
gpt2-xl,remedi,ripple,ripple_random_row1684,ripple_logical,hit,post,0.0
gpt2-xl,remedi,ripple,ripple_random_row1684,ripple_compositional_i,hit,post,0.0
gpt2-xl,remedi,ripple,ripple_random_row1684,ripple_aliasing,hit,post,0.0
gpt2-xl,remedi,ripple,ripple_random_row1817,efficacy,hit,pre,0.0
gpt2-xl,remedi,ripple,ripple_random_row1817,ripple_aliasing,hit,pre,0.0
gpt2-xl,remedi,ripple,ripple_random_row1817,efficacy,hit,post,0.0
gpt2-xl,remedi,ripple,ripple_random_row1817,ripple_aliasing,hit,post,0.0
gpt2-xl,remedi,ripple,ripple_random_row1896,efficacy,hit,pre,0.0
gpt2-xl,remedi,ripple,ripple_random_row1896,ripple_aliasing,hit,pre,0.0
gpt2-xl,remedi,ripple,ripple_random_row1896,efficacy,hit,post,0.0
gpt2-xl,remedi,ripple,ripple_random_row1896,ripple_aliasing,hit,post,0.0
gpt2-xl,remedi,ripple,ripple_random_row1845,efficacy,hit,pre,1.0
gpt2-xl,remedi,ripple,ripple_random_row1845,ripple_aliasing,hit,pre,0.0
gpt2-xl,remedi,ripple,ripple_random_row1845,efficacy,hit,post,0.0
gpt2-xl,remedi,ripple,ripple_random_row1845,ripple_aliasing,hit,post,0.0
gpt2-xl,remedi,ripple,ripple_random_row1688,efficacy,hit,pre,0.0
gpt2-xl,remedi,ripple,ripple_random_row1688,ripple_aliasing,hit,pre,0.0
gpt2-xl,remedi,ripple,ripple_random_row1688,efficacy,hit,post,0.0
gpt2-xl,remedi,ripple,ripple_random_row1688,ripple_aliasing,hit,post,0.0
gpt2-xl,remedi,ripple,ripple_random_row1903,efficacy,hit,pre,0.0
gpt2-xl,remedi,ripple,ripple_random_row1903,ripple_aliasing,hit,pre,0.0
gpt2-xl,remedi,ripple,ripple_random_row1903,efficacy,hit,post,0.0
gpt2-xl,remedi,ripple,ripple_random_row1903,ripple_aliasing,hit,post,0.0
gpt2-xl,remedi,ripple,ripple_random_row1501,efficacy,hit,pre,0.0
gpt2-xl,remedi,ripple,ripple_random_row1501,ripple_aliasing,hit,pre,0.0
gpt2-xl,remedi,ripple,ripple_random_row1501,efficacy,hit,post,0.0
gpt2-xl,remedi,ripple,ripple_random_row1501,ripple_aliasing,hit,post,0.0
gpt2-xl,remedi,ripple,ripple_random_row1637,efficacy,hit,pre,0.0
gpt2-xl,remedi,ripple,ripple_random_row1637,ripple_aliasing,hit,pre,0.0
gpt2-xl,remedi,ripple,ripple_random_row1637,efficacy,hit,post,0.0
gpt2-xl,remedi,ripple,ripple_random_row1637,ripple_aliasing,hit,post,0.0
gpt2-xl,remedi,ripple,ripple_random_row1834,efficacy,hit,pre,0.0
gpt2-xl,remedi,ripple,ripple_random_row1834,ripple_logical,hit,pre,0.0
gpt2-xl,remedi,ripple,ripple_random_row1834,ripple_aliasing,hit,pre,0.0
gpt2-xl,remedi,ripple,ripple_random_row1834,ripple_relation_specificity,hit,pre,1.0
gpt2-xl,remedi,ripple,ripple_random_row1834,efficacy,hit,post,0.0
gpt2-xl,remedi,ripple,ripple_random_row1834,ripple_logical,hit,post,0.0
gpt2-xl,remedi,ripple,ripple_random_row1834,ripple_aliasing,hit,post,0.0
gpt2-xl,remedi,ripple,ripple_random_row1834,ripple_relation_specificity,hit,post,1.0
gpt2-xl,remedi,ripple,ripple_random_row1522,efficacy,hit,pre,0.0
gpt2-xl,remedi,ripple,ripple_random_row1522,ripple_aliasing,hit,pre,0.0
gpt2-xl,remedi,ripple,ripple_random_row1522,efficacy,hit,post,0.0
gpt2-xl,remedi,ripple,ripple_random_row1522,ripple_aliasing,hit,post,0.0
gpt2-xl,remedi,ripple,ripple_random_row1568,efficacy,hit,pre,0.0
gpt2-xl,remedi,ripple,ripple_random_row1568,ripple_aliasing,hit,pre,0.0
gpt2-xl,remedi,ripple,ripple_random_row1568,efficacy,hit,post,0.0
gpt2-xl,remedi,ripple,ripple_random_row1568,ripple_aliasing,hit,post,0.0
gpt2-xl,remedi,ripple,ripple_random_row1872,efficacy,hit,pre,0.0
gpt2-xl,remedi,ripple,ripple_random_row1872,ripple_aliasing,hit,pre,0.0
gpt2-xl,remedi,ripple,ripple_random_row1872,efficacy,hit,post,0.0
gpt2-xl,remedi,ripple,ripple_random_row1872,ripple_aliasing,hit,post,0.0
gpt2-xl,remedi,ripple,ripple_random_row1846,efficacy,hit,pre,0.0
gpt2-xl,remedi,ripple,ripple_random_row1846,ripple_aliasing,hit,pre,0.0
gpt2-xl,remedi,ripple,ripple_random_row1846,efficacy,hit,post,0.0
gpt2-xl,remedi,ripple,ripple_random_row1846,ripple_aliasing,hit,post,0.0
gpt2-xl,remedi,ripple,ripple_random_row1558,efficacy,hit,pre,0.0
gpt2-xl,remedi,ripple,ripple_random_row1558,ripple_aliasing,hit,pre,0.0
gpt2-xl,remedi,ripple,ripple_random_row1558,efficacy,hit,post,0.0
gpt2-xl,remedi,ripple,ripple_random_row1558,ripple_aliasing,hit,post,0.0
gpt2-xl,remedi,ripple,ripple_random_row1618,efficacy,hit,pre,0.0
gpt2-xl,remedi,ripple,ripple_random_row1618,ripple_aliasing,hit,pre,0.0
gpt2-xl,remedi,ripple,ripple_random_row1618,efficacy,hit,post,0.0
gpt2-xl,remedi,ripple,ripple_random_row1618,ripple_aliasing,hit,post,0.0
gpt2-xl,remedi,ripple,ripple_random_row1720,efficacy,hit,pre,0.0
gpt2-xl,remedi,ripple,ripple_random_row1720,ripple_logical,hit,pre,0.0
gpt2-xl,remedi,ripple,ripple_random_row1720,ripple_compositional_i,hit,pre,0.0
gpt2-xl,remedi,ripple,ripple_random_row1720,ripple_aliasing,hit,pre,0.0
gpt2-xl,remedi,ripple,ripple_random_row1720,efficacy,hit,post,0.0
gpt2-xl,remedi,ripple,ripple_random_row1720,ripple_logical,hit,post,0.0
gpt2-xl,remedi,ripple,ripple_random_row1720,ripple_compositional_i,hit,post,0.0
gpt2-xl,remedi,ripple,ripple_random_row1720,ripple_aliasing,hit,post,0.0
gpt2-xl,remedi,ripple,ripple_random_row1795,efficacy,hit,pre,0.0
gpt2-xl,remedi,ripple,ripple_random_row1795,ripple_aliasing,hit,pre,0.0
gpt2-xl,remedi,ripple,ripple_random_row1795,efficacy,hit,post,0.0
gpt2-xl,remedi,ripple,ripple_random_row1795,ripple_aliasing,hit,post,0.0
gpt2-xl,remedi,ripple,ripple_random_row1650,efficacy,hit,pre,0.0
gpt2-xl,remedi,ripple,ripple_random_row1650,ripple_aliasing,hit,pre,0.0
gpt2-xl,remedi,ripple,ripple_random_row1650,efficacy,hit,post,0.0
gpt2-xl,remedi,ripple,ripple_random_row1650,ripple_aliasing,hit,post,1.0
gpt2-xl,remedi,ripple,ripple_random_row1692,efficacy,hit,pre,0.0
gpt2-xl,remedi,ripple,ripple_random_row1692,ripple_aliasing,hit,pre,0.0
gpt2-xl,remedi,ripple,ripple_random_row1692,ripple_relation_specificity,hit,pre,1.0
gpt2-xl,remedi,ripple,ripple_random_row1692,efficacy,hit,post,0.0
gpt2-xl,remedi,ripple,ripple_random_row1692,ripple_aliasing,hit,post,0.0
gpt2-xl,remedi,ripple,ripple_random_row1692,ripple_relation_specificity,hit,post,0.0
gpt2-xl,remedi,ripple,ripple_random_row1826,efficacy,hit,pre,0.0
gpt2-xl,remedi,ripple,ripple_random_row1826,ripple_aliasing,hit,pre,0.0
gpt2-xl,remedi,ripple,ripple_random_row1826,efficacy,hit,post,0.0
gpt2-xl,remedi,ripple,ripple_random_row1826,ripple_aliasing,hit,post,0.0
gpt2-xl,remedi,ripple,ripple_random_row1526,efficacy,hit,pre,0.0
gpt2-xl,remedi,ripple,ripple_random_row1526,ripple_aliasing,hit,pre,0.0
gpt2-xl,remedi,ripple,ripple_random_row1526,efficacy,hit,post,1.0
gpt2-xl,remedi,ripple,ripple_random_row1526,ripple_aliasing,hit,post,1.0
gpt2-xl,remedi,ripple,ripple_random_row1836,efficacy,hit,pre,0.0
gpt2-xl,remedi,ripple,ripple_random_row1836,ripple_aliasing,hit,pre,0.0
gpt2-xl,remedi,ripple,ripple_random_row1836,efficacy,hit,post,0.0
gpt2-xl,remedi,ripple,ripple_random_row1836,ripple_aliasing,hit,post,0.0
gpt2-xl,remedi,ripple,ripple_random_row1505,efficacy,hit,pre,0.0
gpt2-xl,remedi,ripple,ripple_random_row1505,ripple_aliasing,hit,pre,0.0
gpt2-xl,remedi,ripple,ripple_random_row1505,efficacy,hit,post,0.0
gpt2-xl,remedi,ripple,ripple_random_row1505,ripple_aliasing,hit,post,0.0
gpt2-xl,remedi,ripple,ripple_random_row1646,efficacy,hit,pre,0.0
gpt2-xl,remedi,ripple,ripple_random_row1646,ripple_logical,hit,pre,0.0
gpt2-xl,remedi,ripple,ripple_random_row1646,ripple_aliasing,hit,pre,0.0
gpt2-xl,remedi,ripple,ripple_random_row1646,efficacy,hit,post,0.0
gpt2-xl,remedi,ripple,ripple_random_row1646,ripple_logical,hit,post,0.0
gpt2-xl,remedi,ripple,ripple_random_row1646,ripple_aliasing,hit,post,0.0
gpt2-xl,remedi,ripple,ripple_random_row1709,efficacy,hit,pre,0.0
gpt2-xl,remedi,ripple,ripple_random_row1709,ripple_logical,hit,pre,0.0
gpt2-xl,remedi,ripple,ripple_random_row1709,ripple_compositional_i,hit,pre,0.0
gpt2-xl,remedi,ripple,ripple_random_row1709,ripple_aliasing,hit,pre,0.0
gpt2-xl,remedi,ripple,ripple_random_row1709,efficacy,hit,post,0.0
gpt2-xl,remedi,ripple,ripple_random_row1709,ripple_logical,hit,post,0.0
gpt2-xl,remedi,ripple,ripple_random_row1709,ripple_compositional_i,hit,post,0.0
gpt2-xl,remedi,ripple,ripple_random_row1709,ripple_aliasing,hit,post,0.0
gpt2-xl,remedi,ripple,ripple_random_row1814,efficacy,hit,pre,0.0
gpt2-xl,remedi,ripple,ripple_random_row1814,ripple_aliasing,hit,pre,0.0
gpt2-xl,remedi,ripple,ripple_random_row1814,efficacy,hit,post,0.0
gpt2-xl,remedi,ripple,ripple_random_row1814,ripple_aliasing,hit,post,0.0
gpt2-xl,remedi,ripple,ripple_random_row1889,efficacy,hit,pre,0.0
gpt2-xl,remedi,ripple,ripple_random_row1889,ripple_aliasing,hit,pre,0.0
gpt2-xl,remedi,ripple,ripple_random_row1889,efficacy,hit,post,0.0
gpt2-xl,remedi,ripple,ripple_random_row1889,ripple_aliasing,hit,post,0.0
gpt2-xl,remedi,ripple,ripple_random_row1713,efficacy,hit,pre,0.0
gpt2-xl,remedi,ripple,ripple_random_row1713,ripple_aliasing,hit,pre,0.0
gpt2-xl,remedi,ripple,ripple_random_row1713,efficacy,hit,post,0.0
gpt2-xl,remedi,ripple,ripple_random_row1713,ripple_aliasing,hit,post,0.0
gpt2-xl,remedi,ripple,ripple_random_row1582,efficacy,hit,pre,0.0
gpt2-xl,remedi,ripple,ripple_random_row1582,ripple_aliasing,hit,pre,0.0
gpt2-xl,remedi,ripple,ripple_random_row1582,efficacy,hit,post,0.0
gpt2-xl,remedi,ripple,ripple_random_row1582,ripple_aliasing,hit,post,0.0
gpt2-xl,rome,ripple,ripple_popular_row657,efficacy,hit,pre,0.0
gpt2-xl,rome,ripple,ripple_popular_row657,ripple_aliasing,hit,pre,0.0
gpt2-xl,rome,ripple,ripple_popular_row657,ripple_relation_specificity,hit,pre,1.0
gpt2-xl,rome,ripple,ripple_popular_row657,efficacy,hit,post,1.0
gpt2-xl,rome,ripple,ripple_popular_row657,ripple_aliasing,hit,post,0.0
gpt2-xl,rome,ripple,ripple_popular_row657,ripple_relation_specificity,hit,post,1.0
gpt2-xl,rome,ripple,ripple_popular_row839,efficacy,hit,pre,0.0
gpt2-xl,rome,ripple,ripple_popular_row839,ripple_aliasing,hit,pre,0.0
gpt2-xl,rome,ripple,ripple_popular_row839,efficacy,hit,post,1.0
gpt2-xl,rome,ripple,ripple_popular_row839,ripple_aliasing,hit,post,0.0
gpt2-xl,rome,ripple,ripple_popular_row792,efficacy,hit,pre,0.0
gpt2-xl,rome,ripple,ripple_popular_row792,ripple_aliasing,hit,pre,0.0
gpt2-xl,rome,ripple,ripple_popular_row792,efficacy,hit,post,1.0
gpt2-xl,rome,ripple,ripple_popular_row792,ripple_aliasing,hit,post,0.0
gpt2-xl,rome,ripple,ripple_popular_row778,efficacy,hit,pre,0.0
gpt2-xl,rome,ripple,ripple_popular_row778,ripple_logical,hit,pre,0.0
gpt2-xl,rome,ripple,ripple_popular_row778,ripple_aliasing,hit,pre,0.0
gpt2-xl,rome,ripple,ripple_popular_row778,ripple_relation_specificity,hit,pre,1.0
gpt2-xl,rome,ripple,ripple_popular_row778,efficacy,hit,post,1.0
gpt2-xl,rome,ripple,ripple_popular_row778,ripple_logical,hit,post,0.0
gpt2-xl,rome,ripple,ripple_popular_row778,ripple_aliasing,hit,post,0.0
gpt2-xl,rome,ripple,ripple_popular_row778,ripple_relation_specificity,hit,post,0.0
gpt2-xl,rome,ripple,ripple_popular_row846,efficacy,hit,pre,0.0
gpt2-xl,rome,ripple,ripple_popular_row846,ripple_aliasing,hit,pre,0.0
gpt2-xl,rome,ripple,ripple_popular_row846,ripple_relation_specificity,hit,pre,1.0
gpt2-xl,rome,ripple,ripple_popular_row846,efficacy,hit,post,1.0
gpt2-xl,rome,ripple,ripple_popular_row846,ripple_aliasing,hit,post,0.0
gpt2-xl,rome,ripple,ripple_popular_row846,ripple_relation_specificity,hit,post,1.0
gpt2-xl,rome,ripple,ripple_popular_row735,efficacy,hit,pre,0.0
gpt2-xl,rome,ripple,ripple_popular_row735,ripple_compositional_i,hit,pre,0.0
gpt2-xl,rome,ripple,ripple_popular_row735,ripple_aliasing,hit,pre,0.0
gpt2-xl,rome,ripple,ripple_popular_row735,efficacy,hit,post,1.0
gpt2-xl,rome,ripple,ripple_popular_row735,ripple_compositional_i,hit,post,0.0
gpt2-xl,rome,ripple,ripple_popular_row735,ripple_aliasing,hit,post,1.0
gpt2-xl,rome,ripple,ripple_popular_row867,efficacy,hit,pre,0.0
gpt2-xl,rome,ripple,ripple_popular_row867,ripple_logical,hit,pre,0.0
gpt2-xl,rome,ripple,ripple_popular_row867,ripple_aliasing,hit,pre,0.0
gpt2-xl,rome,ripple,ripple_popular_row867,efficacy,hit,post,0.0
gpt2-xl,rome,ripple,ripple_popular_row867,ripple_logical,hit,post,0.0
gpt2-xl,rome,ripple,ripple_popular_row867,ripple_aliasing,hit,post,0.0
gpt2-xl,rome,ripple,ripple_popular_row838,efficacy,hit,pre,0.0
gpt2-xl,rome,ripple,ripple_popular_row838,ripple_logical,hit,pre,0.0
gpt2-xl,rome,ripple,ripple_popular_row838,ripple_aliasing,hit,pre,0.0
gpt2-xl,rome,ripple,ripple_popular_row838,ripple_relation_specificity,hit,pre,1.0
gpt2-xl,rome,ripple,ripple_popular_row838,efficacy,hit,post,1.0
gpt2-xl,rome,ripple,ripple_popular_row838,ripple_logical,hit,post,0.0
gpt2-xl,rome,ripple,ripple_popular_row838,ripple_aliasing,hit,post,0.0
gpt2-xl,rome,ripple,ripple_popular_row838,ripple_relation_specificity,hit,post,0.0
gpt2-xl,rome,ripple,ripple_popular_row716,efficacy,hit,pre,0.0
gpt2-xl,rome,ripple,ripple_popular_row716,ripple_aliasing,hit,pre,0.0
gpt2-xl,rome,ripple,ripple_popular_row716,efficacy,hit,post,1.0
gpt2-xl,rome,ripple,ripple_popular_row716,ripple_aliasing,hit,post,0.0
gpt2-xl,rome,ripple,ripple_popular_row857,efficacy,hit,pre,0.0
gpt2-xl,rome,ripple,ripple_popular_row857,ripple_logical,hit,pre,0.0
gpt2-xl,rome,ripple,ripple_popular_row857,ripple_aliasing,hit,pre,0.0
gpt2-xl,rome,ripple,ripple_popular_row857,efficacy,hit,post,1.0
gpt2-xl,rome,ripple,ripple_popular_row857,ripple_logical,hit,post,0.0
gpt2-xl,rome,ripple,ripple_popular_row857,ripple_aliasing,hit,post,0.5
gpt2-xl,rome,ripple,ripple_popular_row868,efficacy,hit,pre,0.0
gpt2-xl,rome,ripple,ripple_popular_row868,ripple_compositional_i,hit,pre,0.5
gpt2-xl,rome,ripple,ripple_popular_row868,efficacy,hit,post,1.0
gpt2-xl,rome,ripple,ripple_popular_row868,ripple_compositional_i,hit,post,0.5
gpt2-xl,rome,ripple,ripple_popular_row699,efficacy,hit,pre,0.0
gpt2-xl,rome,ripple,ripple_popular_row699,ripple_aliasing,hit,pre,0.0
gpt2-xl,rome,ripple,ripple_popular_row699,efficacy,hit,post,1.0
gpt2-xl,rome,ripple,ripple_popular_row699,ripple_aliasing,hit,post,0.0
gpt2-xl,rome,ripple,ripple_popular_row825,efficacy,hit,pre,0.0
gpt2-xl,rome,ripple,ripple_popular_row825,ripple_aliasing,hit,pre,0.0
gpt2-xl,rome,ripple,ripple_popular_row825,efficacy,hit,post,1.0
gpt2-xl,rome,ripple,ripple_popular_row825,ripple_aliasing,hit,post,1.0
gpt2-xl,rome,ripple,ripple_popular_row866,efficacy,hit,pre,0.0
gpt2-xl,rome,ripple,ripple_popular_row866,ripple_compositional_i,hit,pre,0.0
gpt2-xl,rome,ripple,ripple_popular_row866,ripple_aliasing,hit,pre,0.0
gpt2-xl,rome,ripple,ripple_popular_row866,efficacy,hit,post,1.0
gpt2-xl,rome,ripple,ripple_popular_row866,ripple_compositional_i,hit,post,0.0
gpt2-xl,rome,ripple,ripple_popular_row866,ripple_aliasing,hit,post,0.25
gpt2-xl,rome,ripple,ripple_popular_row642,efficacy,hit,pre,0.0
gpt2-xl,rome,ripple,ripple_popular_row642,ripple_aliasing,hit,pre,0.0
gpt2-xl,rome,ripple,ripple_popular_row642,ripple_relation_specificity,hit,pre,1.0
gpt2-xl,rome,ripple,ripple_popular_row642,efficacy,hit,post,1.0
gpt2-xl,rome,ripple,ripple_popular_row642,ripple_aliasing,hit,post,1.0
gpt2-xl,rome,ripple,ripple_popular_row642,ripple_relation_specificity,hit,post,1.0
gpt2-xl,rome,ripple,ripple_popular_row653,efficacy,hit,pre,0.0
gpt2-xl,rome,ripple,ripple_popular_row653,ripple_logical,hit,pre,0.0
gpt2-xl,rome,ripple,ripple_popular_row653,efficacy,hit,post,0.0
gpt2-xl,rome,ripple,ripple_popular_row653,ripple_logical,hit,post,0.0
gpt2-xl,rome,ripple,ripple_popular_row663,efficacy,hit,pre,0.0
gpt2-xl,rome,ripple,ripple_popular_row663,efficacy,hit,post,1.0
gpt2-xl,rome,ripple,ripple_popular_row692,efficacy,hit,pre,0.0
gpt2-xl,rome,ripple,ripple_popular_row692,ripple_logical,hit,pre,0.0
gpt2-xl,rome,ripple,ripple_popular_row692,ripple_aliasing,hit,pre,0.0
gpt2-xl,rome,ripple,ripple_popular_row692,ripple_relation_specificity,hit,pre,1.0
gpt2-xl,rome,ripple,ripple_popular_row692,efficacy,hit,post,1.0
gpt2-xl,rome,ripple,ripple_popular_row692,ripple_logical,hit,post,0.0
gpt2-xl,rome,ripple,ripple_popular_row692,ripple_aliasing,hit,post,0.0
gpt2-xl,rome,ripple,ripple_popular_row692,ripple_relation_specificity,hit,post,0.5
gpt2-xl,rome,ripple,ripple_popular_row701,efficacy,hit,pre,0.0
gpt2-xl,rome,ripple,ripple_popular_row701,ripple_logical,hit,pre,0.0
gpt2-xl,rome,ripple,ripple_popular_row701,ripple_aliasing,hit,pre,0.0
gpt2-xl,rome,ripple,ripple_popular_row701,efficacy,hit,post,0.0
gpt2-xl,rome,ripple,ripple_popular_row701,ripple_logical,hit,post,0.0
gpt2-xl,rome,ripple,ripple_popular_row701,ripple_aliasing,hit,post,0.0
gpt2-xl,rome,ripple,ripple_popular_row690,efficacy,hit,pre,0.0
gpt2-xl,rome,ripple,ripple_popular_row690,ripple_aliasing,hit,pre,0.0
gpt2-xl,rome,ripple,ripple_popular_row690,ripple_relation_specificity,hit,pre,1.0
gpt2-xl,rome,ripple,ripple_popular_row690,efficacy,hit,post,1.0
gpt2-xl,rome,ripple,ripple_popular_row690,ripple_aliasing,hit,post,0.0
gpt2-xl,rome,ripple,ripple_popular_row690,ripple_relation_specificity,hit,post,0.0
gpt2-xl,rome,ripple,ripple_popular_row668,efficacy,hit,pre,0.0
gpt2-xl,rome,ripple,ripple_popular_row668,ripple_aliasing,hit,pre,0.0
gpt2-xl,rome,ripple,ripple_popular_row668,efficacy,hit,post,1.0
gpt2-xl,rome,ripple,ripple_popular_row668,ripple_aliasing,hit,post,0.8
gpt2-xl,rome,ripple,ripple_popular_row810,efficacy,hit,pre,0.0
gpt2-xl,rome,ripple,ripple_popular_row810,ripple_logical,hit,pre,0.0
gpt2-xl,rome,ripple,ripple_popular_row810,ripple_aliasing,hit,pre,0.0
gpt2-xl,rome,ripple,ripple_popular_row810,ripple_relation_specificity,hit,pre,0.0
gpt2-xl,rome,ripple,ripple_popular_row810,efficacy,hit,post,1.0
gpt2-xl,rome,ripple,ripple_popular_row810,ripple_logical,hit,post,0.0
gpt2-xl,rome,ripple,ripple_popular_row810,ripple_aliasing,hit,post,0.0
gpt2-xl,rome,ripple,ripple_popular_row810,ripple_relation_specificity,hit,post,0.0
gpt2-xl,rome,ripple,ripple_popular_row870,efficacy,hit,pre,0.0
gpt2-xl,rome,ripple,ripple_popular_row870,ripple_relation_specificity,hit,pre,1.0
gpt2-xl,rome,ripple,ripple_popular_row870,efficacy,hit,post,1.0
gpt2-xl,rome,ripple,ripple_popular_row870,ripple_relation_specificity,hit,post,0.0
gpt2-xl,rome,ripple,ripple_popular_row646,efficacy,hit,pre,0.0
gpt2-xl,rome,ripple,ripple_popular_row646,ripple_aliasing,hit,pre,0.0
gpt2-xl,rome,ripple,ripple_popular_row646,ripple_relation_specificity,hit,pre,1.0
gpt2-xl,rome,ripple,ripple_popular_row646,efficacy,hit,post,1.0
gpt2-xl,rome,ripple,ripple_popular_row646,ripple_aliasing,hit,post,0.0
gpt2-xl,rome,ripple,ripple_popular_row646,ripple_relation_specificity,hit,post,1.0
gpt2-xl,rome,ripple,ripple_popular_row697,efficacy,hit,pre,0.0
gpt2-xl,rome,ripple,ripple_popular_row697,ripple_aliasing,hit,pre,0.0
gpt2-xl,rome,ripple,ripple_popular_row697,efficacy,hit,post,1.0
gpt2-xl,rome,ripple,ripple_popular_row697,ripple_aliasing,hit,post,0.0
gpt2-xl,rome,ripple,ripple_popular_row613,efficacy,hit,pre,0.0
gpt2-xl,rome,ripple,ripple_popular_row613,ripple_logical,hit,pre,0.0
gpt2-xl,rome,ripple,ripple_popular_row613,ripple_aliasing,hit,pre,0.0
gpt2-xl,rome,ripple,ripple_popular_row613,ripple_relation_specificity,hit,pre,1.0
gpt2-xl,rome,ripple,ripple_popular_row613,efficacy,hit,post,1.0
gpt2-xl,rome,ripple,ripple_popular_row613,ripple_logical,hit,post,0.0
gpt2-xl,rome,ripple,ripple_popular_row613,ripple_aliasing,hit,post,0.0
gpt2-xl,rome,ripple,ripple_popular_row613,ripple_relation_specificity,hit,post,0.3333333333333333
gpt2-xl,rome,ripple,ripple_popular_row710,efficacy,hit,pre,0.0
gpt2-xl,rome,ripple,ripple_popular_row710,efficacy,hit,post,1.0
gpt2-xl,rome,ripple,ripple_popular_row819,efficacy,hit,pre,0.0
gpt2-xl,rome,ripple,ripple_popular_row819,ripple_aliasing,hit,pre,0.0
gpt2-xl,rome,ripple,ripple_popular_row819,efficacy,hit,post,1.0
gpt2-xl,rome,ripple,ripple_popular_row819,ripple_aliasing,hit,post,0.0
gpt2-xl,rome,ripple,ripple_popular_row782,efficacy,hit,pre,0.0
gpt2-xl,rome,ripple,ripple_popular_row782,ripple_aliasing,hit,pre,0.0
gpt2-xl,rome,ripple,ripple_popular_row782,efficacy,hit,post,1.0
gpt2-xl,rome,ripple,ripple_popular_row782,ripple_aliasing,hit,post,0.5
gpt2-xl,rome,ripple,ripple_popular_row696,efficacy,hit,pre,0.0
gpt2-xl,rome,ripple,ripple_popular_row696,efficacy,hit,post,1.0
gpt2-xl,rome,ripple,ripple_popular_row641,efficacy,hit,pre,0.0
gpt2-xl,rome,ripple,ripple_popular_row641,ripple_aliasing,hit,pre,0.0
gpt2-xl,rome,ripple,ripple_popular_row641,efficacy,hit,post,1.0
gpt2-xl,rome,ripple,ripple_popular_row641,ripple_aliasing,hit,post,1.0
gpt2-xl,rome,ripple,ripple_popular_row705,efficacy,hit,pre,0.0
gpt2-xl,rome,ripple,ripple_popular_row705,ripple_aliasing,hit,pre,0.0
gpt2-xl,rome,ripple,ripple_popular_row705,efficacy,hit,post,1.0
gpt2-xl,rome,ripple,ripple_popular_row705,ripple_aliasing,hit,post,0.0
gpt2-xl,rome,ripple,ripple_popular_row614,efficacy,hit,pre,0.0
gpt2-xl,rome,ripple,ripple_popular_row614,ripple_compositional_i,hit,pre,0.0
gpt2-xl,rome,ripple,ripple_popular_row614,ripple_aliasing,hit,pre,0.0
gpt2-xl,rome,ripple,ripple_popular_row614,ripple_relation_specificity,hit,pre,1.0
gpt2-xl,rome,ripple,ripple_popular_row614,efficacy,hit,post,1.0
gpt2-xl,rome,ripple,ripple_popular_row614,ripple_compositional_i,hit,post,1.0
gpt2-xl,rome,ripple,ripple_popular_row614,ripple_aliasing,hit,post,0.0
gpt2-xl,rome,ripple,ripple_popular_row614,ripple_relation_specificity,hit,post,0.0
gpt2-xl,rome,ripple,ripple_popular_row874,efficacy,hit,pre,0.0
gpt2-xl,rome,ripple,ripple_popular_row874,ripple_logical,hit,pre,0.0
gpt2-xl,rome,ripple,ripple_popular_row874,ripple_compositional_i,hit,pre,1.0
gpt2-xl,rome,ripple,ripple_popular_row874,ripple_aliasing,hit,pre,0.0
gpt2-xl,rome,ripple,ripple_popular_row874,efficacy,hit,post,1.0
gpt2-xl,rome,ripple,ripple_popular_row874,ripple_logical,hit,post,0.0
gpt2-xl,rome,ripple,ripple_popular_row874,ripple_compositional_i,hit,post,0.0
gpt2-xl,rome,ripple,ripple_popular_row874,ripple_aliasing,hit,post,0.0
gpt2-xl,rome,ripple,ripple_popular_row610,efficacy,hit,pre,0.0
gpt2-xl,rome,ripple,ripple_popular_row610,ripple_aliasing,hit,pre,0.0
gpt2-xl,rome,ripple,ripple_popular_row610,efficacy,hit,post,1.0
gpt2-xl,rome,ripple,ripple_popular_row610,ripple_aliasing,hit,post,0.0
gpt2-xl,rome,ripple,ripple_popular_row816,efficacy,hit,pre,0.0
gpt2-xl,rome,ripple,ripple_popular_row816,ripple_aliasing,hit,pre,0.0
gpt2-xl,rome,ripple,ripple_popular_row816,ripple_relation_specificity,hit,pre,1.0
gpt2-xl,rome,ripple,ripple_popular_row816,efficacy,hit,post,1.0
gpt2-xl,rome,ripple,ripple_popular_row816,ripple_aliasing,hit,post,0.0
gpt2-xl,rome,ripple,ripple_popular_row816,ripple_relation_specificity,hit,post,0.0
gpt2-xl,rome,ripple,ripple_popular_row717,efficacy,hit,pre,0.0
gpt2-xl,rome,ripple,ripple_popular_row717,ripple_logical,hit,pre,0.0
gpt2-xl,rome,ripple,ripple_popular_row717,ripple_aliasing,hit,pre,0.0
gpt2-xl,rome,ripple,ripple_popular_row717,ripple_relation_specificity,hit,pre,1.0
gpt2-xl,rome,ripple,ripple_popular_row717,efficacy,hit,post,1.0
gpt2-xl,rome,ripple,ripple_popular_row717,ripple_logical,hit,post,0.0
gpt2-xl,rome,ripple,ripple_popular_row717,ripple_aliasing,hit,post,0.0
gpt2-xl,rome,ripple,ripple_popular_row717,ripple_relation_specificity,hit,post,1.0
gpt2-xl,rome,ripple,ripple_popular_row836,efficacy,hit,pre,0.0
gpt2-xl,rome,ripple,ripple_popular_row836,ripple_compositional_ii,hit,pre,0.0
gpt2-xl,rome,ripple,ripple_popular_row836,ripple_aliasing,hit,pre,0.0
gpt2-xl,rome,ripple,ripple_popular_row836,ripple_relation_specificity,hit,pre,1.0
gpt2-xl,rome,ripple,ripple_popular_row836,efficacy,hit,post,1.0
gpt2-xl,rome,ripple,ripple_popular_row836,ripple_compositional_ii,hit,post,0.0
gpt2-xl,rome,ripple,ripple_popular_row836,ripple_aliasing,hit,post,0.2
gpt2-xl,rome,ripple,ripple_popular_row836,ripple_relation_specificity,hit,post,0.0
gpt2-xl,rome,ripple,ripple_popular_row719,efficacy,hit,pre,0.0
gpt2-xl,rome,ripple,ripple_popular_row719,efficacy,hit,post,1.0
gpt2-xl,rome,ripple,ripple_popular_row684,efficacy,hit,pre,0.0
gpt2-xl,rome,ripple,ripple_popular_row684,ripple_aliasing,hit,pre,0.0
gpt2-xl,rome,ripple,ripple_popular_row684,efficacy,hit,post,1.0
gpt2-xl,rome,ripple,ripple_popular_row684,ripple_aliasing,hit,post,0.0
gpt2-xl,rome,ripple,ripple_popular_row877,efficacy,hit,pre,0.0
gpt2-xl,rome,ripple,ripple_popular_row877,ripple_aliasing,hit,pre,0.0
gpt2-xl,rome,ripple,ripple_popular_row877,ripple_relation_specificity,hit,pre,1.0
gpt2-xl,rome,ripple,ripple_popular_row877,efficacy,hit,post,1.0
gpt2-xl,rome,ripple,ripple_popular_row877,ripple_aliasing,hit,post,1.0
gpt2-xl,rome,ripple,ripple_popular_row877,ripple_relation_specificity,hit,post,0.0
gpt2-xl,rome,ripple,ripple_popular_row763,efficacy,hit,pre,0.0
gpt2-xl,rome,ripple,ripple_popular_row763,ripple_aliasing,hit,pre,0.0
gpt2-xl,rome,ripple,ripple_popular_row763,efficacy,hit,post,1.0
gpt2-xl,rome,ripple,ripple_popular_row763,ripple_aliasing,hit,post,0.0
gpt2-xl,rome,ripple,ripple_popular_row731,efficacy,hit,pre,0.0
gpt2-xl,rome,ripple,ripple_popular_row731,ripple_aliasing,hit,pre,0.0
gpt2-xl,rome,ripple,ripple_popular_row731,ripple_relation_specificity,hit,pre,1.0
gpt2-xl,rome,ripple,ripple_popular_row731,efficacy,hit,post,1.0
gpt2-xl,rome,ripple,ripple_popular_row731,ripple_aliasing,hit,post,1.0
gpt2-xl,rome,ripple,ripple_popular_row731,ripple_relation_specificity,hit,post,0.0
gpt2-xl,rome,ripple,ripple_popular_row799,efficacy,hit,pre,0.0
gpt2-xl,rome,ripple,ripple_popular_row799,ripple_aliasing,hit,pre,0.0
gpt2-xl,rome,ripple,ripple_popular_row799,ripple_relation_specificity,hit,pre,1.0
gpt2-xl,rome,ripple,ripple_popular_row799,efficacy,hit,post,1.0
gpt2-xl,rome,ripple,ripple_popular_row799,ripple_aliasing,hit,post,0.0
gpt2-xl,rome,ripple,ripple_popular_row799,ripple_relation_specificity,hit,post,0.0
gpt2-xl,rome,ripple,ripple_popular_row880,efficacy,hit,pre,0.0
gpt2-xl,rome,ripple,ripple_popular_row880,ripple_aliasing,hit,pre,0.0
gpt2-xl,rome,ripple,ripple_popular_row880,ripple_relation_specificity,hit,pre,1.0
gpt2-xl,rome,ripple,ripple_popular_row880,efficacy,hit,post,1.0
gpt2-xl,rome,ripple,ripple_popular_row880,ripple_aliasing,hit,post,1.0
gpt2-xl,rome,ripple,ripple_popular_row880,ripple_relation_specificity,hit,post,1.0
gpt2-xl,rome,ripple,ripple_popular_row680,efficacy,hit,pre,0.0
gpt2-xl,rome,ripple,ripple_popular_row680,ripple_aliasing,hit,pre,0.0
gpt2-xl,rome,ripple,ripple_popular_row680,efficacy,hit,post,0.0
gpt2-xl,rome,ripple,ripple_popular_row680,ripple_aliasing,hit,post,0.0
gpt2-xl,rome,ripple,ripple_popular_row737,efficacy,hit,pre,0.0
gpt2-xl,rome,ripple,ripple_popular_row737,ripple_aliasing,hit,pre,0.0
gpt2-xl,rome,ripple,ripple_popular_row737,ripple_relation_specificity,hit,pre,1.0
gpt2-xl,rome,ripple,ripple_popular_row737,efficacy,hit,post,1.0
gpt2-xl,rome,ripple,ripple_popular_row737,ripple_aliasing,hit,post,0.0
gpt2-xl,rome,ripple,ripple_popular_row737,ripple_relation_specificity,hit,post,0.0
gpt2-xl,rome,ripple,ripple_popular_row712,efficacy,hit,pre,0.0
gpt2-xl,rome,ripple,ripple_popular_row712,ripple_aliasing,hit,pre,0.0
gpt2-xl,rome,ripple,ripple_popular_row712,ripple_relation_specificity,hit,pre,1.0
gpt2-xl,rome,ripple,ripple_popular_row712,efficacy,hit,post,1.0
gpt2-xl,rome,ripple,ripple_popular_row712,ripple_aliasing,hit,post,0.0
gpt2-xl,rome,ripple,ripple_popular_row712,ripple_relation_specificity,hit,post,0.0
gpt2-xl,rome,ripple,ripple_popular_row789,efficacy,hit,pre,0.0
gpt2-xl,rome,ripple,ripple_popular_row789,ripple_aliasing,hit,pre,0.0
gpt2-xl,rome,ripple,ripple_popular_row789,efficacy,hit,post,1.0
gpt2-xl,rome,ripple,ripple_popular_row789,ripple_aliasing,hit,post,0.2222222222222222
gpt2-xl,rome,ripple,ripple_popular_row881,efficacy,hit,pre,0.0
gpt2-xl,rome,ripple,ripple_popular_row881,ripple_logical,hit,pre,0.0
gpt2-xl,rome,ripple,ripple_popular_row881,ripple_aliasing,hit,pre,0.0
gpt2-xl,rome,ripple,ripple_popular_row881,efficacy,hit,post,1.0
gpt2-xl,rome,ripple,ripple_popular_row881,ripple_logical,hit,post,0.0
gpt2-xl,rome,ripple,ripple_popular_row881,ripple_aliasing,hit,post,0.5
gpt2-xl,rome,ripple,ripple_popular_row863,efficacy,hit,pre,0.0
gpt2-xl,rome,ripple,ripple_popular_row863,ripple_aliasing,hit,pre,0.0
gpt2-xl,rome,ripple,ripple_popular_row863,efficacy,hit,post,1.0
gpt2-xl,rome,ripple,ripple_popular_row863,ripple_aliasing,hit,post,1.0
gpt2-xl,rome,ripple,ripple_popular_row873,efficacy,hit,pre,0.0
gpt2-xl,rome,ripple,ripple_popular_row873,ripple_compositional_i,hit,pre,0.0
gpt2-xl,rome,ripple,ripple_popular_row873,ripple_aliasing,hit,pre,0.0
gpt2-xl,rome,ripple,ripple_popular_row873,ripple_relation_specificity,hit,pre,1.0
gpt2-xl,rome,ripple,ripple_popular_row873,efficacy,hit,post,1.0
gpt2-xl,rome,ripple,ripple_popular_row873,ripple_compositional_i,hit,post,0.25
gpt2-xl,rome,ripple,ripple_popular_row873,ripple_aliasing,hit,post,1.0
gpt2-xl,rome,ripple,ripple_popular_row873,ripple_relation_specificity,hit,post,0.0
gpt2-xl,rome,ripple,ripple_popular_row708,efficacy,hit,pre,0.0
gpt2-xl,rome,ripple,ripple_popular_row708,ripple_aliasing,hit,pre,0.0
gpt2-xl,rome,ripple,ripple_popular_row708,ripple_relation_specificity,hit,pre,1.0
gpt2-xl,rome,ripple,ripple_popular_row708,efficacy,hit,post,1.0
gpt2-xl,rome,ripple,ripple_popular_row708,ripple_aliasing,hit,post,0.0
gpt2-xl,rome,ripple,ripple_popular_row708,ripple_relation_specificity,hit,post,0.3333333333333333
gpt2-xl,rome,ripple,ripple_popular_row850,efficacy,hit,pre,0.0
gpt2-xl,rome,ripple,ripple_popular_row850,efficacy,hit,post,0.0
gpt2-xl,rome,ripple,ripple_popular_row634,efficacy,hit,pre,0.0
gpt2-xl,rome,ripple,ripple_popular_row634,ripple_aliasing,hit,pre,0.0
gpt2-xl,rome,ripple,ripple_popular_row634,efficacy,hit,post,1.0
gpt2-xl,rome,ripple,ripple_popular_row634,ripple_aliasing,hit,post,1.0
gpt2-xl,rome,ripple,ripple_popular_row796,efficacy,hit,pre,0.0
gpt2-xl,rome,ripple,ripple_popular_row796,ripple_relation_specificity,hit,pre,1.0
gpt2-xl,rome,ripple,ripple_popular_row796,efficacy,hit,post,1.0
gpt2-xl,rome,ripple,ripple_popular_row796,ripple_relation_specificity,hit,post,1.0
gpt2-xl,rome,ripple,ripple_popular_row751,efficacy,hit,pre,0.0
gpt2-xl,rome,ripple,ripple_popular_row751,ripple_logical,hit,pre,0.0
gpt2-xl,rome,ripple,ripple_popular_row751,ripple_aliasing,hit,pre,0.0
gpt2-xl,rome,ripple,ripple_popular_row751,ripple_relation_specificity,hit,pre,1.0
gpt2-xl,rome,ripple,ripple_popular_row751,efficacy,hit,post,0.0
gpt2-xl,rome,ripple,ripple_popular_row751,ripple_logical,hit,post,0.0
gpt2-xl,rome,ripple,ripple_popular_row751,ripple_aliasing,hit,post,0.0
gpt2-xl,rome,ripple,ripple_popular_row751,ripple_relation_specificity,hit,post,1.0
gpt2-xl,rome,ripple,ripple_popular_row871,efficacy,hit,pre,0.0
gpt2-xl,rome,ripple,ripple_popular_row871,ripple_logical,hit,pre,0.0
gpt2-xl,rome,ripple,ripple_popular_row871,efficacy,hit,post,0.0
gpt2-xl,rome,ripple,ripple_popular_row871,ripple_logical,hit,post,0.0
gpt2-xl,rome,ripple,ripple_popular_row746,efficacy,hit,pre,0.0
gpt2-xl,rome,ripple,ripple_popular_row746,ripple_aliasing,hit,pre,0.0
gpt2-xl,rome,ripple,ripple_popular_row746,ripple_preservation,hit,pre,0.0
gpt2-xl,rome,ripple,ripple_popular_row746,efficacy,hit,post,1.0
gpt2-xl,rome,ripple,ripple_popular_row746,ripple_aliasing,hit,post,0.6666666666666666
gpt2-xl,rome,ripple,ripple_popular_row746,ripple_preservation,hit,post,0.0
gpt2-xl,rome,ripple,ripple_popular_row829,efficacy,hit,pre,0.0
gpt2-xl,rome,ripple,ripple_popular_row829,ripple_aliasing,hit,pre,0.0
gpt2-xl,rome,ripple,ripple_popular_row829,efficacy,hit,post,1.0
gpt2-xl,rome,ripple,ripple_popular_row829,ripple_aliasing,hit,post,1.0
gpt2-xl,rome,ripple,ripple_popular_row658,efficacy,hit,pre,0.0
gpt2-xl,rome,ripple,ripple_popular_row658,ripple_compositional_i,hit,pre,0.0
gpt2-xl,rome,ripple,ripple_popular_row658,ripple_aliasing,hit,pre,0.0
gpt2-xl,rome,ripple,ripple_popular_row658,efficacy,hit,post,1.0
gpt2-xl,rome,ripple,ripple_popular_row658,ripple_compositional_i,hit,post,0.0
gpt2-xl,rome,ripple,ripple_popular_row658,ripple_aliasing,hit,post,0.0
gpt2-xl,rome,ripple,ripple_popular_row884,efficacy,hit,pre,0.0
gpt2-xl,rome,ripple,ripple_popular_row884,ripple_logical,hit,pre,0.0
gpt2-xl,rome,ripple,ripple_popular_row884,ripple_aliasing,hit,pre,0.0
gpt2-xl,rome,ripple,ripple_popular_row884,ripple_relation_specificity,hit,pre,1.0
gpt2-xl,rome,ripple,ripple_popular_row884,efficacy,hit,post,1.0
gpt2-xl,rome,ripple,ripple_popular_row884,ripple_logical,hit,post,0.0
gpt2-xl,rome,ripple,ripple_popular_row884,ripple_aliasing,hit,post,0.375
gpt2-xl,rome,ripple,ripple_popular_row884,ripple_relation_specificity,hit,post,0.0
gpt2-xl,rome,ripple,ripple_popular_row619,efficacy,hit,pre,0.0
gpt2-xl,rome,ripple,ripple_popular_row619,ripple_aliasing,hit,pre,0.0
gpt2-xl,rome,ripple,ripple_popular_row619,efficacy,hit,post,1.0
gpt2-xl,rome,ripple,ripple_popular_row619,ripple_aliasing,hit,post,1.0
gpt2-xl,rome,ripple,ripple_popular_row649,efficacy,hit,pre,0.0
gpt2-xl,rome,ripple,ripple_popular_row649,ripple_logical,hit,pre,0.0
gpt2-xl,rome,ripple,ripple_popular_row649,ripple_aliasing,hit,pre,0.0
gpt2-xl,rome,ripple,ripple_popular_row649,efficacy,hit,post,0.0
gpt2-xl,rome,ripple,ripple_popular_row649,ripple_logical,hit,post,0.0
gpt2-xl,rome,ripple,ripple_popular_row649,ripple_aliasing,hit,post,0.0
gpt2-xl,rome,ripple,ripple_popular_row688,efficacy,hit,pre,0.0
gpt2-xl,rome,ripple,ripple_popular_row688,ripple_aliasing,hit,pre,0.0
gpt2-xl,rome,ripple,ripple_popular_row688,efficacy,hit,post,1.0
gpt2-xl,rome,ripple,ripple_popular_row688,ripple_aliasing,hit,post,0.5
gpt2-xl,rome,ripple,ripple_popular_row639,efficacy,hit,pre,0.0
gpt2-xl,rome,ripple,ripple_popular_row639,ripple_aliasing,hit,pre,0.0
gpt2-xl,rome,ripple,ripple_popular_row639,ripple_relation_specificity,hit,pre,1.0
gpt2-xl,rome,ripple,ripple_popular_row639,efficacy,hit,post,1.0
gpt2-xl,rome,ripple,ripple_popular_row639,ripple_aliasing,hit,post,0.5
gpt2-xl,rome,ripple,ripple_popular_row639,ripple_relation_specificity,hit,post,0.0
gpt2-xl,rome,ripple,ripple_popular_row665,efficacy,hit,pre,0.0
gpt2-xl,rome,ripple,ripple_popular_row665,ripple_logical,hit,pre,0.0
gpt2-xl,rome,ripple,ripple_popular_row665,efficacy,hit,post,1.0
gpt2-xl,rome,ripple,ripple_popular_row665,ripple_logical,hit,post,0.0
gpt2-xl,rome,ripple,ripple_popular_row801,efficacy,hit,pre,0.0
gpt2-xl,rome,ripple,ripple_popular_row801,ripple_aliasing,hit,pre,0.0
gpt2-xl,rome,ripple,ripple_popular_row801,efficacy,hit,post,1.0
gpt2-xl,rome,ripple,ripple_popular_row801,ripple_aliasing,hit,post,0.6666666666666666
gpt2-xl,rome,ripple,ripple_popular_row601,efficacy,hit,pre,0.0
gpt2-xl,rome,ripple,ripple_popular_row601,ripple_aliasing,hit,pre,0.0
gpt2-xl,rome,ripple,ripple_popular_row601,ripple_relation_specificity,hit,pre,1.0
gpt2-xl,rome,ripple,ripple_popular_row601,efficacy,hit,post,1.0
gpt2-xl,rome,ripple,ripple_popular_row601,ripple_aliasing,hit,post,0.0
gpt2-xl,rome,ripple,ripple_popular_row601,ripple_relation_specificity,hit,post,0.0
gpt2-xl,rome,ripple,ripple_popular_row779,efficacy,hit,pre,0.0
gpt2-xl,rome,ripple,ripple_popular_row779,ripple_logical,hit,pre,0.0
gpt2-xl,rome,ripple,ripple_popular_row779,ripple_aliasing,hit,pre,0.0
gpt2-xl,rome,ripple,ripple_popular_row779,efficacy,hit,post,1.0
gpt2-xl,rome,ripple,ripple_popular_row779,ripple_logical,hit,post,0.0
gpt2-xl,rome,ripple,ripple_popular_row779,ripple_aliasing,hit,post,0.0
gpt2-xl,rome,ripple,ripple_popular_row817,efficacy,hit,pre,0.0
gpt2-xl,rome,ripple,ripple_popular_row817,ripple_aliasing,hit,pre,0.0
gpt2-xl,rome,ripple,ripple_popular_row817,efficacy,hit,post,1.0
gpt2-xl,rome,ripple,ripple_popular_row817,ripple_aliasing,hit,post,0.5
gpt2-xl,rome,ripple,ripple_popular_row729,efficacy,hit,pre,0.0
gpt2-xl,rome,ripple,ripple_popular_row729,ripple_aliasing,hit,pre,0.0
gpt2-xl,rome,ripple,ripple_popular_row729,efficacy,hit,post,1.0
gpt2-xl,rome,ripple,ripple_popular_row729,ripple_aliasing,hit,post,0.09090909090909091
gpt2-xl,rome,ripple,ripple_popular_row720,efficacy,hit,pre,0.0
gpt2-xl,rome,ripple,ripple_popular_row720,ripple_logical,hit,pre,1.0
gpt2-xl,rome,ripple,ripple_popular_row720,ripple_aliasing,hit,pre,0.0
gpt2-xl,rome,ripple,ripple_popular_row720,ripple_relation_specificity,hit,pre,1.0
gpt2-xl,rome,ripple,ripple_popular_row720,efficacy,hit,post,0.0
gpt2-xl,rome,ripple,ripple_popular_row720,ripple_logical,hit,post,0.0
gpt2-xl,rome,ripple,ripple_popular_row720,ripple_aliasing,hit,post,0.0
gpt2-xl,rome,ripple,ripple_popular_row720,ripple_relation_specificity,hit,post,0.0
gpt2-xl,rome,ripple,ripple_popular_row632,efficacy,hit,pre,0.0
gpt2-xl,rome,ripple,ripple_popular_row632,ripple_aliasing,hit,pre,0.0
gpt2-xl,rome,ripple,ripple_popular_row632,ripple_relation_specificity,hit,pre,1.0
gpt2-xl,rome,ripple,ripple_popular_row632,efficacy,hit,post,1.0
gpt2-xl,rome,ripple,ripple_popular_row632,ripple_aliasing,hit,post,0.0
gpt2-xl,rome,ripple,ripple_popular_row632,ripple_relation_specificity,hit,post,0.0
gpt2-xl,rome,ripple,ripple_popular_row667,efficacy,hit,pre,0.0
gpt2-xl,rome,ripple,ripple_popular_row667,ripple_aliasing,hit,pre,0.0
gpt2-xl,rome,ripple,ripple_popular_row667,efficacy,hit,post,1.0
gpt2-xl,rome,ripple,ripple_popular_row667,ripple_aliasing,hit,post,0.3333333333333333
gpt2-xl,rome,ripple,ripple_popular_row823,efficacy,hit,pre,0.0
gpt2-xl,rome,ripple,ripple_popular_row823,ripple_aliasing,hit,pre,0.0
gpt2-xl,rome,ripple,ripple_popular_row823,ripple_relation_specificity,hit,pre,1.0
gpt2-xl,rome,ripple,ripple_popular_row823,efficacy,hit,post,1.0
gpt2-xl,rome,ripple,ripple_popular_row823,ripple_aliasing,hit,post,1.0
gpt2-xl,rome,ripple,ripple_popular_row823,ripple_relation_specificity,hit,post,1.0
gpt2-xl,rome,ripple,ripple_popular_row703,efficacy,hit,pre,0.0
gpt2-xl,rome,ripple,ripple_popular_row703,efficacy,hit,post,1.0
gpt2-xl,rome,ripple,ripple_popular_row774,efficacy,hit,pre,0.0
gpt2-xl,rome,ripple,ripple_popular_row774,ripple_aliasing,hit,pre,0.0
gpt2-xl,rome,ripple,ripple_popular_row774,efficacy,hit,post,1.0
gpt2-xl,rome,ripple,ripple_popular_row774,ripple_aliasing,hit,post,0.0
gpt2-xl,rome,ripple,ripple_popular_row793,efficacy,hit,pre,0.0
gpt2-xl,rome,ripple,ripple_popular_row793,ripple_logical,hit,pre,0.0
gpt2-xl,rome,ripple,ripple_popular_row793,ripple_aliasing,hit,pre,0.0
gpt2-xl,rome,ripple,ripple_popular_row793,ripple_relation_specificity,hit,pre,1.0
gpt2-xl,rome,ripple,ripple_popular_row793,efficacy,hit,post,1.0
gpt2-xl,rome,ripple,ripple_popular_row793,ripple_logical,hit,post,0.0
gpt2-xl,rome,ripple,ripple_popular_row793,ripple_aliasing,hit,post,1.0
gpt2-xl,rome,ripple,ripple_popular_row793,ripple_relation_specificity,hit,post,0.0
gpt2-xl,rome,ripple,ripple_popular_row718,efficacy,hit,pre,0.0
gpt2-xl,rome,ripple,ripple_popular_row718,ripple_aliasing,hit,pre,0.0
gpt2-xl,rome,ripple,ripple_popular_row718,efficacy,hit,post,0.0
gpt2-xl,rome,ripple,ripple_popular_row718,ripple_aliasing,hit,post,0.0
gpt2-xl,rome,ripple,ripple_popular_row759,efficacy,hit,pre,0.0
gpt2-xl,rome,ripple,ripple_popular_row759,ripple_relation_specificity,hit,pre,0.0
gpt2-xl,rome,ripple,ripple_popular_row759,efficacy,hit,post,1.0
gpt2-xl,rome,ripple,ripple_popular_row759,ripple_relation_specificity,hit,post,0.0
gpt2-xl,rome,ripple,ripple_popular_row672,efficacy,hit,pre,0.0
gpt2-xl,rome,ripple,ripple_popular_row672,ripple_logical,hit,pre,0.0
gpt2-xl,rome,ripple,ripple_popular_row672,efficacy,hit,post,0.0
gpt2-xl,rome,ripple,ripple_popular_row672,ripple_logical,hit,post,0.0
gpt2-xl,rome,ripple,ripple_popular_row875,efficacy,hit,pre,0.0
gpt2-xl,rome,ripple,ripple_popular_row875,efficacy,hit,post,1.0
gpt2-xl,rome,ripple,ripple_popular_row645,efficacy,hit,pre,0.0
gpt2-xl,rome,ripple,ripple_popular_row645,ripple_compositional_i,hit,pre,0.0
gpt2-xl,rome,ripple,ripple_popular_row645,ripple_aliasing,hit,pre,0.0
gpt2-xl,rome,ripple,ripple_popular_row645,ripple_relation_specificity,hit,pre,1.0
gpt2-xl,rome,ripple,ripple_popular_row645,efficacy,hit,post,1.0
gpt2-xl,rome,ripple,ripple_popular_row645,ripple_compositional_i,hit,post,0.0
gpt2-xl,rome,ripple,ripple_popular_row645,ripple_aliasing,hit,post,0.0
gpt2-xl,rome,ripple,ripple_popular_row645,ripple_relation_specificity,hit,post,0.0
gpt2-xl,rome,ripple,ripple_popular_row765,efficacy,hit,pre,0.0
gpt2-xl,rome,ripple,ripple_popular_row765,ripple_aliasing,hit,pre,0.0
gpt2-xl,rome,ripple,ripple_popular_row765,efficacy,hit,post,1.0
gpt2-xl,rome,ripple,ripple_popular_row765,ripple_aliasing,hit,post,1.0
gpt2-xl,rome,ripple,ripple_popular_row865,efficacy,hit,pre,0.0
gpt2-xl,rome,ripple,ripple_popular_row865,ripple_aliasing,hit,pre,0.0
gpt2-xl,rome,ripple,ripple_popular_row865,ripple_relation_specificity,hit,pre,1.0
gpt2-xl,rome,ripple,ripple_popular_row865,efficacy,hit,post,1.0
gpt2-xl,rome,ripple,ripple_popular_row865,ripple_aliasing,hit,post,0.0
gpt2-xl,rome,ripple,ripple_popular_row865,ripple_relation_specificity,hit,post,1.0
gpt2-xl,rome,ripple,ripple_popular_row689,efficacy,hit,pre,0.0
gpt2-xl,rome,ripple,ripple_popular_row689,ripple_aliasing,hit,pre,0.0
gpt2-xl,rome,ripple,ripple_popular_row689,efficacy,hit,post,1.0
gpt2-xl,rome,ripple,ripple_popular_row689,ripple_aliasing,hit,post,1.0
gpt2-xl,rome,ripple,ripple_popular_row743,efficacy,hit,pre,0.0
gpt2-xl,rome,ripple,ripple_popular_row743,ripple_aliasing,hit,pre,0.0
gpt2-xl,rome,ripple,ripple_popular_row743,efficacy,hit,post,1.0
gpt2-xl,rome,ripple,ripple_popular_row743,ripple_aliasing,hit,post,1.0
gpt2-xl,rome,ripple,ripple_popular_row676,efficacy,hit,pre,0.0
gpt2-xl,rome,ripple,ripple_popular_row676,ripple_aliasing,hit,pre,0.0
gpt2-xl,rome,ripple,ripple_popular_row676,efficacy,hit,post,1.0
gpt2-xl,rome,ripple,ripple_popular_row676,ripple_aliasing,hit,post,0.0
gpt2-xl,rome,ripple,ripple_random_row1742,efficacy,hit,pre,0.0
gpt2-xl,rome,ripple,ripple_random_row1742,ripple_aliasing,hit,pre,0.0
gpt2-xl,rome,ripple,ripple_random_row1742,efficacy,hit,post,1.0
gpt2-xl,rome,ripple,ripple_random_row1742,ripple_aliasing,hit,post,0.0
gpt2-xl,rome,ripple,ripple_random_row1584,efficacy,hit,pre,0.0
gpt2-xl,rome,ripple,ripple_random_row1584,ripple_aliasing,hit,pre,0.0
gpt2-xl,rome,ripple,ripple_random_row1584,efficacy,hit,post,1.0
gpt2-xl,rome,ripple,ripple_random_row1584,ripple_aliasing,hit,post,0.0
gpt2-xl,rome,ripple,ripple_random_row1799,efficacy,hit,pre,0.0
gpt2-xl,rome,ripple,ripple_random_row1799,ripple_aliasing,hit,pre,0.0
gpt2-xl,rome,ripple,ripple_random_row1799,efficacy,hit,post,1.0
gpt2-xl,rome,ripple,ripple_random_row1799,ripple_aliasing,hit,post,0.0
gpt2-xl,rome,ripple,ripple_random_row1627,efficacy,hit,pre,0.0
gpt2-xl,rome,ripple,ripple_random_row1627,ripple_aliasing,hit,pre,0.0
gpt2-xl,rome,ripple,ripple_random_row1627,efficacy,hit,post,1.0
gpt2-xl,rome,ripple,ripple_random_row1627,ripple_aliasing,hit,post,0.0
gpt2-xl,rome,ripple,ripple_random_row1806,efficacy,hit,pre,0.0
gpt2-xl,rome,ripple,ripple_random_row1806,ripple_aliasing,hit,pre,0.0
gpt2-xl,rome,ripple,ripple_random_row1806,efficacy,hit,post,1.0
gpt2-xl,rome,ripple,ripple_random_row1806,ripple_aliasing,hit,post,0.0
gpt2-xl,rome,ripple,ripple_random_row1724,efficacy,hit,pre,0.0
gpt2-xl,rome,ripple,ripple_random_row1724,ripple_logical,hit,pre,0.0
gpt2-xl,rome,ripple,ripple_random_row1724,ripple_aliasing,hit,pre,0.0
gpt2-xl,rome,ripple,ripple_random_row1724,efficacy,hit,post,0.0
gpt2-xl,rome,ripple,ripple_random_row1724,ripple_logical,hit,post,0.0
gpt2-xl,rome,ripple,ripple_random_row1724,ripple_aliasing,hit,post,0.0
gpt2-xl,rome,ripple,ripple_random_row1562,efficacy,hit,pre,0.0
gpt2-xl,rome,ripple,ripple_random_row1562,ripple_aliasing,hit,pre,0.0
gpt2-xl,rome,ripple,ripple_random_row1562,ripple_relation_specificity,hit,pre,1.0
gpt2-xl,rome,ripple,ripple_random_row1562,efficacy,hit,post,1.0
gpt2-xl,rome,ripple,ripple_random_row1562,ripple_aliasing,hit,post,0.5
gpt2-xl,rome,ripple,ripple_random_row1562,ripple_relation_specificity,hit,post,0.0
gpt2-xl,rome,ripple,ripple_random_row1855,efficacy,hit,pre,0.0
gpt2-xl,rome,ripple,ripple_random_row1855,ripple_aliasing,hit,pre,0.0
gpt2-xl,rome,ripple,ripple_random_row1855,efficacy,hit,post,1.0
gpt2-xl,rome,ripple,ripple_random_row1855,ripple_aliasing,hit,post,0.0
gpt2-xl,rome,ripple,ripple_random_row1823,efficacy,hit,pre,0.0
gpt2-xl,rome,ripple,ripple_random_row1823,ripple_logical,hit,pre,0.0
gpt2-xl,rome,ripple,ripple_random_row1823,ripple_compositional_i,hit,pre,0.0
gpt2-xl,rome,ripple,ripple_random_row1823,ripple_aliasing,hit,pre,0.0
gpt2-xl,rome,ripple,ripple_random_row1823,efficacy,hit,post,1.0
gpt2-xl,rome,ripple,ripple_random_row1823,ripple_logical,hit,post,0.5
gpt2-xl,rome,ripple,ripple_random_row1823,ripple_compositional_i,hit,post,0.0
gpt2-xl,rome,ripple,ripple_random_row1823,ripple_aliasing,hit,post,0.0
gpt2-xl,rome,ripple,ripple_random_row1765,efficacy,hit,pre,0.0
gpt2-xl,rome,ripple,ripple_random_row1765,ripple_aliasing,hit,pre,0.0
gpt2-xl,rome,ripple,ripple_random_row1765,efficacy,hit,post,1.0
gpt2-xl,rome,ripple,ripple_random_row1765,ripple_aliasing,hit,post,1.0
gpt2-xl,rome,ripple,ripple_random_row1916,efficacy,hit,pre,0.0
gpt2-xl,rome,ripple,ripple_random_row1916,ripple_aliasing,hit,pre,0.0
gpt2-xl,rome,ripple,ripple_random_row1916,efficacy,hit,post,1.0
gpt2-xl,rome,ripple,ripple_random_row1916,ripple_aliasing,hit,post,1.0
gpt2-xl,rome,ripple,ripple_random_row1593,efficacy,hit,pre,0.0
gpt2-xl,rome,ripple,ripple_random_row1593,ripple_aliasing,hit,pre,0.0
gpt2-xl,rome,ripple,ripple_random_row1593,efficacy,hit,post,1.0
gpt2-xl,rome,ripple,ripple_random_row1593,ripple_aliasing,hit,post,0.0
gpt2-xl,rome,ripple,ripple_random_row1734,efficacy,hit,pre,0.0
gpt2-xl,rome,ripple,ripple_random_row1734,ripple_relation_specificity,hit,pre,1.0
gpt2-xl,rome,ripple,ripple_random_row1734,efficacy,hit,post,1.0
gpt2-xl,rome,ripple,ripple_random_row1734,ripple_relation_specificity,hit,post,0.0
gpt2-xl,rome,ripple,ripple_random_row1556,efficacy,hit,pre,0.0
gpt2-xl,rome,ripple,ripple_random_row1556,ripple_aliasing,hit,pre,0.0
gpt2-xl,rome,ripple,ripple_random_row1556,efficacy,hit,post,1.0
gpt2-xl,rome,ripple,ripple_random_row1556,ripple_aliasing,hit,post,0.0
gpt2-xl,rome,ripple,ripple_random_row1592,efficacy,hit,pre,0.0
gpt2-xl,rome,ripple,ripple_random_row1592,ripple_aliasing,hit,pre,0.0
gpt2-xl,rome,ripple,ripple_random_row1592,efficacy,hit,post,1.0
gpt2-xl,rome,ripple,ripple_random_row1592,ripple_aliasing,hit,post,1.0
gpt2-xl,rome,ripple,ripple_random_row1843,efficacy,hit,pre,0.0
gpt2-xl,rome,ripple,ripple_random_row1843,ripple_aliasing,hit,pre,0.0
gpt2-xl,rome,ripple,ripple_random_row1843,efficacy,hit,post,1.0
gpt2-xl,rome,ripple,ripple_random_row1843,ripple_aliasing,hit,post,0.5
gpt2-xl,rome,ripple,ripple_random_row1711,efficacy,hit,pre,0.0
gpt2-xl,rome,ripple,ripple_random_row1711,ripple_aliasing,hit,pre,0.0
gpt2-xl,rome,ripple,ripple_random_row1711,efficacy,hit,post,1.0
gpt2-xl,rome,ripple,ripple_random_row1711,ripple_aliasing,hit,post,0.0
gpt2-xl,rome,ripple,ripple_random_row1553,efficacy,hit,pre,0.0
gpt2-xl,rome,ripple,ripple_random_row1553,ripple_aliasing,hit,pre,0.0
gpt2-xl,rome,ripple,ripple_random_row1553,efficacy,hit,post,1.0
gpt2-xl,rome,ripple,ripple_random_row1553,ripple_aliasing,hit,post,1.0
gpt2-xl,rome,ripple,ripple_random_row1569,efficacy,hit,pre,0.0
gpt2-xl,rome,ripple,ripple_random_row1569,ripple_aliasing,hit,pre,0.0
gpt2-xl,rome,ripple,ripple_random_row1569,efficacy,hit,post,1.0
gpt2-xl,rome,ripple,ripple_random_row1569,ripple_aliasing,hit,post,1.0
gpt2-xl,rome,ripple,ripple_random_row1883,efficacy,hit,pre,0.0
gpt2-xl,rome,ripple,ripple_random_row1883,ripple_logical,hit,pre,0.0
gpt2-xl,rome,ripple,ripple_random_row1883,ripple_aliasing,hit,pre,0.0
gpt2-xl,rome,ripple,ripple_random_row1883,ripple_relation_specificity,hit,pre,1.0
gpt2-xl,rome,ripple,ripple_random_row1883,efficacy,hit,post,1.0
gpt2-xl,rome,ripple,ripple_random_row1883,ripple_logical,hit,post,0.0
gpt2-xl,rome,ripple,ripple_random_row1883,ripple_aliasing,hit,post,1.0
gpt2-xl,rome,ripple,ripple_random_row1883,ripple_relation_specificity,hit,post,1.0
gpt2-xl,rome,ripple,ripple_random_row1910,efficacy,hit,pre,0.0
gpt2-xl,rome,ripple,ripple_random_row1910,ripple_logical,hit,pre,0.0
gpt2-xl,rome,ripple,ripple_random_row1910,ripple_aliasing,hit,pre,0.0
gpt2-xl,rome,ripple,ripple_random_row1910,efficacy,hit,post,1.0
gpt2-xl,rome,ripple,ripple_random_row1910,ripple_logical,hit,post,0.0
gpt2-xl,rome,ripple,ripple_random_row1910,ripple_aliasing,hit,post,0.0
gpt2-xl,rome,ripple,ripple_random_row1608,efficacy,hit,pre,0.0
gpt2-xl,rome,ripple,ripple_random_row1608,ripple_aliasing,hit,pre,0.0
gpt2-xl,rome,ripple,ripple_random_row1608,efficacy,hit,post,1.0
gpt2-xl,rome,ripple,ripple_random_row1608,ripple_aliasing,hit,post,0.0
gpt2-xl,rome,ripple,ripple_random_row1527,efficacy,hit,pre,0.0
gpt2-xl,rome,ripple,ripple_random_row1527,ripple_aliasing,hit,pre,0.0
gpt2-xl,rome,ripple,ripple_random_row1527,efficacy,hit,post,1.0
gpt2-xl,rome,ripple,ripple_random_row1527,ripple_aliasing,hit,post,0.0
gpt2-xl,rome,ripple,ripple_random_row1565,efficacy,hit,pre,0.0
gpt2-xl,rome,ripple,ripple_random_row1565,ripple_aliasing,hit,pre,0.0
gpt2-xl,rome,ripple,ripple_random_row1565,efficacy,hit,post,1.0
gpt2-xl,rome,ripple,ripple_random_row1565,ripple_aliasing,hit,post,1.0
gpt2-xl,rome,ripple,ripple_random_row1809,efficacy,hit,pre,0.0
gpt2-xl,rome,ripple,ripple_random_row1809,ripple_aliasing,hit,pre,0.0
gpt2-xl,rome,ripple,ripple_random_row1809,efficacy,hit,post,1.0
gpt2-xl,rome,ripple,ripple_random_row1809,ripple_aliasing,hit,post,1.0
gpt2-xl,rome,ripple,ripple_random_row1536,efficacy,hit,pre,0.0
gpt2-xl,rome,ripple,ripple_random_row1536,ripple_aliasing,hit,pre,0.0
gpt2-xl,rome,ripple,ripple_random_row1536,efficacy,hit,post,1.0
gpt2-xl,rome,ripple,ripple_random_row1536,ripple_aliasing,hit,post,1.0
gpt2-xl,rome,ripple,ripple_random_row1629,efficacy,hit,pre,0.0
gpt2-xl,rome,ripple,ripple_random_row1629,ripple_aliasing,hit,pre,0.0
gpt2-xl,rome,ripple,ripple_random_row1629,efficacy,hit,post,1.0
gpt2-xl,rome,ripple,ripple_random_row1629,ripple_aliasing,hit,post,1.0
gpt2-xl,rome,ripple,ripple_random_row1528,efficacy,hit,pre,0.0
gpt2-xl,rome,ripple,ripple_random_row1528,ripple_logical,hit,pre,0.0
gpt2-xl,rome,ripple,ripple_random_row1528,ripple_aliasing,hit,pre,0.0
gpt2-xl,rome,ripple,ripple_random_row1528,efficacy,hit,post,1.0
gpt2-xl,rome,ripple,ripple_random_row1528,ripple_logical,hit,post,0.0
gpt2-xl,rome,ripple,ripple_random_row1528,ripple_aliasing,hit,post,0.0
gpt2-xl,rome,ripple,ripple_random_row1529,efficacy,hit,pre,0.0
gpt2-xl,rome,ripple,ripple_random_row1529,ripple_aliasing,hit,pre,0.0
gpt2-xl,rome,ripple,ripple_random_row1529,efficacy,hit,post,1.0
gpt2-xl,rome,ripple,ripple_random_row1529,ripple_aliasing,hit,post,1.0
gpt2-xl,rome,ripple,ripple_random_row1815,efficacy,hit,pre,0.0
gpt2-xl,rome,ripple,ripple_random_row1815,ripple_aliasing,hit,pre,0.0
gpt2-xl,rome,ripple,ripple_random_row1815,efficacy,hit,post,1.0
gpt2-xl,rome,ripple,ripple_random_row1815,ripple_aliasing,hit,post,0.0
gpt2-xl,rome,ripple,ripple_random_row1675,efficacy,hit,pre,0.0
gpt2-xl,rome,ripple,ripple_random_row1675,ripple_logical,hit,pre,0.0
gpt2-xl,rome,ripple,ripple_random_row1675,ripple_aliasing,hit,pre,0.0
gpt2-xl,rome,ripple,ripple_random_row1675,efficacy,hit,post,1.0
gpt2-xl,rome,ripple,ripple_random_row1675,ripple_logical,hit,post,0.0
gpt2-xl,rome,ripple,ripple_random_row1675,ripple_aliasing,hit,post,0.0
gpt2-xl,rome,ripple,ripple_random_row1581,efficacy,hit,pre,0.0
gpt2-xl,rome,ripple,ripple_random_row1581,ripple_logical,hit,pre,0.0
gpt2-xl,rome,ripple,ripple_random_row1581,ripple_compositional_i,hit,pre,0.0
gpt2-xl,rome,ripple,ripple_random_row1581,ripple_aliasing,hit,pre,0.0
gpt2-xl,rome,ripple,ripple_random_row1581,efficacy,hit,post,1.0
gpt2-xl,rome,ripple,ripple_random_row1581,ripple_logical,hit,post,0.0
gpt2-xl,rome,ripple,ripple_random_row1581,ripple_compositional_i,hit,post,0.0
gpt2-xl,rome,ripple,ripple_random_row1581,ripple_aliasing,hit,post,0.5
gpt2-xl,rome,ripple,ripple_random_row1728,efficacy,hit,pre,0.0
gpt2-xl,rome,ripple,ripple_random_row1728,ripple_logical,hit,pre,0.0
gpt2-xl,rome,ripple,ripple_random_row1728,ripple_aliasing,hit,pre,0.0
gpt2-xl,rome,ripple,ripple_random_row1728,efficacy,hit,post,1.0
gpt2-xl,rome,ripple,ripple_random_row1728,ripple_logical,hit,post,0.0
gpt2-xl,rome,ripple,ripple_random_row1728,ripple_aliasing,hit,post,1.0
gpt2-xl,rome,ripple,ripple_random_row1609,efficacy,hit,pre,0.0
gpt2-xl,rome,ripple,ripple_random_row1609,ripple_compositional_i,hit,pre,0.0
gpt2-xl,rome,ripple,ripple_random_row1609,ripple_aliasing,hit,pre,0.0
gpt2-xl,rome,ripple,ripple_random_row1609,efficacy,hit,post,1.0
gpt2-xl,rome,ripple,ripple_random_row1609,ripple_compositional_i,hit,post,0.0
gpt2-xl,rome,ripple,ripple_random_row1609,ripple_aliasing,hit,post,0.0
gpt2-xl,rome,ripple,ripple_random_row1769,efficacy,hit,pre,0.0
gpt2-xl,rome,ripple,ripple_random_row1769,ripple_logical,hit,pre,0.0
gpt2-xl,rome,ripple,ripple_random_row1769,ripple_aliasing,hit,pre,0.0
gpt2-xl,rome,ripple,ripple_random_row1769,efficacy,hit,post,1.0
gpt2-xl,rome,ripple,ripple_random_row1769,ripple_logical,hit,post,0.0
gpt2-xl,rome,ripple,ripple_random_row1769,ripple_aliasing,hit,post,1.0
gpt2-xl,rome,ripple,ripple_random_row1721,efficacy,hit,pre,0.0
gpt2-xl,rome,ripple,ripple_random_row1721,ripple_aliasing,hit,pre,0.0
gpt2-xl,rome,ripple,ripple_random_row1721,efficacy,hit,post,1.0
gpt2-xl,rome,ripple,ripple_random_row1721,ripple_aliasing,hit,post,0.0
gpt2-xl,rome,ripple,ripple_random_row1504,efficacy,hit,pre,0.0
gpt2-xl,rome,ripple,ripple_random_row1504,ripple_aliasing,hit,pre,0.0
gpt2-xl,rome,ripple,ripple_random_row1504,efficacy,hit,post,1.0
gpt2-xl,rome,ripple,ripple_random_row1504,ripple_aliasing,hit,post,1.0
gpt2-xl,rome,ripple,ripple_random_row1702,efficacy,hit,pre,0.0
gpt2-xl,rome,ripple,ripple_random_row1702,ripple_compositional_i,hit,pre,0.0
gpt2-xl,rome,ripple,ripple_random_row1702,ripple_aliasing,hit,pre,0.0
gpt2-xl,rome,ripple,ripple_random_row1702,efficacy,hit,post,1.0
gpt2-xl,rome,ripple,ripple_random_row1702,ripple_compositional_i,hit,post,0.0
gpt2-xl,rome,ripple,ripple_random_row1702,ripple_aliasing,hit,post,0.0
gpt2-xl,rome,ripple,ripple_random_row1912,efficacy,hit,pre,0.0
gpt2-xl,rome,ripple,ripple_random_row1912,ripple_aliasing,hit,pre,0.0
gpt2-xl,rome,ripple,ripple_random_row1912,efficacy,hit,post,1.0
gpt2-xl,rome,ripple,ripple_random_row1912,ripple_aliasing,hit,post,1.0
gpt2-xl,rome,ripple,ripple_random_row1686,efficacy,hit,pre,0.0
gpt2-xl,rome,ripple,ripple_random_row1686,ripple_aliasing,hit,pre,0.0
gpt2-xl,rome,ripple,ripple_random_row1686,efficacy,hit,post,1.0
gpt2-xl,rome,ripple,ripple_random_row1686,ripple_aliasing,hit,post,1.0
gpt2-xl,rome,ripple,ripple_random_row1747,efficacy,hit,pre,0.0
gpt2-xl,rome,ripple,ripple_random_row1747,ripple_aliasing,hit,pre,0.0
gpt2-xl,rome,ripple,ripple_random_row1747,efficacy,hit,post,1.0
gpt2-xl,rome,ripple,ripple_random_row1747,ripple_aliasing,hit,post,0.0
gpt2-xl,rome,ripple,ripple_random_row1802,efficacy,hit,pre,0.0
gpt2-xl,rome,ripple,ripple_random_row1802,ripple_aliasing,hit,pre,0.0
gpt2-xl,rome,ripple,ripple_random_row1802,efficacy,hit,post,1.0
gpt2-xl,rome,ripple,ripple_random_row1802,ripple_aliasing,hit,post,0.0
gpt2-xl,rome,ripple,ripple_random_row1759,efficacy,hit,pre,0.0
gpt2-xl,rome,ripple,ripple_random_row1759,ripple_aliasing,hit,pre,0.0
gpt2-xl,rome,ripple,ripple_random_row1759,efficacy,hit,post,1.0
gpt2-xl,rome,ripple,ripple_random_row1759,ripple_aliasing,hit,post,0.0
gpt2-xl,rome,ripple,ripple_random_row1893,efficacy,hit,pre,0.0
gpt2-xl,rome,ripple,ripple_random_row1893,ripple_aliasing,hit,pre,0.0
gpt2-xl,rome,ripple,ripple_random_row1893,efficacy,hit,post,1.0
gpt2-xl,rome,ripple,ripple_random_row1893,ripple_aliasing,hit,post,1.0
gpt2-xl,rome,ripple,ripple_random_row1740,efficacy,hit,pre,0.0
gpt2-xl,rome,ripple,ripple_random_row1740,ripple_aliasing,hit,pre,0.0
gpt2-xl,rome,ripple,ripple_random_row1740,efficacy,hit,post,1.0
gpt2-xl,rome,ripple,ripple_random_row1740,ripple_aliasing,hit,post,0.0
gpt2-xl,rome,ripple,ripple_random_row1659,efficacy,hit,pre,0.0
gpt2-xl,rome,ripple,ripple_random_row1659,ripple_aliasing,hit,pre,0.0
gpt2-xl,rome,ripple,ripple_random_row1659,efficacy,hit,post,1.0
gpt2-xl,rome,ripple,ripple_random_row1659,ripple_aliasing,hit,post,0.0
gpt2-xl,rome,ripple,ripple_random_row1685,efficacy,hit,pre,0.0
gpt2-xl,rome,ripple,ripple_random_row1685,ripple_logical,hit,pre,0.0
gpt2-xl,rome,ripple,ripple_random_row1685,ripple_compositional_i,hit,pre,0.0
gpt2-xl,rome,ripple,ripple_random_row1685,ripple_aliasing,hit,pre,0.0
gpt2-xl,rome,ripple,ripple_random_row1685,efficacy,hit,post,1.0
gpt2-xl,rome,ripple,ripple_random_row1685,ripple_logical,hit,post,1.0
gpt2-xl,rome,ripple,ripple_random_row1685,ripple_compositional_i,hit,post,1.0
gpt2-xl,rome,ripple,ripple_random_row1685,ripple_aliasing,hit,post,0.0
gpt2-xl,rome,ripple,ripple_random_row1615,efficacy,hit,pre,0.0
gpt2-xl,rome,ripple,ripple_random_row1615,ripple_aliasing,hit,pre,0.0
gpt2-xl,rome,ripple,ripple_random_row1615,efficacy,hit,post,1.0
gpt2-xl,rome,ripple,ripple_random_row1615,ripple_aliasing,hit,post,0.0
gpt2-xl,rome,ripple,ripple_random_row1754,efficacy,hit,pre,0.0
gpt2-xl,rome,ripple,ripple_random_row1754,ripple_aliasing,hit,pre,0.0
gpt2-xl,rome,ripple,ripple_random_row1754,efficacy,hit,post,1.0
gpt2-xl,rome,ripple,ripple_random_row1754,ripple_aliasing,hit,post,0.0
gpt2-xl,rome,ripple,ripple_random_row1570,efficacy,hit,pre,0.0
gpt2-xl,rome,ripple,ripple_random_row1570,ripple_logical,hit,pre,0.0
gpt2-xl,rome,ripple,ripple_random_row1570,ripple_aliasing,hit,pre,0.0
gpt2-xl,rome,ripple,ripple_random_row1570,efficacy,hit,post,1.0
gpt2-xl,rome,ripple,ripple_random_row1570,ripple_logical,hit,post,0.0
gpt2-xl,rome,ripple,ripple_random_row1570,ripple_aliasing,hit,post,1.0
gpt2-xl,rome,ripple,ripple_random_row1905,efficacy,hit,pre,0.0
gpt2-xl,rome,ripple,ripple_random_row1905,ripple_aliasing,hit,pre,0.0
gpt2-xl,rome,ripple,ripple_random_row1905,ripple_relation_specificity,hit,pre,1.0
gpt2-xl,rome,ripple,ripple_random_row1905,efficacy,hit,post,1.0
gpt2-xl,rome,ripple,ripple_random_row1905,ripple_aliasing,hit,post,1.0
gpt2-xl,rome,ripple,ripple_random_row1905,ripple_relation_specificity,hit,post,0.0
gpt2-xl,rome,ripple,ripple_random_row1917,efficacy,hit,pre,0.0
gpt2-xl,rome,ripple,ripple_random_row1917,ripple_aliasing,hit,pre,0.0
gpt2-xl,rome,ripple,ripple_random_row1917,efficacy,hit,post,1.0
gpt2-xl,rome,ripple,ripple_random_row1917,ripple_aliasing,hit,post,0.0
gpt2-xl,rome,ripple,ripple_random_row1781,efficacy,hit,pre,0.0
gpt2-xl,rome,ripple,ripple_random_row1781,ripple_aliasing,hit,pre,0.0
gpt2-xl,rome,ripple,ripple_random_row1781,ripple_relation_specificity,hit,pre,1.0
gpt2-xl,rome,ripple,ripple_random_row1781,efficacy,hit,post,1.0
gpt2-xl,rome,ripple,ripple_random_row1781,ripple_aliasing,hit,post,1.0
gpt2-xl,rome,ripple,ripple_random_row1781,ripple_relation_specificity,hit,post,0.0
gpt2-xl,rome,ripple,ripple_random_row1603,efficacy,hit,pre,0.0
gpt2-xl,rome,ripple,ripple_random_row1603,ripple_aliasing,hit,pre,0.0
gpt2-xl,rome,ripple,ripple_random_row1603,efficacy,hit,post,1.0
gpt2-xl,rome,ripple,ripple_random_row1603,ripple_aliasing,hit,post,0.0
gpt2-xl,rome,ripple,ripple_random_row1751,efficacy,hit,pre,0.0
gpt2-xl,rome,ripple,ripple_random_row1751,ripple_aliasing,hit,pre,0.0
gpt2-xl,rome,ripple,ripple_random_row1751,efficacy,hit,post,1.0
gpt2-xl,rome,ripple,ripple_random_row1751,ripple_aliasing,hit,post,0.0
gpt2-xl,rome,ripple,ripple_random_row1899,efficacy,hit,pre,0.0
gpt2-xl,rome,ripple,ripple_random_row1899,ripple_aliasing,hit,pre,0.0
gpt2-xl,rome,ripple,ripple_random_row1899,efficacy,hit,post,1.0
gpt2-xl,rome,ripple,ripple_random_row1899,ripple_aliasing,hit,post,1.0
gpt2-xl,rome,ripple,ripple_random_row1890,efficacy,hit,pre,0.0
gpt2-xl,rome,ripple,ripple_random_row1890,ripple_aliasing,hit,pre,0.0
gpt2-xl,rome,ripple,ripple_random_row1890,efficacy,hit,post,1.0
gpt2-xl,rome,ripple,ripple_random_row1890,ripple_aliasing,hit,post,1.0
gpt2-xl,rome,ripple,ripple_random_row1636,efficacy,hit,pre,0.0
gpt2-xl,rome,ripple,ripple_random_row1636,efficacy,hit,post,1.0
gpt2-xl,rome,ripple,ripple_random_row1684,efficacy,hit,pre,0.0
gpt2-xl,rome,ripple,ripple_random_row1684,ripple_logical,hit,pre,0.0
gpt2-xl,rome,ripple,ripple_random_row1684,ripple_compositional_i,hit,pre,0.0
gpt2-xl,rome,ripple,ripple_random_row1684,ripple_aliasing,hit,pre,0.0
gpt2-xl,rome,ripple,ripple_random_row1684,efficacy,hit,post,1.0
gpt2-xl,rome,ripple,ripple_random_row1684,ripple_logical,hit,post,0.0
gpt2-xl,rome,ripple,ripple_random_row1684,ripple_compositional_i,hit,post,0.6666666666666666
gpt2-xl,rome,ripple,ripple_random_row1684,ripple_aliasing,hit,post,0.5
gpt2-xl,rome,ripple,ripple_random_row1817,efficacy,hit,pre,0.0
gpt2-xl,rome,ripple,ripple_random_row1817,ripple_aliasing,hit,pre,0.0
gpt2-xl,rome,ripple,ripple_random_row1817,efficacy,hit,post,1.0
gpt2-xl,rome,ripple,ripple_random_row1817,ripple_aliasing,hit,post,0.0
gpt2-xl,rome,ripple,ripple_random_row1896,efficacy,hit,pre,0.0
gpt2-xl,rome,ripple,ripple_random_row1896,ripple_aliasing,hit,pre,0.0
gpt2-xl,rome,ripple,ripple_random_row1896,efficacy,hit,post,1.0
gpt2-xl,rome,ripple,ripple_random_row1896,ripple_aliasing,hit,post,0.0
gpt2-xl,rome,ripple,ripple_random_row1845,efficacy,hit,pre,1.0
gpt2-xl,rome,ripple,ripple_random_row1845,ripple_aliasing,hit,pre,0.0
gpt2-xl,rome,ripple,ripple_random_row1845,efficacy,hit,post,1.0
gpt2-xl,rome,ripple,ripple_random_row1845,ripple_aliasing,hit,post,0.0
gpt2-xl,rome,ripple,ripple_random_row1688,efficacy,hit,pre,0.0
gpt2-xl,rome,ripple,ripple_random_row1688,ripple_aliasing,hit,pre,0.0
gpt2-xl,rome,ripple,ripple_random_row1688,efficacy,hit,post,1.0
gpt2-xl,rome,ripple,ripple_random_row1688,ripple_aliasing,hit,post,1.0
gpt2-xl,rome,ripple,ripple_random_row1903,efficacy,hit,pre,0.0
gpt2-xl,rome,ripple,ripple_random_row1903,ripple_aliasing,hit,pre,0.0
gpt2-xl,rome,ripple,ripple_random_row1903,efficacy,hit,post,1.0
gpt2-xl,rome,ripple,ripple_random_row1903,ripple_aliasing,hit,post,0.0
gpt2-xl,rome,ripple,ripple_random_row1501,efficacy,hit,pre,0.0
gpt2-xl,rome,ripple,ripple_random_row1501,ripple_aliasing,hit,pre,0.0
gpt2-xl,rome,ripple,ripple_random_row1501,efficacy,hit,post,1.0
gpt2-xl,rome,ripple,ripple_random_row1501,ripple_aliasing,hit,post,1.0
gpt2-xl,rome,ripple,ripple_random_row1637,efficacy,hit,pre,0.0
gpt2-xl,rome,ripple,ripple_random_row1637,ripple_aliasing,hit,pre,0.0
gpt2-xl,rome,ripple,ripple_random_row1637,efficacy,hit,post,1.0
gpt2-xl,rome,ripple,ripple_random_row1637,ripple_aliasing,hit,post,1.0
gpt2-xl,rome,ripple,ripple_random_row1834,efficacy,hit,pre,0.0
gpt2-xl,rome,ripple,ripple_random_row1834,ripple_logical,hit,pre,0.0
gpt2-xl,rome,ripple,ripple_random_row1834,ripple_aliasing,hit,pre,0.0
gpt2-xl,rome,ripple,ripple_random_row1834,ripple_relation_specificity,hit,pre,1.0
gpt2-xl,rome,ripple,ripple_random_row1834,efficacy,hit,post,1.0
gpt2-xl,rome,ripple,ripple_random_row1834,ripple_logical,hit,post,0.0
gpt2-xl,rome,ripple,ripple_random_row1834,ripple_aliasing,hit,post,0.0
gpt2-xl,rome,ripple,ripple_random_row1834,ripple_relation_specificity,hit,post,0.0
gpt2-xl,rome,ripple,ripple_random_row1522,efficacy,hit,pre,0.0
gpt2-xl,rome,ripple,ripple_random_row1522,ripple_aliasing,hit,pre,0.0
gpt2-xl,rome,ripple,ripple_random_row1522,efficacy,hit,post,1.0
gpt2-xl,rome,ripple,ripple_random_row1522,ripple_aliasing,hit,post,0.0
gpt2-xl,rome,ripple,ripple_random_row1568,efficacy,hit,pre,0.0
gpt2-xl,rome,ripple,ripple_random_row1568,ripple_aliasing,hit,pre,0.0
gpt2-xl,rome,ripple,ripple_random_row1568,efficacy,hit,post,0.0
gpt2-xl,rome,ripple,ripple_random_row1568,ripple_aliasing,hit,post,0.0
gpt2-xl,rome,ripple,ripple_random_row1872,efficacy,hit,pre,0.0
gpt2-xl,rome,ripple,ripple_random_row1872,ripple_aliasing,hit,pre,0.0
gpt2-xl,rome,ripple,ripple_random_row1872,efficacy,hit,post,1.0
gpt2-xl,rome,ripple,ripple_random_row1872,ripple_aliasing,hit,post,0.0
gpt2-xl,rome,ripple,ripple_random_row1846,efficacy,hit,pre,0.0
gpt2-xl,rome,ripple,ripple_random_row1846,ripple_aliasing,hit,pre,0.0
gpt2-xl,rome,ripple,ripple_random_row1846,efficacy,hit,post,1.0
gpt2-xl,rome,ripple,ripple_random_row1846,ripple_aliasing,hit,post,1.0
gpt2-xl,rome,ripple,ripple_random_row1558,efficacy,hit,pre,0.0
gpt2-xl,rome,ripple,ripple_random_row1558,ripple_aliasing,hit,pre,0.0
gpt2-xl,rome,ripple,ripple_random_row1558,efficacy,hit,post,1.0
gpt2-xl,rome,ripple,ripple_random_row1558,ripple_aliasing,hit,post,0.0
gpt2-xl,rome,ripple,ripple_random_row1618,efficacy,hit,pre,0.0
gpt2-xl,rome,ripple,ripple_random_row1618,ripple_aliasing,hit,pre,0.0
gpt2-xl,rome,ripple,ripple_random_row1618,efficacy,hit,post,1.0
gpt2-xl,rome,ripple,ripple_random_row1618,ripple_aliasing,hit,post,1.0
gpt2-xl,rome,ripple,ripple_random_row1720,efficacy,hit,pre,0.0
gpt2-xl,rome,ripple,ripple_random_row1720,ripple_logical,hit,pre,0.0
gpt2-xl,rome,ripple,ripple_random_row1720,ripple_compositional_i,hit,pre,0.0
gpt2-xl,rome,ripple,ripple_random_row1720,ripple_aliasing,hit,pre,0.0
gpt2-xl,rome,ripple,ripple_random_row1720,efficacy,hit,post,1.0
gpt2-xl,rome,ripple,ripple_random_row1720,ripple_logical,hit,post,0.0
gpt2-xl,rome,ripple,ripple_random_row1720,ripple_compositional_i,hit,post,0.0
gpt2-xl,rome,ripple,ripple_random_row1720,ripple_aliasing,hit,post,1.0
gpt2-xl,rome,ripple,ripple_random_row1795,efficacy,hit,pre,0.0
gpt2-xl,rome,ripple,ripple_random_row1795,ripple_aliasing,hit,pre,0.0
gpt2-xl,rome,ripple,ripple_random_row1795,efficacy,hit,post,1.0
gpt2-xl,rome,ripple,ripple_random_row1795,ripple_aliasing,hit,post,0.0
gpt2-xl,rome,ripple,ripple_random_row1650,efficacy,hit,pre,0.0
gpt2-xl,rome,ripple,ripple_random_row1650,ripple_aliasing,hit,pre,0.0
gpt2-xl,rome,ripple,ripple_random_row1650,efficacy,hit,post,1.0
gpt2-xl,rome,ripple,ripple_random_row1650,ripple_aliasing,hit,post,0.5
gpt2-xl,rome,ripple,ripple_random_row1692,efficacy,hit,pre,0.0
gpt2-xl,rome,ripple,ripple_random_row1692,ripple_aliasing,hit,pre,0.0
gpt2-xl,rome,ripple,ripple_random_row1692,ripple_relation_specificity,hit,pre,1.0
gpt2-xl,rome,ripple,ripple_random_row1692,efficacy,hit,post,1.0
gpt2-xl,rome,ripple,ripple_random_row1692,ripple_aliasing,hit,post,0.0
gpt2-xl,rome,ripple,ripple_random_row1692,ripple_relation_specificity,hit,post,1.0
gpt2-xl,rome,ripple,ripple_random_row1826,efficacy,hit,pre,0.0
gpt2-xl,rome,ripple,ripple_random_row1826,ripple_aliasing,hit,pre,0.0
gpt2-xl,rome,ripple,ripple_random_row1826,efficacy,hit,post,1.0
gpt2-xl,rome,ripple,ripple_random_row1826,ripple_aliasing,hit,post,0.5
gpt2-xl,rome,ripple,ripple_random_row1526,efficacy,hit,pre,0.0
gpt2-xl,rome,ripple,ripple_random_row1526,ripple_aliasing,hit,pre,0.0
gpt2-xl,rome,ripple,ripple_random_row1526,efficacy,hit,post,1.0
gpt2-xl,rome,ripple,ripple_random_row1526,ripple_aliasing,hit,post,1.0
gpt2-xl,rome,ripple,ripple_random_row1836,efficacy,hit,pre,0.0
gpt2-xl,rome,ripple,ripple_random_row1836,ripple_aliasing,hit,pre,0.0
gpt2-xl,rome,ripple,ripple_random_row1836,efficacy,hit,post,1.0
gpt2-xl,rome,ripple,ripple_random_row1836,ripple_aliasing,hit,post,1.0
gpt2-xl,rome,ripple,ripple_random_row1505,efficacy,hit,pre,0.0
gpt2-xl,rome,ripple,ripple_random_row1505,ripple_aliasing,hit,pre,0.0
gpt2-xl,rome,ripple,ripple_random_row1505,efficacy,hit,post,1.0
gpt2-xl,rome,ripple,ripple_random_row1505,ripple_aliasing,hit,post,1.0
gpt2-xl,rome,ripple,ripple_random_row1646,efficacy,hit,pre,0.0
gpt2-xl,rome,ripple,ripple_random_row1646,ripple_logical,hit,pre,0.0
gpt2-xl,rome,ripple,ripple_random_row1646,ripple_aliasing,hit,pre,0.0
gpt2-xl,rome,ripple,ripple_random_row1646,efficacy,hit,post,1.0
gpt2-xl,rome,ripple,ripple_random_row1646,ripple_logical,hit,post,1.0
gpt2-xl,rome,ripple,ripple_random_row1646,ripple_aliasing,hit,post,1.0
gpt2-xl,rome,ripple,ripple_random_row1709,efficacy,hit,pre,0.0
gpt2-xl,rome,ripple,ripple_random_row1709,ripple_logical,hit,pre,0.0
gpt2-xl,rome,ripple,ripple_random_row1709,ripple_compositional_i,hit,pre,0.0
gpt2-xl,rome,ripple,ripple_random_row1709,ripple_aliasing,hit,pre,0.0
gpt2-xl,rome,ripple,ripple_random_row1709,efficacy,hit,post,1.0
gpt2-xl,rome,ripple,ripple_random_row1709,ripple_logical,hit,post,0.0
gpt2-xl,rome,ripple,ripple_random_row1709,ripple_compositional_i,hit,post,0.0
gpt2-xl,rome,ripple,ripple_random_row1709,ripple_aliasing,hit,post,0.3333333333333333
gpt2-xl,rome,ripple,ripple_random_row1814,efficacy,hit,pre,0.0
gpt2-xl,rome,ripple,ripple_random_row1814,ripple_aliasing,hit,pre,0.0
gpt2-xl,rome,ripple,ripple_random_row1814,efficacy,hit,post,1.0
gpt2-xl,rome,ripple,ripple_random_row1814,ripple_aliasing,hit,post,0.0
gpt2-xl,rome,ripple,ripple_random_row1889,efficacy,hit,pre,0.0
gpt2-xl,rome,ripple,ripple_random_row1889,ripple_aliasing,hit,pre,0.0
gpt2-xl,rome,ripple,ripple_random_row1889,efficacy,hit,post,1.0
gpt2-xl,rome,ripple,ripple_random_row1889,ripple_aliasing,hit,post,1.0
gpt2-xl,rome,ripple,ripple_random_row1713,efficacy,hit,pre,0.0
gpt2-xl,rome,ripple,ripple_random_row1713,ripple_aliasing,hit,pre,0.0
gpt2-xl,rome,ripple,ripple_random_row1713,efficacy,hit,post,0.0
gpt2-xl,rome,ripple,ripple_random_row1713,ripple_aliasing,hit,post,0.0
gpt2-xl,rome,ripple,ripple_random_row1582,efficacy,hit,pre,0.0
gpt2-xl,rome,ripple,ripple_random_row1582,ripple_aliasing,hit,pre,0.0
gpt2-xl,rome,ripple,ripple_random_row1582,efficacy,hit,post,1.0
gpt2-xl,rome,ripple,ripple_random_row1582,ripple_aliasing,hit,post,1.0
llama3-8b,alphaedit,ripple,ripple_popular_row657,efficacy,hit,pre,0.0
llama3-8b,alphaedit,ripple,ripple_popular_row657,ripple_aliasing,hit,pre,0.0
llama3-8b,alphaedit,ripple,ripple_popular_row657,ripple_relation_specificity,hit,pre,1.0
llama3-8b,alphaedit,ripple,ripple_popular_row657,efficacy,hit,post,0.0
llama3-8b,alphaedit,ripple,ripple_popular_row657,ripple_aliasing,hit,post,0.0
llama3-8b,alphaedit,ripple,ripple_popular_row657,ripple_relation_specificity,hit,post,0.6
llama3-8b,alphaedit,ripple,ripple_popular_row839,efficacy,hit,pre,0.0
llama3-8b,alphaedit,ripple,ripple_popular_row839,ripple_aliasing,hit,pre,0.0
llama3-8b,alphaedit,ripple,ripple_popular_row839,ripple_relation_specificity,hit,pre,1.0
llama3-8b,alphaedit,ripple,ripple_popular_row839,efficacy,hit,post,0.0
llama3-8b,alphaedit,ripple,ripple_popular_row839,ripple_aliasing,hit,post,0.0
llama3-8b,alphaedit,ripple,ripple_popular_row839,ripple_relation_specificity,hit,post,0.0
llama3-8b,alphaedit,ripple,ripple_popular_row792,efficacy,hit,pre,0.0
llama3-8b,alphaedit,ripple,ripple_popular_row792,ripple_compositional_i,hit,pre,0.0
llama3-8b,alphaedit,ripple,ripple_popular_row792,ripple_aliasing,hit,pre,0.0
llama3-8b,alphaedit,ripple,ripple_popular_row792,efficacy,hit,post,0.0
llama3-8b,alphaedit,ripple,ripple_popular_row792,ripple_compositional_i,hit,post,0.0
llama3-8b,alphaedit,ripple,ripple_popular_row792,ripple_aliasing,hit,post,0.0
llama3-8b,alphaedit,ripple,ripple_popular_row778,efficacy,hit,pre,0.0
llama3-8b,alphaedit,ripple,ripple_popular_row778,ripple_logical,hit,pre,0.0
llama3-8b,alphaedit,ripple,ripple_popular_row778,ripple_compositional_i,hit,pre,0.0
llama3-8b,alphaedit,ripple,ripple_popular_row778,ripple_aliasing,hit,pre,0.0
llama3-8b,alphaedit,ripple,ripple_popular_row778,ripple_relation_specificity,hit,pre,1.0
llama3-8b,alphaedit,ripple,ripple_popular_row778,ripple_preservation,hit,pre,1.0
llama3-8b,alphaedit,ripple,ripple_popular_row778,efficacy,hit,post,1.0
llama3-8b,alphaedit,ripple,ripple_popular_row778,ripple_logical,hit,post,0.0
llama3-8b,alphaedit,ripple,ripple_popular_row778,ripple_compositional_i,hit,post,0.0
llama3-8b,alphaedit,ripple,ripple_popular_row778,ripple_aliasing,hit,post,0.0
llama3-8b,alphaedit,ripple,ripple_popular_row778,ripple_relation_specificity,hit,post,0.5
llama3-8b,alphaedit,ripple,ripple_popular_row778,ripple_preservation,hit,post,0.0
llama3-8b,alphaedit,ripple,ripple_popular_row846,efficacy,hit,pre,0.0
llama3-8b,alphaedit,ripple,ripple_popular_row846,ripple_compositional_i,hit,pre,0.0
llama3-8b,alphaedit,ripple,ripple_popular_row846,ripple_aliasing,hit,pre,0.0
llama3-8b,alphaedit,ripple,ripple_popular_row846,ripple_relation_specificity,hit,pre,1.0
llama3-8b,alphaedit,ripple,ripple_popular_row846,ripple_preservation,hit,pre,1.0
llama3-8b,alphaedit,ripple,ripple_popular_row846,efficacy,hit,post,1.0
llama3-8b,alphaedit,ripple,ripple_popular_row846,ripple_compositional_i,hit,post,0.5
llama3-8b,alphaedit,ripple,ripple_popular_row846,ripple_aliasing,hit,post,0.0
llama3-8b,alphaedit,ripple,ripple_popular_row846,ripple_relation_specificity,hit,post,0.5
llama3-8b,alphaedit,ripple,ripple_popular_row846,ripple_preservation,hit,post,0.0
llama3-8b,alphaedit,ripple,ripple_popular_row735,efficacy,hit,pre,0.0
llama3-8b,alphaedit,ripple,ripple_popular_row735,ripple_compositional_i,hit,pre,0.0
llama3-8b,alphaedit,ripple,ripple_popular_row735,ripple_aliasing,hit,pre,0.0
llama3-8b,alphaedit,ripple,ripple_popular_row735,efficacy,hit,post,1.0
llama3-8b,alphaedit,ripple,ripple_popular_row735,ripple_compositional_i,hit,post,0.0
llama3-8b,alphaedit,ripple,ripple_popular_row735,ripple_aliasing,hit,post,0.0
llama3-8b,alphaedit,ripple,ripple_popular_row867,efficacy,hit,pre,0.0
llama3-8b,alphaedit,ripple,ripple_popular_row867,ripple_logical,hit,pre,0.0
llama3-8b,alphaedit,ripple,ripple_popular_row867,ripple_aliasing,hit,pre,0.0
llama3-8b,alphaedit,ripple,ripple_popular_row867,efficacy,hit,post,0.0
llama3-8b,alphaedit,ripple,ripple_popular_row867,ripple_logical,hit,post,0.0
llama3-8b,alphaedit,ripple,ripple_popular_row867,ripple_aliasing,hit,post,0.0
llama3-8b,alphaedit,ripple,ripple_popular_row838,efficacy,hit,pre,0.0
llama3-8b,alphaedit,ripple,ripple_popular_row838,ripple_logical,hit,pre,0.0
llama3-8b,alphaedit,ripple,ripple_popular_row838,ripple_aliasing,hit,pre,0.0
llama3-8b,alphaedit,ripple,ripple_popular_row838,ripple_relation_specificity,hit,pre,1.0
llama3-8b,alphaedit,ripple,ripple_popular_row838,efficacy,hit,post,0.0
llama3-8b,alphaedit,ripple,ripple_popular_row838,ripple_logical,hit,post,0.0
llama3-8b,alphaedit,ripple,ripple_popular_row838,ripple_aliasing,hit,post,0.0
llama3-8b,alphaedit,ripple,ripple_popular_row838,ripple_relation_specificity,hit,post,0.0
llama3-8b,alphaedit,ripple,ripple_popular_row716,efficacy,hit,pre,0.0
llama3-8b,alphaedit,ripple,ripple_popular_row716,ripple_logical,hit,pre,0.0
llama3-8b,alphaedit,ripple,ripple_popular_row716,ripple_compositional_i,hit,pre,0.0
llama3-8b,alphaedit,ripple,ripple_popular_row716,ripple_aliasing,hit,pre,0.0
llama3-8b,alphaedit,ripple,ripple_popular_row716,ripple_relation_specificity,hit,pre,1.0
llama3-8b,alphaedit,ripple,ripple_popular_row716,efficacy,hit,post,0.0
llama3-8b,alphaedit,ripple,ripple_popular_row716,ripple_logical,hit,post,0.0
llama3-8b,alphaedit,ripple,ripple_popular_row716,ripple_compositional_i,hit,post,0.0
llama3-8b,alphaedit,ripple,ripple_popular_row716,ripple_aliasing,hit,post,0.0
llama3-8b,alphaedit,ripple,ripple_popular_row716,ripple_relation_specificity,hit,post,1.0
llama3-8b,alphaedit,ripple,ripple_popular_row857,efficacy,hit,pre,0.0
llama3-8b,alphaedit,ripple,ripple_popular_row857,ripple_logical,hit,pre,0.0
llama3-8b,alphaedit,ripple,ripple_popular_row857,ripple_aliasing,hit,pre,0.0
llama3-8b,alphaedit,ripple,ripple_popular_row857,ripple_relation_specificity,hit,pre,1.0
llama3-8b,alphaedit,ripple,ripple_popular_row857,efficacy,hit,post,1.0
llama3-8b,alphaedit,ripple,ripple_popular_row857,ripple_logical,hit,post,0.0
llama3-8b,alphaedit,ripple,ripple_popular_row857,ripple_aliasing,hit,post,0.5
llama3-8b,alphaedit,ripple,ripple_popular_row857,ripple_relation_specificity,hit,post,0.5
llama3-8b,alphaedit,ripple,ripple_popular_row868,efficacy,hit,pre,0.0
llama3-8b,alphaedit,ripple,ripple_popular_row868,ripple_compositional_i,hit,pre,0.2
llama3-8b,alphaedit,ripple,ripple_popular_row868,ripple_relation_specificity,hit,pre,1.0
llama3-8b,alphaedit,ripple,ripple_popular_row868,efficacy,hit,post,1.0
llama3-8b,alphaedit,ripple,ripple_popular_row868,ripple_compositional_i,hit,post,0.6
llama3-8b,alphaedit,ripple,ripple_popular_row868,ripple_relation_specificity,hit,post,1.0
llama3-8b,alphaedit,ripple,ripple_popular_row699,efficacy,hit,pre,0.0
llama3-8b,alphaedit,ripple,ripple_popular_row699,ripple_aliasing,hit,pre,0.0
llama3-8b,alphaedit,ripple,ripple_popular_row699,efficacy,hit,post,1.0
llama3-8b,alphaedit,ripple,ripple_popular_row699,ripple_aliasing,hit,post,0.0
llama3-8b,alphaedit,ripple,ripple_popular_row825,efficacy,hit,pre,0.0
llama3-8b,alphaedit,ripple,ripple_popular_row825,ripple_aliasing,hit,pre,0.0
llama3-8b,alphaedit,ripple,ripple_popular_row825,ripple_relation_specificity,hit,pre,1.0
llama3-8b,alphaedit,ripple,ripple_popular_row825,efficacy,hit,post,1.0
llama3-8b,alphaedit,ripple,ripple_popular_row825,ripple_aliasing,hit,post,0.0
llama3-8b,alphaedit,ripple,ripple_popular_row825,ripple_relation_specificity,hit,post,0.0
llama3-8b,alphaedit,ripple,ripple_popular_row866,efficacy,hit,pre,0.0
llama3-8b,alphaedit,ripple,ripple_popular_row866,ripple_compositional_i,hit,pre,0.3333333333333333
llama3-8b,alphaedit,ripple,ripple_popular_row866,ripple_compositional_ii,hit,pre,0.0
llama3-8b,alphaedit,ripple,ripple_popular_row866,ripple_aliasing,hit,pre,0.0
llama3-8b,alphaedit,ripple,ripple_popular_row866,ripple_relation_specificity,hit,pre,1.0
llama3-8b,alphaedit,ripple,ripple_popular_row866,efficacy,hit,post,1.0
llama3-8b,alphaedit,ripple,ripple_popular_row866,ripple_compositional_i,hit,post,1.0
llama3-8b,alphaedit,ripple,ripple_popular_row866,ripple_compositional_ii,hit,post,0.0
llama3-8b,alphaedit,ripple,ripple_popular_row866,ripple_aliasing,hit,post,0.25
llama3-8b,alphaedit,ripple,ripple_popular_row866,ripple_relation_specificity,hit,post,0.375
llama3-8b,alphaedit,ripple,ripple_popular_row642,efficacy,hit,pre,0.0
llama3-8b,alphaedit,ripple,ripple_popular_row642,ripple_aliasing,hit,pre,0.0
llama3-8b,alphaedit,ripple,ripple_popular_row642,ripple_relation_specificity,hit,pre,1.0
llama3-8b,alphaedit,ripple,ripple_popular_row642,efficacy,hit,post,1.0
llama3-8b,alphaedit,ripple,ripple_popular_row642,ripple_aliasing,hit,post,0.5
llama3-8b,alphaedit,ripple,ripple_popular_row642,ripple_relation_specificity,hit,post,0.8
llama3-8b,alphaedit,ripple,ripple_popular_row653,efficacy,hit,pre,0.0
llama3-8b,alphaedit,ripple,ripple_popular_row653,ripple_logical,hit,pre,0.0
llama3-8b,alphaedit,ripple,ripple_popular_row653,efficacy,hit,post,0.0
llama3-8b,alphaedit,ripple,ripple_popular_row653,ripple_logical,hit,post,0.0
llama3-8b,alphaedit,ripple,ripple_popular_row663,efficacy,hit,pre,0.0
llama3-8b,alphaedit,ripple,ripple_popular_row663,ripple_relation_specificity,hit,pre,1.0
llama3-8b,alphaedit,ripple,ripple_popular_row663,efficacy,hit,post,1.0
llama3-8b,alphaedit,ripple,ripple_popular_row663,ripple_relation_specificity,hit,post,1.0
llama3-8b,alphaedit,ripple,ripple_popular_row692,efficacy,hit,pre,0.0
llama3-8b,alphaedit,ripple,ripple_popular_row692,ripple_logical,hit,pre,0.0
llama3-8b,alphaedit,ripple,ripple_popular_row692,ripple_aliasing,hit,pre,0.0
llama3-8b,alphaedit,ripple,ripple_popular_row692,ripple_relation_specificity,hit,pre,1.0
llama3-8b,alphaedit,ripple,ripple_popular_row692,efficacy,hit,post,0.0
llama3-8b,alphaedit,ripple,ripple_popular_row692,ripple_logical,hit,post,0.0
llama3-8b,alphaedit,ripple,ripple_popular_row692,ripple_aliasing,hit,post,0.0
llama3-8b,alphaedit,ripple,ripple_popular_row692,ripple_relation_specificity,hit,post,0.3333333333333333
llama3-8b,alphaedit,ripple,ripple_popular_row701,efficacy,hit,pre,0.0
llama3-8b,alphaedit,ripple,ripple_popular_row701,ripple_logical,hit,pre,0.0
llama3-8b,alphaedit,ripple,ripple_popular_row701,ripple_aliasing,hit,pre,0.0
llama3-8b,alphaedit,ripple,ripple_popular_row701,efficacy,hit,post,0.0
llama3-8b,alphaedit,ripple,ripple_popular_row701,ripple_logical,hit,post,0.0
llama3-8b,alphaedit,ripple,ripple_popular_row701,ripple_aliasing,hit,post,0.0
llama3-8b,alphaedit,ripple,ripple_popular_row690,efficacy,hit,pre,0.0
llama3-8b,alphaedit,ripple,ripple_popular_row690,ripple_aliasing,hit,pre,0.0
llama3-8b,alphaedit,ripple,ripple_popular_row690,ripple_relation_specificity,hit,pre,1.0
llama3-8b,alphaedit,ripple,ripple_popular_row690,efficacy,hit,post,1.0
llama3-8b,alphaedit,ripple,ripple_popular_row690,ripple_aliasing,hit,post,0.0
llama3-8b,alphaedit,ripple,ripple_popular_row690,ripple_relation_specificity,hit,post,0.5454545454545454
llama3-8b,alphaedit,ripple,ripple_popular_row668,efficacy,hit,pre,0.0
llama3-8b,alphaedit,ripple,ripple_popular_row668,ripple_aliasing,hit,pre,0.0
llama3-8b,alphaedit,ripple,ripple_popular_row668,ripple_relation_specificity,hit,pre,1.0
llama3-8b,alphaedit,ripple,ripple_popular_row668,efficacy,hit,post,0.0
llama3-8b,alphaedit,ripple,ripple_popular_row668,ripple_aliasing,hit,post,0.0
llama3-8b,alphaedit,ripple,ripple_popular_row668,ripple_relation_specificity,hit,post,0.6666666666666666
llama3-8b,alphaedit,ripple,ripple_popular_row810,efficacy,hit,pre,0.0
llama3-8b,alphaedit,ripple,ripple_popular_row810,ripple_logical,hit,pre,0.0
llama3-8b,alphaedit,ripple,ripple_popular_row810,ripple_aliasing,hit,pre,0.0
llama3-8b,alphaedit,ripple,ripple_popular_row810,ripple_relation_specificity,hit,pre,1.0
llama3-8b,alphaedit,ripple,ripple_popular_row810,efficacy,hit,post,1.0
llama3-8b,alphaedit,ripple,ripple_popular_row810,ripple_logical,hit,post,0.0
llama3-8b,alphaedit,ripple,ripple_popular_row810,ripple_aliasing,hit,post,0.0
llama3-8b,alphaedit,ripple,ripple_popular_row810,ripple_relation_specificity,hit,post,0.75
llama3-8b,alphaedit,ripple,ripple_popular_row870,efficacy,hit,pre,0.0
llama3-8b,alphaedit,ripple,ripple_popular_row870,ripple_compositional_i,hit,pre,0.5
llama3-8b,alphaedit,ripple,ripple_popular_row870,efficacy,hit,post,1.0
llama3-8b,alphaedit,ripple,ripple_popular_row870,ripple_compositional_i,hit,post,0.0
llama3-8b,alphaedit,ripple,ripple_popular_row646,efficacy,hit,pre,0.0
llama3-8b,alphaedit,ripple,ripple_popular_row646,ripple_compositional_i,hit,pre,0.0
llama3-8b,alphaedit,ripple,ripple_popular_row646,ripple_aliasing,hit,pre,0.0
llama3-8b,alphaedit,ripple,ripple_popular_row646,ripple_relation_specificity,hit,pre,1.0
llama3-8b,alphaedit,ripple,ripple_popular_row646,efficacy,hit,post,1.0
llama3-8b,alphaedit,ripple,ripple_popular_row646,ripple_compositional_i,hit,post,0.0
llama3-8b,alphaedit,ripple,ripple_popular_row646,ripple_aliasing,hit,post,0.0
llama3-8b,alphaedit,ripple,ripple_popular_row646,ripple_relation_specificity,hit,post,0.5
llama3-8b,alphaedit,ripple,ripple_popular_row697,efficacy,hit,pre,0.0
llama3-8b,alphaedit,ripple,ripple_popular_row697,ripple_aliasing,hit,pre,0.0
llama3-8b,alphaedit,ripple,ripple_popular_row697,ripple_relation_specificity,hit,pre,1.0
llama3-8b,alphaedit,ripple,ripple_popular_row697,efficacy,hit,post,0.0
llama3-8b,alphaedit,ripple,ripple_popular_row697,ripple_aliasing,hit,post,0.0
llama3-8b,alphaedit,ripple,ripple_popular_row697,ripple_relation_specificity,hit,post,0.5
llama3-8b,alphaedit,ripple,ripple_popular_row613,efficacy,hit,pre,0.0
llama3-8b,alphaedit,ripple,ripple_popular_row613,ripple_logical,hit,pre,0.0
llama3-8b,alphaedit,ripple,ripple_popular_row613,ripple_compositional_i,hit,pre,0.5
llama3-8b,alphaedit,ripple,ripple_popular_row613,ripple_aliasing,hit,pre,0.0
llama3-8b,alphaedit,ripple,ripple_popular_row613,ripple_relation_specificity,hit,pre,1.0
llama3-8b,alphaedit,ripple,ripple_popular_row613,efficacy,hit,post,0.0
llama3-8b,alphaedit,ripple,ripple_popular_row613,ripple_logical,hit,post,0.0
llama3-8b,alphaedit,ripple,ripple_popular_row613,ripple_compositional_i,hit,post,0.5
llama3-8b,alphaedit,ripple,ripple_popular_row613,ripple_aliasing,hit,post,0.0
llama3-8b,alphaedit,ripple,ripple_popular_row613,ripple_relation_specificity,hit,post,0.7777777777777778
llama3-8b,alphaedit,ripple,ripple_popular_row710,efficacy,hit,pre,0.0
llama3-8b,alphaedit,ripple,ripple_popular_row710,efficacy,hit,post,1.0
llama3-8b,alphaedit,ripple,ripple_popular_row819,efficacy,hit,pre,0.0
llama3-8b,alphaedit,ripple,ripple_popular_row819,ripple_aliasing,hit,pre,0.0
llama3-8b,alphaedit,ripple,ripple_popular_row819,ripple_relation_specificity,hit,pre,1.0
llama3-8b,alphaedit,ripple,ripple_popular_row819,ripple_preservation,hit,pre,1.0
llama3-8b,alphaedit,ripple,ripple_popular_row819,efficacy,hit,post,1.0
llama3-8b,alphaedit,ripple,ripple_popular_row819,ripple_aliasing,hit,post,0.0
llama3-8b,alphaedit,ripple,ripple_popular_row819,ripple_relation_specificity,hit,post,1.0
llama3-8b,alphaedit,ripple,ripple_popular_row819,ripple_preservation,hit,post,0.0
llama3-8b,alphaedit,ripple,ripple_popular_row782,efficacy,hit,pre,0.0
llama3-8b,alphaedit,ripple,ripple_popular_row782,ripple_aliasing,hit,pre,0.0
llama3-8b,alphaedit,ripple,ripple_popular_row782,ripple_relation_specificity,hit,pre,1.0
llama3-8b,alphaedit,ripple,ripple_popular_row782,efficacy,hit,post,1.0
llama3-8b,alphaedit,ripple,ripple_popular_row782,ripple_aliasing,hit,post,0.5
llama3-8b,alphaedit,ripple,ripple_popular_row782,ripple_relation_specificity,hit,post,0.3333333333333333
llama3-8b,alphaedit,ripple,ripple_popular_row696,efficacy,hit,pre,0.0
llama3-8b,alphaedit,ripple,ripple_popular_row696,ripple_compositional_i,hit,pre,0.3333333333333333
llama3-8b,alphaedit,ripple,ripple_popular_row696,efficacy,hit,post,1.0
llama3-8b,alphaedit,ripple,ripple_popular_row696,ripple_compositional_i,hit,post,0.0
llama3-8b,alphaedit,ripple,ripple_popular_row641,efficacy,hit,pre,0.0
llama3-8b,alphaedit,ripple,ripple_popular_row641,ripple_aliasing,hit,pre,0.0
llama3-8b,alphaedit,ripple,ripple_popular_row641,efficacy,hit,post,1.0
llama3-8b,alphaedit,ripple,ripple_popular_row641,ripple_aliasing,hit,post,1.0
llama3-8b,alphaedit,ripple,ripple_popular_row705,efficacy,hit,pre,0.0
llama3-8b,alphaedit,ripple,ripple_popular_row705,ripple_aliasing,hit,pre,0.0
llama3-8b,alphaedit,ripple,ripple_popular_row705,ripple_relation_specificity,hit,pre,1.0
llama3-8b,alphaedit,ripple,ripple_popular_row705,ripple_preservation,hit,pre,1.0
llama3-8b,alphaedit,ripple,ripple_popular_row705,efficacy,hit,post,1.0
llama3-8b,alphaedit,ripple,ripple_popular_row705,ripple_aliasing,hit,post,0.0
llama3-8b,alphaedit,ripple,ripple_popular_row705,ripple_relation_specificity,hit,post,1.0
llama3-8b,alphaedit,ripple,ripple_popular_row705,ripple_preservation,hit,post,0.0
llama3-8b,alphaedit,ripple,ripple_popular_row614,efficacy,hit,pre,0.0
llama3-8b,alphaedit,ripple,ripple_popular_row614,ripple_compositional_i,hit,pre,0.0
llama3-8b,alphaedit,ripple,ripple_popular_row614,ripple_aliasing,hit,pre,0.0
llama3-8b,alphaedit,ripple,ripple_popular_row614,ripple_relation_specificity,hit,pre,1.0
llama3-8b,alphaedit,ripple,ripple_popular_row614,ripple_preservation,hit,pre,1.0
llama3-8b,alphaedit,ripple,ripple_popular_row614,efficacy,hit,post,0.0
llama3-8b,alphaedit,ripple,ripple_popular_row614,ripple_compositional_i,hit,post,0.0
llama3-8b,alphaedit,ripple,ripple_popular_row614,ripple_aliasing,hit,post,0.0
llama3-8b,alphaedit,ripple,ripple_popular_row614,ripple_relation_specificity,hit,post,0.6
llama3-8b,alphaedit,ripple,ripple_popular_row614,ripple_preservation,hit,post,1.0
llama3-8b,alphaedit,ripple,ripple_popular_row874,efficacy,hit,pre,0.0
llama3-8b,alphaedit,ripple,ripple_popular_row874,ripple_logical,hit,pre,0.0
llama3-8b,alphaedit,ripple,ripple_popular_row874,ripple_compositional_i,hit,pre,1.0
llama3-8b,alphaedit,ripple,ripple_popular_row874,ripple_aliasing,hit,pre,0.0
llama3-8b,alphaedit,ripple,ripple_popular_row874,ripple_relation_specificity,hit,pre,1.0
llama3-8b,alphaedit,ripple,ripple_popular_row874,efficacy,hit,post,1.0
llama3-8b,alphaedit,ripple,ripple_popular_row874,ripple_logical,hit,post,0.0
llama3-8b,alphaedit,ripple,ripple_popular_row874,ripple_compositional_i,hit,post,0.0
llama3-8b,alphaedit,ripple,ripple_popular_row874,ripple_aliasing,hit,post,0.6666666666666666
llama3-8b,alphaedit,ripple,ripple_popular_row874,ripple_relation_specificity,hit,post,1.0
llama3-8b,alphaedit,ripple,ripple_popular_row610,efficacy,hit,pre,0.0
llama3-8b,alphaedit,ripple,ripple_popular_row610,ripple_compositional_i,hit,pre,0.0
llama3-8b,alphaedit,ripple,ripple_popular_row610,ripple_aliasing,hit,pre,0.0
llama3-8b,alphaedit,ripple,ripple_popular_row610,efficacy,hit,post,1.0
llama3-8b,alphaedit,ripple,ripple_popular_row610,ripple_compositional_i,hit,post,1.0
llama3-8b,alphaedit,ripple,ripple_popular_row610,ripple_aliasing,hit,post,0.3333333333333333
llama3-8b,alphaedit,ripple,ripple_popular_row816,efficacy,hit,pre,0.0
llama3-8b,alphaedit,ripple,ripple_popular_row816,ripple_aliasing,hit,pre,0.0
llama3-8b,alphaedit,ripple,ripple_popular_row816,ripple_relation_specificity,hit,pre,1.0
llama3-8b,alphaedit,ripple,ripple_popular_row816,efficacy,hit,post,1.0
llama3-8b,alphaedit,ripple,ripple_popular_row816,ripple_aliasing,hit,post,0.0
llama3-8b,alphaedit,ripple,ripple_popular_row816,ripple_relation_specificity,hit,post,0.5
llama3-8b,alphaedit,ripple,ripple_popular_row717,efficacy,hit,pre,0.0
llama3-8b,alphaedit,ripple,ripple_popular_row717,ripple_logical,hit,pre,0.0
llama3-8b,alphaedit,ripple,ripple_popular_row717,ripple_compositional_i,hit,pre,0.0
llama3-8b,alphaedit,ripple,ripple_popular_row717,ripple_compositional_ii,hit,pre,0.0
llama3-8b,alphaedit,ripple,ripple_popular_row717,ripple_aliasing,hit,pre,0.0
llama3-8b,alphaedit,ripple,ripple_popular_row717,ripple_relation_specificity,hit,pre,0.6666666666666666
llama3-8b,alphaedit,ripple,ripple_popular_row717,efficacy,hit,post,1.0
llama3-8b,alphaedit,ripple,ripple_popular_row717,ripple_logical,hit,post,0.0
llama3-8b,alphaedit,ripple,ripple_popular_row717,ripple_compositional_i,hit,post,0.0
llama3-8b,alphaedit,ripple,ripple_popular_row717,ripple_compositional_ii,hit,post,0.0
llama3-8b,alphaedit,ripple,ripple_popular_row717,ripple_aliasing,hit,post,0.0
llama3-8b,alphaedit,ripple,ripple_popular_row717,ripple_relation_specificity,hit,post,0.3333333333333333
llama3-8b,alphaedit,ripple,ripple_popular_row836,efficacy,hit,pre,0.0
llama3-8b,alphaedit,ripple,ripple_popular_row836,ripple_compositional_ii,hit,pre,0.0
llama3-8b,alphaedit,ripple,ripple_popular_row836,ripple_aliasing,hit,pre,0.0
llama3-8b,alphaedit,ripple,ripple_popular_row836,ripple_relation_specificity,hit,pre,1.0
llama3-8b,alphaedit,ripple,ripple_popular_row836,efficacy,hit,post,1.0
llama3-8b,alphaedit,ripple,ripple_popular_row836,ripple_compositional_ii,hit,post,0.0
llama3-8b,alphaedit,ripple,ripple_popular_row836,ripple_aliasing,hit,post,0.1
llama3-8b,alphaedit,ripple,ripple_popular_row836,ripple_relation_specificity,hit,post,0.2
llama3-8b,alphaedit,ripple,ripple_popular_row719,efficacy,hit,pre,0.0
llama3-8b,alphaedit,ripple,ripple_popular_row719,ripple_relation_specificity,hit,pre,1.0
llama3-8b,alphaedit,ripple,ripple_popular_row719,ripple_preservation,hit,pre,1.0
llama3-8b,alphaedit,ripple,ripple_popular_row719,efficacy,hit,post,0.0
llama3-8b,alphaedit,ripple,ripple_popular_row719,ripple_relation_specificity,hit,post,1.0
llama3-8b,alphaedit,ripple,ripple_popular_row719,ripple_preservation,hit,post,1.0
llama3-8b,alphaedit,ripple,ripple_popular_row684,efficacy,hit,pre,0.0
llama3-8b,alphaedit,ripple,ripple_popular_row684,ripple_aliasing,hit,pre,0.0
llama3-8b,alphaedit,ripple,ripple_popular_row684,efficacy,hit,post,0.0
llama3-8b,alphaedit,ripple,ripple_popular_row684,ripple_aliasing,hit,post,0.0
llama3-8b,alphaedit,ripple,ripple_popular_row877,efficacy,hit,pre,0.0
llama3-8b,alphaedit,ripple,ripple_popular_row877,ripple_aliasing,hit,pre,0.0
llama3-8b,alphaedit,ripple,ripple_popular_row877,ripple_relation_specificity,hit,pre,1.0
llama3-8b,alphaedit,ripple,ripple_popular_row877,efficacy,hit,post,1.0
llama3-8b,alphaedit,ripple,ripple_popular_row877,ripple_aliasing,hit,post,0.5
llama3-8b,alphaedit,ripple,ripple_popular_row877,ripple_relation_specificity,hit,post,0.0
llama3-8b,alphaedit,ripple,ripple_popular_row763,efficacy,hit,pre,0.0
llama3-8b,alphaedit,ripple,ripple_popular_row763,ripple_aliasing,hit,pre,0.0
llama3-8b,alphaedit,ripple,ripple_popular_row763,ripple_relation_specificity,hit,pre,1.0
llama3-8b,alphaedit,ripple,ripple_popular_row763,efficacy,hit,post,0.0
llama3-8b,alphaedit,ripple,ripple_popular_row763,ripple_aliasing,hit,post,0.0
llama3-8b,alphaedit,ripple,ripple_popular_row763,ripple_relation_specificity,hit,post,1.0
llama3-8b,alphaedit,ripple,ripple_popular_row731,efficacy,hit,pre,0.0
llama3-8b,alphaedit,ripple,ripple_popular_row731,ripple_aliasing,hit,pre,0.0
llama3-8b,alphaedit,ripple,ripple_popular_row731,ripple_relation_specificity,hit,pre,1.0
llama3-8b,alphaedit,ripple,ripple_popular_row731,efficacy,hit,post,1.0
llama3-8b,alphaedit,ripple,ripple_popular_row731,ripple_aliasing,hit,post,1.0
llama3-8b,alphaedit,ripple,ripple_popular_row731,ripple_relation_specificity,hit,post,0.5
llama3-8b,alphaedit,ripple,ripple_popular_row799,efficacy,hit,pre,0.0
llama3-8b,alphaedit,ripple,ripple_popular_row799,ripple_aliasing,hit,pre,0.0
llama3-8b,alphaedit,ripple,ripple_popular_row799,ripple_relation_specificity,hit,pre,1.0
llama3-8b,alphaedit,ripple,ripple_popular_row799,ripple_preservation,hit,pre,1.0
llama3-8b,alphaedit,ripple,ripple_popular_row799,efficacy,hit,post,1.0
llama3-8b,alphaedit,ripple,ripple_popular_row799,ripple_aliasing,hit,post,0.0
llama3-8b,alphaedit,ripple,ripple_popular_row799,ripple_relation_specificity,hit,post,0.6
llama3-8b,alphaedit,ripple,ripple_popular_row799,ripple_preservation,hit,post,0.0
llama3-8b,alphaedit,ripple,ripple_popular_row880,efficacy,hit,pre,0.0
llama3-8b,alphaedit,ripple,ripple_popular_row880,ripple_aliasing,hit,pre,0.0
llama3-8b,alphaedit,ripple,ripple_popular_row880,ripple_relation_specificity,hit,pre,1.0
llama3-8b,alphaedit,ripple,ripple_popular_row880,efficacy,hit,post,1.0
llama3-8b,alphaedit,ripple,ripple_popular_row880,ripple_aliasing,hit,post,1.0
llama3-8b,alphaedit,ripple,ripple_popular_row880,ripple_relation_specificity,hit,post,0.0
llama3-8b,alphaedit,ripple,ripple_popular_row680,efficacy,hit,pre,0.0
llama3-8b,alphaedit,ripple,ripple_popular_row680,ripple_compositional_ii,hit,pre,0.0
llama3-8b,alphaedit,ripple,ripple_popular_row680,ripple_aliasing,hit,pre,0.0
llama3-8b,alphaedit,ripple,ripple_popular_row680,ripple_relation_specificity,hit,pre,1.0
llama3-8b,alphaedit,ripple,ripple_popular_row680,efficacy,hit,post,1.0
llama3-8b,alphaedit,ripple,ripple_popular_row680,ripple_compositional_ii,hit,post,0.0
llama3-8b,alphaedit,ripple,ripple_popular_row680,ripple_aliasing,hit,post,0.2
llama3-8b,alphaedit,ripple,ripple_popular_row680,ripple_relation_specificity,hit,post,0.375
llama3-8b,alphaedit,ripple,ripple_popular_row737,efficacy,hit,pre,0.0
llama3-8b,alphaedit,ripple,ripple_popular_row737,ripple_compositional_i,hit,pre,0.5
llama3-8b,alphaedit,ripple,ripple_popular_row737,ripple_aliasing,hit,pre,0.0
llama3-8b,alphaedit,ripple,ripple_popular_row737,ripple_relation_specificity,hit,pre,1.0
llama3-8b,alphaedit,ripple,ripple_popular_row737,ripple_preservation,hit,pre,1.0
llama3-8b,alphaedit,ripple,ripple_popular_row737,efficacy,hit,post,1.0
llama3-8b,alphaedit,ripple,ripple_popular_row737,ripple_compositional_i,hit,post,0.5
llama3-8b,alphaedit,ripple,ripple_popular_row737,ripple_aliasing,hit,post,0.0
llama3-8b,alphaedit,ripple,ripple_popular_row737,ripple_relation_specificity,hit,post,0.0
llama3-8b,alphaedit,ripple,ripple_popular_row737,ripple_preservation,hit,post,0.0
llama3-8b,alphaedit,ripple,ripple_popular_row712,efficacy,hit,pre,0.0
llama3-8b,alphaedit,ripple,ripple_popular_row712,ripple_aliasing,hit,pre,0.0
llama3-8b,alphaedit,ripple,ripple_popular_row712,ripple_relation_specificity,hit,pre,1.0
llama3-8b,alphaedit,ripple,ripple_popular_row712,efficacy,hit,post,1.0
llama3-8b,alphaedit,ripple,ripple_popular_row712,ripple_aliasing,hit,post,0.4
llama3-8b,alphaedit,ripple,ripple_popular_row712,ripple_relation_specificity,hit,post,0.5714285714285714
llama3-8b,alphaedit,ripple,ripple_popular_row789,efficacy,hit,pre,0.0
llama3-8b,alphaedit,ripple,ripple_popular_row789,ripple_aliasing,hit,pre,0.0
llama3-8b,alphaedit,ripple,ripple_popular_row789,ripple_relation_specificity,hit,pre,1.0
llama3-8b,alphaedit,ripple,ripple_popular_row789,efficacy,hit,post,1.0
llama3-8b,alphaedit,ripple,ripple_popular_row789,ripple_aliasing,hit,post,0.0
llama3-8b,alphaedit,ripple,ripple_popular_row789,ripple_relation_specificity,hit,post,1.0
llama3-8b,alphaedit,ripple,ripple_popular_row881,efficacy,hit,pre,0.0
llama3-8b,alphaedit,ripple,ripple_popular_row881,ripple_logical,hit,pre,0.0
llama3-8b,alphaedit,ripple,ripple_popular_row881,ripple_compositional_i,hit,pre,0.0
llama3-8b,alphaedit,ripple,ripple_popular_row881,ripple_aliasing,hit,pre,0.0
llama3-8b,alphaedit,ripple,ripple_popular_row881,ripple_relation_specificity,hit,pre,1.0
llama3-8b,alphaedit,ripple,ripple_popular_row881,efficacy,hit,post,1.0
llama3-8b,alphaedit,ripple,ripple_popular_row881,ripple_logical,hit,post,0.0
llama3-8b,alphaedit,ripple,ripple_popular_row881,ripple_compositional_i,hit,post,0.5
llama3-8b,alphaedit,ripple,ripple_popular_row881,ripple_aliasing,hit,post,0.0
llama3-8b,alphaedit,ripple,ripple_popular_row881,ripple_relation_specificity,hit,post,0.6666666666666666
llama3-8b,alphaedit,ripple,ripple_popular_row863,efficacy,hit,pre,0.0
llama3-8b,alphaedit,ripple,ripple_popular_row863,ripple_aliasing,hit,pre,0.0
llama3-8b,alphaedit,ripple,ripple_popular_row863,ripple_relation_specificity,hit,pre,1.0
llama3-8b,alphaedit,ripple,ripple_popular_row863,efficacy,hit,post,1.0
llama3-8b,alphaedit,ripple,ripple_popular_row863,ripple_aliasing,hit,post,0.5
llama3-8b,alphaedit,ripple,ripple_popular_row863,ripple_relation_specificity,hit,post,0.5
llama3-8b,alphaedit,ripple,ripple_popular_row873,efficacy,hit,pre,0.0
llama3-8b,alphaedit,ripple,ripple_popular_row873,ripple_compositional_i,hit,pre,0.2
llama3-8b,alphaedit,ripple,ripple_popular_row873,ripple_aliasing,hit,pre,0.0
llama3-8b,alphaedit,ripple,ripple_popular_row873,ripple_relation_specificity,hit,pre,1.0
llama3-8b,alphaedit,ripple,ripple_popular_row873,efficacy,hit,post,1.0
llama3-8b,alphaedit,ripple,ripple_popular_row873,ripple_compositional_i,hit,post,0.8
llama3-8b,alphaedit,ripple,ripple_popular_row873,ripple_aliasing,hit,post,1.0
llama3-8b,alphaedit,ripple,ripple_popular_row873,ripple_relation_specificity,hit,post,0.6666666666666666
llama3-8b,alphaedit,ripple,ripple_popular_row708,efficacy,hit,pre,0.0
llama3-8b,alphaedit,ripple,ripple_popular_row708,ripple_compositional_ii,hit,pre,0.0
llama3-8b,alphaedit,ripple,ripple_popular_row708,ripple_aliasing,hit,pre,0.0
llama3-8b,alphaedit,ripple,ripple_popular_row708,ripple_relation_specificity,hit,pre,1.0
llama3-8b,alphaedit,ripple,ripple_popular_row708,efficacy,hit,post,1.0
llama3-8b,alphaedit,ripple,ripple_popular_row708,ripple_compositional_ii,hit,post,0.0
llama3-8b,alphaedit,ripple,ripple_popular_row708,ripple_aliasing,hit,post,0.0
llama3-8b,alphaedit,ripple,ripple_popular_row708,ripple_relation_specificity,hit,post,0.6
llama3-8b,alphaedit,ripple,ripple_popular_row850,efficacy,hit,pre,0.0
llama3-8b,alphaedit,ripple,ripple_popular_row850,ripple_relation_specificity,hit,pre,1.0
llama3-8b,alphaedit,ripple,ripple_popular_row850,efficacy,hit,post,0.0
llama3-8b,alphaedit,ripple,ripple_popular_row850,ripple_relation_specificity,hit,post,1.0
llama3-8b,alphaedit,ripple,ripple_popular_row634,efficacy,hit,pre,0.0
llama3-8b,alphaedit,ripple,ripple_popular_row634,ripple_aliasing,hit,pre,0.0
llama3-8b,alphaedit,ripple,ripple_popular_row634,efficacy,hit,post,0.0
llama3-8b,alphaedit,ripple,ripple_popular_row634,ripple_aliasing,hit,post,0.0
llama3-8b,alphaedit,ripple,ripple_popular_row796,efficacy,hit,pre,0.0
llama3-8b,alphaedit,ripple,ripple_popular_row796,ripple_relation_specificity,hit,pre,1.0
llama3-8b,alphaedit,ripple,ripple_popular_row796,efficacy,hit,post,0.0
llama3-8b,alphaedit,ripple,ripple_popular_row796,ripple_relation_specificity,hit,post,0.5
llama3-8b,alphaedit,ripple,ripple_popular_row751,efficacy,hit,pre,0.0
llama3-8b,alphaedit,ripple,ripple_popular_row751,ripple_logical,hit,pre,0.0
llama3-8b,alphaedit,ripple,ripple_popular_row751,ripple_aliasing,hit,pre,0.0
llama3-8b,alphaedit,ripple,ripple_popular_row751,ripple_relation_specificity,hit,pre,1.0
llama3-8b,alphaedit,ripple,ripple_popular_row751,efficacy,hit,post,0.0
llama3-8b,alphaedit,ripple,ripple_popular_row751,ripple_logical,hit,post,0.0
llama3-8b,alphaedit,ripple,ripple_popular_row751,ripple_aliasing,hit,post,0.0
llama3-8b,alphaedit,ripple,ripple_popular_row751,ripple_relation_specificity,hit,post,1.0
llama3-8b,alphaedit,ripple,ripple_popular_row871,efficacy,hit,pre,0.0
llama3-8b,alphaedit,ripple,ripple_popular_row871,ripple_logical,hit,pre,0.0
llama3-8b,alphaedit,ripple,ripple_popular_row871,efficacy,hit,post,0.0
llama3-8b,alphaedit,ripple,ripple_popular_row871,ripple_logical,hit,post,0.0
llama3-8b,alphaedit,ripple,ripple_popular_row746,efficacy,hit,pre,0.0
llama3-8b,alphaedit,ripple,ripple_popular_row746,ripple_aliasing,hit,pre,0.0
llama3-8b,alphaedit,ripple,ripple_popular_row746,ripple_relation_specificity,hit,pre,1.0
llama3-8b,alphaedit,ripple,ripple_popular_row746,ripple_preservation,hit,pre,1.0
llama3-8b,alphaedit,ripple,ripple_popular_row746,efficacy,hit,post,1.0
llama3-8b,alphaedit,ripple,ripple_popular_row746,ripple_aliasing,hit,post,0.0
llama3-8b,alphaedit,ripple,ripple_popular_row746,ripple_relation_specificity,hit,post,0.3333333333333333
llama3-8b,alphaedit,ripple,ripple_popular_row746,ripple_preservation,hit,post,1.0
llama3-8b,alphaedit,ripple,ripple_popular_row829,efficacy,hit,pre,0.0
llama3-8b,alphaedit,ripple,ripple_popular_row829,ripple_aliasing,hit,pre,0.0
llama3-8b,alphaedit,ripple,ripple_popular_row829,ripple_relation_specificity,hit,pre,1.0
llama3-8b,alphaedit,ripple,ripple_popular_row829,efficacy,hit,post,1.0
llama3-8b,alphaedit,ripple,ripple_popular_row829,ripple_aliasing,hit,post,1.0
llama3-8b,alphaedit,ripple,ripple_popular_row829,ripple_relation_specificity,hit,post,0.3333333333333333
llama3-8b,alphaedit,ripple,ripple_popular_row658,efficacy,hit,pre,0.0
llama3-8b,alphaedit,ripple,ripple_popular_row658,ripple_logical,hit,pre,0.0
llama3-8b,alphaedit,ripple,ripple_popular_row658,ripple_compositional_i,hit,pre,0.0
llama3-8b,alphaedit,ripple,ripple_popular_row658,ripple_aliasing,hit,pre,0.0
llama3-8b,alphaedit,ripple,ripple_popular_row658,efficacy,hit,post,1.0
llama3-8b,alphaedit,ripple,ripple_popular_row658,ripple_logical,hit,post,0.0
llama3-8b,alphaedit,ripple,ripple_popular_row658,ripple_compositional_i,hit,post,0.0
llama3-8b,alphaedit,ripple,ripple_popular_row658,ripple_aliasing,hit,post,0.0
llama3-8b,alphaedit,ripple,ripple_popular_row884,efficacy,hit,pre,0.0
llama3-8b,alphaedit,ripple,ripple_popular_row884,ripple_logical,hit,pre,0.0
llama3-8b,alphaedit,ripple,ripple_popular_row884,ripple_compositional_i,hit,pre,0.0
llama3-8b,alphaedit,ripple,ripple_popular_row884,ripple_compositional_ii,hit,pre,0.0
llama3-8b,alphaedit,ripple,ripple_popular_row884,ripple_aliasing,hit,pre,0.0
llama3-8b,alphaedit,ripple,ripple_popular_row884,ripple_relation_specificity,hit,pre,1.0
llama3-8b,alphaedit,ripple,ripple_popular_row884,efficacy,hit,post,1.0
llama3-8b,alphaedit,ripple,ripple_popular_row884,ripple_logical,hit,post,0.0
llama3-8b,alphaedit,ripple,ripple_popular_row884,ripple_compositional_i,hit,post,0.0
llama3-8b,alphaedit,ripple,ripple_popular_row884,ripple_compositional_ii,hit,post,0.0
llama3-8b,alphaedit,ripple,ripple_popular_row884,ripple_aliasing,hit,post,0.25
llama3-8b,alphaedit,ripple,ripple_popular_row884,ripple_relation_specificity,hit,post,0.3333333333333333
llama3-8b,alphaedit,ripple,ripple_popular_row619,efficacy,hit,pre,0.0
llama3-8b,alphaedit,ripple,ripple_popular_row619,ripple_compositional_i,hit,pre,0.0
llama3-8b,alphaedit,ripple,ripple_popular_row619,ripple_aliasing,hit,pre,0.0
llama3-8b,alphaedit,ripple,ripple_popular_row619,ripple_relation_specificity,hit,pre,1.0
llama3-8b,alphaedit,ripple,ripple_popular_row619,efficacy,hit,post,1.0
llama3-8b,alphaedit,ripple,ripple_popular_row619,ripple_compositional_i,hit,post,0.0
llama3-8b,alphaedit,ripple,ripple_popular_row619,ripple_aliasing,hit,post,0.0
llama3-8b,alphaedit,ripple,ripple_popular_row619,ripple_relation_specificity,hit,post,0.5
llama3-8b,alphaedit,ripple,ripple_popular_row649,efficacy,hit,pre,0.0
llama3-8b,alphaedit,ripple,ripple_popular_row649,ripple_logical,hit,pre,0.0
llama3-8b,alphaedit,ripple,ripple_popular_row649,ripple_aliasing,hit,pre,0.0
llama3-8b,alphaedit,ripple,ripple_popular_row649,efficacy,hit,post,0.0
llama3-8b,alphaedit,ripple,ripple_popular_row649,ripple_logical,hit,post,0.0
llama3-8b,alphaedit,ripple,ripple_popular_row649,ripple_aliasing,hit,post,0.0
llama3-8b,alphaedit,ripple,ripple_popular_row688,efficacy,hit,pre,0.0
llama3-8b,alphaedit,ripple,ripple_popular_row688,ripple_aliasing,hit,pre,0.0
llama3-8b,alphaedit,ripple,ripple_popular_row688,ripple_relation_specificity,hit,pre,1.0
llama3-8b,alphaedit,ripple,ripple_popular_row688,efficacy,hit,post,1.0
llama3-8b,alphaedit,ripple,ripple_popular_row688,ripple_aliasing,hit,post,0.5
llama3-8b,alphaedit,ripple,ripple_popular_row688,ripple_relation_specificity,hit,post,1.0
llama3-8b,alphaedit,ripple,ripple_popular_row639,efficacy,hit,pre,0.0
llama3-8b,alphaedit,ripple,ripple_popular_row639,ripple_aliasing,hit,pre,0.0
llama3-8b,alphaedit,ripple,ripple_popular_row639,ripple_relation_specificity,hit,pre,1.0
llama3-8b,alphaedit,ripple,ripple_popular_row639,efficacy,hit,post,1.0
llama3-8b,alphaedit,ripple,ripple_popular_row639,ripple_aliasing,hit,post,0.0
llama3-8b,alphaedit,ripple,ripple_popular_row639,ripple_relation_specificity,hit,post,0.75
llama3-8b,alphaedit,ripple,ripple_popular_row665,efficacy,hit,pre,0.0
llama3-8b,alphaedit,ripple,ripple_popular_row665,ripple_logical,hit,pre,0.0
llama3-8b,alphaedit,ripple,ripple_popular_row665,efficacy,hit,post,0.0
llama3-8b,alphaedit,ripple,ripple_popular_row665,ripple_logical,hit,post,0.0
llama3-8b,alphaedit,ripple,ripple_popular_row801,efficacy,hit,pre,0.0
llama3-8b,alphaedit,ripple,ripple_popular_row801,ripple_aliasing,hit,pre,0.0
llama3-8b,alphaedit,ripple,ripple_popular_row801,efficacy,hit,post,1.0
llama3-8b,alphaedit,ripple,ripple_popular_row801,ripple_aliasing,hit,post,0.6666666666666666
llama3-8b,alphaedit,ripple,ripple_popular_row601,efficacy,hit,pre,0.0
llama3-8b,alphaedit,ripple,ripple_popular_row601,ripple_aliasing,hit,pre,0.0
llama3-8b,alphaedit,ripple,ripple_popular_row601,ripple_relation_specificity,hit,pre,1.0
llama3-8b,alphaedit,ripple,ripple_popular_row601,efficacy,hit,post,1.0
llama3-8b,alphaedit,ripple,ripple_popular_row601,ripple_aliasing,hit,post,0.0
llama3-8b,alphaedit,ripple,ripple_popular_row601,ripple_relation_specificity,hit,post,0.5
llama3-8b,alphaedit,ripple,ripple_popular_row779,efficacy,hit,pre,0.0
llama3-8b,alphaedit,ripple,ripple_popular_row779,ripple_logical,hit,pre,0.0
llama3-8b,alphaedit,ripple,ripple_popular_row779,ripple_aliasing,hit,pre,0.0
llama3-8b,alphaedit,ripple,ripple_popular_row779,efficacy,hit,post,0.0
llama3-8b,alphaedit,ripple,ripple_popular_row779,ripple_logical,hit,post,0.0
llama3-8b,alphaedit,ripple,ripple_popular_row779,ripple_aliasing,hit,post,0.0
llama3-8b,alphaedit,ripple,ripple_popular_row817,efficacy,hit,pre,0.0
llama3-8b,alphaedit,ripple,ripple_popular_row817,ripple_aliasing,hit,pre,0.0
llama3-8b,alphaedit,ripple,ripple_popular_row817,ripple_relation_specificity,hit,pre,1.0
llama3-8b,alphaedit,ripple,ripple_popular_row817,efficacy,hit,post,1.0
llama3-8b,alphaedit,ripple,ripple_popular_row817,ripple_aliasing,hit,post,0.5
llama3-8b,alphaedit,ripple,ripple_popular_row817,ripple_relation_specificity,hit,post,0.25
llama3-8b,alphaedit,ripple,ripple_popular_row729,efficacy,hit,pre,0.0
llama3-8b,alphaedit,ripple,ripple_popular_row729,ripple_aliasing,hit,pre,0.0
llama3-8b,alphaedit,ripple,ripple_popular_row729,efficacy,hit,post,1.0
llama3-8b,alphaedit,ripple,ripple_popular_row729,ripple_aliasing,hit,post,0.18181818181818182
llama3-8b,alphaedit,ripple,ripple_popular_row720,efficacy,hit,pre,0.0
llama3-8b,alphaedit,ripple,ripple_popular_row720,ripple_logical,hit,pre,0.0
llama3-8b,alphaedit,ripple,ripple_popular_row720,ripple_aliasing,hit,pre,0.0
llama3-8b,alphaedit,ripple,ripple_popular_row720,ripple_relation_specificity,hit,pre,1.0
llama3-8b,alphaedit,ripple,ripple_popular_row720,efficacy,hit,post,0.0
llama3-8b,alphaedit,ripple,ripple_popular_row720,ripple_logical,hit,post,0.0
llama3-8b,alphaedit,ripple,ripple_popular_row720,ripple_aliasing,hit,post,0.0
llama3-8b,alphaedit,ripple,ripple_popular_row720,ripple_relation_specificity,hit,post,0.4
llama3-8b,alphaedit,ripple,ripple_popular_row632,efficacy,hit,pre,0.0
llama3-8b,alphaedit,ripple,ripple_popular_row632,ripple_aliasing,hit,pre,0.0
llama3-8b,alphaedit,ripple,ripple_popular_row632,ripple_relation_specificity,hit,pre,1.0
llama3-8b,alphaedit,ripple,ripple_popular_row632,efficacy,hit,post,1.0
llama3-8b,alphaedit,ripple,ripple_popular_row632,ripple_aliasing,hit,post,0.0
llama3-8b,alphaedit,ripple,ripple_popular_row632,ripple_relation_specificity,hit,post,0.0
llama3-8b,alphaedit,ripple,ripple_popular_row667,efficacy,hit,pre,0.0
llama3-8b,alphaedit,ripple,ripple_popular_row667,ripple_compositional_ii,hit,pre,0.0
llama3-8b,alphaedit,ripple,ripple_popular_row667,ripple_aliasing,hit,pre,0.0
llama3-8b,alphaedit,ripple,ripple_popular_row667,ripple_relation_specificity,hit,pre,1.0
llama3-8b,alphaedit,ripple,ripple_popular_row667,ripple_preservation,hit,pre,1.0
llama3-8b,alphaedit,ripple,ripple_popular_row667,efficacy,hit,post,1.0
llama3-8b,alphaedit,ripple,ripple_popular_row667,ripple_compositional_ii,hit,post,0.0
llama3-8b,alphaedit,ripple,ripple_popular_row667,ripple_aliasing,hit,post,0.3333333333333333
llama3-8b,alphaedit,ripple,ripple_popular_row667,ripple_relation_specificity,hit,post,1.0
llama3-8b,alphaedit,ripple,ripple_popular_row667,ripple_preservation,hit,post,0.0
llama3-8b,alphaedit,ripple,ripple_popular_row823,efficacy,hit,pre,0.0
llama3-8b,alphaedit,ripple,ripple_popular_row823,ripple_aliasing,hit,pre,0.0
llama3-8b,alphaedit,ripple,ripple_popular_row823,ripple_relation_specificity,hit,pre,1.0
llama3-8b,alphaedit,ripple,ripple_popular_row823,efficacy,hit,post,1.0
llama3-8b,alphaedit,ripple,ripple_popular_row823,ripple_aliasing,hit,post,0.0
llama3-8b,alphaedit,ripple,ripple_popular_row823,ripple_relation_specificity,hit,post,1.0
llama3-8b,alphaedit,ripple,ripple_popular_row703,efficacy,hit,pre,0.0
llama3-8b,alphaedit,ripple,ripple_popular_row703,ripple_compositional_i,hit,pre,0.0
llama3-8b,alphaedit,ripple,ripple_popular_row703,ripple_relation_specificity,hit,pre,1.0
llama3-8b,alphaedit,ripple,ripple_popular_row703,efficacy,hit,post,1.0
llama3-8b,alphaedit,ripple,ripple_popular_row703,ripple_compositional_i,hit,post,0.0
llama3-8b,alphaedit,ripple,ripple_popular_row703,ripple_relation_specificity,hit,post,1.0
llama3-8b,alphaedit,ripple,ripple_popular_row774,efficacy,hit,pre,0.0
llama3-8b,alphaedit,ripple,ripple_popular_row774,ripple_aliasing,hit,pre,0.0
llama3-8b,alphaedit,ripple,ripple_popular_row774,ripple_relation_specificity,hit,pre,1.0
llama3-8b,alphaedit,ripple,ripple_popular_row774,efficacy,hit,post,1.0
llama3-8b,alphaedit,ripple,ripple_popular_row774,ripple_aliasing,hit,post,0.25
llama3-8b,alphaedit,ripple,ripple_popular_row774,ripple_relation_specificity,hit,post,0.5
llama3-8b,alphaedit,ripple,ripple_popular_row793,efficacy,hit,pre,0.0
llama3-8b,alphaedit,ripple,ripple_popular_row793,ripple_logical,hit,pre,1.0
llama3-8b,alphaedit,ripple,ripple_popular_row793,ripple_aliasing,hit,pre,0.0
llama3-8b,alphaedit,ripple,ripple_popular_row793,ripple_relation_specificity,hit,pre,1.0
llama3-8b,alphaedit,ripple,ripple_popular_row793,efficacy,hit,post,1.0
llama3-8b,alphaedit,ripple,ripple_popular_row793,ripple_logical,hit,post,0.0
llama3-8b,alphaedit,ripple,ripple_popular_row793,ripple_aliasing,hit,post,0.5
llama3-8b,alphaedit,ripple,ripple_popular_row793,ripple_relation_specificity,hit,post,0.6
llama3-8b,alphaedit,ripple,ripple_popular_row718,efficacy,hit,pre,0.0
llama3-8b,alphaedit,ripple,ripple_popular_row718,ripple_aliasing,hit,pre,0.0
llama3-8b,alphaedit,ripple,ripple_popular_row718,ripple_relation_specificity,hit,pre,1.0
llama3-8b,alphaedit,ripple,ripple_popular_row718,efficacy,hit,post,1.0
llama3-8b,alphaedit,ripple,ripple_popular_row718,ripple_aliasing,hit,post,0.5
llama3-8b,alphaedit,ripple,ripple_popular_row718,ripple_relation_specificity,hit,post,0.0
llama3-8b,alphaedit,ripple,ripple_popular_row759,efficacy,hit,pre,0.0
llama3-8b,alphaedit,ripple,ripple_popular_row759,ripple_compositional_i,hit,pre,0.5
llama3-8b,alphaedit,ripple,ripple_popular_row759,ripple_relation_specificity,hit,pre,1.0
llama3-8b,alphaedit,ripple,ripple_popular_row759,efficacy,hit,post,1.0
llama3-8b,alphaedit,ripple,ripple_popular_row759,ripple_compositional_i,hit,post,1.0
llama3-8b,alphaedit,ripple,ripple_popular_row759,ripple_relation_specificity,hit,post,1.0
llama3-8b,alphaedit,ripple,ripple_popular_row672,efficacy,hit,pre,0.0
llama3-8b,alphaedit,ripple,ripple_popular_row672,ripple_logical,hit,pre,0.0
llama3-8b,alphaedit,ripple,ripple_popular_row672,efficacy,hit,post,0.0
llama3-8b,alphaedit,ripple,ripple_popular_row672,ripple_logical,hit,post,0.0
llama3-8b,alphaedit,ripple,ripple_popular_row875,efficacy,hit,pre,0.0
llama3-8b,alphaedit,ripple,ripple_popular_row875,ripple_relation_specificity,hit,pre,1.0
llama3-8b,alphaedit,ripple,ripple_popular_row875,ripple_preservation,hit,pre,1.0
llama3-8b,alphaedit,ripple,ripple_popular_row875,efficacy,hit,post,1.0
llama3-8b,alphaedit,ripple,ripple_popular_row875,ripple_relation_specificity,hit,post,0.5
llama3-8b,alphaedit,ripple,ripple_popular_row875,ripple_preservation,hit,post,0.0
llama3-8b,alphaedit,ripple,ripple_popular_row645,efficacy,hit,pre,0.0
llama3-8b,alphaedit,ripple,ripple_popular_row645,ripple_compositional_i,hit,pre,0.0
llama3-8b,alphaedit,ripple,ripple_popular_row645,ripple_aliasing,hit,pre,0.0
llama3-8b,alphaedit,ripple,ripple_popular_row645,ripple_relation_specificity,hit,pre,1.0
llama3-8b,alphaedit,ripple,ripple_popular_row645,ripple_preservation,hit,pre,1.0
llama3-8b,alphaedit,ripple,ripple_popular_row645,efficacy,hit,post,1.0
llama3-8b,alphaedit,ripple,ripple_popular_row645,ripple_compositional_i,hit,post,0.0
llama3-8b,alphaedit,ripple,ripple_popular_row645,ripple_aliasing,hit,post,0.0
llama3-8b,alphaedit,ripple,ripple_popular_row645,ripple_relation_specificity,hit,post,0.6
llama3-8b,alphaedit,ripple,ripple_popular_row645,ripple_preservation,hit,post,1.0
llama3-8b,alphaedit,ripple,ripple_popular_row765,efficacy,hit,pre,0.0
llama3-8b,alphaedit,ripple,ripple_popular_row765,ripple_compositional_ii,hit,pre,0.0
llama3-8b,alphaedit,ripple,ripple_popular_row765,ripple_aliasing,hit,pre,0.0
llama3-8b,alphaedit,ripple,ripple_popular_row765,ripple_relation_specificity,hit,pre,1.0
llama3-8b,alphaedit,ripple,ripple_popular_row765,efficacy,hit,post,1.0
llama3-8b,alphaedit,ripple,ripple_popular_row765,ripple_compositional_ii,hit,post,0.0
llama3-8b,alphaedit,ripple,ripple_popular_row765,ripple_aliasing,hit,post,0.0
llama3-8b,alphaedit,ripple,ripple_popular_row765,ripple_relation_specificity,hit,post,1.0
llama3-8b,alphaedit,ripple,ripple_popular_row865,efficacy,hit,pre,0.0
llama3-8b,alphaedit,ripple,ripple_popular_row865,ripple_logical,hit,pre,0.5
llama3-8b,alphaedit,ripple,ripple_popular_row865,ripple_compositional_i,hit,pre,0.0
llama3-8b,alphaedit,ripple,ripple_popular_row865,ripple_aliasing,hit,pre,0.0
llama3-8b,alphaedit,ripple,ripple_popular_row865,ripple_relation_specificity,hit,pre,1.0
llama3-8b,alphaedit,ripple,ripple_popular_row865,efficacy,hit,post,0.0
llama3-8b,alphaedit,ripple,ripple_popular_row865,ripple_logical,hit,post,0.0
llama3-8b,alphaedit,ripple,ripple_popular_row865,ripple_compositional_i,hit,post,0.0
llama3-8b,alphaedit,ripple,ripple_popular_row865,ripple_aliasing,hit,post,0.0
llama3-8b,alphaedit,ripple,ripple_popular_row865,ripple_relation_specificity,hit,post,1.0
llama3-8b,alphaedit,ripple,ripple_popular_row689,efficacy,hit,pre,0.0
llama3-8b,alphaedit,ripple,ripple_popular_row689,ripple_aliasing,hit,pre,0.0
llama3-8b,alphaedit,ripple,ripple_popular_row689,ripple_relation_specificity,hit,pre,1.0
llama3-8b,alphaedit,ripple,ripple_popular_row689,efficacy,hit,post,1.0
llama3-8b,alphaedit,ripple,ripple_popular_row689,ripple_aliasing,hit,post,1.0
llama3-8b,alphaedit,ripple,ripple_popular_row689,ripple_relation_specificity,hit,post,0.4
llama3-8b,alphaedit,ripple,ripple_popular_row743,efficacy,hit,pre,0.0
llama3-8b,alphaedit,ripple,ripple_popular_row743,ripple_aliasing,hit,pre,0.0
llama3-8b,alphaedit,ripple,ripple_popular_row743,ripple_relation_specificity,hit,pre,1.0
llama3-8b,alphaedit,ripple,ripple_popular_row743,efficacy,hit,post,1.0
llama3-8b,alphaedit,ripple,ripple_popular_row743,ripple_aliasing,hit,post,0.0
llama3-8b,alphaedit,ripple,ripple_popular_row743,ripple_relation_specificity,hit,post,0.0
llama3-8b,alphaedit,ripple,ripple_popular_row676,efficacy,hit,pre,0.0
llama3-8b,alphaedit,ripple,ripple_popular_row676,ripple_aliasing,hit,pre,0.0
llama3-8b,alphaedit,ripple,ripple_popular_row676,ripple_relation_specificity,hit,pre,1.0
llama3-8b,alphaedit,ripple,ripple_popular_row676,efficacy,hit,post,1.0
llama3-8b,alphaedit,ripple,ripple_popular_row676,ripple_aliasing,hit,post,0.0
llama3-8b,alphaedit,ripple,ripple_popular_row676,ripple_relation_specificity,hit,post,0.3333333333333333
llama3-8b,alphaedit,ripple,ripple_random_row1742,efficacy,hit,pre,0.0
llama3-8b,alphaedit,ripple,ripple_random_row1742,ripple_aliasing,hit,pre,0.0
llama3-8b,alphaedit,ripple,ripple_random_row1742,ripple_relation_specificity,hit,pre,1.0
llama3-8b,alphaedit,ripple,ripple_random_row1742,efficacy,hit,post,1.0
llama3-8b,alphaedit,ripple,ripple_random_row1742,ripple_aliasing,hit,post,0.0
llama3-8b,alphaedit,ripple,ripple_random_row1742,ripple_relation_specificity,hit,post,1.0
llama3-8b,alphaedit,ripple,ripple_random_row1584,efficacy,hit,pre,0.0
llama3-8b,alphaedit,ripple,ripple_random_row1584,ripple_aliasing,hit,pre,0.0
llama3-8b,alphaedit,ripple,ripple_random_row1584,efficacy,hit,post,0.0
llama3-8b,alphaedit,ripple,ripple_random_row1584,ripple_aliasing,hit,post,0.0
llama3-8b,alphaedit,ripple,ripple_random_row1799,efficacy,hit,pre,0.0
llama3-8b,alphaedit,ripple,ripple_random_row1799,ripple_aliasing,hit,pre,0.0
llama3-8b,alphaedit,ripple,ripple_random_row1799,efficacy,hit,post,0.0
llama3-8b,alphaedit,ripple,ripple_random_row1799,ripple_aliasing,hit,post,0.0
llama3-8b,alphaedit,ripple,ripple_random_row1627,efficacy,hit,pre,0.0
llama3-8b,alphaedit,ripple,ripple_random_row1627,ripple_aliasing,hit,pre,0.0
llama3-8b,alphaedit,ripple,ripple_random_row1627,ripple_relation_specificity,hit,pre,1.0
llama3-8b,alphaedit,ripple,ripple_random_row1627,efficacy,hit,post,1.0
llama3-8b,alphaedit,ripple,ripple_random_row1627,ripple_aliasing,hit,post,0.0
llama3-8b,alphaedit,ripple,ripple_random_row1627,ripple_relation_specificity,hit,post,1.0
llama3-8b,alphaedit,ripple,ripple_random_row1806,efficacy,hit,pre,0.0
llama3-8b,alphaedit,ripple,ripple_random_row1806,ripple_aliasing,hit,pre,0.0
llama3-8b,alphaedit,ripple,ripple_random_row1806,ripple_relation_specificity,hit,pre,1.0
llama3-8b,alphaedit,ripple,ripple_random_row1806,efficacy,hit,post,1.0
llama3-8b,alphaedit,ripple,ripple_random_row1806,ripple_aliasing,hit,post,1.0
llama3-8b,alphaedit,ripple,ripple_random_row1806,ripple_relation_specificity,hit,post,1.0
llama3-8b,alphaedit,ripple,ripple_random_row1724,efficacy,hit,pre,0.0
llama3-8b,alphaedit,ripple,ripple_random_row1724,ripple_logical,hit,pre,0.0
llama3-8b,alphaedit,ripple,ripple_random_row1724,ripple_aliasing,hit,pre,0.0
llama3-8b,alphaedit,ripple,ripple_random_row1724,efficacy,hit,post,0.0
llama3-8b,alphaedit,ripple,ripple_random_row1724,ripple_logical,hit,post,0.0
llama3-8b,alphaedit,ripple,ripple_random_row1724,ripple_aliasing,hit,post,0.0
llama3-8b,alphaedit,ripple,ripple_random_row1562,efficacy,hit,pre,0.0
llama3-8b,alphaedit,ripple,ripple_random_row1562,ripple_aliasing,hit,pre,0.0
llama3-8b,alphaedit,ripple,ripple_random_row1562,ripple_relation_specificity,hit,pre,1.0
llama3-8b,alphaedit,ripple,ripple_random_row1562,efficacy,hit,post,1.0
llama3-8b,alphaedit,ripple,ripple_random_row1562,ripple_aliasing,hit,post,0.0
llama3-8b,alphaedit,ripple,ripple_random_row1562,ripple_relation_specificity,hit,post,0.6666666666666666
llama3-8b,alphaedit,ripple,ripple_random_row1855,efficacy,hit,pre,0.0
llama3-8b,alphaedit,ripple,ripple_random_row1855,ripple_aliasing,hit,pre,0.0
llama3-8b,alphaedit,ripple,ripple_random_row1855,ripple_relation_specificity,hit,pre,1.0
llama3-8b,alphaedit,ripple,ripple_random_row1855,efficacy,hit,post,0.0
llama3-8b,alphaedit,ripple,ripple_random_row1855,ripple_aliasing,hit,post,0.0
llama3-8b,alphaedit,ripple,ripple_random_row1855,ripple_relation_specificity,hit,post,0.5
llama3-8b,alphaedit,ripple,ripple_random_row1823,efficacy,hit,pre,0.0
llama3-8b,alphaedit,ripple,ripple_random_row1823,ripple_logical,hit,pre,0.0
llama3-8b,alphaedit,ripple,ripple_random_row1823,ripple_compositional_i,hit,pre,0.0
llama3-8b,alphaedit,ripple,ripple_random_row1823,ripple_aliasing,hit,pre,0.0
llama3-8b,alphaedit,ripple,ripple_random_row1823,efficacy,hit,post,1.0
llama3-8b,alphaedit,ripple,ripple_random_row1823,ripple_logical,hit,post,0.0
llama3-8b,alphaedit,ripple,ripple_random_row1823,ripple_compositional_i,hit,post,0.0
llama3-8b,alphaedit,ripple,ripple_random_row1823,ripple_aliasing,hit,post,0.0
llama3-8b,alphaedit,ripple,ripple_random_row1765,efficacy,hit,pre,0.0
llama3-8b,alphaedit,ripple,ripple_random_row1765,ripple_aliasing,hit,pre,0.0
llama3-8b,alphaedit,ripple,ripple_random_row1765,efficacy,hit,post,1.0
llama3-8b,alphaedit,ripple,ripple_random_row1765,ripple_aliasing,hit,post,0.0
llama3-8b,alphaedit,ripple,ripple_random_row1916,efficacy,hit,pre,0.0
llama3-8b,alphaedit,ripple,ripple_random_row1916,ripple_aliasing,hit,pre,0.0
llama3-8b,alphaedit,ripple,ripple_random_row1916,efficacy,hit,post,0.0
llama3-8b,alphaedit,ripple,ripple_random_row1916,ripple_aliasing,hit,post,0.0
llama3-8b,alphaedit,ripple,ripple_random_row1593,efficacy,hit,pre,0.0
llama3-8b,alphaedit,ripple,ripple_random_row1593,ripple_aliasing,hit,pre,0.0
llama3-8b,alphaedit,ripple,ripple_random_row1593,ripple_relation_specificity,hit,pre,1.0
llama3-8b,alphaedit,ripple,ripple_random_row1593,efficacy,hit,post,1.0
llama3-8b,alphaedit,ripple,ripple_random_row1593,ripple_aliasing,hit,post,0.0
llama3-8b,alphaedit,ripple,ripple_random_row1593,ripple_relation_specificity,hit,post,1.0
llama3-8b,alphaedit,ripple,ripple_random_row1734,efficacy,hit,pre,0.0
llama3-8b,alphaedit,ripple,ripple_random_row1734,ripple_relation_specificity,hit,pre,1.0
llama3-8b,alphaedit,ripple,ripple_random_row1734,efficacy,hit,post,1.0
llama3-8b,alphaedit,ripple,ripple_random_row1734,ripple_relation_specificity,hit,post,1.0
llama3-8b,alphaedit,ripple,ripple_random_row1556,efficacy,hit,pre,0.0
llama3-8b,alphaedit,ripple,ripple_random_row1556,ripple_aliasing,hit,pre,0.0
llama3-8b,alphaedit,ripple,ripple_random_row1556,ripple_relation_specificity,hit,pre,1.0
llama3-8b,alphaedit,ripple,ripple_random_row1556,efficacy,hit,post,1.0
llama3-8b,alphaedit,ripple,ripple_random_row1556,ripple_aliasing,hit,post,0.0
llama3-8b,alphaedit,ripple,ripple_random_row1556,ripple_relation_specificity,hit,post,0.3333333333333333
llama3-8b,alphaedit,ripple,ripple_random_row1592,efficacy,hit,pre,0.0
llama3-8b,alphaedit,ripple,ripple_random_row1592,ripple_aliasing,hit,pre,0.0
llama3-8b,alphaedit,ripple,ripple_random_row1592,ripple_relation_specificity,hit,pre,1.0
llama3-8b,alphaedit,ripple,ripple_random_row1592,efficacy,hit,post,1.0
llama3-8b,alphaedit,ripple,ripple_random_row1592,ripple_aliasing,hit,post,0.0
llama3-8b,alphaedit,ripple,ripple_random_row1592,ripple_relation_specificity,hit,post,1.0
llama3-8b,alphaedit,ripple,ripple_random_row1843,efficacy,hit,pre,0.0
llama3-8b,alphaedit,ripple,ripple_random_row1843,ripple_compositional_i,hit,pre,0.0
llama3-8b,alphaedit,ripple,ripple_random_row1843,ripple_aliasing,hit,pre,0.0
llama3-8b,alphaedit,ripple,ripple_random_row1843,efficacy,hit,post,0.0
llama3-8b,alphaedit,ripple,ripple_random_row1843,ripple_compositional_i,hit,post,0.0
llama3-8b,alphaedit,ripple,ripple_random_row1843,ripple_aliasing,hit,post,0.0
llama3-8b,alphaedit,ripple,ripple_random_row1711,efficacy,hit,pre,0.0
llama3-8b,alphaedit,ripple,ripple_random_row1711,ripple_compositional_i,hit,pre,0.0
llama3-8b,alphaedit,ripple,ripple_random_row1711,ripple_aliasing,hit,pre,0.0
llama3-8b,alphaedit,ripple,ripple_random_row1711,efficacy,hit,post,1.0
llama3-8b,alphaedit,ripple,ripple_random_row1711,ripple_compositional_i,hit,post,0.0
llama3-8b,alphaedit,ripple,ripple_random_row1711,ripple_aliasing,hit,post,0.0
llama3-8b,alphaedit,ripple,ripple_random_row1553,efficacy,hit,pre,0.0
llama3-8b,alphaedit,ripple,ripple_random_row1553,ripple_logical,hit,pre,1.0
llama3-8b,alphaedit,ripple,ripple_random_row1553,ripple_compositional_i,hit,pre,0.0
llama3-8b,alphaedit,ripple,ripple_random_row1553,ripple_aliasing,hit,pre,0.0
llama3-8b,alphaedit,ripple,ripple_random_row1553,ripple_relation_specificity,hit,pre,1.0
llama3-8b,alphaedit,ripple,ripple_random_row1553,efficacy,hit,post,0.0
llama3-8b,alphaedit,ripple,ripple_random_row1553,ripple_logical,hit,post,0.0
llama3-8b,alphaedit,ripple,ripple_random_row1553,ripple_compositional_i,hit,post,1.0
llama3-8b,alphaedit,ripple,ripple_random_row1553,ripple_aliasing,hit,post,1.0
llama3-8b,alphaedit,ripple,ripple_random_row1553,ripple_relation_specificity,hit,post,0.0
llama3-8b,alphaedit,ripple,ripple_random_row1569,efficacy,hit,pre,0.0
llama3-8b,alphaedit,ripple,ripple_random_row1569,ripple_aliasing,hit,pre,0.0
llama3-8b,alphaedit,ripple,ripple_random_row1569,ripple_relation_specificity,hit,pre,1.0
llama3-8b,alphaedit,ripple,ripple_random_row1569,efficacy,hit,post,0.0
llama3-8b,alphaedit,ripple,ripple_random_row1569,ripple_aliasing,hit,post,1.0
llama3-8b,alphaedit,ripple,ripple_random_row1569,ripple_relation_specificity,hit,post,1.0
llama3-8b,alphaedit,ripple,ripple_random_row1883,efficacy,hit,pre,0.0
llama3-8b,alphaedit,ripple,ripple_random_row1883,ripple_logical,hit,pre,0.0
llama3-8b,alphaedit,ripple,ripple_random_row1883,ripple_aliasing,hit,pre,0.0
llama3-8b,alphaedit,ripple,ripple_random_row1883,ripple_relation_specificity,hit,pre,1.0
llama3-8b,alphaedit,ripple,ripple_random_row1883,efficacy,hit,post,0.0
llama3-8b,alphaedit,ripple,ripple_random_row1883,ripple_logical,hit,post,0.0
llama3-8b,alphaedit,ripple,ripple_random_row1883,ripple_aliasing,hit,post,0.0
llama3-8b,alphaedit,ripple,ripple_random_row1883,ripple_relation_specificity,hit,post,0.0
llama3-8b,alphaedit,ripple,ripple_random_row1910,efficacy,hit,pre,0.0
llama3-8b,alphaedit,ripple,ripple_random_row1910,ripple_logical,hit,pre,0.0
llama3-8b,alphaedit,ripple,ripple_random_row1910,ripple_compositional_i,hit,pre,0.0
llama3-8b,alphaedit,ripple,ripple_random_row1910,ripple_aliasing,hit,pre,0.0
llama3-8b,alphaedit,ripple,ripple_random_row1910,ripple_relation_specificity,hit,pre,1.0
llama3-8b,alphaedit,ripple,ripple_random_row1910,efficacy,hit,post,0.0
llama3-8b,alphaedit,ripple,ripple_random_row1910,ripple_logical,hit,post,0.0
llama3-8b,alphaedit,ripple,ripple_random_row1910,ripple_compositional_i,hit,post,0.0
llama3-8b,alphaedit,ripple,ripple_random_row1910,ripple_aliasing,hit,post,0.0
llama3-8b,alphaedit,ripple,ripple_random_row1910,ripple_relation_specificity,hit,post,1.0
llama3-8b,alphaedit,ripple,ripple_random_row1608,efficacy,hit,pre,0.0
llama3-8b,alphaedit,ripple,ripple_random_row1608,ripple_aliasing,hit,pre,0.0
llama3-8b,alphaedit,ripple,ripple_random_row1608,ripple_relation_specificity,hit,pre,1.0
llama3-8b,alphaedit,ripple,ripple_random_row1608,efficacy,hit,post,1.0
llama3-8b,alphaedit,ripple,ripple_random_row1608,ripple_aliasing,hit,post,0.0
llama3-8b,alphaedit,ripple,ripple_random_row1608,ripple_relation_specificity,hit,post,1.0
llama3-8b,alphaedit,ripple,ripple_random_row1527,efficacy,hit,pre,0.0
llama3-8b,alphaedit,ripple,ripple_random_row1527,ripple_aliasing,hit,pre,0.0
llama3-8b,alphaedit,ripple,ripple_random_row1527,ripple_relation_specificity,hit,pre,1.0
llama3-8b,alphaedit,ripple,ripple_random_row1527,efficacy,hit,post,1.0
llama3-8b,alphaedit,ripple,ripple_random_row1527,ripple_aliasing,hit,post,0.0
llama3-8b,alphaedit,ripple,ripple_random_row1527,ripple_relation_specificity,hit,post,0.0
llama3-8b,alphaedit,ripple,ripple_random_row1565,efficacy,hit,pre,0.0
llama3-8b,alphaedit,ripple,ripple_random_row1565,ripple_aliasing,hit,pre,0.0
llama3-8b,alphaedit,ripple,ripple_random_row1565,efficacy,hit,post,0.0
llama3-8b,alphaedit,ripple,ripple_random_row1565,ripple_aliasing,hit,post,0.0
llama3-8b,alphaedit,ripple,ripple_random_row1809,efficacy,hit,pre,0.0
llama3-8b,alphaedit,ripple,ripple_random_row1809,ripple_compositional_i,hit,pre,0.0
llama3-8b,alphaedit,ripple,ripple_random_row1809,ripple_aliasing,hit,pre,0.0
llama3-8b,alphaedit,ripple,ripple_random_row1809,efficacy,hit,post,1.0
llama3-8b,alphaedit,ripple,ripple_random_row1809,ripple_compositional_i,hit,post,0.0
llama3-8b,alphaedit,ripple,ripple_random_row1809,ripple_aliasing,hit,post,0.0
llama3-8b,alphaedit,ripple,ripple_random_row1536,efficacy,hit,pre,0.0
llama3-8b,alphaedit,ripple,ripple_random_row1536,ripple_aliasing,hit,pre,0.0
llama3-8b,alphaedit,ripple,ripple_random_row1536,efficacy,hit,post,1.0
llama3-8b,alphaedit,ripple,ripple_random_row1536,ripple_aliasing,hit,post,1.0
llama3-8b,alphaedit,ripple,ripple_random_row1629,efficacy,hit,pre,0.0
llama3-8b,alphaedit,ripple,ripple_random_row1629,ripple_aliasing,hit,pre,0.0
llama3-8b,alphaedit,ripple,ripple_random_row1629,efficacy,hit,post,1.0
llama3-8b,alphaedit,ripple,ripple_random_row1629,ripple_aliasing,hit,post,1.0
llama3-8b,alphaedit,ripple,ripple_random_row1528,efficacy,hit,pre,0.0
llama3-8b,alphaedit,ripple,ripple_random_row1528,ripple_logical,hit,pre,0.0
llama3-8b,alphaedit,ripple,ripple_random_row1528,ripple_aliasing,hit,pre,0.0
llama3-8b,alphaedit,ripple,ripple_random_row1528,ripple_relation_specificity,hit,pre,1.0
llama3-8b,alphaedit,ripple,ripple_random_row1528,efficacy,hit,post,1.0
llama3-8b,alphaedit,ripple,ripple_random_row1528,ripple_logical,hit,post,0.0
llama3-8b,alphaedit,ripple,ripple_random_row1528,ripple_aliasing,hit,post,0.0
llama3-8b,alphaedit,ripple,ripple_random_row1528,ripple_relation_specificity,hit,post,1.0
llama3-8b,alphaedit,ripple,ripple_random_row1529,efficacy,hit,pre,0.0
llama3-8b,alphaedit,ripple,ripple_random_row1529,ripple_compositional_i,hit,pre,0.0
llama3-8b,alphaedit,ripple,ripple_random_row1529,ripple_aliasing,hit,pre,0.0
llama3-8b,alphaedit,ripple,ripple_random_row1529,efficacy,hit,post,0.0
llama3-8b,alphaedit,ripple,ripple_random_row1529,ripple_compositional_i,hit,post,0.0
llama3-8b,alphaedit,ripple,ripple_random_row1529,ripple_aliasing,hit,post,0.0
llama3-8b,alphaedit,ripple,ripple_random_row1815,efficacy,hit,pre,0.0
llama3-8b,alphaedit,ripple,ripple_random_row1815,ripple_aliasing,hit,pre,0.0
llama3-8b,alphaedit,ripple,ripple_random_row1815,ripple_relation_specificity,hit,pre,1.0
llama3-8b,alphaedit,ripple,ripple_random_row1815,efficacy,hit,post,1.0
llama3-8b,alphaedit,ripple,ripple_random_row1815,ripple_aliasing,hit,post,0.0
llama3-8b,alphaedit,ripple,ripple_random_row1815,ripple_relation_specificity,hit,post,1.0
llama3-8b,alphaedit,ripple,ripple_random_row1675,efficacy,hit,pre,0.0
llama3-8b,alphaedit,ripple,ripple_random_row1675,ripple_logical,hit,pre,0.0
llama3-8b,alphaedit,ripple,ripple_random_row1675,ripple_compositional_i,hit,pre,0.0
llama3-8b,alphaedit,ripple,ripple_random_row1675,ripple_aliasing,hit,pre,0.0
llama3-8b,alphaedit,ripple,ripple_random_row1675,ripple_relation_specificity,hit,pre,1.0
llama3-8b,alphaedit,ripple,ripple_random_row1675,efficacy,hit,post,1.0
llama3-8b,alphaedit,ripple,ripple_random_row1675,ripple_logical,hit,post,0.0
llama3-8b,alphaedit,ripple,ripple_random_row1675,ripple_compositional_i,hit,post,0.0
llama3-8b,alphaedit,ripple,ripple_random_row1675,ripple_aliasing,hit,post,0.0
llama3-8b,alphaedit,ripple,ripple_random_row1675,ripple_relation_specificity,hit,post,1.0
llama3-8b,alphaedit,ripple,ripple_random_row1581,efficacy,hit,pre,0.0
llama3-8b,alphaedit,ripple,ripple_random_row1581,ripple_logical,hit,pre,0.0
llama3-8b,alphaedit,ripple,ripple_random_row1581,ripple_compositional_i,hit,pre,0.0
llama3-8b,alphaedit,ripple,ripple_random_row1581,ripple_aliasing,hit,pre,0.0
llama3-8b,alphaedit,ripple,ripple_random_row1581,ripple_relation_specificity,hit,pre,1.0
llama3-8b,alphaedit,ripple,ripple_random_row1581,efficacy,hit,post,1.0
llama3-8b,alphaedit,ripple,ripple_random_row1581,ripple_logical,hit,post,0.0
llama3-8b,alphaedit,ripple,ripple_random_row1581,ripple_compositional_i,hit,post,0.0
llama3-8b,alphaedit,ripple,ripple_random_row1581,ripple_aliasing,hit,post,0.0
llama3-8b,alphaedit,ripple,ripple_random_row1581,ripple_relation_specificity,hit,post,0.75
llama3-8b,alphaedit,ripple,ripple_random_row1728,efficacy,hit,pre,0.0
llama3-8b,alphaedit,ripple,ripple_random_row1728,ripple_logical,hit,pre,0.0
llama3-8b,alphaedit,ripple,ripple_random_row1728,ripple_aliasing,hit,pre,0.0
llama3-8b,alphaedit,ripple,ripple_random_row1728,ripple_relation_specificity,hit,pre,1.0
llama3-8b,alphaedit,ripple,ripple_random_row1728,efficacy,hit,post,0.0
llama3-8b,alphaedit,ripple,ripple_random_row1728,ripple_logical,hit,post,0.0
llama3-8b,alphaedit,ripple,ripple_random_row1728,ripple_aliasing,hit,post,0.0
llama3-8b,alphaedit,ripple,ripple_random_row1728,ripple_relation_specificity,hit,post,0.0
llama3-8b,alphaedit,ripple,ripple_random_row1609,efficacy,hit,pre,0.0
llama3-8b,alphaedit,ripple,ripple_random_row1609,ripple_logical,hit,pre,0.0
llama3-8b,alphaedit,ripple,ripple_random_row1609,ripple_compositional_i,hit,pre,0.0
llama3-8b,alphaedit,ripple,ripple_random_row1609,ripple_aliasing,hit,pre,0.0
llama3-8b,alphaedit,ripple,ripple_random_row1609,ripple_relation_specificity,hit,pre,1.0
llama3-8b,alphaedit,ripple,ripple_random_row1609,efficacy,hit,post,1.0
llama3-8b,alphaedit,ripple,ripple_random_row1609,ripple_logical,hit,post,1.0
llama3-8b,alphaedit,ripple,ripple_random_row1609,ripple_compositional_i,hit,post,0.5
llama3-8b,alphaedit,ripple,ripple_random_row1609,ripple_aliasing,hit,post,0.0
llama3-8b,alphaedit,ripple,ripple_random_row1609,ripple_relation_specificity,hit,post,0.0
llama3-8b,alphaedit,ripple,ripple_random_row1769,efficacy,hit,pre,0.0
llama3-8b,alphaedit,ripple,ripple_random_row1769,ripple_logical,hit,pre,0.0
llama3-8b,alphaedit,ripple,ripple_random_row1769,ripple_aliasing,hit,pre,0.0
llama3-8b,alphaedit,ripple,ripple_random_row1769,efficacy,hit,post,0.0
llama3-8b,alphaedit,ripple,ripple_random_row1769,ripple_logical,hit,post,0.0
llama3-8b,alphaedit,ripple,ripple_random_row1769,ripple_aliasing,hit,post,0.0
llama3-8b,alphaedit,ripple,ripple_random_row1721,efficacy,hit,pre,0.0
llama3-8b,alphaedit,ripple,ripple_random_row1721,ripple_logical,hit,pre,0.0
llama3-8b,alphaedit,ripple,ripple_random_row1721,ripple_aliasing,hit,pre,0.0
llama3-8b,alphaedit,ripple,ripple_random_row1721,efficacy,hit,post,1.0
llama3-8b,alphaedit,ripple,ripple_random_row1721,ripple_logical,hit,post,1.0
llama3-8b,alphaedit,ripple,ripple_random_row1721,ripple_aliasing,hit,post,1.0
llama3-8b,alphaedit,ripple,ripple_random_row1504,efficacy,hit,pre,0.0
llama3-8b,alphaedit,ripple,ripple_random_row1504,ripple_aliasing,hit,pre,0.0
llama3-8b,alphaedit,ripple,ripple_random_row1504,efficacy,hit,post,0.0
llama3-8b,alphaedit,ripple,ripple_random_row1504,ripple_aliasing,hit,post,0.0
llama3-8b,alphaedit,ripple,ripple_random_row1702,efficacy,hit,pre,0.0
llama3-8b,alphaedit,ripple,ripple_random_row1702,ripple_compositional_i,hit,pre,0.0
llama3-8b,alphaedit,ripple,ripple_random_row1702,ripple_aliasing,hit,pre,0.0
llama3-8b,alphaedit,ripple,ripple_random_row1702,efficacy,hit,post,1.0
llama3-8b,alphaedit,ripple,ripple_random_row1702,ripple_compositional_i,hit,post,0.0
llama3-8b,alphaedit,ripple,ripple_random_row1702,ripple_aliasing,hit,post,0.0
llama3-8b,alphaedit,ripple,ripple_random_row1912,efficacy,hit,pre,0.0
llama3-8b,alphaedit,ripple,ripple_random_row1912,ripple_aliasing,hit,pre,0.0
llama3-8b,alphaedit,ripple,ripple_random_row1912,efficacy,hit,post,0.0
llama3-8b,alphaedit,ripple,ripple_random_row1912,ripple_aliasing,hit,post,0.0
llama3-8b,alphaedit,ripple,ripple_random_row1686,efficacy,hit,pre,0.0
llama3-8b,alphaedit,ripple,ripple_random_row1686,ripple_aliasing,hit,pre,0.0
llama3-8b,alphaedit,ripple,ripple_random_row1686,efficacy,hit,post,1.0
llama3-8b,alphaedit,ripple,ripple_random_row1686,ripple_aliasing,hit,post,1.0
llama3-8b,alphaedit,ripple,ripple_random_row1747,efficacy,hit,pre,0.0
llama3-8b,alphaedit,ripple,ripple_random_row1747,ripple_logical,hit,pre,1.0
llama3-8b,alphaedit,ripple,ripple_random_row1747,ripple_aliasing,hit,pre,0.0
llama3-8b,alphaedit,ripple,ripple_random_row1747,efficacy,hit,post,0.0
llama3-8b,alphaedit,ripple,ripple_random_row1747,ripple_logical,hit,post,0.0
llama3-8b,alphaedit,ripple,ripple_random_row1747,ripple_aliasing,hit,post,0.0
llama3-8b,alphaedit,ripple,ripple_random_row1802,efficacy,hit,pre,0.0
llama3-8b,alphaedit,ripple,ripple_random_row1802,ripple_compositional_i,hit,pre,0.0
llama3-8b,alphaedit,ripple,ripple_random_row1802,ripple_aliasing,hit,pre,0.0
llama3-8b,alphaedit,ripple,ripple_random_row1802,efficacy,hit,post,1.0
llama3-8b,alphaedit,ripple,ripple_random_row1802,ripple_compositional_i,hit,post,0.0
llama3-8b,alphaedit,ripple,ripple_random_row1802,ripple_aliasing,hit,post,0.0
llama3-8b,alphaedit,ripple,ripple_random_row1759,efficacy,hit,pre,0.0
llama3-8b,alphaedit,ripple,ripple_random_row1759,ripple_aliasing,hit,pre,0.0
llama3-8b,alphaedit,ripple,ripple_random_row1759,efficacy,hit,post,1.0
llama3-8b,alphaedit,ripple,ripple_random_row1759,ripple_aliasing,hit,post,0.0
llama3-8b,alphaedit,ripple,ripple_random_row1893,efficacy,hit,pre,0.0
llama3-8b,alphaedit,ripple,ripple_random_row1893,ripple_compositional_i,hit,pre,0.0
llama3-8b,alphaedit,ripple,ripple_random_row1893,ripple_aliasing,hit,pre,0.0
llama3-8b,alphaedit,ripple,ripple_random_row1893,efficacy,hit,post,0.0
llama3-8b,alphaedit,ripple,ripple_random_row1893,ripple_compositional_i,hit,post,0.0
llama3-8b,alphaedit,ripple,ripple_random_row1893,ripple_aliasing,hit,post,0.0
llama3-8b,alphaedit,ripple,ripple_random_row1740,efficacy,hit,pre,0.0
llama3-8b,alphaedit,ripple,ripple_random_row1740,ripple_aliasing,hit,pre,0.0
llama3-8b,alphaedit,ripple,ripple_random_row1740,ripple_relation_specificity,hit,pre,1.0
llama3-8b,alphaedit,ripple,ripple_random_row1740,efficacy,hit,post,0.0
llama3-8b,alphaedit,ripple,ripple_random_row1740,ripple_aliasing,hit,post,0.0
llama3-8b,alphaedit,ripple,ripple_random_row1740,ripple_relation_specificity,hit,post,1.0
llama3-8b,alphaedit,ripple,ripple_random_row1659,efficacy,hit,pre,0.0
llama3-8b,alphaedit,ripple,ripple_random_row1659,ripple_aliasing,hit,pre,0.0
llama3-8b,alphaedit,ripple,ripple_random_row1659,ripple_relation_specificity,hit,pre,1.0
llama3-8b,alphaedit,ripple,ripple_random_row1659,efficacy,hit,post,1.0
llama3-8b,alphaedit,ripple,ripple_random_row1659,ripple_aliasing,hit,post,0.0
llama3-8b,alphaedit,ripple,ripple_random_row1659,ripple_relation_specificity,hit,post,1.0
llama3-8b,alphaedit,ripple,ripple_random_row1685,efficacy,hit,pre,0.0
llama3-8b,alphaedit,ripple,ripple_random_row1685,ripple_logical,hit,pre,0.0
llama3-8b,alphaedit,ripple,ripple_random_row1685,ripple_compositional_i,hit,pre,0.0
llama3-8b,alphaedit,ripple,ripple_random_row1685,ripple_aliasing,hit,pre,0.0
llama3-8b,alphaedit,ripple,ripple_random_row1685,efficacy,hit,post,1.0
llama3-8b,alphaedit,ripple,ripple_random_row1685,ripple_logical,hit,post,0.3333333333333333
llama3-8b,alphaedit,ripple,ripple_random_row1685,ripple_compositional_i,hit,post,0.25
llama3-8b,alphaedit,ripple,ripple_random_row1685,ripple_aliasing,hit,post,0.0
llama3-8b,alphaedit,ripple,ripple_random_row1615,efficacy,hit,pre,0.0
llama3-8b,alphaedit,ripple,ripple_random_row1615,ripple_aliasing,hit,pre,0.0
llama3-8b,alphaedit,ripple,ripple_random_row1615,efficacy,hit,post,0.0
llama3-8b,alphaedit,ripple,ripple_random_row1615,ripple_aliasing,hit,post,0.0
llama3-8b,alphaedit,ripple,ripple_random_row1754,efficacy,hit,pre,0.0
llama3-8b,alphaedit,ripple,ripple_random_row1754,ripple_logical,hit,pre,1.0
llama3-8b,alphaedit,ripple,ripple_random_row1754,ripple_compositional_i,hit,pre,0.5
llama3-8b,alphaedit,ripple,ripple_random_row1754,ripple_aliasing,hit,pre,0.0
llama3-8b,alphaedit,ripple,ripple_random_row1754,efficacy,hit,post,1.0
llama3-8b,alphaedit,ripple,ripple_random_row1754,ripple_logical,hit,post,1.0
llama3-8b,alphaedit,ripple,ripple_random_row1754,ripple_compositional_i,hit,post,0.5
llama3-8b,alphaedit,ripple,ripple_random_row1754,ripple_aliasing,hit,post,0.0
llama3-8b,alphaedit,ripple,ripple_random_row1570,efficacy,hit,pre,0.0
llama3-8b,alphaedit,ripple,ripple_random_row1570,ripple_logical,hit,pre,0.0
llama3-8b,alphaedit,ripple,ripple_random_row1570,ripple_compositional_i,hit,pre,0.0
llama3-8b,alphaedit,ripple,ripple_random_row1570,ripple_aliasing,hit,pre,0.0
llama3-8b,alphaedit,ripple,ripple_random_row1570,ripple_relation_specificity,hit,pre,1.0
llama3-8b,alphaedit,ripple,ripple_random_row1570,efficacy,hit,post,0.0
llama3-8b,alphaedit,ripple,ripple_random_row1570,ripple_logical,hit,post,0.0
llama3-8b,alphaedit,ripple,ripple_random_row1570,ripple_compositional_i,hit,post,0.0
llama3-8b,alphaedit,ripple,ripple_random_row1570,ripple_aliasing,hit,post,0.0
llama3-8b,alphaedit,ripple,ripple_random_row1570,ripple_relation_specificity,hit,post,1.0
llama3-8b,alphaedit,ripple,ripple_random_row1905,efficacy,hit,pre,0.0
llama3-8b,alphaedit,ripple,ripple_random_row1905,ripple_aliasing,hit,pre,0.0
llama3-8b,alphaedit,ripple,ripple_random_row1905,ripple_relation_specificity,hit,pre,1.0
llama3-8b,alphaedit,ripple,ripple_random_row1905,efficacy,hit,post,1.0
llama3-8b,alphaedit,ripple,ripple_random_row1905,ripple_aliasing,hit,post,0.0
llama3-8b,alphaedit,ripple,ripple_random_row1905,ripple_relation_specificity,hit,post,1.0
llama3-8b,alphaedit,ripple,ripple_random_row1917,efficacy,hit,pre,0.0
llama3-8b,alphaedit,ripple,ripple_random_row1917,ripple_aliasing,hit,pre,0.0
llama3-8b,alphaedit,ripple,ripple_random_row1917,efficacy,hit,post,0.0
llama3-8b,alphaedit,ripple,ripple_random_row1917,ripple_aliasing,hit,post,0.0
llama3-8b,alphaedit,ripple,ripple_random_row1781,efficacy,hit,pre,0.0
llama3-8b,alphaedit,ripple,ripple_random_row1781,ripple_aliasing,hit,pre,0.0
llama3-8b,alphaedit,ripple,ripple_random_row1781,ripple_relation_specificity,hit,pre,1.0
llama3-8b,alphaedit,ripple,ripple_random_row1781,efficacy,hit,post,0.0
llama3-8b,alphaedit,ripple,ripple_random_row1781,ripple_aliasing,hit,post,0.0
llama3-8b,alphaedit,ripple,ripple_random_row1781,ripple_relation_specificity,hit,post,1.0
llama3-8b,alphaedit,ripple,ripple_random_row1603,efficacy,hit,pre,0.0
llama3-8b,alphaedit,ripple,ripple_random_row1603,ripple_aliasing,hit,pre,0.0
llama3-8b,alphaedit,ripple,ripple_random_row1603,efficacy,hit,post,0.0
llama3-8b,alphaedit,ripple,ripple_random_row1603,ripple_aliasing,hit,post,0.0
llama3-8b,alphaedit,ripple,ripple_random_row1751,efficacy,hit,pre,0.0
llama3-8b,alphaedit,ripple,ripple_random_row1751,ripple_aliasing,hit,pre,0.0
llama3-8b,alphaedit,ripple,ripple_random_row1751,efficacy,hit,post,1.0
llama3-8b,alphaedit,ripple,ripple_random_row1751,ripple_aliasing,hit,post,0.0
llama3-8b,alphaedit,ripple,ripple_random_row1899,efficacy,hit,pre,0.0
llama3-8b,alphaedit,ripple,ripple_random_row1899,ripple_aliasing,hit,pre,0.0
llama3-8b,alphaedit,ripple,ripple_random_row1899,efficacy,hit,post,0.0
llama3-8b,alphaedit,ripple,ripple_random_row1899,ripple_aliasing,hit,post,0.0
llama3-8b,alphaedit,ripple,ripple_random_row1890,efficacy,hit,pre,0.0
llama3-8b,alphaedit,ripple,ripple_random_row1890,ripple_aliasing,hit,pre,0.0
llama3-8b,alphaedit,ripple,ripple_random_row1890,efficacy,hit,post,1.0
llama3-8b,alphaedit,ripple,ripple_random_row1890,ripple_aliasing,hit,post,0.0
llama3-8b,alphaedit,ripple,ripple_random_row1636,efficacy,hit,pre,0.0
llama3-8b,alphaedit,ripple,ripple_random_row1636,ripple_relation_specificity,hit,pre,1.0
llama3-8b,alphaedit,ripple,ripple_random_row1636,efficacy,hit,post,1.0
llama3-8b,alphaedit,ripple,ripple_random_row1636,ripple_relation_specificity,hit,post,0.0
llama3-8b,alphaedit,ripple,ripple_random_row1684,efficacy,hit,pre,0.0
llama3-8b,alphaedit,ripple,ripple_random_row1684,ripple_logical,hit,pre,0.3333333333333333
llama3-8b,alphaedit,ripple,ripple_random_row1684,ripple_compositional_i,hit,pre,0.25
llama3-8b,alphaedit,ripple,ripple_random_row1684,ripple_aliasing,hit,pre,0.0
llama3-8b,alphaedit,ripple,ripple_random_row1684,efficacy,hit,post,1.0
llama3-8b,alphaedit,ripple,ripple_random_row1684,ripple_logical,hit,post,1.0
llama3-8b,alphaedit,ripple,ripple_random_row1684,ripple_compositional_i,hit,post,0.25
llama3-8b,alphaedit,ripple,ripple_random_row1684,ripple_aliasing,hit,post,0.5
llama3-8b,alphaedit,ripple,ripple_random_row1817,efficacy,hit,pre,0.0
llama3-8b,alphaedit,ripple,ripple_random_row1817,ripple_aliasing,hit,pre,0.0
llama3-8b,alphaedit,ripple,ripple_random_row1817,ripple_relation_specificity,hit,pre,1.0
llama3-8b,alphaedit,ripple,ripple_random_row1817,efficacy,hit,post,0.0
llama3-8b,alphaedit,ripple,ripple_random_row1817,ripple_aliasing,hit,post,0.0
llama3-8b,alphaedit,ripple,ripple_random_row1817,ripple_relation_specificity,hit,post,1.0
llama3-8b,alphaedit,ripple,ripple_random_row1896,efficacy,hit,pre,0.0
llama3-8b,alphaedit,ripple,ripple_random_row1896,ripple_aliasing,hit,pre,0.0
llama3-8b,alphaedit,ripple,ripple_random_row1896,efficacy,hit,post,1.0
llama3-8b,alphaedit,ripple,ripple_random_row1896,ripple_aliasing,hit,post,0.0
llama3-8b,alphaedit,ripple,ripple_random_row1845,efficacy,hit,pre,0.0
llama3-8b,alphaedit,ripple,ripple_random_row1845,ripple_aliasing,hit,pre,0.0
llama3-8b,alphaedit,ripple,ripple_random_row1845,efficacy,hit,post,1.0
llama3-8b,alphaedit,ripple,ripple_random_row1845,ripple_aliasing,hit,post,0.0
llama3-8b,alphaedit,ripple,ripple_random_row1688,efficacy,hit,pre,0.0
llama3-8b,alphaedit,ripple,ripple_random_row1688,ripple_aliasing,hit,pre,0.0
llama3-8b,alphaedit,ripple,ripple_random_row1688,efficacy,hit,post,0.0
llama3-8b,alphaedit,ripple,ripple_random_row1688,ripple_aliasing,hit,post,0.0
llama3-8b,alphaedit,ripple,ripple_random_row1903,efficacy,hit,pre,0.0
llama3-8b,alphaedit,ripple,ripple_random_row1903,ripple_aliasing,hit,pre,0.0
llama3-8b,alphaedit,ripple,ripple_random_row1903,ripple_relation_specificity,hit,pre,1.0
llama3-8b,alphaedit,ripple,ripple_random_row1903,efficacy,hit,post,1.0
llama3-8b,alphaedit,ripple,ripple_random_row1903,ripple_aliasing,hit,post,0.0
llama3-8b,alphaedit,ripple,ripple_random_row1903,ripple_relation_specificity,hit,post,0.0
llama3-8b,alphaedit,ripple,ripple_random_row1501,efficacy,hit,pre,0.0
llama3-8b,alphaedit,ripple,ripple_random_row1501,ripple_aliasing,hit,pre,0.0
llama3-8b,alphaedit,ripple,ripple_random_row1501,ripple_relation_specificity,hit,pre,1.0
llama3-8b,alphaedit,ripple,ripple_random_row1501,efficacy,hit,post,1.0
llama3-8b,alphaedit,ripple,ripple_random_row1501,ripple_aliasing,hit,post,1.0
llama3-8b,alphaedit,ripple,ripple_random_row1501,ripple_relation_specificity,hit,post,0.0
llama3-8b,alphaedit,ripple,ripple_random_row1637,efficacy,hit,pre,0.0
llama3-8b,alphaedit,ripple,ripple_random_row1637,ripple_aliasing,hit,pre,0.0
llama3-8b,alphaedit,ripple,ripple_random_row1637,efficacy,hit,post,0.0
llama3-8b,alphaedit,ripple,ripple_random_row1637,ripple_aliasing,hit,post,0.0
llama3-8b,alphaedit,ripple,ripple_random_row1834,efficacy,hit,pre,0.0
llama3-8b,alphaedit,ripple,ripple_random_row1834,ripple_logical,hit,pre,0.0
llama3-8b,alphaedit,ripple,ripple_random_row1834,ripple_aliasing,hit,pre,0.0
llama3-8b,alphaedit,ripple,ripple_random_row1834,ripple_relation_specificity,hit,pre,1.0
llama3-8b,alphaedit,ripple,ripple_random_row1834,efficacy,hit,post,1.0
llama3-8b,alphaedit,ripple,ripple_random_row1834,ripple_logical,hit,post,0.0
llama3-8b,alphaedit,ripple,ripple_random_row1834,ripple_aliasing,hit,post,0.0
llama3-8b,alphaedit,ripple,ripple_random_row1834,ripple_relation_specificity,hit,post,0.3333333333333333
llama3-8b,alphaedit,ripple,ripple_random_row1522,efficacy,hit,pre,0.0
llama3-8b,alphaedit,ripple,ripple_random_row1522,ripple_aliasing,hit,pre,0.0
llama3-8b,alphaedit,ripple,ripple_random_row1522,efficacy,hit,post,1.0
llama3-8b,alphaedit,ripple,ripple_random_row1522,ripple_aliasing,hit,post,0.0
llama3-8b,alphaedit,ripple,ripple_random_row1568,efficacy,hit,pre,0.0
llama3-8b,alphaedit,ripple,ripple_random_row1568,ripple_aliasing,hit,pre,0.0
llama3-8b,alphaedit,ripple,ripple_random_row1568,efficacy,hit,post,0.0
llama3-8b,alphaedit,ripple,ripple_random_row1568,ripple_aliasing,hit,post,0.0
llama3-8b,alphaedit,ripple,ripple_random_row1872,efficacy,hit,pre,0.0
llama3-8b,alphaedit,ripple,ripple_random_row1872,ripple_aliasing,hit,pre,0.0
llama3-8b,alphaedit,ripple,ripple_random_row1872,efficacy,hit,post,1.0
llama3-8b,alphaedit,ripple,ripple_random_row1872,ripple_aliasing,hit,post,0.0
llama3-8b,alphaedit,ripple,ripple_random_row1846,efficacy,hit,pre,0.0
llama3-8b,alphaedit,ripple,ripple_random_row1846,ripple_aliasing,hit,pre,0.0
llama3-8b,alphaedit,ripple,ripple_random_row1846,ripple_relation_specificity,hit,pre,1.0
llama3-8b,alphaedit,ripple,ripple_random_row1846,efficacy,hit,post,0.0
llama3-8b,alphaedit,ripple,ripple_random_row1846,ripple_aliasing,hit,post,0.0
llama3-8b,alphaedit,ripple,ripple_random_row1846,ripple_relation_specificity,hit,post,1.0
llama3-8b,alphaedit,ripple,ripple_random_row1558,efficacy,hit,pre,0.0
llama3-8b,alphaedit,ripple,ripple_random_row1558,ripple_aliasing,hit,pre,0.0
llama3-8b,alphaedit,ripple,ripple_random_row1558,efficacy,hit,post,0.0
llama3-8b,alphaedit,ripple,ripple_random_row1558,ripple_aliasing,hit,post,0.0
llama3-8b,alphaedit,ripple,ripple_random_row1618,efficacy,hit,pre,0.0
llama3-8b,alphaedit,ripple,ripple_random_row1618,ripple_aliasing,hit,pre,0.0
llama3-8b,alphaedit,ripple,ripple_random_row1618,ripple_relation_specificity,hit,pre,1.0
llama3-8b,alphaedit,ripple,ripple_random_row1618,efficacy,hit,post,0.0
llama3-8b,alphaedit,ripple,ripple_random_row1618,ripple_aliasing,hit,post,0.0
llama3-8b,alphaedit,ripple,ripple_random_row1618,ripple_relation_specificity,hit,post,1.0
llama3-8b,alphaedit,ripple,ripple_random_row1720,efficacy,hit,pre,0.0
llama3-8b,alphaedit,ripple,ripple_random_row1720,ripple_logical,hit,pre,0.0
llama3-8b,alphaedit,ripple,ripple_random_row1720,ripple_compositional_i,hit,pre,0.0
llama3-8b,alphaedit,ripple,ripple_random_row1720,ripple_aliasing,hit,pre,0.0
llama3-8b,alphaedit,ripple,ripple_random_row1720,efficacy,hit,post,1.0
llama3-8b,alphaedit,ripple,ripple_random_row1720,ripple_logical,hit,post,0.0
llama3-8b,alphaedit,ripple,ripple_random_row1720,ripple_compositional_i,hit,post,0.0
llama3-8b,alphaedit,ripple,ripple_random_row1720,ripple_aliasing,hit,post,0.0
llama3-8b,alphaedit,ripple,ripple_random_row1795,efficacy,hit,pre,0.0
llama3-8b,alphaedit,ripple,ripple_random_row1795,ripple_aliasing,hit,pre,0.0
llama3-8b,alphaedit,ripple,ripple_random_row1795,efficacy,hit,post,1.0
llama3-8b,alphaedit,ripple,ripple_random_row1795,ripple_aliasing,hit,post,0.0
llama3-8b,alphaedit,ripple,ripple_random_row1650,efficacy,hit,pre,0.0
llama3-8b,alphaedit,ripple,ripple_random_row1650,ripple_aliasing,hit,pre,0.0
llama3-8b,alphaedit,ripple,ripple_random_row1650,efficacy,hit,post,1.0
llama3-8b,alphaedit,ripple,ripple_random_row1650,ripple_aliasing,hit,post,0.0
llama3-8b,alphaedit,ripple,ripple_random_row1692,efficacy,hit,pre,0.0
llama3-8b,alphaedit,ripple,ripple_random_row1692,ripple_aliasing,hit,pre,0.0
llama3-8b,alphaedit,ripple,ripple_random_row1692,ripple_relation_specificity,hit,pre,1.0
llama3-8b,alphaedit,ripple,ripple_random_row1692,efficacy,hit,post,1.0
llama3-8b,alphaedit,ripple,ripple_random_row1692,ripple_aliasing,hit,post,0.0
llama3-8b,alphaedit,ripple,ripple_random_row1692,ripple_relation_specificity,hit,post,0.0
llama3-8b,alphaedit,ripple,ripple_random_row1826,efficacy,hit,pre,0.0
llama3-8b,alphaedit,ripple,ripple_random_row1826,ripple_aliasing,hit,pre,0.0
llama3-8b,alphaedit,ripple,ripple_random_row1826,ripple_relation_specificity,hit,pre,1.0
llama3-8b,alphaedit,ripple,ripple_random_row1826,efficacy,hit,post,1.0
llama3-8b,alphaedit,ripple,ripple_random_row1826,ripple_aliasing,hit,post,0.5
llama3-8b,alphaedit,ripple,ripple_random_row1826,ripple_relation_specificity,hit,post,1.0
llama3-8b,alphaedit,ripple,ripple_random_row1526,efficacy,hit,pre,1.0
llama3-8b,alphaedit,ripple,ripple_random_row1526,ripple_aliasing,hit,pre,1.0
llama3-8b,alphaedit,ripple,ripple_random_row1526,efficacy,hit,post,1.0
llama3-8b,alphaedit,ripple,ripple_random_row1526,ripple_aliasing,hit,post,1.0
llama3-8b,alphaedit,ripple,ripple_random_row1836,efficacy,hit,pre,0.0
llama3-8b,alphaedit,ripple,ripple_random_row1836,ripple_compositional_i,hit,pre,0.0
llama3-8b,alphaedit,ripple,ripple_random_row1836,ripple_aliasing,hit,pre,0.0
llama3-8b,alphaedit,ripple,ripple_random_row1836,efficacy,hit,post,0.0
llama3-8b,alphaedit,ripple,ripple_random_row1836,ripple_compositional_i,hit,post,0.0
llama3-8b,alphaedit,ripple,ripple_random_row1836,ripple_aliasing,hit,post,0.0
llama3-8b,alphaedit,ripple,ripple_random_row1505,efficacy,hit,pre,0.0
llama3-8b,alphaedit,ripple,ripple_random_row1505,ripple_aliasing,hit,pre,0.0
llama3-8b,alphaedit,ripple,ripple_random_row1505,efficacy,hit,post,1.0
llama3-8b,alphaedit,ripple,ripple_random_row1505,ripple_aliasing,hit,post,1.0
llama3-8b,alphaedit,ripple,ripple_random_row1646,efficacy,hit,pre,0.0
llama3-8b,alphaedit,ripple,ripple_random_row1646,ripple_logical,hit,pre,0.0
llama3-8b,alphaedit,ripple,ripple_random_row1646,ripple_compositional_i,hit,pre,0.0
llama3-8b,alphaedit,ripple,ripple_random_row1646,ripple_aliasing,hit,pre,0.0
llama3-8b,alphaedit,ripple,ripple_random_row1646,efficacy,hit,post,1.0
llama3-8b,alphaedit,ripple,ripple_random_row1646,ripple_logical,hit,post,0.0
llama3-8b,alphaedit,ripple,ripple_random_row1646,ripple_compositional_i,hit,post,0.0
llama3-8b,alphaedit,ripple,ripple_random_row1646,ripple_aliasing,hit,post,1.0
llama3-8b,alphaedit,ripple,ripple_random_row1709,efficacy,hit,pre,0.0
llama3-8b,alphaedit,ripple,ripple_random_row1709,ripple_compositional_i,hit,pre,0.0
llama3-8b,alphaedit,ripple,ripple_random_row1709,ripple_aliasing,hit,pre,0.0
llama3-8b,alphaedit,ripple,ripple_random_row1709,efficacy,hit,post,1.0
llama3-8b,alphaedit,ripple,ripple_random_row1709,ripple_compositional_i,hit,post,0.0
llama3-8b,alphaedit,ripple,ripple_random_row1709,ripple_aliasing,hit,post,0.0
llama3-8b,alphaedit,ripple,ripple_random_row1814,efficacy,hit,pre,0.0
llama3-8b,alphaedit,ripple,ripple_random_row1814,ripple_aliasing,hit,pre,0.0
llama3-8b,alphaedit,ripple,ripple_random_row1814,efficacy,hit,post,1.0
llama3-8b,alphaedit,ripple,ripple_random_row1814,ripple_aliasing,hit,post,0.0
llama3-8b,alphaedit,ripple,ripple_random_row1889,efficacy,hit,pre,0.0
llama3-8b,alphaedit,ripple,ripple_random_row1889,ripple_aliasing,hit,pre,0.0
llama3-8b,alphaedit,ripple,ripple_random_row1889,efficacy,hit,post,0.0
llama3-8b,alphaedit,ripple,ripple_random_row1889,ripple_aliasing,hit,post,1.0
llama3-8b,alphaedit,ripple,ripple_random_row1713,efficacy,hit,pre,0.0
llama3-8b,alphaedit,ripple,ripple_random_row1713,ripple_aliasing,hit,pre,0.0
llama3-8b,alphaedit,ripple,ripple_random_row1713,efficacy,hit,post,1.0
llama3-8b,alphaedit,ripple,ripple_random_row1713,ripple_aliasing,hit,post,0.0
llama3-8b,alphaedit,ripple,ripple_random_row1582,efficacy,hit,pre,0.0
llama3-8b,alphaedit,ripple,ripple_random_row1582,ripple_aliasing,hit,pre,0.0
llama3-8b,alphaedit,ripple,ripple_random_row1582,efficacy,hit,post,1.0
llama3-8b,alphaedit,ripple,ripple_random_row1582,ripple_aliasing,hit,post,1.0
llama3-8b,anyedit,ripple,ripple_popular_row657,efficacy,hit,pre,0.0
llama3-8b,anyedit,ripple,ripple_popular_row657,ripple_aliasing,hit,pre,0.0
llama3-8b,anyedit,ripple,ripple_popular_row657,ripple_relation_specificity,hit,pre,1.0
llama3-8b,anyedit,ripple,ripple_popular_row657,efficacy,hit,post,1.0
llama3-8b,anyedit,ripple,ripple_popular_row657,ripple_aliasing,hit,post,0.875
llama3-8b,anyedit,ripple,ripple_popular_row657,ripple_relation_specificity,hit,post,0.9
llama3-8b,anyedit,ripple,ripple_popular_row839,efficacy,hit,pre,0.0
llama3-8b,anyedit,ripple,ripple_popular_row839,ripple_aliasing,hit,pre,0.0
llama3-8b,anyedit,ripple,ripple_popular_row839,ripple_relation_specificity,hit,pre,1.0
llama3-8b,anyedit,ripple,ripple_popular_row839,efficacy,hit,post,1.0
llama3-8b,anyedit,ripple,ripple_popular_row839,ripple_aliasing,hit,post,1.0
llama3-8b,anyedit,ripple,ripple_popular_row839,ripple_relation_specificity,hit,post,1.0
llama3-8b,anyedit,ripple,ripple_popular_row792,efficacy,hit,pre,0.0
llama3-8b,anyedit,ripple,ripple_popular_row792,ripple_compositional_i,hit,pre,0.0
llama3-8b,anyedit,ripple,ripple_popular_row792,ripple_aliasing,hit,pre,0.0
llama3-8b,anyedit,ripple,ripple_popular_row792,efficacy,hit,post,1.0
llama3-8b,anyedit,ripple,ripple_popular_row792,ripple_compositional_i,hit,post,0.0
llama3-8b,anyedit,ripple,ripple_popular_row792,ripple_aliasing,hit,post,1.0
llama3-8b,anyedit,ripple,ripple_popular_row778,efficacy,hit,pre,0.0
llama3-8b,anyedit,ripple,ripple_popular_row778,ripple_logical,hit,pre,0.0
llama3-8b,anyedit,ripple,ripple_popular_row778,ripple_compositional_i,hit,pre,0.0
llama3-8b,anyedit,ripple,ripple_popular_row778,ripple_aliasing,hit,pre,0.0
llama3-8b,anyedit,ripple,ripple_popular_row778,ripple_relation_specificity,hit,pre,1.0
llama3-8b,anyedit,ripple,ripple_popular_row778,ripple_preservation,hit,pre,1.0
llama3-8b,anyedit,ripple,ripple_popular_row778,efficacy,hit,post,1.0
llama3-8b,anyedit,ripple,ripple_popular_row778,ripple_logical,hit,post,0.0
llama3-8b,anyedit,ripple,ripple_popular_row778,ripple_compositional_i,hit,post,0.0
llama3-8b,anyedit,ripple,ripple_popular_row778,ripple_aliasing,hit,post,0.0
llama3-8b,anyedit,ripple,ripple_popular_row778,ripple_relation_specificity,hit,post,0.375
llama3-8b,anyedit,ripple,ripple_popular_row778,ripple_preservation,hit,post,0.0
llama3-8b,anyedit,ripple,ripple_popular_row846,efficacy,hit,pre,0.0
llama3-8b,anyedit,ripple,ripple_popular_row846,ripple_compositional_i,hit,pre,0.0
llama3-8b,anyedit,ripple,ripple_popular_row846,ripple_aliasing,hit,pre,0.0
llama3-8b,anyedit,ripple,ripple_popular_row846,ripple_relation_specificity,hit,pre,1.0
llama3-8b,anyedit,ripple,ripple_popular_row846,ripple_preservation,hit,pre,1.0
llama3-8b,anyedit,ripple,ripple_popular_row846,efficacy,hit,post,1.0
llama3-8b,anyedit,ripple,ripple_popular_row846,ripple_compositional_i,hit,post,0.5
llama3-8b,anyedit,ripple,ripple_popular_row846,ripple_aliasing,hit,post,1.0
llama3-8b,anyedit,ripple,ripple_popular_row846,ripple_relation_specificity,hit,post,1.0
llama3-8b,anyedit,ripple,ripple_popular_row846,ripple_preservation,hit,post,0.0
llama3-8b,anyedit,ripple,ripple_popular_row735,efficacy,hit,pre,0.0
llama3-8b,anyedit,ripple,ripple_popular_row735,ripple_compositional_i,hit,pre,0.0
llama3-8b,anyedit,ripple,ripple_popular_row735,ripple_aliasing,hit,pre,0.0
llama3-8b,anyedit,ripple,ripple_popular_row735,efficacy,hit,post,1.0
llama3-8b,anyedit,ripple,ripple_popular_row735,ripple_compositional_i,hit,post,0.0
llama3-8b,anyedit,ripple,ripple_popular_row735,ripple_aliasing,hit,post,0.5
llama3-8b,anyedit,ripple,ripple_popular_row867,efficacy,hit,pre,0.0
llama3-8b,anyedit,ripple,ripple_popular_row867,ripple_logical,hit,pre,0.0
llama3-8b,anyedit,ripple,ripple_popular_row867,ripple_aliasing,hit,pre,0.0
llama3-8b,anyedit,ripple,ripple_popular_row867,efficacy,hit,post,0.0
llama3-8b,anyedit,ripple,ripple_popular_row867,ripple_logical,hit,post,0.0
llama3-8b,anyedit,ripple,ripple_popular_row867,ripple_aliasing,hit,post,0.0
llama3-8b,anyedit,ripple,ripple_popular_row838,efficacy,hit,pre,0.0
llama3-8b,anyedit,ripple,ripple_popular_row838,ripple_logical,hit,pre,0.0
llama3-8b,anyedit,ripple,ripple_popular_row838,ripple_aliasing,hit,pre,0.0
llama3-8b,anyedit,ripple,ripple_popular_row838,ripple_relation_specificity,hit,pre,1.0
llama3-8b,anyedit,ripple,ripple_popular_row838,efficacy,hit,post,0.0
llama3-8b,anyedit,ripple,ripple_popular_row838,ripple_logical,hit,post,0.0
llama3-8b,anyedit,ripple,ripple_popular_row838,ripple_aliasing,hit,post,0.0
llama3-8b,anyedit,ripple,ripple_popular_row838,ripple_relation_specificity,hit,post,1.0
llama3-8b,anyedit,ripple,ripple_popular_row716,efficacy,hit,pre,0.0
llama3-8b,anyedit,ripple,ripple_popular_row716,ripple_logical,hit,pre,0.0
llama3-8b,anyedit,ripple,ripple_popular_row716,ripple_compositional_i,hit,pre,0.0
llama3-8b,anyedit,ripple,ripple_popular_row716,ripple_aliasing,hit,pre,0.0
llama3-8b,anyedit,ripple,ripple_popular_row716,ripple_relation_specificity,hit,pre,1.0
llama3-8b,anyedit,ripple,ripple_popular_row716,efficacy,hit,post,1.0
llama3-8b,anyedit,ripple,ripple_popular_row716,ripple_logical,hit,post,0.0
llama3-8b,anyedit,ripple,ripple_popular_row716,ripple_compositional_i,hit,post,0.0
llama3-8b,anyedit,ripple,ripple_popular_row716,ripple_aliasing,hit,post,0.0
llama3-8b,anyedit,ripple,ripple_popular_row716,ripple_relation_specificity,hit,post,1.0
llama3-8b,anyedit,ripple,ripple_popular_row857,efficacy,hit,pre,0.0
llama3-8b,anyedit,ripple,ripple_popular_row857,ripple_logical,hit,pre,0.0
llama3-8b,anyedit,ripple,ripple_popular_row857,ripple_aliasing,hit,pre,0.0
llama3-8b,anyedit,ripple,ripple_popular_row857,ripple_relation_specificity,hit,pre,1.0
llama3-8b,anyedit,ripple,ripple_popular_row857,efficacy,hit,post,1.0
llama3-8b,anyedit,ripple,ripple_popular_row857,ripple_logical,hit,post,0.0
llama3-8b,anyedit,ripple,ripple_popular_row857,ripple_aliasing,hit,post,0.5
llama3-8b,anyedit,ripple,ripple_popular_row857,ripple_relation_specificity,hit,post,1.0
llama3-8b,anyedit,ripple,ripple_popular_row868,efficacy,hit,pre,0.0
llama3-8b,anyedit,ripple,ripple_popular_row868,ripple_compositional_i,hit,pre,0.2
llama3-8b,anyedit,ripple,ripple_popular_row868,ripple_relation_specificity,hit,pre,1.0
llama3-8b,anyedit,ripple,ripple_popular_row868,efficacy,hit,post,1.0
llama3-8b,anyedit,ripple,ripple_popular_row868,ripple_compositional_i,hit,post,0.2
llama3-8b,anyedit,ripple,ripple_popular_row868,ripple_relation_specificity,hit,post,1.0
llama3-8b,anyedit,ripple,ripple_popular_row699,efficacy,hit,pre,0.0
llama3-8b,anyedit,ripple,ripple_popular_row699,ripple_aliasing,hit,pre,0.0
llama3-8b,anyedit,ripple,ripple_popular_row699,efficacy,hit,post,1.0
llama3-8b,anyedit,ripple,ripple_popular_row699,ripple_aliasing,hit,post,0.3333333333333333
llama3-8b,anyedit,ripple,ripple_popular_row825,efficacy,hit,pre,0.0
llama3-8b,anyedit,ripple,ripple_popular_row825,ripple_aliasing,hit,pre,0.0
llama3-8b,anyedit,ripple,ripple_popular_row825,ripple_relation_specificity,hit,pre,1.0
llama3-8b,anyedit,ripple,ripple_popular_row825,efficacy,hit,post,1.0
llama3-8b,anyedit,ripple,ripple_popular_row825,ripple_aliasing,hit,post,0.0
llama3-8b,anyedit,ripple,ripple_popular_row825,ripple_relation_specificity,hit,post,0.6666666666666666
llama3-8b,anyedit,ripple,ripple_popular_row866,efficacy,hit,pre,0.0
llama3-8b,anyedit,ripple,ripple_popular_row866,ripple_compositional_i,hit,pre,0.3333333333333333
llama3-8b,anyedit,ripple,ripple_popular_row866,ripple_compositional_ii,hit,pre,0.0
llama3-8b,anyedit,ripple,ripple_popular_row866,ripple_aliasing,hit,pre,0.0
llama3-8b,anyedit,ripple,ripple_popular_row866,ripple_relation_specificity,hit,pre,1.0
llama3-8b,anyedit,ripple,ripple_popular_row866,efficacy,hit,post,1.0
llama3-8b,anyedit,ripple,ripple_popular_row866,ripple_compositional_i,hit,post,0.3333333333333333
llama3-8b,anyedit,ripple,ripple_popular_row866,ripple_compositional_ii,hit,post,0.0
llama3-8b,anyedit,ripple,ripple_popular_row866,ripple_aliasing,hit,post,0.5
llama3-8b,anyedit,ripple,ripple_popular_row866,ripple_relation_specificity,hit,post,0.75
llama3-8b,anyedit,ripple,ripple_popular_row642,efficacy,hit,pre,0.0
llama3-8b,anyedit,ripple,ripple_popular_row642,ripple_aliasing,hit,pre,0.0
llama3-8b,anyedit,ripple,ripple_popular_row642,ripple_relation_specificity,hit,pre,1.0
llama3-8b,anyedit,ripple,ripple_popular_row642,efficacy,hit,post,1.0
llama3-8b,anyedit,ripple,ripple_popular_row642,ripple_aliasing,hit,post,1.0
llama3-8b,anyedit,ripple,ripple_popular_row642,ripple_relation_specificity,hit,post,0.4
llama3-8b,anyedit,ripple,ripple_popular_row653,efficacy,hit,pre,0.0
llama3-8b,anyedit,ripple,ripple_popular_row653,ripple_logical,hit,pre,0.0
llama3-8b,anyedit,ripple,ripple_popular_row653,efficacy,hit,post,0.0
llama3-8b,anyedit,ripple,ripple_popular_row653,ripple_logical,hit,post,0.0
llama3-8b,anyedit,ripple,ripple_popular_row663,efficacy,hit,pre,0.0
llama3-8b,anyedit,ripple,ripple_popular_row663,ripple_relation_specificity,hit,pre,1.0
llama3-8b,anyedit,ripple,ripple_popular_row663,efficacy,hit,post,1.0
llama3-8b,anyedit,ripple,ripple_popular_row663,ripple_relation_specificity,hit,post,1.0
llama3-8b,anyedit,ripple,ripple_popular_row692,efficacy,hit,pre,0.0
llama3-8b,anyedit,ripple,ripple_popular_row692,ripple_logical,hit,pre,0.0
llama3-8b,anyedit,ripple,ripple_popular_row692,ripple_aliasing,hit,pre,0.0
llama3-8b,anyedit,ripple,ripple_popular_row692,ripple_relation_specificity,hit,pre,1.0
llama3-8b,anyedit,ripple,ripple_popular_row692,efficacy,hit,post,1.0
llama3-8b,anyedit,ripple,ripple_popular_row692,ripple_logical,hit,post,0.0
llama3-8b,anyedit,ripple,ripple_popular_row692,ripple_aliasing,hit,post,0.2727272727272727
llama3-8b,anyedit,ripple,ripple_popular_row692,ripple_relation_specificity,hit,post,0.6666666666666666
llama3-8b,anyedit,ripple,ripple_popular_row701,efficacy,hit,pre,0.0
llama3-8b,anyedit,ripple,ripple_popular_row701,ripple_logical,hit,pre,0.0
llama3-8b,anyedit,ripple,ripple_popular_row701,ripple_aliasing,hit,pre,0.0
llama3-8b,anyedit,ripple,ripple_popular_row701,efficacy,hit,post,0.0
llama3-8b,anyedit,ripple,ripple_popular_row701,ripple_logical,hit,post,0.0
llama3-8b,anyedit,ripple,ripple_popular_row701,ripple_aliasing,hit,post,0.0
llama3-8b,anyedit,ripple,ripple_popular_row690,efficacy,hit,pre,0.0
llama3-8b,anyedit,ripple,ripple_popular_row690,ripple_aliasing,hit,pre,0.0
llama3-8b,anyedit,ripple,ripple_popular_row690,ripple_relation_specificity,hit,pre,1.0
llama3-8b,anyedit,ripple,ripple_popular_row690,efficacy,hit,post,1.0
llama3-8b,anyedit,ripple,ripple_popular_row690,ripple_aliasing,hit,post,1.0
llama3-8b,anyedit,ripple,ripple_popular_row690,ripple_relation_specificity,hit,post,0.9090909090909091
llama3-8b,anyedit,ripple,ripple_popular_row668,efficacy,hit,pre,0.0
llama3-8b,anyedit,ripple,ripple_popular_row668,ripple_aliasing,hit,pre,0.0
llama3-8b,anyedit,ripple,ripple_popular_row668,ripple_relation_specificity,hit,pre,1.0
llama3-8b,anyedit,ripple,ripple_popular_row668,efficacy,hit,post,1.0
llama3-8b,anyedit,ripple,ripple_popular_row668,ripple_aliasing,hit,post,0.8
llama3-8b,anyedit,ripple,ripple_popular_row668,ripple_relation_specificity,hit,post,1.0
llama3-8b,anyedit,ripple,ripple_popular_row810,efficacy,hit,pre,0.0
llama3-8b,anyedit,ripple,ripple_popular_row810,ripple_logical,hit,pre,0.0
llama3-8b,anyedit,ripple,ripple_popular_row810,ripple_aliasing,hit,pre,0.0
llama3-8b,anyedit,ripple,ripple_popular_row810,ripple_relation_specificity,hit,pre,1.0
llama3-8b,anyedit,ripple,ripple_popular_row810,efficacy,hit,post,1.0
llama3-8b,anyedit,ripple,ripple_popular_row810,ripple_logical,hit,post,0.0
llama3-8b,anyedit,ripple,ripple_popular_row810,ripple_aliasing,hit,post,0.0
llama3-8b,anyedit,ripple,ripple_popular_row810,ripple_relation_specificity,hit,post,1.0
llama3-8b,anyedit,ripple,ripple_popular_row870,efficacy,hit,pre,0.0
llama3-8b,anyedit,ripple,ripple_popular_row870,ripple_compositional_i,hit,pre,0.5
llama3-8b,anyedit,ripple,ripple_popular_row870,efficacy,hit,post,1.0
llama3-8b,anyedit,ripple,ripple_popular_row870,ripple_compositional_i,hit,post,0.5
llama3-8b,anyedit,ripple,ripple_popular_row646,efficacy,hit,pre,0.0
llama3-8b,anyedit,ripple,ripple_popular_row646,ripple_compositional_i,hit,pre,0.0
llama3-8b,anyedit,ripple,ripple_popular_row646,ripple_aliasing,hit,pre,0.0
llama3-8b,anyedit,ripple,ripple_popular_row646,ripple_relation_specificity,hit,pre,1.0
llama3-8b,anyedit,ripple,ripple_popular_row646,efficacy,hit,post,0.0
llama3-8b,anyedit,ripple,ripple_popular_row646,ripple_compositional_i,hit,post,0.0
llama3-8b,anyedit,ripple,ripple_popular_row646,ripple_aliasing,hit,post,0.2
llama3-8b,anyedit,ripple,ripple_popular_row646,ripple_relation_specificity,hit,post,0.5
llama3-8b,anyedit,ripple,ripple_popular_row697,efficacy,hit,pre,0.0
llama3-8b,anyedit,ripple,ripple_popular_row697,ripple_aliasing,hit,pre,0.0
llama3-8b,anyedit,ripple,ripple_popular_row697,ripple_relation_specificity,hit,pre,1.0
llama3-8b,anyedit,ripple,ripple_popular_row697,efficacy,hit,post,1.0
llama3-8b,anyedit,ripple,ripple_popular_row697,ripple_aliasing,hit,post,1.0
llama3-8b,anyedit,ripple,ripple_popular_row697,ripple_relation_specificity,hit,post,0.5
llama3-8b,anyedit,ripple,ripple_popular_row613,efficacy,hit,pre,0.0
llama3-8b,anyedit,ripple,ripple_popular_row613,ripple_logical,hit,pre,0.0
llama3-8b,anyedit,ripple,ripple_popular_row613,ripple_compositional_i,hit,pre,0.5
llama3-8b,anyedit,ripple,ripple_popular_row613,ripple_aliasing,hit,pre,0.0
llama3-8b,anyedit,ripple,ripple_popular_row613,ripple_relation_specificity,hit,pre,1.0
llama3-8b,anyedit,ripple,ripple_popular_row613,efficacy,hit,post,1.0
llama3-8b,anyedit,ripple,ripple_popular_row613,ripple_logical,hit,post,0.0
llama3-8b,anyedit,ripple,ripple_popular_row613,ripple_compositional_i,hit,post,0.5
llama3-8b,anyedit,ripple,ripple_popular_row613,ripple_aliasing,hit,post,0.4
llama3-8b,anyedit,ripple,ripple_popular_row613,ripple_relation_specificity,hit,post,0.7777777777777778
llama3-8b,anyedit,ripple,ripple_popular_row710,efficacy,hit,pre,0.0
llama3-8b,anyedit,ripple,ripple_popular_row710,efficacy,hit,post,1.0
llama3-8b,anyedit,ripple,ripple_popular_row819,efficacy,hit,pre,0.0
llama3-8b,anyedit,ripple,ripple_popular_row819,ripple_aliasing,hit,pre,0.0
llama3-8b,anyedit,ripple,ripple_popular_row819,ripple_relation_specificity,hit,pre,1.0
llama3-8b,anyedit,ripple,ripple_popular_row819,ripple_preservation,hit,pre,1.0
llama3-8b,anyedit,ripple,ripple_popular_row819,efficacy,hit,post,1.0
llama3-8b,anyedit,ripple,ripple_popular_row819,ripple_aliasing,hit,post,1.0
llama3-8b,anyedit,ripple,ripple_popular_row819,ripple_relation_specificity,hit,post,1.0
llama3-8b,anyedit,ripple,ripple_popular_row819,ripple_preservation,hit,post,1.0
llama3-8b,anyedit,ripple,ripple_popular_row782,efficacy,hit,pre,0.0
llama3-8b,anyedit,ripple,ripple_popular_row782,ripple_aliasing,hit,pre,0.0
llama3-8b,anyedit,ripple,ripple_popular_row782,ripple_relation_specificity,hit,pre,1.0
llama3-8b,anyedit,ripple,ripple_popular_row782,efficacy,hit,post,1.0
llama3-8b,anyedit,ripple,ripple_popular_row782,ripple_aliasing,hit,post,1.0
llama3-8b,anyedit,ripple,ripple_popular_row782,ripple_relation_specificity,hit,post,0.6666666666666666
llama3-8b,anyedit,ripple,ripple_popular_row696,efficacy,hit,pre,0.0
llama3-8b,anyedit,ripple,ripple_popular_row696,ripple_compositional_i,hit,pre,0.3333333333333333
llama3-8b,anyedit,ripple,ripple_popular_row696,efficacy,hit,post,1.0
llama3-8b,anyedit,ripple,ripple_popular_row696,ripple_compositional_i,hit,post,0.3333333333333333
llama3-8b,anyedit,ripple,ripple_popular_row641,efficacy,hit,pre,0.0
llama3-8b,anyedit,ripple,ripple_popular_row641,ripple_aliasing,hit,pre,0.0
llama3-8b,anyedit,ripple,ripple_popular_row641,efficacy,hit,post,1.0
llama3-8b,anyedit,ripple,ripple_popular_row641,ripple_aliasing,hit,post,1.0
llama3-8b,anyedit,ripple,ripple_popular_row705,efficacy,hit,pre,0.0
llama3-8b,anyedit,ripple,ripple_popular_row705,ripple_aliasing,hit,pre,0.0
llama3-8b,anyedit,ripple,ripple_popular_row705,ripple_relation_specificity,hit,pre,1.0
llama3-8b,anyedit,ripple,ripple_popular_row705,ripple_preservation,hit,pre,1.0
llama3-8b,anyedit,ripple,ripple_popular_row705,efficacy,hit,post,1.0
llama3-8b,anyedit,ripple,ripple_popular_row705,ripple_aliasing,hit,post,1.0
llama3-8b,anyedit,ripple,ripple_popular_row705,ripple_relation_specificity,hit,post,1.0
llama3-8b,anyedit,ripple,ripple_popular_row705,ripple_preservation,hit,post,0.0
llama3-8b,anyedit,ripple,ripple_popular_row614,efficacy,hit,pre,0.0
llama3-8b,anyedit,ripple,ripple_popular_row614,ripple_compositional_i,hit,pre,0.0
llama3-8b,anyedit,ripple,ripple_popular_row614,ripple_aliasing,hit,pre,0.0
llama3-8b,anyedit,ripple,ripple_popular_row614,ripple_relation_specificity,hit,pre,1.0
llama3-8b,anyedit,ripple,ripple_popular_row614,ripple_preservation,hit,pre,1.0
llama3-8b,anyedit,ripple,ripple_popular_row614,efficacy,hit,post,0.0
llama3-8b,anyedit,ripple,ripple_popular_row614,ripple_compositional_i,hit,post,0.0
llama3-8b,anyedit,ripple,ripple_popular_row614,ripple_aliasing,hit,post,0.15384615384615385
llama3-8b,anyedit,ripple,ripple_popular_row614,ripple_relation_specificity,hit,post,0.6
llama3-8b,anyedit,ripple,ripple_popular_row614,ripple_preservation,hit,post,1.0
llama3-8b,anyedit,ripple,ripple_popular_row874,efficacy,hit,pre,0.0
llama3-8b,anyedit,ripple,ripple_popular_row874,ripple_logical,hit,pre,0.0
llama3-8b,anyedit,ripple,ripple_popular_row874,ripple_compositional_i,hit,pre,1.0
llama3-8b,anyedit,ripple,ripple_popular_row874,ripple_aliasing,hit,pre,0.0
llama3-8b,anyedit,ripple,ripple_popular_row874,ripple_relation_specificity,hit,pre,1.0
llama3-8b,anyedit,ripple,ripple_popular_row874,efficacy,hit,post,0.0
llama3-8b,anyedit,ripple,ripple_popular_row874,ripple_logical,hit,post,0.0
llama3-8b,anyedit,ripple,ripple_popular_row874,ripple_compositional_i,hit,post,0.0
llama3-8b,anyedit,ripple,ripple_popular_row874,ripple_aliasing,hit,post,0.0
llama3-8b,anyedit,ripple,ripple_popular_row874,ripple_relation_specificity,hit,post,0.5
llama3-8b,anyedit,ripple,ripple_popular_row610,efficacy,hit,pre,0.0
llama3-8b,anyedit,ripple,ripple_popular_row610,ripple_compositional_i,hit,pre,0.0
llama3-8b,anyedit,ripple,ripple_popular_row610,ripple_aliasing,hit,pre,0.0
llama3-8b,anyedit,ripple,ripple_popular_row610,efficacy,hit,post,1.0
llama3-8b,anyedit,ripple,ripple_popular_row610,ripple_compositional_i,hit,post,1.0
llama3-8b,anyedit,ripple,ripple_popular_row610,ripple_aliasing,hit,post,0.3333333333333333
llama3-8b,anyedit,ripple,ripple_popular_row816,efficacy,hit,pre,0.0
llama3-8b,anyedit,ripple,ripple_popular_row816,ripple_aliasing,hit,pre,0.0
llama3-8b,anyedit,ripple,ripple_popular_row816,ripple_relation_specificity,hit,pre,1.0
llama3-8b,anyedit,ripple,ripple_popular_row816,efficacy,hit,post,0.0
llama3-8b,anyedit,ripple,ripple_popular_row816,ripple_aliasing,hit,post,0.0
llama3-8b,anyedit,ripple,ripple_popular_row816,ripple_relation_specificity,hit,post,1.0
llama3-8b,anyedit,ripple,ripple_popular_row717,efficacy,hit,pre,0.0
llama3-8b,anyedit,ripple,ripple_popular_row717,ripple_logical,hit,pre,0.0
llama3-8b,anyedit,ripple,ripple_popular_row717,ripple_compositional_i,hit,pre,0.0
llama3-8b,anyedit,ripple,ripple_popular_row717,ripple_compositional_ii,hit,pre,0.0
llama3-8b,anyedit,ripple,ripple_popular_row717,ripple_aliasing,hit,pre,0.0
llama3-8b,anyedit,ripple,ripple_popular_row717,ripple_relation_specificity,hit,pre,0.6666666666666666
llama3-8b,anyedit,ripple,ripple_popular_row717,efficacy,hit,post,1.0
llama3-8b,anyedit,ripple,ripple_popular_row717,ripple_logical,hit,post,0.0
llama3-8b,anyedit,ripple,ripple_popular_row717,ripple_compositional_i,hit,post,0.0
llama3-8b,anyedit,ripple,ripple_popular_row717,ripple_compositional_ii,hit,post,0.0
llama3-8b,anyedit,ripple,ripple_popular_row717,ripple_aliasing,hit,post,0.0
llama3-8b,anyedit,ripple,ripple_popular_row717,ripple_relation_specificity,hit,post,0.6666666666666666
llama3-8b,anyedit,ripple,ripple_popular_row836,efficacy,hit,pre,0.0
llama3-8b,anyedit,ripple,ripple_popular_row836,ripple_compositional_ii,hit,pre,0.0
llama3-8b,anyedit,ripple,ripple_popular_row836,ripple_aliasing,hit,pre,0.0
llama3-8b,anyedit,ripple,ripple_popular_row836,ripple_relation_specificity,hit,pre,1.0
llama3-8b,anyedit,ripple,ripple_popular_row836,efficacy,hit,post,0.0
llama3-8b,anyedit,ripple,ripple_popular_row836,ripple_compositional_ii,hit,post,0.0
llama3-8b,anyedit,ripple,ripple_popular_row836,ripple_aliasing,hit,post,0.2
llama3-8b,anyedit,ripple,ripple_popular_row836,ripple_relation_specificity,hit,post,0.4
llama3-8b,anyedit,ripple,ripple_popular_row719,efficacy,hit,pre,0.0
llama3-8b,anyedit,ripple,ripple_popular_row719,ripple_relation_specificity,hit,pre,1.0
llama3-8b,anyedit,ripple,ripple_popular_row719,ripple_preservation,hit,pre,1.0
llama3-8b,anyedit,ripple,ripple_popular_row719,efficacy,hit,post,1.0
llama3-8b,anyedit,ripple,ripple_popular_row719,ripple_relation_specificity,hit,post,1.0
llama3-8b,anyedit,ripple,ripple_popular_row719,ripple_preservation,hit,post,0.0
llama3-8b,anyedit,ripple,ripple_popular_row684,efficacy,hit,pre,0.0
llama3-8b,anyedit,ripple,ripple_popular_row684,ripple_aliasing,hit,pre,0.0
llama3-8b,anyedit,ripple,ripple_popular_row684,efficacy,hit,post,1.0
llama3-8b,anyedit,ripple,ripple_popular_row684,ripple_aliasing,hit,post,1.0
llama3-8b,anyedit,ripple,ripple_popular_row877,efficacy,hit,pre,0.0
llama3-8b,anyedit,ripple,ripple_popular_row877,ripple_aliasing,hit,pre,0.0
llama3-8b,anyedit,ripple,ripple_popular_row877,ripple_relation_specificity,hit,pre,1.0
llama3-8b,anyedit,ripple,ripple_popular_row877,efficacy,hit,post,1.0
llama3-8b,anyedit,ripple,ripple_popular_row877,ripple_aliasing,hit,post,1.0
llama3-8b,anyedit,ripple,ripple_popular_row877,ripple_relation_specificity,hit,post,1.0
llama3-8b,anyedit,ripple,ripple_popular_row763,efficacy,hit,pre,0.0
llama3-8b,anyedit,ripple,ripple_popular_row763,ripple_aliasing,hit,pre,0.0
llama3-8b,anyedit,ripple,ripple_popular_row763,ripple_relation_specificity,hit,pre,1.0
llama3-8b,anyedit,ripple,ripple_popular_row763,efficacy,hit,post,1.0
llama3-8b,anyedit,ripple,ripple_popular_row763,ripple_aliasing,hit,post,1.0
llama3-8b,anyedit,ripple,ripple_popular_row763,ripple_relation_specificity,hit,post,1.0
llama3-8b,anyedit,ripple,ripple_popular_row731,efficacy,hit,pre,0.0
llama3-8b,anyedit,ripple,ripple_popular_row731,ripple_aliasing,hit,pre,0.0
llama3-8b,anyedit,ripple,ripple_popular_row731,ripple_relation_specificity,hit,pre,1.0
llama3-8b,anyedit,ripple,ripple_popular_row731,efficacy,hit,post,1.0
llama3-8b,anyedit,ripple,ripple_popular_row731,ripple_aliasing,hit,post,1.0
llama3-8b,anyedit,ripple,ripple_popular_row731,ripple_relation_specificity,hit,post,1.0
llama3-8b,anyedit,ripple,ripple_popular_row799,efficacy,hit,pre,0.0
llama3-8b,anyedit,ripple,ripple_popular_row799,ripple_aliasing,hit,pre,0.0
llama3-8b,anyedit,ripple,ripple_popular_row799,ripple_relation_specificity,hit,pre,1.0
llama3-8b,anyedit,ripple,ripple_popular_row799,ripple_preservation,hit,pre,1.0
llama3-8b,anyedit,ripple,ripple_popular_row799,efficacy,hit,post,1.0
llama3-8b,anyedit,ripple,ripple_popular_row799,ripple_aliasing,hit,post,0.2
llama3-8b,anyedit,ripple,ripple_popular_row799,ripple_relation_specificity,hit,post,0.8
llama3-8b,anyedit,ripple,ripple_popular_row799,ripple_preservation,hit,post,0.0
llama3-8b,anyedit,ripple,ripple_popular_row880,efficacy,hit,pre,0.0
llama3-8b,anyedit,ripple,ripple_popular_row880,ripple_aliasing,hit,pre,0.0
llama3-8b,anyedit,ripple,ripple_popular_row880,ripple_relation_specificity,hit,pre,1.0
llama3-8b,anyedit,ripple,ripple_popular_row880,efficacy,hit,post,1.0
llama3-8b,anyedit,ripple,ripple_popular_row880,ripple_aliasing,hit,post,1.0
llama3-8b,anyedit,ripple,ripple_popular_row880,ripple_relation_specificity,hit,post,0.6666666666666666
llama3-8b,anyedit,ripple,ripple_popular_row680,efficacy,hit,pre,0.0
llama3-8b,anyedit,ripple,ripple_popular_row680,ripple_compositional_ii,hit,pre,0.0
llama3-8b,anyedit,ripple,ripple_popular_row680,ripple_aliasing,hit,pre,0.0
llama3-8b,anyedit,ripple,ripple_popular_row680,ripple_relation_specificity,hit,pre,1.0
llama3-8b,anyedit,ripple,ripple_popular_row680,efficacy,hit,post,1.0
llama3-8b,anyedit,ripple,ripple_popular_row680,ripple_compositional_ii,hit,post,0.0
llama3-8b,anyedit,ripple,ripple_popular_row680,ripple_aliasing,hit,post,0.4
llama3-8b,anyedit,ripple,ripple_popular_row680,ripple_relation_specificity,hit,post,0.875
llama3-8b,anyedit,ripple,ripple_popular_row737,efficacy,hit,pre,0.0
llama3-8b,anyedit,ripple,ripple_popular_row737,ripple_compositional_i,hit,pre,0.5
llama3-8b,anyedit,ripple,ripple_popular_row737,ripple_aliasing,hit,pre,0.0
llama3-8b,anyedit,ripple,ripple_popular_row737,ripple_relation_specificity,hit,pre,1.0
llama3-8b,anyedit,ripple,ripple_popular_row737,ripple_preservation,hit,pre,1.0
llama3-8b,anyedit,ripple,ripple_popular_row737,efficacy,hit,post,1.0
llama3-8b,anyedit,ripple,ripple_popular_row737,ripple_compositional_i,hit,post,1.0
llama3-8b,anyedit,ripple,ripple_popular_row737,ripple_aliasing,hit,post,0.0
llama3-8b,anyedit,ripple,ripple_popular_row737,ripple_relation_specificity,hit,post,0.0
llama3-8b,anyedit,ripple,ripple_popular_row737,ripple_preservation,hit,post,0.0
llama3-8b,anyedit,ripple,ripple_popular_row712,efficacy,hit,pre,0.0
llama3-8b,anyedit,ripple,ripple_popular_row712,ripple_aliasing,hit,pre,0.0
llama3-8b,anyedit,ripple,ripple_popular_row712,ripple_relation_specificity,hit,pre,1.0
llama3-8b,anyedit,ripple,ripple_popular_row712,efficacy,hit,post,1.0
llama3-8b,anyedit,ripple,ripple_popular_row712,ripple_aliasing,hit,post,0.4
llama3-8b,anyedit,ripple,ripple_popular_row712,ripple_relation_specificity,hit,post,1.0
llama3-8b,anyedit,ripple,ripple_popular_row789,efficacy,hit,pre,0.0
llama3-8b,anyedit,ripple,ripple_popular_row789,ripple_aliasing,hit,pre,0.0
llama3-8b,anyedit,ripple,ripple_popular_row789,ripple_relation_specificity,hit,pre,1.0
llama3-8b,anyedit,ripple,ripple_popular_row789,efficacy,hit,post,1.0
llama3-8b,anyedit,ripple,ripple_popular_row789,ripple_aliasing,hit,post,1.0
llama3-8b,anyedit,ripple,ripple_popular_row789,ripple_relation_specificity,hit,post,1.0
llama3-8b,anyedit,ripple,ripple_popular_row881,efficacy,hit,pre,0.0
llama3-8b,anyedit,ripple,ripple_popular_row881,ripple_logical,hit,pre,0.0
llama3-8b,anyedit,ripple,ripple_popular_row881,ripple_compositional_i,hit,pre,0.0
llama3-8b,anyedit,ripple,ripple_popular_row881,ripple_aliasing,hit,pre,0.0
llama3-8b,anyedit,ripple,ripple_popular_row881,ripple_relation_specificity,hit,pre,1.0
llama3-8b,anyedit,ripple,ripple_popular_row881,efficacy,hit,post,0.0
llama3-8b,anyedit,ripple,ripple_popular_row881,ripple_logical,hit,post,0.0
llama3-8b,anyedit,ripple,ripple_popular_row881,ripple_compositional_i,hit,post,0.0
llama3-8b,anyedit,ripple,ripple_popular_row881,ripple_aliasing,hit,post,0.0
llama3-8b,anyedit,ripple,ripple_popular_row881,ripple_relation_specificity,hit,post,1.0
llama3-8b,anyedit,ripple,ripple_popular_row863,efficacy,hit,pre,0.0
llama3-8b,anyedit,ripple,ripple_popular_row863,ripple_aliasing,hit,pre,0.0
llama3-8b,anyedit,ripple,ripple_popular_row863,ripple_relation_specificity,hit,pre,1.0
llama3-8b,anyedit,ripple,ripple_popular_row863,efficacy,hit,post,1.0
llama3-8b,anyedit,ripple,ripple_popular_row863,ripple_aliasing,hit,post,1.0
llama3-8b,anyedit,ripple,ripple_popular_row863,ripple_relation_specificity,hit,post,1.0
llama3-8b,anyedit,ripple,ripple_popular_row873,efficacy,hit,pre,0.0
llama3-8b,anyedit,ripple,ripple_popular_row873,ripple_compositional_i,hit,pre,0.2
llama3-8b,anyedit,ripple,ripple_popular_row873,ripple_aliasing,hit,pre,0.0
llama3-8b,anyedit,ripple,ripple_popular_row873,ripple_relation_specificity,hit,pre,1.0
llama3-8b,anyedit,ripple,ripple_popular_row873,efficacy,hit,post,1.0
llama3-8b,anyedit,ripple,ripple_popular_row873,ripple_compositional_i,hit,post,0.0
llama3-8b,anyedit,ripple,ripple_popular_row873,ripple_aliasing,hit,post,1.0
llama3-8b,anyedit,ripple,ripple_popular_row873,ripple_relation_specificity,hit,post,1.0
llama3-8b,anyedit,ripple,ripple_popular_row708,efficacy,hit,pre,0.0
llama3-8b,anyedit,ripple,ripple_popular_row708,ripple_compositional_ii,hit,pre,0.0
llama3-8b,anyedit,ripple,ripple_popular_row708,ripple_aliasing,hit,pre,0.0
llama3-8b,anyedit,ripple,ripple_popular_row708,ripple_relation_specificity,hit,pre,1.0
llama3-8b,anyedit,ripple,ripple_popular_row708,efficacy,hit,post,1.0
llama3-8b,anyedit,ripple,ripple_popular_row708,ripple_compositional_ii,hit,post,0.0
llama3-8b,anyedit,ripple,ripple_popular_row708,ripple_aliasing,hit,post,0.0
llama3-8b,anyedit,ripple,ripple_popular_row708,ripple_relation_specificity,hit,post,1.0
llama3-8b,anyedit,ripple,ripple_popular_row850,efficacy,hit,pre,0.0
llama3-8b,anyedit,ripple,ripple_popular_row850,ripple_relation_specificity,hit,pre,1.0
llama3-8b,anyedit,ripple,ripple_popular_row850,efficacy,hit,post,1.0
llama3-8b,anyedit,ripple,ripple_popular_row850,ripple_relation_specificity,hit,post,1.0
llama3-8b,anyedit,ripple,ripple_popular_row634,efficacy,hit,pre,0.0
llama3-8b,anyedit,ripple,ripple_popular_row634,ripple_aliasing,hit,pre,0.0
llama3-8b,anyedit,ripple,ripple_popular_row634,efficacy,hit,post,1.0
llama3-8b,anyedit,ripple,ripple_popular_row634,ripple_aliasing,hit,post,1.0
llama3-8b,anyedit,ripple,ripple_popular_row796,efficacy,hit,pre,0.0
llama3-8b,anyedit,ripple,ripple_popular_row796,ripple_relation_specificity,hit,pre,1.0
llama3-8b,anyedit,ripple,ripple_popular_row796,efficacy,hit,post,0.0
llama3-8b,anyedit,ripple,ripple_popular_row796,ripple_relation_specificity,hit,post,0.75
llama3-8b,anyedit,ripple,ripple_popular_row751,efficacy,hit,pre,0.0
llama3-8b,anyedit,ripple,ripple_popular_row751,ripple_logical,hit,pre,0.0
llama3-8b,anyedit,ripple,ripple_popular_row751,ripple_aliasing,hit,pre,0.0
llama3-8b,anyedit,ripple,ripple_popular_row751,ripple_relation_specificity,hit,pre,1.0
llama3-8b,anyedit,ripple,ripple_popular_row751,efficacy,hit,post,0.0
llama3-8b,anyedit,ripple,ripple_popular_row751,ripple_logical,hit,post,0.0
llama3-8b,anyedit,ripple,ripple_popular_row751,ripple_aliasing,hit,post,0.0
llama3-8b,anyedit,ripple,ripple_popular_row751,ripple_relation_specificity,hit,post,1.0
llama3-8b,anyedit,ripple,ripple_popular_row871,efficacy,hit,pre,0.0
llama3-8b,anyedit,ripple,ripple_popular_row871,ripple_logical,hit,pre,0.0
llama3-8b,anyedit,ripple,ripple_popular_row871,efficacy,hit,post,0.0
llama3-8b,anyedit,ripple,ripple_popular_row871,ripple_logical,hit,post,0.0
llama3-8b,anyedit,ripple,ripple_popular_row746,efficacy,hit,pre,0.0
llama3-8b,anyedit,ripple,ripple_popular_row746,ripple_aliasing,hit,pre,0.0
llama3-8b,anyedit,ripple,ripple_popular_row746,ripple_relation_specificity,hit,pre,1.0
llama3-8b,anyedit,ripple,ripple_popular_row746,ripple_preservation,hit,pre,1.0
llama3-8b,anyedit,ripple,ripple_popular_row746,efficacy,hit,post,1.0
llama3-8b,anyedit,ripple,ripple_popular_row746,ripple_aliasing,hit,post,0.6666666666666666
llama3-8b,anyedit,ripple,ripple_popular_row746,ripple_relation_specificity,hit,post,0.6666666666666666
llama3-8b,anyedit,ripple,ripple_popular_row746,ripple_preservation,hit,post,0.0
llama3-8b,anyedit,ripple,ripple_popular_row829,efficacy,hit,pre,0.0
llama3-8b,anyedit,ripple,ripple_popular_row829,ripple_aliasing,hit,pre,0.0
llama3-8b,anyedit,ripple,ripple_popular_row829,ripple_relation_specificity,hit,pre,1.0
llama3-8b,anyedit,ripple,ripple_popular_row829,efficacy,hit,post,1.0
llama3-8b,anyedit,ripple,ripple_popular_row829,ripple_aliasing,hit,post,1.0
llama3-8b,anyedit,ripple,ripple_popular_row829,ripple_relation_specificity,hit,post,1.0
llama3-8b,anyedit,ripple,ripple_popular_row658,efficacy,hit,pre,0.0
llama3-8b,anyedit,ripple,ripple_popular_row658,ripple_logical,hit,pre,0.0
llama3-8b,anyedit,ripple,ripple_popular_row658,ripple_compositional_i,hit,pre,0.0
llama3-8b,anyedit,ripple,ripple_popular_row658,ripple_aliasing,hit,pre,0.0
llama3-8b,anyedit,ripple,ripple_popular_row658,efficacy,hit,post,1.0
llama3-8b,anyedit,ripple,ripple_popular_row658,ripple_logical,hit,post,0.0
llama3-8b,anyedit,ripple,ripple_popular_row658,ripple_compositional_i,hit,post,0.3333333333333333
llama3-8b,anyedit,ripple,ripple_popular_row658,ripple_aliasing,hit,post,1.0
llama3-8b,anyedit,ripple,ripple_popular_row884,efficacy,hit,pre,0.0
llama3-8b,anyedit,ripple,ripple_popular_row884,ripple_logical,hit,pre,0.0
llama3-8b,anyedit,ripple,ripple_popular_row884,ripple_compositional_i,hit,pre,0.0
llama3-8b,anyedit,ripple,ripple_popular_row884,ripple_compositional_ii,hit,pre,0.0
llama3-8b,anyedit,ripple,ripple_popular_row884,ripple_aliasing,hit,pre,0.0
llama3-8b,anyedit,ripple,ripple_popular_row884,ripple_relation_specificity,hit,pre,1.0
llama3-8b,anyedit,ripple,ripple_popular_row884,efficacy,hit,post,1.0
llama3-8b,anyedit,ripple,ripple_popular_row884,ripple_logical,hit,post,0.0
llama3-8b,anyedit,ripple,ripple_popular_row884,ripple_compositional_i,hit,post,0.0
llama3-8b,anyedit,ripple,ripple_popular_row884,ripple_compositional_ii,hit,post,0.0
llama3-8b,anyedit,ripple,ripple_popular_row884,ripple_aliasing,hit,post,0.625
llama3-8b,anyedit,ripple,ripple_popular_row884,ripple_relation_specificity,hit,post,0.8333333333333334
llama3-8b,anyedit,ripple,ripple_popular_row619,efficacy,hit,pre,0.0
llama3-8b,anyedit,ripple,ripple_popular_row619,ripple_compositional_i,hit,pre,0.0
llama3-8b,anyedit,ripple,ripple_popular_row619,ripple_aliasing,hit,pre,0.0
llama3-8b,anyedit,ripple,ripple_popular_row619,ripple_relation_specificity,hit,pre,1.0
llama3-8b,anyedit,ripple,ripple_popular_row619,efficacy,hit,post,1.0
llama3-8b,anyedit,ripple,ripple_popular_row619,ripple_compositional_i,hit,post,0.0
llama3-8b,anyedit,ripple,ripple_popular_row619,ripple_aliasing,hit,post,1.0
llama3-8b,anyedit,ripple,ripple_popular_row619,ripple_relation_specificity,hit,post,1.0
llama3-8b,anyedit,ripple,ripple_popular_row649,efficacy,hit,pre,0.0
llama3-8b,anyedit,ripple,ripple_popular_row649,ripple_logical,hit,pre,0.0
llama3-8b,anyedit,ripple,ripple_popular_row649,ripple_aliasing,hit,pre,0.0
llama3-8b,anyedit,ripple,ripple_popular_row649,efficacy,hit,post,0.0
llama3-8b,anyedit,ripple,ripple_popular_row649,ripple_logical,hit,post,0.0
llama3-8b,anyedit,ripple,ripple_popular_row649,ripple_aliasing,hit,post,0.0
llama3-8b,anyedit,ripple,ripple_popular_row688,efficacy,hit,pre,0.0
llama3-8b,anyedit,ripple,ripple_popular_row688,ripple_aliasing,hit,pre,0.0
llama3-8b,anyedit,ripple,ripple_popular_row688,ripple_relation_specificity,hit,pre,1.0
llama3-8b,anyedit,ripple,ripple_popular_row688,efficacy,hit,post,1.0
llama3-8b,anyedit,ripple,ripple_popular_row688,ripple_aliasing,hit,post,1.0
llama3-8b,anyedit,ripple,ripple_popular_row688,ripple_relation_specificity,hit,post,0.0
llama3-8b,anyedit,ripple,ripple_popular_row639,efficacy,hit,pre,0.0
llama3-8b,anyedit,ripple,ripple_popular_row639,ripple_aliasing,hit,pre,0.0
llama3-8b,anyedit,ripple,ripple_popular_row639,ripple_relation_specificity,hit,pre,1.0
llama3-8b,anyedit,ripple,ripple_popular_row639,efficacy,hit,post,1.0
llama3-8b,anyedit,ripple,ripple_popular_row639,ripple_aliasing,hit,post,0.5
llama3-8b,anyedit,ripple,ripple_popular_row639,ripple_relation_specificity,hit,post,0.75
llama3-8b,anyedit,ripple,ripple_popular_row665,efficacy,hit,pre,0.0
llama3-8b,anyedit,ripple,ripple_popular_row665,ripple_logical,hit,pre,0.0
llama3-8b,anyedit,ripple,ripple_popular_row665,efficacy,hit,post,1.0
llama3-8b,anyedit,ripple,ripple_popular_row665,ripple_logical,hit,post,0.0
llama3-8b,anyedit,ripple,ripple_popular_row801,efficacy,hit,pre,0.0
llama3-8b,anyedit,ripple,ripple_popular_row801,ripple_aliasing,hit,pre,0.0
llama3-8b,anyedit,ripple,ripple_popular_row801,efficacy,hit,post,1.0
llama3-8b,anyedit,ripple,ripple_popular_row801,ripple_aliasing,hit,post,1.0
llama3-8b,anyedit,ripple,ripple_popular_row601,efficacy,hit,pre,0.0
llama3-8b,anyedit,ripple,ripple_popular_row601,ripple_aliasing,hit,pre,0.0
llama3-8b,anyedit,ripple,ripple_popular_row601,ripple_relation_specificity,hit,pre,1.0
llama3-8b,anyedit,ripple,ripple_popular_row601,efficacy,hit,post,1.0
llama3-8b,anyedit,ripple,ripple_popular_row601,ripple_aliasing,hit,post,1.0
llama3-8b,anyedit,ripple,ripple_popular_row601,ripple_relation_specificity,hit,post,1.0
llama3-8b,anyedit,ripple,ripple_popular_row779,efficacy,hit,pre,0.0
llama3-8b,anyedit,ripple,ripple_popular_row779,ripple_logical,hit,pre,0.0
llama3-8b,anyedit,ripple,ripple_popular_row779,ripple_aliasing,hit,pre,0.0
llama3-8b,anyedit,ripple,ripple_popular_row779,efficacy,hit,post,0.0
llama3-8b,anyedit,ripple,ripple_popular_row779,ripple_logical,hit,post,0.0
llama3-8b,anyedit,ripple,ripple_popular_row779,ripple_aliasing,hit,post,0.0
llama3-8b,anyedit,ripple,ripple_popular_row817,efficacy,hit,pre,0.0
llama3-8b,anyedit,ripple,ripple_popular_row817,ripple_aliasing,hit,pre,0.0
llama3-8b,anyedit,ripple,ripple_popular_row817,ripple_relation_specificity,hit,pre,1.0
llama3-8b,anyedit,ripple,ripple_popular_row817,efficacy,hit,post,0.0
llama3-8b,anyedit,ripple,ripple_popular_row817,ripple_aliasing,hit,post,0.0
llama3-8b,anyedit,ripple,ripple_popular_row817,ripple_relation_specificity,hit,post,1.0
llama3-8b,anyedit,ripple,ripple_popular_row729,efficacy,hit,pre,0.0
llama3-8b,anyedit,ripple,ripple_popular_row729,ripple_aliasing,hit,pre,0.0
llama3-8b,anyedit,ripple,ripple_popular_row729,efficacy,hit,post,1.0
llama3-8b,anyedit,ripple,ripple_popular_row729,ripple_aliasing,hit,post,0.8181818181818182
llama3-8b,anyedit,ripple,ripple_popular_row720,efficacy,hit,pre,0.0
llama3-8b,anyedit,ripple,ripple_popular_row720,ripple_logical,hit,pre,0.0
llama3-8b,anyedit,ripple,ripple_popular_row720,ripple_aliasing,hit,pre,0.0
llama3-8b,anyedit,ripple,ripple_popular_row720,ripple_relation_specificity,hit,pre,1.0
llama3-8b,anyedit,ripple,ripple_popular_row720,efficacy,hit,post,0.0
llama3-8b,anyedit,ripple,ripple_popular_row720,ripple_logical,hit,post,0.0
llama3-8b,anyedit,ripple,ripple_popular_row720,ripple_aliasing,hit,post,0.0
llama3-8b,anyedit,ripple,ripple_popular_row720,ripple_relation_specificity,hit,post,0.8
llama3-8b,anyedit,ripple,ripple_popular_row632,efficacy,hit,pre,0.0
llama3-8b,anyedit,ripple,ripple_popular_row632,ripple_aliasing,hit,pre,0.0
llama3-8b,anyedit,ripple,ripple_popular_row632,ripple_relation_specificity,hit,pre,1.0
llama3-8b,anyedit,ripple,ripple_popular_row632,efficacy,hit,post,1.0
llama3-8b,anyedit,ripple,ripple_popular_row632,ripple_aliasing,hit,post,0.0
llama3-8b,anyedit,ripple,ripple_popular_row632,ripple_relation_specificity,hit,post,0.6666666666666666
llama3-8b,anyedit,ripple,ripple_popular_row667,efficacy,hit,pre,0.0
llama3-8b,anyedit,ripple,ripple_popular_row667,ripple_compositional_ii,hit,pre,0.0
llama3-8b,anyedit,ripple,ripple_popular_row667,ripple_aliasing,hit,pre,0.0
llama3-8b,anyedit,ripple,ripple_popular_row667,ripple_relation_specificity,hit,pre,1.0
llama3-8b,anyedit,ripple,ripple_popular_row667,ripple_preservation,hit,pre,1.0
llama3-8b,anyedit,ripple,ripple_popular_row667,efficacy,hit,post,1.0
llama3-8b,anyedit,ripple,ripple_popular_row667,ripple_compositional_ii,hit,post,0.0
llama3-8b,anyedit,ripple,ripple_popular_row667,ripple_aliasing,hit,post,0.3333333333333333
llama3-8b,anyedit,ripple,ripple_popular_row667,ripple_relation_specificity,hit,post,1.0
llama3-8b,anyedit,ripple,ripple_popular_row667,ripple_preservation,hit,post,1.0
llama3-8b,anyedit,ripple,ripple_popular_row823,efficacy,hit,pre,0.0
llama3-8b,anyedit,ripple,ripple_popular_row823,ripple_aliasing,hit,pre,0.0
llama3-8b,anyedit,ripple,ripple_popular_row823,ripple_relation_specificity,hit,pre,1.0
llama3-8b,anyedit,ripple,ripple_popular_row823,efficacy,hit,post,1.0
llama3-8b,anyedit,ripple,ripple_popular_row823,ripple_aliasing,hit,post,1.0
llama3-8b,anyedit,ripple,ripple_popular_row823,ripple_relation_specificity,hit,post,1.0
llama3-8b,anyedit,ripple,ripple_popular_row703,efficacy,hit,pre,0.0
llama3-8b,anyedit,ripple,ripple_popular_row703,ripple_compositional_i,hit,pre,0.0
llama3-8b,anyedit,ripple,ripple_popular_row703,ripple_relation_specificity,hit,pre,1.0
llama3-8b,anyedit,ripple,ripple_popular_row703,efficacy,hit,post,1.0
llama3-8b,anyedit,ripple,ripple_popular_row703,ripple_compositional_i,hit,post,0.0
llama3-8b,anyedit,ripple,ripple_popular_row703,ripple_relation_specificity,hit,post,0.6666666666666666
llama3-8b,anyedit,ripple,ripple_popular_row774,efficacy,hit,pre,0.0
llama3-8b,anyedit,ripple,ripple_popular_row774,ripple_aliasing,hit,pre,0.0
llama3-8b,anyedit,ripple,ripple_popular_row774,ripple_relation_specificity,hit,pre,1.0
llama3-8b,anyedit,ripple,ripple_popular_row774,efficacy,hit,post,0.0
llama3-8b,anyedit,ripple,ripple_popular_row774,ripple_aliasing,hit,post,0.5
llama3-8b,anyedit,ripple,ripple_popular_row774,ripple_relation_specificity,hit,post,0.5
llama3-8b,anyedit,ripple,ripple_popular_row793,efficacy,hit,pre,0.0
llama3-8b,anyedit,ripple,ripple_popular_row793,ripple_logical,hit,pre,1.0
llama3-8b,anyedit,ripple,ripple_popular_row793,ripple_aliasing,hit,pre,0.0
llama3-8b,anyedit,ripple,ripple_popular_row793,ripple_relation_specificity,hit,pre,1.0
llama3-8b,anyedit,ripple,ripple_popular_row793,efficacy,hit,post,1.0
llama3-8b,anyedit,ripple,ripple_popular_row793,ripple_logical,hit,post,1.0
llama3-8b,anyedit,ripple,ripple_popular_row793,ripple_aliasing,hit,post,0.5
llama3-8b,anyedit,ripple,ripple_popular_row793,ripple_relation_specificity,hit,post,1.0
llama3-8b,anyedit,ripple,ripple_popular_row718,efficacy,hit,pre,0.0
llama3-8b,anyedit,ripple,ripple_popular_row718,ripple_aliasing,hit,pre,0.0
llama3-8b,anyedit,ripple,ripple_popular_row718,ripple_relation_specificity,hit,pre,1.0
llama3-8b,anyedit,ripple,ripple_popular_row718,efficacy,hit,post,1.0
llama3-8b,anyedit,ripple,ripple_popular_row718,ripple_aliasing,hit,post,1.0
llama3-8b,anyedit,ripple,ripple_popular_row718,ripple_relation_specificity,hit,post,1.0
llama3-8b,anyedit,ripple,ripple_popular_row759,efficacy,hit,pre,0.0
llama3-8b,anyedit,ripple,ripple_popular_row759,ripple_compositional_i,hit,pre,0.5
llama3-8b,anyedit,ripple,ripple_popular_row759,ripple_relation_specificity,hit,pre,1.0
llama3-8b,anyedit,ripple,ripple_popular_row759,efficacy,hit,post,0.0
llama3-8b,anyedit,ripple,ripple_popular_row759,ripple_compositional_i,hit,post,0.5
llama3-8b,anyedit,ripple,ripple_popular_row759,ripple_relation_specificity,hit,post,1.0
llama3-8b,anyedit,ripple,ripple_popular_row672,efficacy,hit,pre,0.0
llama3-8b,anyedit,ripple,ripple_popular_row672,ripple_logical,hit,pre,0.0
llama3-8b,anyedit,ripple,ripple_popular_row672,efficacy,hit,post,0.0
llama3-8b,anyedit,ripple,ripple_popular_row672,ripple_logical,hit,post,0.0
llama3-8b,anyedit,ripple,ripple_popular_row875,efficacy,hit,pre,0.0
llama3-8b,anyedit,ripple,ripple_popular_row875,ripple_relation_specificity,hit,pre,1.0
llama3-8b,anyedit,ripple,ripple_popular_row875,ripple_preservation,hit,pre,1.0
llama3-8b,anyedit,ripple,ripple_popular_row875,efficacy,hit,post,1.0
llama3-8b,anyedit,ripple,ripple_popular_row875,ripple_relation_specificity,hit,post,1.0
llama3-8b,anyedit,ripple,ripple_popular_row875,ripple_preservation,hit,post,0.0
llama3-8b,anyedit,ripple,ripple_popular_row645,efficacy,hit,pre,0.0
llama3-8b,anyedit,ripple,ripple_popular_row645,ripple_compositional_i,hit,pre,0.0
llama3-8b,anyedit,ripple,ripple_popular_row645,ripple_aliasing,hit,pre,0.0
llama3-8b,anyedit,ripple,ripple_popular_row645,ripple_relation_specificity,hit,pre,1.0
llama3-8b,anyedit,ripple,ripple_popular_row645,ripple_preservation,hit,pre,1.0
llama3-8b,anyedit,ripple,ripple_popular_row645,efficacy,hit,post,1.0
llama3-8b,anyedit,ripple,ripple_popular_row645,ripple_compositional_i,hit,post,0.0
llama3-8b,anyedit,ripple,ripple_popular_row645,ripple_aliasing,hit,post,0.0
llama3-8b,anyedit,ripple,ripple_popular_row645,ripple_relation_specificity,hit,post,1.0
llama3-8b,anyedit,ripple,ripple_popular_row645,ripple_preservation,hit,post,0.0
llama3-8b,anyedit,ripple,ripple_popular_row765,efficacy,hit,pre,0.0
llama3-8b,anyedit,ripple,ripple_popular_row765,ripple_compositional_ii,hit,pre,0.0
llama3-8b,anyedit,ripple,ripple_popular_row765,ripple_aliasing,hit,pre,0.0
llama3-8b,anyedit,ripple,ripple_popular_row765,ripple_relation_specificity,hit,pre,1.0
llama3-8b,anyedit,ripple,ripple_popular_row765,efficacy,hit,post,1.0
llama3-8b,anyedit,ripple,ripple_popular_row765,ripple_compositional_ii,hit,post,0.0
llama3-8b,anyedit,ripple,ripple_popular_row765,ripple_aliasing,hit,post,1.0
llama3-8b,anyedit,ripple,ripple_popular_row765,ripple_relation_specificity,hit,post,1.0
llama3-8b,anyedit,ripple,ripple_popular_row865,efficacy,hit,pre,0.0
llama3-8b,anyedit,ripple,ripple_popular_row865,ripple_logical,hit,pre,0.5
llama3-8b,anyedit,ripple,ripple_popular_row865,ripple_compositional_i,hit,pre,0.0
llama3-8b,anyedit,ripple,ripple_popular_row865,ripple_aliasing,hit,pre,0.0
llama3-8b,anyedit,ripple,ripple_popular_row865,ripple_relation_specificity,hit,pre,1.0
llama3-8b,anyedit,ripple,ripple_popular_row865,efficacy,hit,post,1.0
llama3-8b,anyedit,ripple,ripple_popular_row865,ripple_logical,hit,post,0.0
llama3-8b,anyedit,ripple,ripple_popular_row865,ripple_compositional_i,hit,post,1.0
llama3-8b,anyedit,ripple,ripple_popular_row865,ripple_aliasing,hit,post,0.5
llama3-8b,anyedit,ripple,ripple_popular_row865,ripple_relation_specificity,hit,post,1.0
llama3-8b,anyedit,ripple,ripple_popular_row689,efficacy,hit,pre,0.0
llama3-8b,anyedit,ripple,ripple_popular_row689,ripple_aliasing,hit,pre,0.0
llama3-8b,anyedit,ripple,ripple_popular_row689,ripple_relation_specificity,hit,pre,1.0
llama3-8b,anyedit,ripple,ripple_popular_row689,efficacy,hit,post,1.0
llama3-8b,anyedit,ripple,ripple_popular_row689,ripple_aliasing,hit,post,1.0
llama3-8b,anyedit,ripple,ripple_popular_row689,ripple_relation_specificity,hit,post,1.0
llama3-8b,anyedit,ripple,ripple_popular_row743,efficacy,hit,pre,0.0
llama3-8b,anyedit,ripple,ripple_popular_row743,ripple_aliasing,hit,pre,0.0
llama3-8b,anyedit,ripple,ripple_popular_row743,ripple_relation_specificity,hit,pre,1.0
llama3-8b,anyedit,ripple,ripple_popular_row743,efficacy,hit,post,1.0
llama3-8b,anyedit,ripple,ripple_popular_row743,ripple_aliasing,hit,post,1.0
llama3-8b,anyedit,ripple,ripple_popular_row743,ripple_relation_specificity,hit,post,1.0
llama3-8b,anyedit,ripple,ripple_popular_row676,efficacy,hit,pre,0.0
llama3-8b,anyedit,ripple,ripple_popular_row676,ripple_aliasing,hit,pre,0.0
llama3-8b,anyedit,ripple,ripple_popular_row676,ripple_relation_specificity,hit,pre,1.0
llama3-8b,anyedit,ripple,ripple_popular_row676,efficacy,hit,post,1.0
llama3-8b,anyedit,ripple,ripple_popular_row676,ripple_aliasing,hit,post,0.0
llama3-8b,anyedit,ripple,ripple_popular_row676,ripple_relation_specificity,hit,post,0.6666666666666666
llama3-8b,anyedit,ripple,ripple_random_row1742,efficacy,hit,pre,0.0
llama3-8b,anyedit,ripple,ripple_random_row1742,ripple_aliasing,hit,pre,0.0
llama3-8b,anyedit,ripple,ripple_random_row1742,ripple_relation_specificity,hit,pre,1.0
llama3-8b,anyedit,ripple,ripple_random_row1742,efficacy,hit,post,1.0
llama3-8b,anyedit,ripple,ripple_random_row1742,ripple_aliasing,hit,post,0.0
llama3-8b,anyedit,ripple,ripple_random_row1742,ripple_relation_specificity,hit,post,1.0
llama3-8b,anyedit,ripple,ripple_random_row1584,efficacy,hit,pre,0.0
llama3-8b,anyedit,ripple,ripple_random_row1584,ripple_aliasing,hit,pre,0.0
llama3-8b,anyedit,ripple,ripple_random_row1584,efficacy,hit,post,1.0
llama3-8b,anyedit,ripple,ripple_random_row1584,ripple_aliasing,hit,post,0.0
llama3-8b,anyedit,ripple,ripple_random_row1799,efficacy,hit,pre,0.0
llama3-8b,anyedit,ripple,ripple_random_row1799,ripple_aliasing,hit,pre,0.0
llama3-8b,anyedit,ripple,ripple_random_row1799,efficacy,hit,post,0.0
llama3-8b,anyedit,ripple,ripple_random_row1799,ripple_aliasing,hit,post,1.0
llama3-8b,anyedit,ripple,ripple_random_row1627,efficacy,hit,pre,0.0
llama3-8b,anyedit,ripple,ripple_random_row1627,ripple_aliasing,hit,pre,0.0
llama3-8b,anyedit,ripple,ripple_random_row1627,ripple_relation_specificity,hit,pre,1.0
llama3-8b,anyedit,ripple,ripple_random_row1627,efficacy,hit,post,1.0
llama3-8b,anyedit,ripple,ripple_random_row1627,ripple_aliasing,hit,post,1.0
llama3-8b,anyedit,ripple,ripple_random_row1627,ripple_relation_specificity,hit,post,1.0
llama3-8b,anyedit,ripple,ripple_random_row1806,efficacy,hit,pre,0.0
llama3-8b,anyedit,ripple,ripple_random_row1806,ripple_aliasing,hit,pre,0.0
llama3-8b,anyedit,ripple,ripple_random_row1806,ripple_relation_specificity,hit,pre,1.0
llama3-8b,anyedit,ripple,ripple_random_row1806,efficacy,hit,post,1.0
llama3-8b,anyedit,ripple,ripple_random_row1806,ripple_aliasing,hit,post,0.0
llama3-8b,anyedit,ripple,ripple_random_row1806,ripple_relation_specificity,hit,post,1.0
llama3-8b,anyedit,ripple,ripple_random_row1724,efficacy,hit,pre,0.0
llama3-8b,anyedit,ripple,ripple_random_row1724,ripple_logical,hit,pre,0.0
llama3-8b,anyedit,ripple,ripple_random_row1724,ripple_aliasing,hit,pre,0.0
llama3-8b,anyedit,ripple,ripple_random_row1724,efficacy,hit,post,0.0
llama3-8b,anyedit,ripple,ripple_random_row1724,ripple_logical,hit,post,0.0
llama3-8b,anyedit,ripple,ripple_random_row1724,ripple_aliasing,hit,post,0.0
llama3-8b,anyedit,ripple,ripple_random_row1562,efficacy,hit,pre,0.0
llama3-8b,anyedit,ripple,ripple_random_row1562,ripple_aliasing,hit,pre,0.0
llama3-8b,anyedit,ripple,ripple_random_row1562,ripple_relation_specificity,hit,pre,1.0
llama3-8b,anyedit,ripple,ripple_random_row1562,efficacy,hit,post,0.0
llama3-8b,anyedit,ripple,ripple_random_row1562,ripple_aliasing,hit,post,0.0
llama3-8b,anyedit,ripple,ripple_random_row1562,ripple_relation_specificity,hit,post,1.0
llama3-8b,anyedit,ripple,ripple_random_row1855,efficacy,hit,pre,0.0
llama3-8b,anyedit,ripple,ripple_random_row1855,ripple_aliasing,hit,pre,0.0
llama3-8b,anyedit,ripple,ripple_random_row1855,ripple_relation_specificity,hit,pre,1.0
llama3-8b,anyedit,ripple,ripple_random_row1855,efficacy,hit,post,1.0
llama3-8b,anyedit,ripple,ripple_random_row1855,ripple_aliasing,hit,post,1.0
llama3-8b,anyedit,ripple,ripple_random_row1855,ripple_relation_specificity,hit,post,0.5
llama3-8b,anyedit,ripple,ripple_random_row1823,efficacy,hit,pre,0.0
llama3-8b,anyedit,ripple,ripple_random_row1823,ripple_logical,hit,pre,0.0
llama3-8b,anyedit,ripple,ripple_random_row1823,ripple_compositional_i,hit,pre,0.0
llama3-8b,anyedit,ripple,ripple_random_row1823,ripple_aliasing,hit,pre,0.0
llama3-8b,anyedit,ripple,ripple_random_row1823,efficacy,hit,post,1.0
llama3-8b,anyedit,ripple,ripple_random_row1823,ripple_logical,hit,post,0.0
llama3-8b,anyedit,ripple,ripple_random_row1823,ripple_compositional_i,hit,post,0.0
llama3-8b,anyedit,ripple,ripple_random_row1823,ripple_aliasing,hit,post,1.0
llama3-8b,anyedit,ripple,ripple_random_row1765,efficacy,hit,pre,0.0
llama3-8b,anyedit,ripple,ripple_random_row1765,ripple_aliasing,hit,pre,0.0
llama3-8b,anyedit,ripple,ripple_random_row1765,efficacy,hit,post,1.0
llama3-8b,anyedit,ripple,ripple_random_row1765,ripple_aliasing,hit,post,1.0
llama3-8b,anyedit,ripple,ripple_random_row1916,efficacy,hit,pre,0.0
llama3-8b,anyedit,ripple,ripple_random_row1916,ripple_aliasing,hit,pre,0.0
llama3-8b,anyedit,ripple,ripple_random_row1916,efficacy,hit,post,0.0
llama3-8b,anyedit,ripple,ripple_random_row1916,ripple_aliasing,hit,post,0.0
llama3-8b,anyedit,ripple,ripple_random_row1593,efficacy,hit,pre,0.0
llama3-8b,anyedit,ripple,ripple_random_row1593,ripple_aliasing,hit,pre,0.0
llama3-8b,anyedit,ripple,ripple_random_row1593,ripple_relation_specificity,hit,pre,1.0
llama3-8b,anyedit,ripple,ripple_random_row1593,efficacy,hit,post,1.0
llama3-8b,anyedit,ripple,ripple_random_row1593,ripple_aliasing,hit,post,1.0
llama3-8b,anyedit,ripple,ripple_random_row1593,ripple_relation_specificity,hit,post,1.0
llama3-8b,anyedit,ripple,ripple_random_row1734,efficacy,hit,pre,0.0
llama3-8b,anyedit,ripple,ripple_random_row1734,ripple_relation_specificity,hit,pre,1.0
llama3-8b,anyedit,ripple,ripple_random_row1734,efficacy,hit,post,1.0
llama3-8b,anyedit,ripple,ripple_random_row1734,ripple_relation_specificity,hit,post,1.0
llama3-8b,anyedit,ripple,ripple_random_row1556,efficacy,hit,pre,0.0
llama3-8b,anyedit,ripple,ripple_random_row1556,ripple_aliasing,hit,pre,0.0
llama3-8b,anyedit,ripple,ripple_random_row1556,ripple_relation_specificity,hit,pre,1.0
llama3-8b,anyedit,ripple,ripple_random_row1556,efficacy,hit,post,0.0
llama3-8b,anyedit,ripple,ripple_random_row1556,ripple_aliasing,hit,post,0.0
llama3-8b,anyedit,ripple,ripple_random_row1556,ripple_relation_specificity,hit,post,0.3333333333333333
llama3-8b,anyedit,ripple,ripple_random_row1592,efficacy,hit,pre,0.0
llama3-8b,anyedit,ripple,ripple_random_row1592,ripple_aliasing,hit,pre,0.0
llama3-8b,anyedit,ripple,ripple_random_row1592,ripple_relation_specificity,hit,pre,1.0
llama3-8b,anyedit,ripple,ripple_random_row1592,efficacy,hit,post,1.0
llama3-8b,anyedit,ripple,ripple_random_row1592,ripple_aliasing,hit,post,0.0
llama3-8b,anyedit,ripple,ripple_random_row1592,ripple_relation_specificity,hit,post,1.0
llama3-8b,anyedit,ripple,ripple_random_row1843,efficacy,hit,pre,0.0
llama3-8b,anyedit,ripple,ripple_random_row1843,ripple_compositional_i,hit,pre,0.0
llama3-8b,anyedit,ripple,ripple_random_row1843,ripple_aliasing,hit,pre,0.0
llama3-8b,anyedit,ripple,ripple_random_row1843,efficacy,hit,post,1.0
llama3-8b,anyedit,ripple,ripple_random_row1843,ripple_compositional_i,hit,post,0.0
llama3-8b,anyedit,ripple,ripple_random_row1843,ripple_aliasing,hit,post,0.0
llama3-8b,anyedit,ripple,ripple_random_row1711,efficacy,hit,pre,0.0
llama3-8b,anyedit,ripple,ripple_random_row1711,ripple_compositional_i,hit,pre,0.0
llama3-8b,anyedit,ripple,ripple_random_row1711,ripple_aliasing,hit,pre,0.0
llama3-8b,anyedit,ripple,ripple_random_row1711,efficacy,hit,post,0.0
llama3-8b,anyedit,ripple,ripple_random_row1711,ripple_compositional_i,hit,post,0.0
llama3-8b,anyedit,ripple,ripple_random_row1711,ripple_aliasing,hit,post,0.0
llama3-8b,anyedit,ripple,ripple_random_row1553,efficacy,hit,pre,0.0
llama3-8b,anyedit,ripple,ripple_random_row1553,ripple_logical,hit,pre,1.0
llama3-8b,anyedit,ripple,ripple_random_row1553,ripple_compositional_i,hit,pre,0.0
llama3-8b,anyedit,ripple,ripple_random_row1553,ripple_aliasing,hit,pre,0.0
llama3-8b,anyedit,ripple,ripple_random_row1553,ripple_relation_specificity,hit,pre,1.0
llama3-8b,anyedit,ripple,ripple_random_row1553,efficacy,hit,post,1.0
llama3-8b,anyedit,ripple,ripple_random_row1553,ripple_logical,hit,post,1.0
llama3-8b,anyedit,ripple,ripple_random_row1553,ripple_compositional_i,hit,post,0.0
llama3-8b,anyedit,ripple,ripple_random_row1553,ripple_aliasing,hit,post,1.0
llama3-8b,anyedit,ripple,ripple_random_row1553,ripple_relation_specificity,hit,post,1.0
llama3-8b,anyedit,ripple,ripple_random_row1569,efficacy,hit,pre,0.0
llama3-8b,anyedit,ripple,ripple_random_row1569,ripple_aliasing,hit,pre,0.0
llama3-8b,anyedit,ripple,ripple_random_row1569,ripple_relation_specificity,hit,pre,1.0
llama3-8b,anyedit,ripple,ripple_random_row1569,efficacy,hit,post,1.0
llama3-8b,anyedit,ripple,ripple_random_row1569,ripple_aliasing,hit,post,0.0
llama3-8b,anyedit,ripple,ripple_random_row1569,ripple_relation_specificity,hit,post,1.0
llama3-8b,anyedit,ripple,ripple_random_row1883,efficacy,hit,pre,0.0
llama3-8b,anyedit,ripple,ripple_random_row1883,ripple_logical,hit,pre,0.0
llama3-8b,anyedit,ripple,ripple_random_row1883,ripple_aliasing,hit,pre,0.0
llama3-8b,anyedit,ripple,ripple_random_row1883,ripple_relation_specificity,hit,pre,1.0
llama3-8b,anyedit,ripple,ripple_random_row1883,efficacy,hit,post,0.0
llama3-8b,anyedit,ripple,ripple_random_row1883,ripple_logical,hit,post,0.0
llama3-8b,anyedit,ripple,ripple_random_row1883,ripple_aliasing,hit,post,0.0
llama3-8b,anyedit,ripple,ripple_random_row1883,ripple_relation_specificity,hit,post,1.0
llama3-8b,anyedit,ripple,ripple_random_row1910,efficacy,hit,pre,0.0
llama3-8b,anyedit,ripple,ripple_random_row1910,ripple_logical,hit,pre,0.0
llama3-8b,anyedit,ripple,ripple_random_row1910,ripple_compositional_i,hit,pre,0.0
llama3-8b,anyedit,ripple,ripple_random_row1910,ripple_aliasing,hit,pre,0.0
llama3-8b,anyedit,ripple,ripple_random_row1910,ripple_relation_specificity,hit,pre,1.0
llama3-8b,anyedit,ripple,ripple_random_row1910,efficacy,hit,post,1.0
llama3-8b,anyedit,ripple,ripple_random_row1910,ripple_logical,hit,post,0.0
llama3-8b,anyedit,ripple,ripple_random_row1910,ripple_compositional_i,hit,post,0.0
llama3-8b,anyedit,ripple,ripple_random_row1910,ripple_aliasing,hit,post,0.0
llama3-8b,anyedit,ripple,ripple_random_row1910,ripple_relation_specificity,hit,post,1.0
llama3-8b,anyedit,ripple,ripple_random_row1608,efficacy,hit,pre,0.0
llama3-8b,anyedit,ripple,ripple_random_row1608,ripple_aliasing,hit,pre,0.0
llama3-8b,anyedit,ripple,ripple_random_row1608,ripple_relation_specificity,hit,pre,1.0
llama3-8b,anyedit,ripple,ripple_random_row1608,efficacy,hit,post,1.0
llama3-8b,anyedit,ripple,ripple_random_row1608,ripple_aliasing,hit,post,1.0
llama3-8b,anyedit,ripple,ripple_random_row1608,ripple_relation_specificity,hit,post,1.0
llama3-8b,anyedit,ripple,ripple_random_row1527,efficacy,hit,pre,0.0
llama3-8b,anyedit,ripple,ripple_random_row1527,ripple_aliasing,hit,pre,0.0
llama3-8b,anyedit,ripple,ripple_random_row1527,ripple_relation_specificity,hit,pre,1.0
llama3-8b,anyedit,ripple,ripple_random_row1527,efficacy,hit,post,1.0
llama3-8b,anyedit,ripple,ripple_random_row1527,ripple_aliasing,hit,post,1.0
llama3-8b,anyedit,ripple,ripple_random_row1527,ripple_relation_specificity,hit,post,1.0
llama3-8b,anyedit,ripple,ripple_random_row1565,efficacy,hit,pre,0.0
llama3-8b,anyedit,ripple,ripple_random_row1565,ripple_aliasing,hit,pre,0.0
llama3-8b,anyedit,ripple,ripple_random_row1565,efficacy,hit,post,1.0
llama3-8b,anyedit,ripple,ripple_random_row1565,ripple_aliasing,hit,post,1.0
llama3-8b,anyedit,ripple,ripple_random_row1809,efficacy,hit,pre,0.0
llama3-8b,anyedit,ripple,ripple_random_row1809,ripple_compositional_i,hit,pre,0.0
llama3-8b,anyedit,ripple,ripple_random_row1809,ripple_aliasing,hit,pre,0.0
llama3-8b,anyedit,ripple,ripple_random_row1809,efficacy,hit,post,1.0
llama3-8b,anyedit,ripple,ripple_random_row1809,ripple_compositional_i,hit,post,0.0
llama3-8b,anyedit,ripple,ripple_random_row1809,ripple_aliasing,hit,post,1.0
llama3-8b,anyedit,ripple,ripple_random_row1536,efficacy,hit,pre,0.0
llama3-8b,anyedit,ripple,ripple_random_row1536,ripple_aliasing,hit,pre,0.0
llama3-8b,anyedit,ripple,ripple_random_row1536,efficacy,hit,post,1.0
llama3-8b,anyedit,ripple,ripple_random_row1536,ripple_aliasing,hit,post,1.0
llama3-8b,anyedit,ripple,ripple_random_row1629,efficacy,hit,pre,0.0
llama3-8b,anyedit,ripple,ripple_random_row1629,ripple_aliasing,hit,pre,0.0
llama3-8b,anyedit,ripple,ripple_random_row1629,efficacy,hit,post,1.0
llama3-8b,anyedit,ripple,ripple_random_row1629,ripple_aliasing,hit,post,1.0
llama3-8b,anyedit,ripple,ripple_random_row1528,efficacy,hit,pre,0.0
llama3-8b,anyedit,ripple,ripple_random_row1528,ripple_logical,hit,pre,0.0
llama3-8b,anyedit,ripple,ripple_random_row1528,ripple_aliasing,hit,pre,0.0
llama3-8b,anyedit,ripple,ripple_random_row1528,ripple_relation_specificity,hit,pre,1.0
llama3-8b,anyedit,ripple,ripple_random_row1528,efficacy,hit,post,1.0
llama3-8b,anyedit,ripple,ripple_random_row1528,ripple_logical,hit,post,0.0
llama3-8b,anyedit,ripple,ripple_random_row1528,ripple_aliasing,hit,post,1.0
llama3-8b,anyedit,ripple,ripple_random_row1528,ripple_relation_specificity,hit,post,1.0
llama3-8b,anyedit,ripple,ripple_random_row1529,efficacy,hit,pre,0.0
llama3-8b,anyedit,ripple,ripple_random_row1529,ripple_compositional_i,hit,pre,0.0
llama3-8b,anyedit,ripple,ripple_random_row1529,ripple_aliasing,hit,pre,0.0
llama3-8b,anyedit,ripple,ripple_random_row1529,efficacy,hit,post,0.0
llama3-8b,anyedit,ripple,ripple_random_row1529,ripple_compositional_i,hit,post,0.0
llama3-8b,anyedit,ripple,ripple_random_row1529,ripple_aliasing,hit,post,0.0
llama3-8b,anyedit,ripple,ripple_random_row1815,efficacy,hit,pre,0.0
llama3-8b,anyedit,ripple,ripple_random_row1815,ripple_aliasing,hit,pre,0.0
llama3-8b,anyedit,ripple,ripple_random_row1815,ripple_relation_specificity,hit,pre,1.0
llama3-8b,anyedit,ripple,ripple_random_row1815,efficacy,hit,post,1.0
llama3-8b,anyedit,ripple,ripple_random_row1815,ripple_aliasing,hit,post,1.0
llama3-8b,anyedit,ripple,ripple_random_row1815,ripple_relation_specificity,hit,post,1.0
llama3-8b,anyedit,ripple,ripple_random_row1675,efficacy,hit,pre,0.0
llama3-8b,anyedit,ripple,ripple_random_row1675,ripple_logical,hit,pre,0.0
llama3-8b,anyedit,ripple,ripple_random_row1675,ripple_compositional_i,hit,pre,0.0
llama3-8b,anyedit,ripple,ripple_random_row1675,ripple_aliasing,hit,pre,0.0
llama3-8b,anyedit,ripple,ripple_random_row1675,ripple_relation_specificity,hit,pre,1.0
llama3-8b,anyedit,ripple,ripple_random_row1675,efficacy,hit,post,1.0
llama3-8b,anyedit,ripple,ripple_random_row1675,ripple_logical,hit,post,0.0
llama3-8b,anyedit,ripple,ripple_random_row1675,ripple_compositional_i,hit,post,1.0
llama3-8b,anyedit,ripple,ripple_random_row1675,ripple_aliasing,hit,post,1.0
llama3-8b,anyedit,ripple,ripple_random_row1675,ripple_relation_specificity,hit,post,1.0
llama3-8b,anyedit,ripple,ripple_random_row1581,efficacy,hit,pre,0.0
llama3-8b,anyedit,ripple,ripple_random_row1581,ripple_logical,hit,pre,0.0
llama3-8b,anyedit,ripple,ripple_random_row1581,ripple_compositional_i,hit,pre,0.0
llama3-8b,anyedit,ripple,ripple_random_row1581,ripple_aliasing,hit,pre,0.0
llama3-8b,anyedit,ripple,ripple_random_row1581,ripple_relation_specificity,hit,pre,1.0
llama3-8b,anyedit,ripple,ripple_random_row1581,efficacy,hit,post,1.0
llama3-8b,anyedit,ripple,ripple_random_row1581,ripple_logical,hit,post,0.0
llama3-8b,anyedit,ripple,ripple_random_row1581,ripple_compositional_i,hit,post,0.0
llama3-8b,anyedit,ripple,ripple_random_row1581,ripple_aliasing,hit,post,1.0
llama3-8b,anyedit,ripple,ripple_random_row1581,ripple_relation_specificity,hit,post,0.75
llama3-8b,anyedit,ripple,ripple_random_row1728,efficacy,hit,pre,0.0
llama3-8b,anyedit,ripple,ripple_random_row1728,ripple_logical,hit,pre,0.0
llama3-8b,anyedit,ripple,ripple_random_row1728,ripple_aliasing,hit,pre,0.0
llama3-8b,anyedit,ripple,ripple_random_row1728,ripple_relation_specificity,hit,pre,1.0
llama3-8b,anyedit,ripple,ripple_random_row1728,efficacy,hit,post,0.0
llama3-8b,anyedit,ripple,ripple_random_row1728,ripple_logical,hit,post,0.0
llama3-8b,anyedit,ripple,ripple_random_row1728,ripple_aliasing,hit,post,0.0
llama3-8b,anyedit,ripple,ripple_random_row1728,ripple_relation_specificity,hit,post,1.0
llama3-8b,anyedit,ripple,ripple_random_row1609,efficacy,hit,pre,0.0
llama3-8b,anyedit,ripple,ripple_random_row1609,ripple_logical,hit,pre,0.0
llama3-8b,anyedit,ripple,ripple_random_row1609,ripple_compositional_i,hit,pre,0.0
llama3-8b,anyedit,ripple,ripple_random_row1609,ripple_aliasing,hit,pre,0.0
llama3-8b,anyedit,ripple,ripple_random_row1609,ripple_relation_specificity,hit,pre,1.0
llama3-8b,anyedit,ripple,ripple_random_row1609,efficacy,hit,post,1.0
llama3-8b,anyedit,ripple,ripple_random_row1609,ripple_logical,hit,post,0.0
llama3-8b,anyedit,ripple,ripple_random_row1609,ripple_compositional_i,hit,post,0.0
llama3-8b,anyedit,ripple,ripple_random_row1609,ripple_aliasing,hit,post,0.0
llama3-8b,anyedit,ripple,ripple_random_row1609,ripple_relation_specificity,hit,post,1.0
llama3-8b,anyedit,ripple,ripple_random_row1769,efficacy,hit,pre,0.0
llama3-8b,anyedit,ripple,ripple_random_row1769,ripple_logical,hit,pre,0.0
llama3-8b,anyedit,ripple,ripple_random_row1769,ripple_aliasing,hit,pre,0.0
llama3-8b,anyedit,ripple,ripple_random_row1769,efficacy,hit,post,1.0
llama3-8b,anyedit,ripple,ripple_random_row1769,ripple_logical,hit,post,0.0
llama3-8b,anyedit,ripple,ripple_random_row1769,ripple_aliasing,hit,post,0.0
llama3-8b,anyedit,ripple,ripple_random_row1721,efficacy,hit,pre,0.0
llama3-8b,anyedit,ripple,ripple_random_row1721,ripple_logical,hit,pre,0.0
llama3-8b,anyedit,ripple,ripple_random_row1721,ripple_aliasing,hit,pre,0.0
llama3-8b,anyedit,ripple,ripple_random_row1721,efficacy,hit,post,1.0
llama3-8b,anyedit,ripple,ripple_random_row1721,ripple_logical,hit,post,1.0
llama3-8b,anyedit,ripple,ripple_random_row1721,ripple_aliasing,hit,post,1.0
llama3-8b,anyedit,ripple,ripple_random_row1504,efficacy,hit,pre,0.0
llama3-8b,anyedit,ripple,ripple_random_row1504,ripple_aliasing,hit,pre,0.0
llama3-8b,anyedit,ripple,ripple_random_row1504,efficacy,hit,post,1.0
llama3-8b,anyedit,ripple,ripple_random_row1504,ripple_aliasing,hit,post,1.0
llama3-8b,anyedit,ripple,ripple_random_row1702,efficacy,hit,pre,0.0
llama3-8b,anyedit,ripple,ripple_random_row1702,ripple_compositional_i,hit,pre,0.0
llama3-8b,anyedit,ripple,ripple_random_row1702,ripple_aliasing,hit,pre,0.0
llama3-8b,anyedit,ripple,ripple_random_row1702,efficacy,hit,post,1.0
llama3-8b,anyedit,ripple,ripple_random_row1702,ripple_compositional_i,hit,post,0.0
llama3-8b,anyedit,ripple,ripple_random_row1702,ripple_aliasing,hit,post,0.0
llama3-8b,anyedit,ripple,ripple_random_row1912,efficacy,hit,pre,0.0
llama3-8b,anyedit,ripple,ripple_random_row1912,ripple_aliasing,hit,pre,0.0
llama3-8b,anyedit,ripple,ripple_random_row1912,efficacy,hit,post,1.0
llama3-8b,anyedit,ripple,ripple_random_row1912,ripple_aliasing,hit,post,1.0
llama3-8b,anyedit,ripple,ripple_random_row1686,efficacy,hit,pre,0.0
llama3-8b,anyedit,ripple,ripple_random_row1686,ripple_aliasing,hit,pre,0.0
llama3-8b,anyedit,ripple,ripple_random_row1686,efficacy,hit,post,1.0
llama3-8b,anyedit,ripple,ripple_random_row1686,ripple_aliasing,hit,post,1.0
llama3-8b,anyedit,ripple,ripple_random_row1747,efficacy,hit,pre,0.0
llama3-8b,anyedit,ripple,ripple_random_row1747,ripple_logical,hit,pre,1.0
llama3-8b,anyedit,ripple,ripple_random_row1747,ripple_aliasing,hit,pre,0.0
llama3-8b,anyedit,ripple,ripple_random_row1747,efficacy,hit,post,1.0
llama3-8b,anyedit,ripple,ripple_random_row1747,ripple_logical,hit,post,0.0
llama3-8b,anyedit,ripple,ripple_random_row1747,ripple_aliasing,hit,post,1.0
llama3-8b,anyedit,ripple,ripple_random_row1802,efficacy,hit,pre,0.0
llama3-8b,anyedit,ripple,ripple_random_row1802,ripple_compositional_i,hit,pre,0.0
llama3-8b,anyedit,ripple,ripple_random_row1802,ripple_aliasing,hit,pre,0.0
llama3-8b,anyedit,ripple,ripple_random_row1802,efficacy,hit,post,1.0
llama3-8b,anyedit,ripple,ripple_random_row1802,ripple_compositional_i,hit,post,1.0
llama3-8b,anyedit,ripple,ripple_random_row1802,ripple_aliasing,hit,post,1.0
llama3-8b,anyedit,ripple,ripple_random_row1759,efficacy,hit,pre,0.0
llama3-8b,anyedit,ripple,ripple_random_row1759,ripple_aliasing,hit,pre,0.0
llama3-8b,anyedit,ripple,ripple_random_row1759,efficacy,hit,post,1.0
llama3-8b,anyedit,ripple,ripple_random_row1759,ripple_aliasing,hit,post,1.0
llama3-8b,anyedit,ripple,ripple_random_row1893,efficacy,hit,pre,0.0
llama3-8b,anyedit,ripple,ripple_random_row1893,ripple_compositional_i,hit,pre,0.0
llama3-8b,anyedit,ripple,ripple_random_row1893,ripple_aliasing,hit,pre,0.0
llama3-8b,anyedit,ripple,ripple_random_row1893,efficacy,hit,post,1.0
llama3-8b,anyedit,ripple,ripple_random_row1893,ripple_compositional_i,hit,post,0.0
llama3-8b,anyedit,ripple,ripple_random_row1893,ripple_aliasing,hit,post,0.0
llama3-8b,anyedit,ripple,ripple_random_row1740,efficacy,hit,pre,0.0
llama3-8b,anyedit,ripple,ripple_random_row1740,ripple_aliasing,hit,pre,0.0
llama3-8b,anyedit,ripple,ripple_random_row1740,ripple_relation_specificity,hit,pre,1.0
llama3-8b,anyedit,ripple,ripple_random_row1740,efficacy,hit,post,1.0
llama3-8b,anyedit,ripple,ripple_random_row1740,ripple_aliasing,hit,post,0.0
llama3-8b,anyedit,ripple,ripple_random_row1740,ripple_relation_specificity,hit,post,1.0
llama3-8b,anyedit,ripple,ripple_random_row1659,efficacy,hit,pre,0.0
llama3-8b,anyedit,ripple,ripple_random_row1659,ripple_aliasing,hit,pre,0.0
llama3-8b,anyedit,ripple,ripple_random_row1659,ripple_relation_specificity,hit,pre,1.0
llama3-8b,anyedit,ripple,ripple_random_row1659,efficacy,hit,post,1.0
llama3-8b,anyedit,ripple,ripple_random_row1659,ripple_aliasing,hit,post,0.0
llama3-8b,anyedit,ripple,ripple_random_row1659,ripple_relation_specificity,hit,post,1.0
llama3-8b,anyedit,ripple,ripple_random_row1685,efficacy,hit,pre,0.0
llama3-8b,anyedit,ripple,ripple_random_row1685,ripple_logical,hit,pre,0.0
llama3-8b,anyedit,ripple,ripple_random_row1685,ripple_compositional_i,hit,pre,0.0
llama3-8b,anyedit,ripple,ripple_random_row1685,ripple_aliasing,hit,pre,0.0
llama3-8b,anyedit,ripple,ripple_random_row1685,efficacy,hit,post,1.0
llama3-8b,anyedit,ripple,ripple_random_row1685,ripple_logical,hit,post,0.0
llama3-8b,anyedit,ripple,ripple_random_row1685,ripple_compositional_i,hit,post,0.0
llama3-8b,anyedit,ripple,ripple_random_row1685,ripple_aliasing,hit,post,1.0
llama3-8b,anyedit,ripple,ripple_random_row1615,efficacy,hit,pre,0.0
llama3-8b,anyedit,ripple,ripple_random_row1615,ripple_aliasing,hit,pre,0.0
llama3-8b,anyedit,ripple,ripple_random_row1615,efficacy,hit,post,1.0
llama3-8b,anyedit,ripple,ripple_random_row1615,ripple_aliasing,hit,post,1.0
llama3-8b,anyedit,ripple,ripple_random_row1754,efficacy,hit,pre,0.0
llama3-8b,anyedit,ripple,ripple_random_row1754,ripple_logical,hit,pre,1.0
llama3-8b,anyedit,ripple,ripple_random_row1754,ripple_compositional_i,hit,pre,0.5
llama3-8b,anyedit,ripple,ripple_random_row1754,ripple_aliasing,hit,pre,0.0
llama3-8b,anyedit,ripple,ripple_random_row1754,efficacy,hit,post,1.0
llama3-8b,anyedit,ripple,ripple_random_row1754,ripple_logical,hit,post,1.0
llama3-8b,anyedit,ripple,ripple_random_row1754,ripple_compositional_i,hit,post,0.5
llama3-8b,anyedit,ripple,ripple_random_row1754,ripple_aliasing,hit,post,1.0
llama3-8b,anyedit,ripple,ripple_random_row1570,efficacy,hit,pre,0.0
llama3-8b,anyedit,ripple,ripple_random_row1570,ripple_logical,hit,pre,0.0
llama3-8b,anyedit,ripple,ripple_random_row1570,ripple_compositional_i,hit,pre,0.0
llama3-8b,anyedit,ripple,ripple_random_row1570,ripple_aliasing,hit,pre,0.0
llama3-8b,anyedit,ripple,ripple_random_row1570,ripple_relation_specificity,hit,pre,1.0
llama3-8b,anyedit,ripple,ripple_random_row1570,efficacy,hit,post,1.0
llama3-8b,anyedit,ripple,ripple_random_row1570,ripple_logical,hit,post,0.0
llama3-8b,anyedit,ripple,ripple_random_row1570,ripple_compositional_i,hit,post,0.0
llama3-8b,anyedit,ripple,ripple_random_row1570,ripple_aliasing,hit,post,1.0
llama3-8b,anyedit,ripple,ripple_random_row1570,ripple_relation_specificity,hit,post,1.0
llama3-8b,anyedit,ripple,ripple_random_row1905,efficacy,hit,pre,0.0
llama3-8b,anyedit,ripple,ripple_random_row1905,ripple_aliasing,hit,pre,0.0
llama3-8b,anyedit,ripple,ripple_random_row1905,ripple_relation_specificity,hit,pre,1.0
llama3-8b,anyedit,ripple,ripple_random_row1905,efficacy,hit,post,1.0
llama3-8b,anyedit,ripple,ripple_random_row1905,ripple_aliasing,hit,post,1.0
llama3-8b,anyedit,ripple,ripple_random_row1905,ripple_relation_specificity,hit,post,1.0
llama3-8b,anyedit,ripple,ripple_random_row1917,efficacy,hit,pre,0.0
llama3-8b,anyedit,ripple,ripple_random_row1917,ripple_aliasing,hit,pre,0.0
llama3-8b,anyedit,ripple,ripple_random_row1917,efficacy,hit,post,1.0
llama3-8b,anyedit,ripple,ripple_random_row1917,ripple_aliasing,hit,post,1.0
llama3-8b,anyedit,ripple,ripple_random_row1781,efficacy,hit,pre,0.0
llama3-8b,anyedit,ripple,ripple_random_row1781,ripple_aliasing,hit,pre,0.0
llama3-8b,anyedit,ripple,ripple_random_row1781,ripple_relation_specificity,hit,pre,1.0
llama3-8b,anyedit,ripple,ripple_random_row1781,efficacy,hit,post,1.0
llama3-8b,anyedit,ripple,ripple_random_row1781,ripple_aliasing,hit,post,1.0
llama3-8b,anyedit,ripple,ripple_random_row1781,ripple_relation_specificity,hit,post,1.0
llama3-8b,anyedit,ripple,ripple_random_row1603,efficacy,hit,pre,0.0
llama3-8b,anyedit,ripple,ripple_random_row1603,ripple_aliasing,hit,pre,0.0
llama3-8b,anyedit,ripple,ripple_random_row1603,efficacy,hit,post,1.0
llama3-8b,anyedit,ripple,ripple_random_row1603,ripple_aliasing,hit,post,0.0
llama3-8b,anyedit,ripple,ripple_random_row1751,efficacy,hit,pre,0.0
llama3-8b,anyedit,ripple,ripple_random_row1751,ripple_aliasing,hit,pre,0.0
llama3-8b,anyedit,ripple,ripple_random_row1751,efficacy,hit,post,1.0
llama3-8b,anyedit,ripple,ripple_random_row1751,ripple_aliasing,hit,post,0.5
llama3-8b,anyedit,ripple,ripple_random_row1899,efficacy,hit,pre,0.0
llama3-8b,anyedit,ripple,ripple_random_row1899,ripple_aliasing,hit,pre,0.0
llama3-8b,anyedit,ripple,ripple_random_row1899,efficacy,hit,post,1.0
llama3-8b,anyedit,ripple,ripple_random_row1899,ripple_aliasing,hit,post,1.0
llama3-8b,anyedit,ripple,ripple_random_row1890,efficacy,hit,pre,0.0
llama3-8b,anyedit,ripple,ripple_random_row1890,ripple_aliasing,hit,pre,0.0
llama3-8b,anyedit,ripple,ripple_random_row1890,efficacy,hit,post,1.0
llama3-8b,anyedit,ripple,ripple_random_row1890,ripple_aliasing,hit,post,1.0
llama3-8b,anyedit,ripple,ripple_random_row1636,efficacy,hit,pre,0.0
llama3-8b,anyedit,ripple,ripple_random_row1636,ripple_relation_specificity,hit,pre,1.0
llama3-8b,anyedit,ripple,ripple_random_row1636,efficacy,hit,post,1.0
llama3-8b,anyedit,ripple,ripple_random_row1636,ripple_relation_specificity,hit,post,1.0
llama3-8b,anyedit,ripple,ripple_random_row1684,efficacy,hit,pre,0.0
llama3-8b,anyedit,ripple,ripple_random_row1684,ripple_logical,hit,pre,0.3333333333333333
llama3-8b,anyedit,ripple,ripple_random_row1684,ripple_compositional_i,hit,pre,0.25
llama3-8b,anyedit,ripple,ripple_random_row1684,ripple_aliasing,hit,pre,0.0
llama3-8b,anyedit,ripple,ripple_random_row1684,efficacy,hit,post,1.0
llama3-8b,anyedit,ripple,ripple_random_row1684,ripple_logical,hit,post,0.0
llama3-8b,anyedit,ripple,ripple_random_row1684,ripple_compositional_i,hit,post,0.0
llama3-8b,anyedit,ripple,ripple_random_row1684,ripple_aliasing,hit,post,1.0
llama3-8b,anyedit,ripple,ripple_random_row1817,efficacy,hit,pre,0.0
llama3-8b,anyedit,ripple,ripple_random_row1817,ripple_aliasing,hit,pre,0.0
llama3-8b,anyedit,ripple,ripple_random_row1817,ripple_relation_specificity,hit,pre,1.0
llama3-8b,anyedit,ripple,ripple_random_row1817,efficacy,hit,post,0.0
llama3-8b,anyedit,ripple,ripple_random_row1817,ripple_aliasing,hit,post,0.0
llama3-8b,anyedit,ripple,ripple_random_row1817,ripple_relation_specificity,hit,post,1.0
llama3-8b,anyedit,ripple,ripple_random_row1896,efficacy,hit,pre,0.0
llama3-8b,anyedit,ripple,ripple_random_row1896,ripple_aliasing,hit,pre,0.0
llama3-8b,anyedit,ripple,ripple_random_row1896,efficacy,hit,post,0.0
llama3-8b,anyedit,ripple,ripple_random_row1896,ripple_aliasing,hit,post,0.0
llama3-8b,anyedit,ripple,ripple_random_row1845,efficacy,hit,pre,0.0
llama3-8b,anyedit,ripple,ripple_random_row1845,ripple_aliasing,hit,pre,0.0
llama3-8b,anyedit,ripple,ripple_random_row1845,efficacy,hit,post,1.0
llama3-8b,anyedit,ripple,ripple_random_row1845,ripple_aliasing,hit,post,1.0
llama3-8b,anyedit,ripple,ripple_random_row1688,efficacy,hit,pre,0.0
llama3-8b,anyedit,ripple,ripple_random_row1688,ripple_aliasing,hit,pre,0.0
llama3-8b,anyedit,ripple,ripple_random_row1688,efficacy,hit,post,1.0
llama3-8b,anyedit,ripple,ripple_random_row1688,ripple_aliasing,hit,post,0.0
llama3-8b,anyedit,ripple,ripple_random_row1903,efficacy,hit,pre,0.0
llama3-8b,anyedit,ripple,ripple_random_row1903,ripple_aliasing,hit,pre,0.0
llama3-8b,anyedit,ripple,ripple_random_row1903,ripple_relation_specificity,hit,pre,1.0
llama3-8b,anyedit,ripple,ripple_random_row1903,efficacy,hit,post,1.0
llama3-8b,anyedit,ripple,ripple_random_row1903,ripple_aliasing,hit,post,1.0
llama3-8b,anyedit,ripple,ripple_random_row1903,ripple_relation_specificity,hit,post,0.0
llama3-8b,anyedit,ripple,ripple_random_row1501,efficacy,hit,pre,0.0
llama3-8b,anyedit,ripple,ripple_random_row1501,ripple_aliasing,hit,pre,0.0
llama3-8b,anyedit,ripple,ripple_random_row1501,ripple_relation_specificity,hit,pre,1.0
llama3-8b,anyedit,ripple,ripple_random_row1501,efficacy,hit,post,1.0
llama3-8b,anyedit,ripple,ripple_random_row1501,ripple_aliasing,hit,post,1.0
llama3-8b,anyedit,ripple,ripple_random_row1501,ripple_relation_specificity,hit,post,0.0
llama3-8b,anyedit,ripple,ripple_random_row1637,efficacy,hit,pre,0.0
llama3-8b,anyedit,ripple,ripple_random_row1637,ripple_aliasing,hit,pre,0.0
llama3-8b,anyedit,ripple,ripple_random_row1637,efficacy,hit,post,1.0
llama3-8b,anyedit,ripple,ripple_random_row1637,ripple_aliasing,hit,post,1.0
llama3-8b,anyedit,ripple,ripple_random_row1834,efficacy,hit,pre,0.0
llama3-8b,anyedit,ripple,ripple_random_row1834,ripple_logical,hit,pre,0.0
llama3-8b,anyedit,ripple,ripple_random_row1834,ripple_aliasing,hit,pre,0.0
llama3-8b,anyedit,ripple,ripple_random_row1834,ripple_relation_specificity,hit,pre,1.0
llama3-8b,anyedit,ripple,ripple_random_row1834,efficacy,hit,post,0.0
llama3-8b,anyedit,ripple,ripple_random_row1834,ripple_logical,hit,post,0.0
llama3-8b,anyedit,ripple,ripple_random_row1834,ripple_aliasing,hit,post,0.0
llama3-8b,anyedit,ripple,ripple_random_row1834,ripple_relation_specificity,hit,post,0.6666666666666666
llama3-8b,anyedit,ripple,ripple_random_row1522,efficacy,hit,pre,0.0
llama3-8b,anyedit,ripple,ripple_random_row1522,ripple_aliasing,hit,pre,0.0
llama3-8b,anyedit,ripple,ripple_random_row1522,efficacy,hit,post,1.0
llama3-8b,anyedit,ripple,ripple_random_row1522,ripple_aliasing,hit,post,1.0
llama3-8b,anyedit,ripple,ripple_random_row1568,efficacy,hit,pre,0.0
llama3-8b,anyedit,ripple,ripple_random_row1568,ripple_aliasing,hit,pre,0.0
llama3-8b,anyedit,ripple,ripple_random_row1568,efficacy,hit,post,1.0
llama3-8b,anyedit,ripple,ripple_random_row1568,ripple_aliasing,hit,post,1.0
llama3-8b,anyedit,ripple,ripple_random_row1872,efficacy,hit,pre,0.0
llama3-8b,anyedit,ripple,ripple_random_row1872,ripple_aliasing,hit,pre,0.0
llama3-8b,anyedit,ripple,ripple_random_row1872,efficacy,hit,post,1.0
llama3-8b,anyedit,ripple,ripple_random_row1872,ripple_aliasing,hit,post,0.0
llama3-8b,anyedit,ripple,ripple_random_row1846,efficacy,hit,pre,0.0
llama3-8b,anyedit,ripple,ripple_random_row1846,ripple_aliasing,hit,pre,0.0
llama3-8b,anyedit,ripple,ripple_random_row1846,ripple_relation_specificity,hit,pre,1.0
llama3-8b,anyedit,ripple,ripple_random_row1846,efficacy,hit,post,1.0
llama3-8b,anyedit,ripple,ripple_random_row1846,ripple_aliasing,hit,post,1.0
llama3-8b,anyedit,ripple,ripple_random_row1846,ripple_relation_specificity,hit,post,1.0
llama3-8b,anyedit,ripple,ripple_random_row1558,efficacy,hit,pre,0.0
llama3-8b,anyedit,ripple,ripple_random_row1558,ripple_aliasing,hit,pre,0.0
llama3-8b,anyedit,ripple,ripple_random_row1558,efficacy,hit,post,1.0
llama3-8b,anyedit,ripple,ripple_random_row1558,ripple_aliasing,hit,post,0.5
llama3-8b,anyedit,ripple,ripple_random_row1618,efficacy,hit,pre,0.0
llama3-8b,anyedit,ripple,ripple_random_row1618,ripple_aliasing,hit,pre,0.0
llama3-8b,anyedit,ripple,ripple_random_row1618,ripple_relation_specificity,hit,pre,1.0
llama3-8b,anyedit,ripple,ripple_random_row1618,efficacy,hit,post,0.0
llama3-8b,anyedit,ripple,ripple_random_row1618,ripple_aliasing,hit,post,0.0
llama3-8b,anyedit,ripple,ripple_random_row1618,ripple_relation_specificity,hit,post,1.0
llama3-8b,anyedit,ripple,ripple_random_row1720,efficacy,hit,pre,0.0
llama3-8b,anyedit,ripple,ripple_random_row1720,ripple_logical,hit,pre,0.0
llama3-8b,anyedit,ripple,ripple_random_row1720,ripple_compositional_i,hit,pre,0.0
llama3-8b,anyedit,ripple,ripple_random_row1720,ripple_aliasing,hit,pre,0.0
llama3-8b,anyedit,ripple,ripple_random_row1720,efficacy,hit,post,1.0
llama3-8b,anyedit,ripple,ripple_random_row1720,ripple_logical,hit,post,0.0
llama3-8b,anyedit,ripple,ripple_random_row1720,ripple_compositional_i,hit,post,0.0
llama3-8b,anyedit,ripple,ripple_random_row1720,ripple_aliasing,hit,post,1.0
llama3-8b,anyedit,ripple,ripple_random_row1795,efficacy,hit,pre,0.0
llama3-8b,anyedit,ripple,ripple_random_row1795,ripple_aliasing,hit,pre,0.0
llama3-8b,anyedit,ripple,ripple_random_row1795,efficacy,hit,post,1.0
llama3-8b,anyedit,ripple,ripple_random_row1795,ripple_aliasing,hit,post,1.0
llama3-8b,anyedit,ripple,ripple_random_row1650,efficacy,hit,pre,0.0
llama3-8b,anyedit,ripple,ripple_random_row1650,ripple_aliasing,hit,pre,0.0
llama3-8b,anyedit,ripple,ripple_random_row1650,efficacy,hit,post,1.0
llama3-8b,anyedit,ripple,ripple_random_row1650,ripple_aliasing,hit,post,1.0
llama3-8b,anyedit,ripple,ripple_random_row1692,efficacy,hit,pre,0.0
llama3-8b,anyedit,ripple,ripple_random_row1692,ripple_aliasing,hit,pre,0.0
llama3-8b,anyedit,ripple,ripple_random_row1692,ripple_relation_specificity,hit,pre,1.0
llama3-8b,anyedit,ripple,ripple_random_row1692,efficacy,hit,post,1.0
llama3-8b,anyedit,ripple,ripple_random_row1692,ripple_aliasing,hit,post,1.0
llama3-8b,anyedit,ripple,ripple_random_row1692,ripple_relation_specificity,hit,post,1.0
llama3-8b,anyedit,ripple,ripple_random_row1826,efficacy,hit,pre,0.0
llama3-8b,anyedit,ripple,ripple_random_row1826,ripple_aliasing,hit,pre,0.0
llama3-8b,anyedit,ripple,ripple_random_row1826,ripple_relation_specificity,hit,pre,1.0
llama3-8b,anyedit,ripple,ripple_random_row1826,efficacy,hit,post,1.0
llama3-8b,anyedit,ripple,ripple_random_row1826,ripple_aliasing,hit,post,1.0
llama3-8b,anyedit,ripple,ripple_random_row1826,ripple_relation_specificity,hit,post,1.0
llama3-8b,anyedit,ripple,ripple_random_row1526,efficacy,hit,pre,1.0
llama3-8b,anyedit,ripple,ripple_random_row1526,ripple_aliasing,hit,pre,1.0
llama3-8b,anyedit,ripple,ripple_random_row1526,efficacy,hit,post,1.0
llama3-8b,anyedit,ripple,ripple_random_row1526,ripple_aliasing,hit,post,1.0
llama3-8b,anyedit,ripple,ripple_random_row1836,efficacy,hit,pre,0.0
llama3-8b,anyedit,ripple,ripple_random_row1836,ripple_compositional_i,hit,pre,0.0
llama3-8b,anyedit,ripple,ripple_random_row1836,ripple_aliasing,hit,pre,0.0
llama3-8b,anyedit,ripple,ripple_random_row1836,efficacy,hit,post,0.0
llama3-8b,anyedit,ripple,ripple_random_row1836,ripple_compositional_i,hit,post,0.0
llama3-8b,anyedit,ripple,ripple_random_row1836,ripple_aliasing,hit,post,0.0
llama3-8b,anyedit,ripple,ripple_random_row1505,efficacy,hit,pre,0.0
llama3-8b,anyedit,ripple,ripple_random_row1505,ripple_aliasing,hit,pre,0.0
llama3-8b,anyedit,ripple,ripple_random_row1505,efficacy,hit,post,1.0
llama3-8b,anyedit,ripple,ripple_random_row1505,ripple_aliasing,hit,post,1.0
llama3-8b,anyedit,ripple,ripple_random_row1646,efficacy,hit,pre,0.0
llama3-8b,anyedit,ripple,ripple_random_row1646,ripple_logical,hit,pre,0.0
llama3-8b,anyedit,ripple,ripple_random_row1646,ripple_compositional_i,hit,pre,0.0
llama3-8b,anyedit,ripple,ripple_random_row1646,ripple_aliasing,hit,pre,0.0
llama3-8b,anyedit,ripple,ripple_random_row1646,efficacy,hit,post,1.0
llama3-8b,anyedit,ripple,ripple_random_row1646,ripple_logical,hit,post,0.5
llama3-8b,anyedit,ripple,ripple_random_row1646,ripple_compositional_i,hit,post,0.0
llama3-8b,anyedit,ripple,ripple_random_row1646,ripple_aliasing,hit,post,0.0
llama3-8b,anyedit,ripple,ripple_random_row1709,efficacy,hit,pre,0.0
llama3-8b,anyedit,ripple,ripple_random_row1709,ripple_compositional_i,hit,pre,0.0
llama3-8b,anyedit,ripple,ripple_random_row1709,ripple_aliasing,hit,pre,0.0
llama3-8b,anyedit,ripple,ripple_random_row1709,efficacy,hit,post,1.0
llama3-8b,anyedit,ripple,ripple_random_row1709,ripple_compositional_i,hit,post,0.0
llama3-8b,anyedit,ripple,ripple_random_row1709,ripple_aliasing,hit,post,0.0
llama3-8b,anyedit,ripple,ripple_random_row1814,efficacy,hit,pre,0.0
llama3-8b,anyedit,ripple,ripple_random_row1814,ripple_aliasing,hit,pre,0.0
llama3-8b,anyedit,ripple,ripple_random_row1814,efficacy,hit,post,1.0
llama3-8b,anyedit,ripple,ripple_random_row1814,ripple_aliasing,hit,post,0.3333333333333333
llama3-8b,anyedit,ripple,ripple_random_row1889,efficacy,hit,pre,0.0
llama3-8b,anyedit,ripple,ripple_random_row1889,ripple_aliasing,hit,pre,0.0
llama3-8b,anyedit,ripple,ripple_random_row1889,efficacy,hit,post,1.0
llama3-8b,anyedit,ripple,ripple_random_row1889,ripple_aliasing,hit,post,1.0
llama3-8b,anyedit,ripple,ripple_random_row1713,efficacy,hit,pre,0.0
llama3-8b,anyedit,ripple,ripple_random_row1713,ripple_aliasing,hit,pre,0.0
llama3-8b,anyedit,ripple,ripple_random_row1713,efficacy,hit,post,1.0
llama3-8b,anyedit,ripple,ripple_random_row1713,ripple_aliasing,hit,post,1.0
llama3-8b,anyedit,ripple,ripple_random_row1582,efficacy,hit,pre,0.0
llama3-8b,anyedit,ripple,ripple_random_row1582,ripple_aliasing,hit,pre,0.0
llama3-8b,anyedit,ripple,ripple_random_row1582,efficacy,hit,post,1.0
llama3-8b,anyedit,ripple,ripple_random_row1582,ripple_aliasing,hit,post,1.0
llama3-8b,grace,ripple,ripple_popular_row657,efficacy,hit,pre,0.0
llama3-8b,grace,ripple,ripple_popular_row657,ripple_aliasing,hit,pre,0.0
llama3-8b,grace,ripple,ripple_popular_row657,ripple_relation_specificity,hit,pre,1.0
llama3-8b,grace,ripple,ripple_popular_row657,efficacy,hit,post,0.0
llama3-8b,grace,ripple,ripple_popular_row657,ripple_aliasing,hit,post,0.0
llama3-8b,grace,ripple,ripple_popular_row657,ripple_relation_specificity,hit,post,1.0
llama3-8b,grace,ripple,ripple_popular_row839,efficacy,hit,pre,0.0
llama3-8b,grace,ripple,ripple_popular_row839,ripple_aliasing,hit,pre,0.0
llama3-8b,grace,ripple,ripple_popular_row839,ripple_relation_specificity,hit,pre,1.0
llama3-8b,grace,ripple,ripple_popular_row839,efficacy,hit,post,1.0
llama3-8b,grace,ripple,ripple_popular_row839,ripple_aliasing,hit,post,0.0
llama3-8b,grace,ripple,ripple_popular_row839,ripple_relation_specificity,hit,post,1.0
llama3-8b,grace,ripple,ripple_popular_row792,efficacy,hit,pre,0.0
llama3-8b,grace,ripple,ripple_popular_row792,ripple_compositional_i,hit,pre,0.0
llama3-8b,grace,ripple,ripple_popular_row792,ripple_aliasing,hit,pre,0.0
llama3-8b,grace,ripple,ripple_popular_row792,efficacy,hit,post,1.0
llama3-8b,grace,ripple,ripple_popular_row792,ripple_compositional_i,hit,post,0.0
llama3-8b,grace,ripple,ripple_popular_row792,ripple_aliasing,hit,post,0.5
llama3-8b,grace,ripple,ripple_popular_row778,efficacy,hit,pre,0.0
llama3-8b,grace,ripple,ripple_popular_row778,ripple_logical,hit,pre,0.0
llama3-8b,grace,ripple,ripple_popular_row778,ripple_compositional_i,hit,pre,0.0
llama3-8b,grace,ripple,ripple_popular_row778,ripple_aliasing,hit,pre,0.0
llama3-8b,grace,ripple,ripple_popular_row778,ripple_relation_specificity,hit,pre,1.0
llama3-8b,grace,ripple,ripple_popular_row778,ripple_preservation,hit,pre,1.0
llama3-8b,grace,ripple,ripple_popular_row778,efficacy,hit,post,1.0
llama3-8b,grace,ripple,ripple_popular_row778,ripple_logical,hit,post,0.0
llama3-8b,grace,ripple,ripple_popular_row778,ripple_compositional_i,hit,post,0.0
llama3-8b,grace,ripple,ripple_popular_row778,ripple_aliasing,hit,post,0.0
llama3-8b,grace,ripple,ripple_popular_row778,ripple_relation_specificity,hit,post,1.0
llama3-8b,grace,ripple,ripple_popular_row778,ripple_preservation,hit,post,1.0
llama3-8b,grace,ripple,ripple_popular_row846,efficacy,hit,pre,0.0
llama3-8b,grace,ripple,ripple_popular_row846,ripple_compositional_i,hit,pre,0.0
llama3-8b,grace,ripple,ripple_popular_row846,ripple_aliasing,hit,pre,0.0
llama3-8b,grace,ripple,ripple_popular_row846,ripple_relation_specificity,hit,pre,1.0
llama3-8b,grace,ripple,ripple_popular_row846,ripple_preservation,hit,pre,1.0
llama3-8b,grace,ripple,ripple_popular_row846,efficacy,hit,post,1.0
llama3-8b,grace,ripple,ripple_popular_row846,ripple_compositional_i,hit,post,0.0
llama3-8b,grace,ripple,ripple_popular_row846,ripple_aliasing,hit,post,0.0
llama3-8b,grace,ripple,ripple_popular_row846,ripple_relation_specificity,hit,post,1.0
llama3-8b,grace,ripple,ripple_popular_row846,ripple_preservation,hit,post,1.0
llama3-8b,grace,ripple,ripple_popular_row735,efficacy,hit,pre,0.0
llama3-8b,grace,ripple,ripple_popular_row735,ripple_compositional_i,hit,pre,0.0
llama3-8b,grace,ripple,ripple_popular_row735,ripple_aliasing,hit,pre,0.0
llama3-8b,grace,ripple,ripple_popular_row735,efficacy,hit,post,1.0
llama3-8b,grace,ripple,ripple_popular_row735,ripple_compositional_i,hit,post,0.0
llama3-8b,grace,ripple,ripple_popular_row735,ripple_aliasing,hit,post,0.0
llama3-8b,grace,ripple,ripple_popular_row867,efficacy,hit,pre,0.0
llama3-8b,grace,ripple,ripple_popular_row867,ripple_logical,hit,pre,0.0
llama3-8b,grace,ripple,ripple_popular_row867,ripple_aliasing,hit,pre,0.0
llama3-8b,grace,ripple,ripple_popular_row867,efficacy,hit,post,1.0
llama3-8b,grace,ripple,ripple_popular_row867,ripple_logical,hit,post,0.0
llama3-8b,grace,ripple,ripple_popular_row867,ripple_aliasing,hit,post,0.0
llama3-8b,grace,ripple,ripple_popular_row838,efficacy,hit,pre,0.0
llama3-8b,grace,ripple,ripple_popular_row838,ripple_logical,hit,pre,0.0
llama3-8b,grace,ripple,ripple_popular_row838,ripple_aliasing,hit,pre,0.0
llama3-8b,grace,ripple,ripple_popular_row838,ripple_relation_specificity,hit,pre,1.0
llama3-8b,grace,ripple,ripple_popular_row838,efficacy,hit,post,1.0
llama3-8b,grace,ripple,ripple_popular_row838,ripple_logical,hit,post,0.0
llama3-8b,grace,ripple,ripple_popular_row838,ripple_aliasing,hit,post,0.0
llama3-8b,grace,ripple,ripple_popular_row838,ripple_relation_specificity,hit,post,1.0
llama3-8b,grace,ripple,ripple_popular_row716,efficacy,hit,pre,0.0
llama3-8b,grace,ripple,ripple_popular_row716,ripple_logical,hit,pre,0.0
llama3-8b,grace,ripple,ripple_popular_row716,ripple_compositional_i,hit,pre,0.0
llama3-8b,grace,ripple,ripple_popular_row716,ripple_aliasing,hit,pre,0.0
llama3-8b,grace,ripple,ripple_popular_row716,ripple_relation_specificity,hit,pre,1.0
llama3-8b,grace,ripple,ripple_popular_row716,efficacy,hit,post,1.0
llama3-8b,grace,ripple,ripple_popular_row716,ripple_logical,hit,post,0.0
llama3-8b,grace,ripple,ripple_popular_row716,ripple_compositional_i,hit,post,0.0
llama3-8b,grace,ripple,ripple_popular_row716,ripple_aliasing,hit,post,0.0
llama3-8b,grace,ripple,ripple_popular_row716,ripple_relation_specificity,hit,post,1.0
llama3-8b,grace,ripple,ripple_popular_row857,efficacy,hit,pre,0.0
llama3-8b,grace,ripple,ripple_popular_row857,ripple_logical,hit,pre,0.0
llama3-8b,grace,ripple,ripple_popular_row857,ripple_aliasing,hit,pre,0.0
llama3-8b,grace,ripple,ripple_popular_row857,ripple_relation_specificity,hit,pre,1.0
llama3-8b,grace,ripple,ripple_popular_row857,efficacy,hit,post,0.0
llama3-8b,grace,ripple,ripple_popular_row857,ripple_logical,hit,post,0.0
llama3-8b,grace,ripple,ripple_popular_row857,ripple_aliasing,hit,post,0.0
llama3-8b,grace,ripple,ripple_popular_row857,ripple_relation_specificity,hit,post,1.0
llama3-8b,grace,ripple,ripple_popular_row868,efficacy,hit,pre,0.0
llama3-8b,grace,ripple,ripple_popular_row868,ripple_compositional_i,hit,pre,0.2
llama3-8b,grace,ripple,ripple_popular_row868,ripple_relation_specificity,hit,pre,1.0
llama3-8b,grace,ripple,ripple_popular_row868,efficacy,hit,post,1.0
llama3-8b,grace,ripple,ripple_popular_row868,ripple_compositional_i,hit,post,0.2
llama3-8b,grace,ripple,ripple_popular_row868,ripple_relation_specificity,hit,post,1.0
llama3-8b,grace,ripple,ripple_popular_row699,efficacy,hit,pre,0.0
llama3-8b,grace,ripple,ripple_popular_row699,ripple_aliasing,hit,pre,0.0
llama3-8b,grace,ripple,ripple_popular_row699,efficacy,hit,post,1.0
llama3-8b,grace,ripple,ripple_popular_row699,ripple_aliasing,hit,post,0.0
llama3-8b,grace,ripple,ripple_popular_row825,efficacy,hit,pre,0.0
llama3-8b,grace,ripple,ripple_popular_row825,ripple_aliasing,hit,pre,0.0
llama3-8b,grace,ripple,ripple_popular_row825,ripple_relation_specificity,hit,pre,1.0
llama3-8b,grace,ripple,ripple_popular_row825,efficacy,hit,post,1.0
llama3-8b,grace,ripple,ripple_popular_row825,ripple_aliasing,hit,post,0.0
llama3-8b,grace,ripple,ripple_popular_row825,ripple_relation_specificity,hit,post,1.0
llama3-8b,grace,ripple,ripple_popular_row866,efficacy,hit,pre,0.0
llama3-8b,grace,ripple,ripple_popular_row866,ripple_compositional_i,hit,pre,0.3333333333333333
llama3-8b,grace,ripple,ripple_popular_row866,ripple_compositional_ii,hit,pre,0.0
llama3-8b,grace,ripple,ripple_popular_row866,ripple_aliasing,hit,pre,0.0
llama3-8b,grace,ripple,ripple_popular_row866,ripple_relation_specificity,hit,pre,1.0
llama3-8b,grace,ripple,ripple_popular_row866,efficacy,hit,post,1.0
llama3-8b,grace,ripple,ripple_popular_row866,ripple_compositional_i,hit,post,0.3333333333333333
llama3-8b,grace,ripple,ripple_popular_row866,ripple_compositional_ii,hit,post,0.0
llama3-8b,grace,ripple,ripple_popular_row866,ripple_aliasing,hit,post,0.0
llama3-8b,grace,ripple,ripple_popular_row866,ripple_relation_specificity,hit,post,1.0
llama3-8b,grace,ripple,ripple_popular_row642,efficacy,hit,pre,0.0
llama3-8b,grace,ripple,ripple_popular_row642,ripple_aliasing,hit,pre,0.0
llama3-8b,grace,ripple,ripple_popular_row642,ripple_relation_specificity,hit,pre,1.0
llama3-8b,grace,ripple,ripple_popular_row642,efficacy,hit,post,1.0
llama3-8b,grace,ripple,ripple_popular_row642,ripple_aliasing,hit,post,1.0
llama3-8b,grace,ripple,ripple_popular_row642,ripple_relation_specificity,hit,post,1.0
llama3-8b,grace,ripple,ripple_popular_row653,efficacy,hit,pre,0.0
llama3-8b,grace,ripple,ripple_popular_row653,ripple_logical,hit,pre,0.0
llama3-8b,grace,ripple,ripple_popular_row653,efficacy,hit,post,1.0
llama3-8b,grace,ripple,ripple_popular_row653,ripple_logical,hit,post,0.0
llama3-8b,grace,ripple,ripple_popular_row663,efficacy,hit,pre,0.0
llama3-8b,grace,ripple,ripple_popular_row663,ripple_relation_specificity,hit,pre,1.0
llama3-8b,grace,ripple,ripple_popular_row663,efficacy,hit,post,1.0
llama3-8b,grace,ripple,ripple_popular_row663,ripple_relation_specificity,hit,post,1.0
llama3-8b,grace,ripple,ripple_popular_row692,efficacy,hit,pre,0.0
llama3-8b,grace,ripple,ripple_popular_row692,ripple_logical,hit,pre,0.0
llama3-8b,grace,ripple,ripple_popular_row692,ripple_aliasing,hit,pre,0.0
llama3-8b,grace,ripple,ripple_popular_row692,ripple_relation_specificity,hit,pre,1.0
llama3-8b,grace,ripple,ripple_popular_row692,efficacy,hit,post,1.0
llama3-8b,grace,ripple,ripple_popular_row692,ripple_logical,hit,post,0.0
llama3-8b,grace,ripple,ripple_popular_row692,ripple_aliasing,hit,post,0.0
llama3-8b,grace,ripple,ripple_popular_row692,ripple_relation_specificity,hit,post,1.0
llama3-8b,grace,ripple,ripple_popular_row701,efficacy,hit,pre,0.0
llama3-8b,grace,ripple,ripple_popular_row701,ripple_logical,hit,pre,0.0
llama3-8b,grace,ripple,ripple_popular_row701,ripple_aliasing,hit,pre,0.0
llama3-8b,grace,ripple,ripple_popular_row701,efficacy,hit,post,1.0
llama3-8b,grace,ripple,ripple_popular_row701,ripple_logical,hit,post,0.0
llama3-8b,grace,ripple,ripple_popular_row701,ripple_aliasing,hit,post,0.0
llama3-8b,grace,ripple,ripple_popular_row690,efficacy,hit,pre,0.0
llama3-8b,grace,ripple,ripple_popular_row690,ripple_aliasing,hit,pre,0.0
llama3-8b,grace,ripple,ripple_popular_row690,ripple_relation_specificity,hit,pre,1.0
llama3-8b,grace,ripple,ripple_popular_row690,efficacy,hit,post,1.0
llama3-8b,grace,ripple,ripple_popular_row690,ripple_aliasing,hit,post,0.3333333333333333
llama3-8b,grace,ripple,ripple_popular_row690,ripple_relation_specificity,hit,post,1.0
llama3-8b,grace,ripple,ripple_popular_row668,efficacy,hit,pre,0.0
llama3-8b,grace,ripple,ripple_popular_row668,ripple_aliasing,hit,pre,0.0
llama3-8b,grace,ripple,ripple_popular_row668,ripple_relation_specificity,hit,pre,1.0
llama3-8b,grace,ripple,ripple_popular_row668,efficacy,hit,post,0.0
llama3-8b,grace,ripple,ripple_popular_row668,ripple_aliasing,hit,post,0.0
llama3-8b,grace,ripple,ripple_popular_row668,ripple_relation_specificity,hit,post,1.0
llama3-8b,grace,ripple,ripple_popular_row810,efficacy,hit,pre,0.0
llama3-8b,grace,ripple,ripple_popular_row810,ripple_logical,hit,pre,0.0
llama3-8b,grace,ripple,ripple_popular_row810,ripple_aliasing,hit,pre,0.0
llama3-8b,grace,ripple,ripple_popular_row810,ripple_relation_specificity,hit,pre,1.0
llama3-8b,grace,ripple,ripple_popular_row810,efficacy,hit,post,1.0
llama3-8b,grace,ripple,ripple_popular_row810,ripple_logical,hit,post,0.0
llama3-8b,grace,ripple,ripple_popular_row810,ripple_aliasing,hit,post,0.0
llama3-8b,grace,ripple,ripple_popular_row810,ripple_relation_specificity,hit,post,1.0
llama3-8b,grace,ripple,ripple_popular_row870,efficacy,hit,pre,0.0
llama3-8b,grace,ripple,ripple_popular_row870,ripple_compositional_i,hit,pre,0.5
llama3-8b,grace,ripple,ripple_popular_row870,efficacy,hit,post,1.0
llama3-8b,grace,ripple,ripple_popular_row870,ripple_compositional_i,hit,post,0.5
llama3-8b,grace,ripple,ripple_popular_row646,efficacy,hit,pre,0.0
llama3-8b,grace,ripple,ripple_popular_row646,ripple_compositional_i,hit,pre,0.0
llama3-8b,grace,ripple,ripple_popular_row646,ripple_aliasing,hit,pre,0.0
llama3-8b,grace,ripple,ripple_popular_row646,ripple_relation_specificity,hit,pre,1.0
llama3-8b,grace,ripple,ripple_popular_row646,efficacy,hit,post,1.0
llama3-8b,grace,ripple,ripple_popular_row646,ripple_compositional_i,hit,post,0.0
llama3-8b,grace,ripple,ripple_popular_row646,ripple_aliasing,hit,post,0.0
llama3-8b,grace,ripple,ripple_popular_row646,ripple_relation_specificity,hit,post,1.0
llama3-8b,grace,ripple,ripple_popular_row697,efficacy,hit,pre,0.0
llama3-8b,grace,ripple,ripple_popular_row697,ripple_aliasing,hit,pre,0.0
llama3-8b,grace,ripple,ripple_popular_row697,ripple_relation_specificity,hit,pre,1.0
llama3-8b,grace,ripple,ripple_popular_row697,efficacy,hit,post,1.0
llama3-8b,grace,ripple,ripple_popular_row697,ripple_aliasing,hit,post,0.5
llama3-8b,grace,ripple,ripple_popular_row697,ripple_relation_specificity,hit,post,1.0
llama3-8b,grace,ripple,ripple_popular_row613,efficacy,hit,pre,0.0
llama3-8b,grace,ripple,ripple_popular_row613,ripple_logical,hit,pre,0.0
llama3-8b,grace,ripple,ripple_popular_row613,ripple_compositional_i,hit,pre,0.5
llama3-8b,grace,ripple,ripple_popular_row613,ripple_aliasing,hit,pre,0.0
llama3-8b,grace,ripple,ripple_popular_row613,ripple_relation_specificity,hit,pre,1.0
llama3-8b,grace,ripple,ripple_popular_row613,efficacy,hit,post,1.0
llama3-8b,grace,ripple,ripple_popular_row613,ripple_logical,hit,post,0.0
llama3-8b,grace,ripple,ripple_popular_row613,ripple_compositional_i,hit,post,0.5
llama3-8b,grace,ripple,ripple_popular_row613,ripple_aliasing,hit,post,0.2
llama3-8b,grace,ripple,ripple_popular_row613,ripple_relation_specificity,hit,post,1.0
llama3-8b,grace,ripple,ripple_popular_row710,efficacy,hit,pre,0.0
llama3-8b,grace,ripple,ripple_popular_row710,efficacy,hit,post,1.0
llama3-8b,grace,ripple,ripple_popular_row819,efficacy,hit,pre,0.0
llama3-8b,grace,ripple,ripple_popular_row819,ripple_aliasing,hit,pre,0.0
llama3-8b,grace,ripple,ripple_popular_row819,ripple_relation_specificity,hit,pre,1.0
llama3-8b,grace,ripple,ripple_popular_row819,ripple_preservation,hit,pre,1.0
llama3-8b,grace,ripple,ripple_popular_row819,efficacy,hit,post,0.0
llama3-8b,grace,ripple,ripple_popular_row819,ripple_aliasing,hit,post,0.0
llama3-8b,grace,ripple,ripple_popular_row819,ripple_relation_specificity,hit,post,1.0
llama3-8b,grace,ripple,ripple_popular_row819,ripple_preservation,hit,post,1.0
llama3-8b,grace,ripple,ripple_popular_row782,efficacy,hit,pre,0.0
llama3-8b,grace,ripple,ripple_popular_row782,ripple_aliasing,hit,pre,0.0
llama3-8b,grace,ripple,ripple_popular_row782,ripple_relation_specificity,hit,pre,1.0
llama3-8b,grace,ripple,ripple_popular_row782,efficacy,hit,post,1.0
llama3-8b,grace,ripple,ripple_popular_row782,ripple_aliasing,hit,post,0.5
llama3-8b,grace,ripple,ripple_popular_row782,ripple_relation_specificity,hit,post,1.0
llama3-8b,grace,ripple,ripple_popular_row696,efficacy,hit,pre,0.0
llama3-8b,grace,ripple,ripple_popular_row696,ripple_compositional_i,hit,pre,0.3333333333333333
llama3-8b,grace,ripple,ripple_popular_row696,efficacy,hit,post,1.0
llama3-8b,grace,ripple,ripple_popular_row696,ripple_compositional_i,hit,post,0.3333333333333333
llama3-8b,grace,ripple,ripple_popular_row641,efficacy,hit,pre,0.0
llama3-8b,grace,ripple,ripple_popular_row641,ripple_aliasing,hit,pre,0.0
llama3-8b,grace,ripple,ripple_popular_row641,efficacy,hit,post,1.0
llama3-8b,grace,ripple,ripple_popular_row641,ripple_aliasing,hit,post,1.0
llama3-8b,grace,ripple,ripple_popular_row705,efficacy,hit,pre,0.0
llama3-8b,grace,ripple,ripple_popular_row705,ripple_aliasing,hit,pre,0.0
llama3-8b,grace,ripple,ripple_popular_row705,ripple_relation_specificity,hit,pre,1.0
llama3-8b,grace,ripple,ripple_popular_row705,ripple_preservation,hit,pre,1.0
llama3-8b,grace,ripple,ripple_popular_row705,efficacy,hit,post,1.0
llama3-8b,grace,ripple,ripple_popular_row705,ripple_aliasing,hit,post,0.0
llama3-8b,grace,ripple,ripple_popular_row705,ripple_relation_specificity,hit,post,1.0
llama3-8b,grace,ripple,ripple_popular_row705,ripple_preservation,hit,post,1.0
llama3-8b,grace,ripple,ripple_popular_row614,efficacy,hit,pre,0.0
llama3-8b,grace,ripple,ripple_popular_row614,ripple_compositional_i,hit,pre,0.0
llama3-8b,grace,ripple,ripple_popular_row614,ripple_aliasing,hit,pre,0.0
llama3-8b,grace,ripple,ripple_popular_row614,ripple_relation_specificity,hit,pre,1.0
llama3-8b,grace,ripple,ripple_popular_row614,ripple_preservation,hit,pre,1.0
llama3-8b,grace,ripple,ripple_popular_row614,efficacy,hit,post,1.0
llama3-8b,grace,ripple,ripple_popular_row614,ripple_compositional_i,hit,post,0.0
llama3-8b,grace,ripple,ripple_popular_row614,ripple_aliasing,hit,post,0.07692307692307693
llama3-8b,grace,ripple,ripple_popular_row614,ripple_relation_specificity,hit,post,1.0
llama3-8b,grace,ripple,ripple_popular_row614,ripple_preservation,hit,post,1.0
llama3-8b,grace,ripple,ripple_popular_row874,efficacy,hit,pre,0.0
llama3-8b,grace,ripple,ripple_popular_row874,ripple_logical,hit,pre,0.0
llama3-8b,grace,ripple,ripple_popular_row874,ripple_compositional_i,hit,pre,1.0
llama3-8b,grace,ripple,ripple_popular_row874,ripple_aliasing,hit,pre,0.0
llama3-8b,grace,ripple,ripple_popular_row874,ripple_relation_specificity,hit,pre,1.0
llama3-8b,grace,ripple,ripple_popular_row874,efficacy,hit,post,1.0
llama3-8b,grace,ripple,ripple_popular_row874,ripple_logical,hit,post,0.0
llama3-8b,grace,ripple,ripple_popular_row874,ripple_compositional_i,hit,post,1.0
llama3-8b,grace,ripple,ripple_popular_row874,ripple_aliasing,hit,post,0.0
llama3-8b,grace,ripple,ripple_popular_row874,ripple_relation_specificity,hit,post,1.0
llama3-8b,grace,ripple,ripple_popular_row610,efficacy,hit,pre,0.0
llama3-8b,grace,ripple,ripple_popular_row610,ripple_compositional_i,hit,pre,0.0
llama3-8b,grace,ripple,ripple_popular_row610,ripple_aliasing,hit,pre,0.0
llama3-8b,grace,ripple,ripple_popular_row610,efficacy,hit,post,0.0
llama3-8b,grace,ripple,ripple_popular_row610,ripple_compositional_i,hit,post,0.0
llama3-8b,grace,ripple,ripple_popular_row610,ripple_aliasing,hit,post,0.0
llama3-8b,grace,ripple,ripple_popular_row816,efficacy,hit,pre,0.0
llama3-8b,grace,ripple,ripple_popular_row816,ripple_aliasing,hit,pre,0.0
llama3-8b,grace,ripple,ripple_popular_row816,ripple_relation_specificity,hit,pre,1.0
llama3-8b,grace,ripple,ripple_popular_row816,efficacy,hit,post,1.0
llama3-8b,grace,ripple,ripple_popular_row816,ripple_aliasing,hit,post,0.5
llama3-8b,grace,ripple,ripple_popular_row816,ripple_relation_specificity,hit,post,1.0
llama3-8b,grace,ripple,ripple_popular_row717,efficacy,hit,pre,0.0
llama3-8b,grace,ripple,ripple_popular_row717,ripple_logical,hit,pre,0.0
llama3-8b,grace,ripple,ripple_popular_row717,ripple_compositional_i,hit,pre,0.0
llama3-8b,grace,ripple,ripple_popular_row717,ripple_compositional_ii,hit,pre,0.0
llama3-8b,grace,ripple,ripple_popular_row717,ripple_aliasing,hit,pre,0.0
llama3-8b,grace,ripple,ripple_popular_row717,ripple_relation_specificity,hit,pre,0.6666666666666666
llama3-8b,grace,ripple,ripple_popular_row717,efficacy,hit,post,1.0
llama3-8b,grace,ripple,ripple_popular_row717,ripple_logical,hit,post,0.0
llama3-8b,grace,ripple,ripple_popular_row717,ripple_compositional_i,hit,post,0.0
llama3-8b,grace,ripple,ripple_popular_row717,ripple_compositional_ii,hit,post,0.0
llama3-8b,grace,ripple,ripple_popular_row717,ripple_aliasing,hit,post,0.0
llama3-8b,grace,ripple,ripple_popular_row717,ripple_relation_specificity,hit,post,0.6666666666666666
llama3-8b,grace,ripple,ripple_popular_row836,efficacy,hit,pre,0.0
llama3-8b,grace,ripple,ripple_popular_row836,ripple_compositional_ii,hit,pre,0.0
llama3-8b,grace,ripple,ripple_popular_row836,ripple_aliasing,hit,pre,0.0
llama3-8b,grace,ripple,ripple_popular_row836,ripple_relation_specificity,hit,pre,1.0
llama3-8b,grace,ripple,ripple_popular_row836,efficacy,hit,post,1.0
llama3-8b,grace,ripple,ripple_popular_row836,ripple_compositional_ii,hit,post,0.0
llama3-8b,grace,ripple,ripple_popular_row836,ripple_aliasing,hit,post,0.0
llama3-8b,grace,ripple,ripple_popular_row836,ripple_relation_specificity,hit,post,1.0
llama3-8b,grace,ripple,ripple_popular_row719,efficacy,hit,pre,0.0
llama3-8b,grace,ripple,ripple_popular_row719,ripple_relation_specificity,hit,pre,1.0
llama3-8b,grace,ripple,ripple_popular_row719,ripple_preservation,hit,pre,1.0
llama3-8b,grace,ripple,ripple_popular_row719,efficacy,hit,post,1.0
llama3-8b,grace,ripple,ripple_popular_row719,ripple_relation_specificity,hit,post,1.0
llama3-8b,grace,ripple,ripple_popular_row719,ripple_preservation,hit,post,1.0
llama3-8b,grace,ripple,ripple_popular_row684,efficacy,hit,pre,0.0
llama3-8b,grace,ripple,ripple_popular_row684,ripple_aliasing,hit,pre,0.0
llama3-8b,grace,ripple,ripple_popular_row684,efficacy,hit,post,1.0
llama3-8b,grace,ripple,ripple_popular_row684,ripple_aliasing,hit,post,0.0
llama3-8b,grace,ripple,ripple_popular_row877,efficacy,hit,pre,0.0
llama3-8b,grace,ripple,ripple_popular_row877,ripple_aliasing,hit,pre,0.0
llama3-8b,grace,ripple,ripple_popular_row877,ripple_relation_specificity,hit,pre,1.0
llama3-8b,grace,ripple,ripple_popular_row877,efficacy,hit,post,0.0
llama3-8b,grace,ripple,ripple_popular_row877,ripple_aliasing,hit,post,0.0
llama3-8b,grace,ripple,ripple_popular_row877,ripple_relation_specificity,hit,post,1.0
llama3-8b,grace,ripple,ripple_popular_row763,efficacy,hit,pre,0.0
llama3-8b,grace,ripple,ripple_popular_row763,ripple_aliasing,hit,pre,0.0
llama3-8b,grace,ripple,ripple_popular_row763,ripple_relation_specificity,hit,pre,1.0
llama3-8b,grace,ripple,ripple_popular_row763,efficacy,hit,post,1.0
llama3-8b,grace,ripple,ripple_popular_row763,ripple_aliasing,hit,post,0.0
llama3-8b,grace,ripple,ripple_popular_row763,ripple_relation_specificity,hit,post,1.0
llama3-8b,grace,ripple,ripple_popular_row731,efficacy,hit,pre,0.0
llama3-8b,grace,ripple,ripple_popular_row731,ripple_aliasing,hit,pre,0.0
llama3-8b,grace,ripple,ripple_popular_row731,ripple_relation_specificity,hit,pre,1.0
llama3-8b,grace,ripple,ripple_popular_row731,efficacy,hit,post,1.0
llama3-8b,grace,ripple,ripple_popular_row731,ripple_aliasing,hit,post,0.0
llama3-8b,grace,ripple,ripple_popular_row731,ripple_relation_specificity,hit,post,1.0
llama3-8b,grace,ripple,ripple_popular_row799,efficacy,hit,pre,0.0
llama3-8b,grace,ripple,ripple_popular_row799,ripple_aliasing,hit,pre,0.0
llama3-8b,grace,ripple,ripple_popular_row799,ripple_relation_specificity,hit,pre,1.0
llama3-8b,grace,ripple,ripple_popular_row799,ripple_preservation,hit,pre,1.0
llama3-8b,grace,ripple,ripple_popular_row799,efficacy,hit,post,1.0
llama3-8b,grace,ripple,ripple_popular_row799,ripple_aliasing,hit,post,0.0
llama3-8b,grace,ripple,ripple_popular_row799,ripple_relation_specificity,hit,post,1.0
llama3-8b,grace,ripple,ripple_popular_row799,ripple_preservation,hit,post,1.0
llama3-8b,grace,ripple,ripple_popular_row880,efficacy,hit,pre,0.0
llama3-8b,grace,ripple,ripple_popular_row880,ripple_aliasing,hit,pre,0.0
llama3-8b,grace,ripple,ripple_popular_row880,ripple_relation_specificity,hit,pre,1.0
llama3-8b,grace,ripple,ripple_popular_row880,efficacy,hit,post,0.0
llama3-8b,grace,ripple,ripple_popular_row880,ripple_aliasing,hit,post,0.0
llama3-8b,grace,ripple,ripple_popular_row880,ripple_relation_specificity,hit,post,1.0
llama3-8b,grace,ripple,ripple_popular_row680,efficacy,hit,pre,0.0
llama3-8b,grace,ripple,ripple_popular_row680,ripple_compositional_ii,hit,pre,0.0
llama3-8b,grace,ripple,ripple_popular_row680,ripple_aliasing,hit,pre,0.0
llama3-8b,grace,ripple,ripple_popular_row680,ripple_relation_specificity,hit,pre,1.0
llama3-8b,grace,ripple,ripple_popular_row680,efficacy,hit,post,1.0
llama3-8b,grace,ripple,ripple_popular_row680,ripple_compositional_ii,hit,post,0.0
llama3-8b,grace,ripple,ripple_popular_row680,ripple_aliasing,hit,post,0.2
llama3-8b,grace,ripple,ripple_popular_row680,ripple_relation_specificity,hit,post,1.0
llama3-8b,grace,ripple,ripple_popular_row737,efficacy,hit,pre,0.0
llama3-8b,grace,ripple,ripple_popular_row737,ripple_compositional_i,hit,pre,0.5
llama3-8b,grace,ripple,ripple_popular_row737,ripple_aliasing,hit,pre,0.0
llama3-8b,grace,ripple,ripple_popular_row737,ripple_relation_specificity,hit,pre,1.0
llama3-8b,grace,ripple,ripple_popular_row737,ripple_preservation,hit,pre,1.0
llama3-8b,grace,ripple,ripple_popular_row737,efficacy,hit,post,1.0
llama3-8b,grace,ripple,ripple_popular_row737,ripple_compositional_i,hit,post,0.5
llama3-8b,grace,ripple,ripple_popular_row737,ripple_aliasing,hit,post,0.0
llama3-8b,grace,ripple,ripple_popular_row737,ripple_relation_specificity,hit,post,1.0
llama3-8b,grace,ripple,ripple_popular_row737,ripple_preservation,hit,post,1.0
llama3-8b,grace,ripple,ripple_popular_row712,efficacy,hit,pre,0.0
llama3-8b,grace,ripple,ripple_popular_row712,ripple_aliasing,hit,pre,0.0
llama3-8b,grace,ripple,ripple_popular_row712,ripple_relation_specificity,hit,pre,1.0
llama3-8b,grace,ripple,ripple_popular_row712,efficacy,hit,post,0.0
llama3-8b,grace,ripple,ripple_popular_row712,ripple_aliasing,hit,post,0.0
llama3-8b,grace,ripple,ripple_popular_row712,ripple_relation_specificity,hit,post,1.0
llama3-8b,grace,ripple,ripple_popular_row789,efficacy,hit,pre,0.0
llama3-8b,grace,ripple,ripple_popular_row789,ripple_aliasing,hit,pre,0.0
llama3-8b,grace,ripple,ripple_popular_row789,ripple_relation_specificity,hit,pre,1.0
llama3-8b,grace,ripple,ripple_popular_row789,efficacy,hit,post,1.0
llama3-8b,grace,ripple,ripple_popular_row789,ripple_aliasing,hit,post,0.3333333333333333
llama3-8b,grace,ripple,ripple_popular_row789,ripple_relation_specificity,hit,post,1.0
llama3-8b,grace,ripple,ripple_popular_row881,efficacy,hit,pre,0.0
llama3-8b,grace,ripple,ripple_popular_row881,ripple_logical,hit,pre,0.0
llama3-8b,grace,ripple,ripple_popular_row881,ripple_compositional_i,hit,pre,0.0
llama3-8b,grace,ripple,ripple_popular_row881,ripple_aliasing,hit,pre,0.0
llama3-8b,grace,ripple,ripple_popular_row881,ripple_relation_specificity,hit,pre,1.0
llama3-8b,grace,ripple,ripple_popular_row881,efficacy,hit,post,0.0
llama3-8b,grace,ripple,ripple_popular_row881,ripple_logical,hit,post,0.0
llama3-8b,grace,ripple,ripple_popular_row881,ripple_compositional_i,hit,post,0.0
llama3-8b,grace,ripple,ripple_popular_row881,ripple_aliasing,hit,post,0.0
llama3-8b,grace,ripple,ripple_popular_row881,ripple_relation_specificity,hit,post,1.0
llama3-8b,grace,ripple,ripple_popular_row863,efficacy,hit,pre,0.0
llama3-8b,grace,ripple,ripple_popular_row863,ripple_aliasing,hit,pre,0.0
llama3-8b,grace,ripple,ripple_popular_row863,ripple_relation_specificity,hit,pre,1.0
llama3-8b,grace,ripple,ripple_popular_row863,efficacy,hit,post,1.0
llama3-8b,grace,ripple,ripple_popular_row863,ripple_aliasing,hit,post,0.0
llama3-8b,grace,ripple,ripple_popular_row863,ripple_relation_specificity,hit,post,1.0
llama3-8b,grace,ripple,ripple_popular_row873,efficacy,hit,pre,0.0
llama3-8b,grace,ripple,ripple_popular_row873,ripple_compositional_i,hit,pre,0.2
llama3-8b,grace,ripple,ripple_popular_row873,ripple_aliasing,hit,pre,0.0
llama3-8b,grace,ripple,ripple_popular_row873,ripple_relation_specificity,hit,pre,1.0
llama3-8b,grace,ripple,ripple_popular_row873,efficacy,hit,post,1.0
llama3-8b,grace,ripple,ripple_popular_row873,ripple_compositional_i,hit,post,0.2
llama3-8b,grace,ripple,ripple_popular_row873,ripple_aliasing,hit,post,1.0
llama3-8b,grace,ripple,ripple_popular_row873,ripple_relation_specificity,hit,post,1.0
llama3-8b,grace,ripple,ripple_popular_row708,efficacy,hit,pre,0.0
llama3-8b,grace,ripple,ripple_popular_row708,ripple_compositional_ii,hit,pre,0.0
llama3-8b,grace,ripple,ripple_popular_row708,ripple_aliasing,hit,pre,0.0
llama3-8b,grace,ripple,ripple_popular_row708,ripple_relation_specificity,hit,pre,1.0
llama3-8b,grace,ripple,ripple_popular_row708,efficacy,hit,post,1.0
llama3-8b,grace,ripple,ripple_popular_row708,ripple_compositional_ii,hit,post,0.0
llama3-8b,grace,ripple,ripple_popular_row708,ripple_aliasing,hit,post,0.0
llama3-8b,grace,ripple,ripple_popular_row708,ripple_relation_specificity,hit,post,1.0
llama3-8b,grace,ripple,ripple_popular_row850,efficacy,hit,pre,0.0
llama3-8b,grace,ripple,ripple_popular_row850,ripple_relation_specificity,hit,pre,1.0
llama3-8b,grace,ripple,ripple_popular_row850,efficacy,hit,post,1.0
llama3-8b,grace,ripple,ripple_popular_row850,ripple_relation_specificity,hit,post,1.0
llama3-8b,grace,ripple,ripple_popular_row634,efficacy,hit,pre,0.0
llama3-8b,grace,ripple,ripple_popular_row634,ripple_aliasing,hit,pre,0.0
llama3-8b,grace,ripple,ripple_popular_row634,efficacy,hit,post,1.0
llama3-8b,grace,ripple,ripple_popular_row634,ripple_aliasing,hit,post,0.0
llama3-8b,grace,ripple,ripple_popular_row796,efficacy,hit,pre,0.0
llama3-8b,grace,ripple,ripple_popular_row796,ripple_relation_specificity,hit,pre,1.0
llama3-8b,grace,ripple,ripple_popular_row796,efficacy,hit,post,0.0
llama3-8b,grace,ripple,ripple_popular_row796,ripple_relation_specificity,hit,post,1.0
llama3-8b,grace,ripple,ripple_popular_row751,efficacy,hit,pre,0.0
llama3-8b,grace,ripple,ripple_popular_row751,ripple_logical,hit,pre,0.0
llama3-8b,grace,ripple,ripple_popular_row751,ripple_aliasing,hit,pre,0.0
llama3-8b,grace,ripple,ripple_popular_row751,ripple_relation_specificity,hit,pre,1.0
llama3-8b,grace,ripple,ripple_popular_row751,efficacy,hit,post,0.0
llama3-8b,grace,ripple,ripple_popular_row751,ripple_logical,hit,post,0.0
llama3-8b,grace,ripple,ripple_popular_row751,ripple_aliasing,hit,post,0.25
llama3-8b,grace,ripple,ripple_popular_row751,ripple_relation_specificity,hit,post,1.0
llama3-8b,grace,ripple,ripple_popular_row871,efficacy,hit,pre,0.0
llama3-8b,grace,ripple,ripple_popular_row871,ripple_logical,hit,pre,0.0
llama3-8b,grace,ripple,ripple_popular_row871,efficacy,hit,post,1.0
llama3-8b,grace,ripple,ripple_popular_row871,ripple_logical,hit,post,0.0
llama3-8b,grace,ripple,ripple_popular_row746,efficacy,hit,pre,0.0
llama3-8b,grace,ripple,ripple_popular_row746,ripple_aliasing,hit,pre,0.0
llama3-8b,grace,ripple,ripple_popular_row746,ripple_relation_specificity,hit,pre,1.0
llama3-8b,grace,ripple,ripple_popular_row746,ripple_preservation,hit,pre,1.0
llama3-8b,grace,ripple,ripple_popular_row746,efficacy,hit,post,1.0
llama3-8b,grace,ripple,ripple_popular_row746,ripple_aliasing,hit,post,0.3333333333333333
llama3-8b,grace,ripple,ripple_popular_row746,ripple_relation_specificity,hit,post,1.0
llama3-8b,grace,ripple,ripple_popular_row746,ripple_preservation,hit,post,1.0
llama3-8b,grace,ripple,ripple_popular_row829,efficacy,hit,pre,0.0
llama3-8b,grace,ripple,ripple_popular_row829,ripple_aliasing,hit,pre,0.0
llama3-8b,grace,ripple,ripple_popular_row829,ripple_relation_specificity,hit,pre,1.0
llama3-8b,grace,ripple,ripple_popular_row829,efficacy,hit,post,1.0
llama3-8b,grace,ripple,ripple_popular_row829,ripple_aliasing,hit,post,0.0
llama3-8b,grace,ripple,ripple_popular_row829,ripple_relation_specificity,hit,post,1.0
llama3-8b,grace,ripple,ripple_popular_row658,efficacy,hit,pre,0.0
llama3-8b,grace,ripple,ripple_popular_row658,ripple_logical,hit,pre,0.0
llama3-8b,grace,ripple,ripple_popular_row658,ripple_compositional_i,hit,pre,0.0
llama3-8b,grace,ripple,ripple_popular_row658,ripple_aliasing,hit,pre,0.0
llama3-8b,grace,ripple,ripple_popular_row658,efficacy,hit,post,1.0
llama3-8b,grace,ripple,ripple_popular_row658,ripple_logical,hit,post,0.0
llama3-8b,grace,ripple,ripple_popular_row658,ripple_compositional_i,hit,post,0.0
llama3-8b,grace,ripple,ripple_popular_row658,ripple_aliasing,hit,post,0.0
llama3-8b,grace,ripple,ripple_popular_row884,efficacy,hit,pre,0.0
llama3-8b,grace,ripple,ripple_popular_row884,ripple_logical,hit,pre,0.0
llama3-8b,grace,ripple,ripple_popular_row884,ripple_compositional_i,hit,pre,0.0
llama3-8b,grace,ripple,ripple_popular_row884,ripple_compositional_ii,hit,pre,0.0
llama3-8b,grace,ripple,ripple_popular_row884,ripple_aliasing,hit,pre,0.0
llama3-8b,grace,ripple,ripple_popular_row884,ripple_relation_specificity,hit,pre,1.0
llama3-8b,grace,ripple,ripple_popular_row884,efficacy,hit,post,1.0
llama3-8b,grace,ripple,ripple_popular_row884,ripple_logical,hit,post,0.0
llama3-8b,grace,ripple,ripple_popular_row884,ripple_compositional_i,hit,post,0.0
llama3-8b,grace,ripple,ripple_popular_row884,ripple_compositional_ii,hit,post,0.0
llama3-8b,grace,ripple,ripple_popular_row884,ripple_aliasing,hit,post,0.125
llama3-8b,grace,ripple,ripple_popular_row884,ripple_relation_specificity,hit,post,1.0
llama3-8b,grace,ripple,ripple_popular_row619,efficacy,hit,pre,0.0
llama3-8b,grace,ripple,ripple_popular_row619,ripple_compositional_i,hit,pre,0.0
llama3-8b,grace,ripple,ripple_popular_row619,ripple_aliasing,hit,pre,0.0
llama3-8b,grace,ripple,ripple_popular_row619,ripple_relation_specificity,hit,pre,1.0
llama3-8b,grace,ripple,ripple_popular_row619,efficacy,hit,post,1.0
llama3-8b,grace,ripple,ripple_popular_row619,ripple_compositional_i,hit,post,0.0
llama3-8b,grace,ripple,ripple_popular_row619,ripple_aliasing,hit,post,0.0
llama3-8b,grace,ripple,ripple_popular_row619,ripple_relation_specificity,hit,post,1.0
llama3-8b,grace,ripple,ripple_popular_row649,efficacy,hit,pre,0.0
llama3-8b,grace,ripple,ripple_popular_row649,ripple_logical,hit,pre,0.0
llama3-8b,grace,ripple,ripple_popular_row649,ripple_aliasing,hit,pre,0.0
llama3-8b,grace,ripple,ripple_popular_row649,efficacy,hit,post,0.0
llama3-8b,grace,ripple,ripple_popular_row649,ripple_logical,hit,post,0.0
llama3-8b,grace,ripple,ripple_popular_row649,ripple_aliasing,hit,post,0.0
llama3-8b,grace,ripple,ripple_popular_row688,efficacy,hit,pre,0.0
llama3-8b,grace,ripple,ripple_popular_row688,ripple_aliasing,hit,pre,0.0
llama3-8b,grace,ripple,ripple_popular_row688,ripple_relation_specificity,hit,pre,1.0
llama3-8b,grace,ripple,ripple_popular_row688,efficacy,hit,post,1.0
llama3-8b,grace,ripple,ripple_popular_row688,ripple_aliasing,hit,post,0.5
llama3-8b,grace,ripple,ripple_popular_row688,ripple_relation_specificity,hit,post,1.0
llama3-8b,grace,ripple,ripple_popular_row639,efficacy,hit,pre,0.0
llama3-8b,grace,ripple,ripple_popular_row639,ripple_aliasing,hit,pre,0.0
llama3-8b,grace,ripple,ripple_popular_row639,ripple_relation_specificity,hit,pre,1.0
llama3-8b,grace,ripple,ripple_popular_row639,efficacy,hit,post,0.0
llama3-8b,grace,ripple,ripple_popular_row639,ripple_aliasing,hit,post,0.0
llama3-8b,grace,ripple,ripple_popular_row639,ripple_relation_specificity,hit,post,1.0
llama3-8b,grace,ripple,ripple_popular_row665,efficacy,hit,pre,0.0
llama3-8b,grace,ripple,ripple_popular_row665,ripple_logical,hit,pre,0.0
llama3-8b,grace,ripple,ripple_popular_row665,efficacy,hit,post,1.0
llama3-8b,grace,ripple,ripple_popular_row665,ripple_logical,hit,post,0.0
llama3-8b,grace,ripple,ripple_popular_row801,efficacy,hit,pre,0.0
llama3-8b,grace,ripple,ripple_popular_row801,ripple_aliasing,hit,pre,0.0
llama3-8b,grace,ripple,ripple_popular_row801,efficacy,hit,post,1.0
llama3-8b,grace,ripple,ripple_popular_row801,ripple_aliasing,hit,post,0.3333333333333333
llama3-8b,grace,ripple,ripple_popular_row601,efficacy,hit,pre,0.0
llama3-8b,grace,ripple,ripple_popular_row601,ripple_aliasing,hit,pre,0.0
llama3-8b,grace,ripple,ripple_popular_row601,ripple_relation_specificity,hit,pre,1.0
llama3-8b,grace,ripple,ripple_popular_row601,efficacy,hit,post,0.0
llama3-8b,grace,ripple,ripple_popular_row601,ripple_aliasing,hit,post,1.0
llama3-8b,grace,ripple,ripple_popular_row601,ripple_relation_specificity,hit,post,1.0
llama3-8b,grace,ripple,ripple_popular_row779,efficacy,hit,pre,0.0
llama3-8b,grace,ripple,ripple_popular_row779,ripple_logical,hit,pre,0.0
llama3-8b,grace,ripple,ripple_popular_row779,ripple_aliasing,hit,pre,0.0
llama3-8b,grace,ripple,ripple_popular_row779,efficacy,hit,post,1.0
llama3-8b,grace,ripple,ripple_popular_row779,ripple_logical,hit,post,0.0
llama3-8b,grace,ripple,ripple_popular_row779,ripple_aliasing,hit,post,0.0
llama3-8b,grace,ripple,ripple_popular_row817,efficacy,hit,pre,0.0
llama3-8b,grace,ripple,ripple_popular_row817,ripple_aliasing,hit,pre,0.0
llama3-8b,grace,ripple,ripple_popular_row817,ripple_relation_specificity,hit,pre,1.0
llama3-8b,grace,ripple,ripple_popular_row817,efficacy,hit,post,0.0
llama3-8b,grace,ripple,ripple_popular_row817,ripple_aliasing,hit,post,0.0
llama3-8b,grace,ripple,ripple_popular_row817,ripple_relation_specificity,hit,post,1.0
llama3-8b,grace,ripple,ripple_popular_row729,efficacy,hit,pre,0.0
llama3-8b,grace,ripple,ripple_popular_row729,ripple_aliasing,hit,pre,0.0
llama3-8b,grace,ripple,ripple_popular_row729,efficacy,hit,post,1.0
llama3-8b,grace,ripple,ripple_popular_row729,ripple_aliasing,hit,post,0.2727272727272727
llama3-8b,grace,ripple,ripple_popular_row720,efficacy,hit,pre,0.0
llama3-8b,grace,ripple,ripple_popular_row720,ripple_logical,hit,pre,0.0
llama3-8b,grace,ripple,ripple_popular_row720,ripple_aliasing,hit,pre,0.0
llama3-8b,grace,ripple,ripple_popular_row720,ripple_relation_specificity,hit,pre,1.0
llama3-8b,grace,ripple,ripple_popular_row720,efficacy,hit,post,1.0
llama3-8b,grace,ripple,ripple_popular_row720,ripple_logical,hit,post,0.0
llama3-8b,grace,ripple,ripple_popular_row720,ripple_aliasing,hit,post,0.0
llama3-8b,grace,ripple,ripple_popular_row720,ripple_relation_specificity,hit,post,1.0
llama3-8b,grace,ripple,ripple_popular_row632,efficacy,hit,pre,0.0
llama3-8b,grace,ripple,ripple_popular_row632,ripple_aliasing,hit,pre,0.0
llama3-8b,grace,ripple,ripple_popular_row632,ripple_relation_specificity,hit,pre,1.0
llama3-8b,grace,ripple,ripple_popular_row632,efficacy,hit,post,1.0
llama3-8b,grace,ripple,ripple_popular_row632,ripple_aliasing,hit,post,1.0
llama3-8b,grace,ripple,ripple_popular_row632,ripple_relation_specificity,hit,post,1.0
llama3-8b,grace,ripple,ripple_popular_row667,efficacy,hit,pre,0.0
llama3-8b,grace,ripple,ripple_popular_row667,ripple_compositional_ii,hit,pre,0.0
llama3-8b,grace,ripple,ripple_popular_row667,ripple_aliasing,hit,pre,0.0
llama3-8b,grace,ripple,ripple_popular_row667,ripple_relation_specificity,hit,pre,1.0
llama3-8b,grace,ripple,ripple_popular_row667,ripple_preservation,hit,pre,1.0
llama3-8b,grace,ripple,ripple_popular_row667,efficacy,hit,post,1.0
llama3-8b,grace,ripple,ripple_popular_row667,ripple_compositional_ii,hit,post,0.0
llama3-8b,grace,ripple,ripple_popular_row667,ripple_aliasing,hit,post,0.3333333333333333
llama3-8b,grace,ripple,ripple_popular_row667,ripple_relation_specificity,hit,post,1.0
llama3-8b,grace,ripple,ripple_popular_row667,ripple_preservation,hit,post,1.0
llama3-8b,grace,ripple,ripple_popular_row823,efficacy,hit,pre,0.0
llama3-8b,grace,ripple,ripple_popular_row823,ripple_aliasing,hit,pre,0.0
llama3-8b,grace,ripple,ripple_popular_row823,ripple_relation_specificity,hit,pre,1.0
llama3-8b,grace,ripple,ripple_popular_row823,efficacy,hit,post,0.0
llama3-8b,grace,ripple,ripple_popular_row823,ripple_aliasing,hit,post,0.0
llama3-8b,grace,ripple,ripple_popular_row823,ripple_relation_specificity,hit,post,1.0
llama3-8b,grace,ripple,ripple_popular_row703,efficacy,hit,pre,0.0
llama3-8b,grace,ripple,ripple_popular_row703,ripple_compositional_i,hit,pre,0.0
llama3-8b,grace,ripple,ripple_popular_row703,ripple_relation_specificity,hit,pre,1.0
llama3-8b,grace,ripple,ripple_popular_row703,efficacy,hit,post,1.0
llama3-8b,grace,ripple,ripple_popular_row703,ripple_compositional_i,hit,post,0.0
llama3-8b,grace,ripple,ripple_popular_row703,ripple_relation_specificity,hit,post,1.0
llama3-8b,grace,ripple,ripple_popular_row774,efficacy,hit,pre,0.0
llama3-8b,grace,ripple,ripple_popular_row774,ripple_aliasing,hit,pre,0.0
llama3-8b,grace,ripple,ripple_popular_row774,ripple_relation_specificity,hit,pre,1.0
llama3-8b,grace,ripple,ripple_popular_row774,efficacy,hit,post,1.0
llama3-8b,grace,ripple,ripple_popular_row774,ripple_aliasing,hit,post,0.125
llama3-8b,grace,ripple,ripple_popular_row774,ripple_relation_specificity,hit,post,1.0
llama3-8b,grace,ripple,ripple_popular_row793,efficacy,hit,pre,0.0
llama3-8b,grace,ripple,ripple_popular_row793,ripple_logical,hit,pre,1.0
llama3-8b,grace,ripple,ripple_popular_row793,ripple_aliasing,hit,pre,0.0
llama3-8b,grace,ripple,ripple_popular_row793,ripple_relation_specificity,hit,pre,1.0
llama3-8b,grace,ripple,ripple_popular_row793,efficacy,hit,post,1.0
llama3-8b,grace,ripple,ripple_popular_row793,ripple_logical,hit,post,1.0
llama3-8b,grace,ripple,ripple_popular_row793,ripple_aliasing,hit,post,0.0
llama3-8b,grace,ripple,ripple_popular_row793,ripple_relation_specificity,hit,post,1.0
llama3-8b,grace,ripple,ripple_popular_row718,efficacy,hit,pre,0.0
llama3-8b,grace,ripple,ripple_popular_row718,ripple_aliasing,hit,pre,0.0
llama3-8b,grace,ripple,ripple_popular_row718,ripple_relation_specificity,hit,pre,1.0
llama3-8b,grace,ripple,ripple_popular_row718,efficacy,hit,post,1.0
llama3-8b,grace,ripple,ripple_popular_row718,ripple_aliasing,hit,post,0.5
llama3-8b,grace,ripple,ripple_popular_row718,ripple_relation_specificity,hit,post,1.0
llama3-8b,grace,ripple,ripple_popular_row759,efficacy,hit,pre,0.0
llama3-8b,grace,ripple,ripple_popular_row759,ripple_compositional_i,hit,pre,0.5
llama3-8b,grace,ripple,ripple_popular_row759,ripple_relation_specificity,hit,pre,1.0
llama3-8b,grace,ripple,ripple_popular_row759,efficacy,hit,post,1.0
llama3-8b,grace,ripple,ripple_popular_row759,ripple_compositional_i,hit,post,0.5
llama3-8b,grace,ripple,ripple_popular_row759,ripple_relation_specificity,hit,post,1.0
llama3-8b,grace,ripple,ripple_popular_row672,efficacy,hit,pre,0.0
llama3-8b,grace,ripple,ripple_popular_row672,ripple_logical,hit,pre,0.0
llama3-8b,grace,ripple,ripple_popular_row672,efficacy,hit,post,1.0
llama3-8b,grace,ripple,ripple_popular_row672,ripple_logical,hit,post,0.0
llama3-8b,grace,ripple,ripple_popular_row875,efficacy,hit,pre,0.0
llama3-8b,grace,ripple,ripple_popular_row875,ripple_relation_specificity,hit,pre,1.0
llama3-8b,grace,ripple,ripple_popular_row875,ripple_preservation,hit,pre,1.0
llama3-8b,grace,ripple,ripple_popular_row875,efficacy,hit,post,1.0
llama3-8b,grace,ripple,ripple_popular_row875,ripple_relation_specificity,hit,post,1.0
llama3-8b,grace,ripple,ripple_popular_row875,ripple_preservation,hit,post,1.0
llama3-8b,grace,ripple,ripple_popular_row645,efficacy,hit,pre,0.0
llama3-8b,grace,ripple,ripple_popular_row645,ripple_compositional_i,hit,pre,0.0
llama3-8b,grace,ripple,ripple_popular_row645,ripple_aliasing,hit,pre,0.0
llama3-8b,grace,ripple,ripple_popular_row645,ripple_relation_specificity,hit,pre,1.0
llama3-8b,grace,ripple,ripple_popular_row645,ripple_preservation,hit,pre,1.0
llama3-8b,grace,ripple,ripple_popular_row645,efficacy,hit,post,1.0
llama3-8b,grace,ripple,ripple_popular_row645,ripple_compositional_i,hit,post,0.0
llama3-8b,grace,ripple,ripple_popular_row645,ripple_aliasing,hit,post,0.0
llama3-8b,grace,ripple,ripple_popular_row645,ripple_relation_specificity,hit,post,1.0
llama3-8b,grace,ripple,ripple_popular_row645,ripple_preservation,hit,post,1.0
llama3-8b,grace,ripple,ripple_popular_row765,efficacy,hit,pre,0.0
llama3-8b,grace,ripple,ripple_popular_row765,ripple_compositional_ii,hit,pre,0.0
llama3-8b,grace,ripple,ripple_popular_row765,ripple_aliasing,hit,pre,0.0
llama3-8b,grace,ripple,ripple_popular_row765,ripple_relation_specificity,hit,pre,1.0
llama3-8b,grace,ripple,ripple_popular_row765,efficacy,hit,post,1.0
llama3-8b,grace,ripple,ripple_popular_row765,ripple_compositional_ii,hit,post,0.0
llama3-8b,grace,ripple,ripple_popular_row765,ripple_aliasing,hit,post,0.0
llama3-8b,grace,ripple,ripple_popular_row765,ripple_relation_specificity,hit,post,1.0
llama3-8b,grace,ripple,ripple_popular_row865,efficacy,hit,pre,0.0
llama3-8b,grace,ripple,ripple_popular_row865,ripple_logical,hit,pre,0.5
llama3-8b,grace,ripple,ripple_popular_row865,ripple_compositional_i,hit,pre,0.0
llama3-8b,grace,ripple,ripple_popular_row865,ripple_aliasing,hit,pre,0.0
llama3-8b,grace,ripple,ripple_popular_row865,ripple_relation_specificity,hit,pre,1.0
llama3-8b,grace,ripple,ripple_popular_row865,efficacy,hit,post,1.0
llama3-8b,grace,ripple,ripple_popular_row865,ripple_logical,hit,post,0.5
llama3-8b,grace,ripple,ripple_popular_row865,ripple_compositional_i,hit,post,0.0
llama3-8b,grace,ripple,ripple_popular_row865,ripple_aliasing,hit,post,0.3333333333333333
llama3-8b,grace,ripple,ripple_popular_row865,ripple_relation_specificity,hit,post,1.0
llama3-8b,grace,ripple,ripple_popular_row689,efficacy,hit,pre,0.0
llama3-8b,grace,ripple,ripple_popular_row689,ripple_aliasing,hit,pre,0.0
llama3-8b,grace,ripple,ripple_popular_row689,ripple_relation_specificity,hit,pre,1.0
llama3-8b,grace,ripple,ripple_popular_row689,efficacy,hit,post,0.0
llama3-8b,grace,ripple,ripple_popular_row689,ripple_aliasing,hit,post,0.0
llama3-8b,grace,ripple,ripple_popular_row689,ripple_relation_specificity,hit,post,1.0
llama3-8b,grace,ripple,ripple_popular_row743,efficacy,hit,pre,0.0
llama3-8b,grace,ripple,ripple_popular_row743,ripple_aliasing,hit,pre,0.0
llama3-8b,grace,ripple,ripple_popular_row743,ripple_relation_specificity,hit,pre,1.0
llama3-8b,grace,ripple,ripple_popular_row743,efficacy,hit,post,1.0
llama3-8b,grace,ripple,ripple_popular_row743,ripple_aliasing,hit,post,0.0
llama3-8b,grace,ripple,ripple_popular_row743,ripple_relation_specificity,hit,post,1.0
llama3-8b,grace,ripple,ripple_popular_row676,efficacy,hit,pre,0.0
llama3-8b,grace,ripple,ripple_popular_row676,ripple_aliasing,hit,pre,0.0
llama3-8b,grace,ripple,ripple_popular_row676,ripple_relation_specificity,hit,pre,1.0
llama3-8b,grace,ripple,ripple_popular_row676,efficacy,hit,post,1.0
llama3-8b,grace,ripple,ripple_popular_row676,ripple_aliasing,hit,post,0.0
llama3-8b,grace,ripple,ripple_popular_row676,ripple_relation_specificity,hit,post,1.0
llama3-8b,grace,ripple,ripple_random_row1742,efficacy,hit,pre,0.0
llama3-8b,grace,ripple,ripple_random_row1742,ripple_aliasing,hit,pre,0.0
llama3-8b,grace,ripple,ripple_random_row1742,ripple_relation_specificity,hit,pre,1.0
llama3-8b,grace,ripple,ripple_random_row1742,efficacy,hit,post,1.0
llama3-8b,grace,ripple,ripple_random_row1742,ripple_aliasing,hit,post,0.0
llama3-8b,grace,ripple,ripple_random_row1742,ripple_relation_specificity,hit,post,1.0
llama3-8b,grace,ripple,ripple_random_row1584,efficacy,hit,pre,0.0
llama3-8b,grace,ripple,ripple_random_row1584,ripple_aliasing,hit,pre,0.0
llama3-8b,grace,ripple,ripple_random_row1584,efficacy,hit,post,1.0
llama3-8b,grace,ripple,ripple_random_row1584,ripple_aliasing,hit,post,0.0
llama3-8b,grace,ripple,ripple_random_row1799,efficacy,hit,pre,0.0
llama3-8b,grace,ripple,ripple_random_row1799,ripple_aliasing,hit,pre,0.0
llama3-8b,grace,ripple,ripple_random_row1799,efficacy,hit,post,0.0
llama3-8b,grace,ripple,ripple_random_row1799,ripple_aliasing,hit,post,0.0
llama3-8b,grace,ripple,ripple_random_row1627,efficacy,hit,pre,0.0
llama3-8b,grace,ripple,ripple_random_row1627,ripple_aliasing,hit,pre,0.0
llama3-8b,grace,ripple,ripple_random_row1627,ripple_relation_specificity,hit,pre,1.0
llama3-8b,grace,ripple,ripple_random_row1627,efficacy,hit,post,1.0
llama3-8b,grace,ripple,ripple_random_row1627,ripple_aliasing,hit,post,0.0
llama3-8b,grace,ripple,ripple_random_row1627,ripple_relation_specificity,hit,post,1.0
llama3-8b,grace,ripple,ripple_random_row1806,efficacy,hit,pre,0.0
llama3-8b,grace,ripple,ripple_random_row1806,ripple_aliasing,hit,pre,0.0
llama3-8b,grace,ripple,ripple_random_row1806,ripple_relation_specificity,hit,pre,1.0
llama3-8b,grace,ripple,ripple_random_row1806,efficacy,hit,post,1.0
llama3-8b,grace,ripple,ripple_random_row1806,ripple_aliasing,hit,post,0.0
llama3-8b,grace,ripple,ripple_random_row1806,ripple_relation_specificity,hit,post,1.0
llama3-8b,grace,ripple,ripple_random_row1724,efficacy,hit,pre,0.0
llama3-8b,grace,ripple,ripple_random_row1724,ripple_logical,hit,pre,0.0
llama3-8b,grace,ripple,ripple_random_row1724,ripple_aliasing,hit,pre,0.0
llama3-8b,grace,ripple,ripple_random_row1724,efficacy,hit,post,0.0
llama3-8b,grace,ripple,ripple_random_row1724,ripple_logical,hit,post,0.0
llama3-8b,grace,ripple,ripple_random_row1724,ripple_aliasing,hit,post,0.0
llama3-8b,grace,ripple,ripple_random_row1562,efficacy,hit,pre,0.0
llama3-8b,grace,ripple,ripple_random_row1562,ripple_aliasing,hit,pre,0.0
llama3-8b,grace,ripple,ripple_random_row1562,ripple_relation_specificity,hit,pre,1.0
llama3-8b,grace,ripple,ripple_random_row1562,efficacy,hit,post,1.0
llama3-8b,grace,ripple,ripple_random_row1562,ripple_aliasing,hit,post,0.5
llama3-8b,grace,ripple,ripple_random_row1562,ripple_relation_specificity,hit,post,1.0
llama3-8b,grace,ripple,ripple_random_row1855,efficacy,hit,pre,0.0
llama3-8b,grace,ripple,ripple_random_row1855,ripple_aliasing,hit,pre,0.0
llama3-8b,grace,ripple,ripple_random_row1855,ripple_relation_specificity,hit,pre,1.0
llama3-8b,grace,ripple,ripple_random_row1855,efficacy,hit,post,1.0
llama3-8b,grace,ripple,ripple_random_row1855,ripple_aliasing,hit,post,0.0
llama3-8b,grace,ripple,ripple_random_row1855,ripple_relation_specificity,hit,post,1.0
llama3-8b,grace,ripple,ripple_random_row1823,efficacy,hit,pre,0.0
llama3-8b,grace,ripple,ripple_random_row1823,ripple_logical,hit,pre,0.0
llama3-8b,grace,ripple,ripple_random_row1823,ripple_compositional_i,hit,pre,0.0
llama3-8b,grace,ripple,ripple_random_row1823,ripple_aliasing,hit,pre,0.0
llama3-8b,grace,ripple,ripple_random_row1823,efficacy,hit,post,1.0
llama3-8b,grace,ripple,ripple_random_row1823,ripple_logical,hit,post,0.0
llama3-8b,grace,ripple,ripple_random_row1823,ripple_compositional_i,hit,post,0.0
llama3-8b,grace,ripple,ripple_random_row1823,ripple_aliasing,hit,post,0.0
llama3-8b,grace,ripple,ripple_random_row1765,efficacy,hit,pre,0.0
llama3-8b,grace,ripple,ripple_random_row1765,ripple_aliasing,hit,pre,0.0
llama3-8b,grace,ripple,ripple_random_row1765,efficacy,hit,post,1.0
llama3-8b,grace,ripple,ripple_random_row1765,ripple_aliasing,hit,post,0.0
llama3-8b,grace,ripple,ripple_random_row1916,efficacy,hit,pre,0.0
llama3-8b,grace,ripple,ripple_random_row1916,ripple_aliasing,hit,pre,0.0
llama3-8b,grace,ripple,ripple_random_row1916,efficacy,hit,post,1.0
llama3-8b,grace,ripple,ripple_random_row1916,ripple_aliasing,hit,post,0.0
llama3-8b,grace,ripple,ripple_random_row1593,efficacy,hit,pre,0.0
llama3-8b,grace,ripple,ripple_random_row1593,ripple_aliasing,hit,pre,0.0
llama3-8b,grace,ripple,ripple_random_row1593,ripple_relation_specificity,hit,pre,1.0
llama3-8b,grace,ripple,ripple_random_row1593,efficacy,hit,post,0.0
llama3-8b,grace,ripple,ripple_random_row1593,ripple_aliasing,hit,post,0.0
llama3-8b,grace,ripple,ripple_random_row1593,ripple_relation_specificity,hit,post,1.0
llama3-8b,grace,ripple,ripple_random_row1734,efficacy,hit,pre,0.0
llama3-8b,grace,ripple,ripple_random_row1734,ripple_relation_specificity,hit,pre,1.0
llama3-8b,grace,ripple,ripple_random_row1734,efficacy,hit,post,1.0
llama3-8b,grace,ripple,ripple_random_row1734,ripple_relation_specificity,hit,post,1.0
llama3-8b,grace,ripple,ripple_random_row1556,efficacy,hit,pre,0.0
llama3-8b,grace,ripple,ripple_random_row1556,ripple_aliasing,hit,pre,0.0
llama3-8b,grace,ripple,ripple_random_row1556,ripple_relation_specificity,hit,pre,1.0
llama3-8b,grace,ripple,ripple_random_row1556,efficacy,hit,post,1.0
llama3-8b,grace,ripple,ripple_random_row1556,ripple_aliasing,hit,post,1.0
llama3-8b,grace,ripple,ripple_random_row1556,ripple_relation_specificity,hit,post,1.0
llama3-8b,grace,ripple,ripple_random_row1592,efficacy,hit,pre,0.0
llama3-8b,grace,ripple,ripple_random_row1592,ripple_aliasing,hit,pre,0.0
llama3-8b,grace,ripple,ripple_random_row1592,ripple_relation_specificity,hit,pre,1.0
llama3-8b,grace,ripple,ripple_random_row1592,efficacy,hit,post,1.0
llama3-8b,grace,ripple,ripple_random_row1592,ripple_aliasing,hit,post,0.0
llama3-8b,grace,ripple,ripple_random_row1592,ripple_relation_specificity,hit,post,1.0
llama3-8b,grace,ripple,ripple_random_row1843,efficacy,hit,pre,0.0
llama3-8b,grace,ripple,ripple_random_row1843,ripple_compositional_i,hit,pre,0.0
llama3-8b,grace,ripple,ripple_random_row1843,ripple_aliasing,hit,pre,0.0
llama3-8b,grace,ripple,ripple_random_row1843,efficacy,hit,post,1.0
llama3-8b,grace,ripple,ripple_random_row1843,ripple_compositional_i,hit,post,0.0
llama3-8b,grace,ripple,ripple_random_row1843,ripple_aliasing,hit,post,0.0
llama3-8b,grace,ripple,ripple_random_row1711,efficacy,hit,pre,0.0
llama3-8b,grace,ripple,ripple_random_row1711,ripple_compositional_i,hit,pre,0.0
llama3-8b,grace,ripple,ripple_random_row1711,ripple_aliasing,hit,pre,0.0
llama3-8b,grace,ripple,ripple_random_row1711,efficacy,hit,post,1.0
llama3-8b,grace,ripple,ripple_random_row1711,ripple_compositional_i,hit,post,0.0
llama3-8b,grace,ripple,ripple_random_row1711,ripple_aliasing,hit,post,0.0
llama3-8b,grace,ripple,ripple_random_row1553,efficacy,hit,pre,0.0
llama3-8b,grace,ripple,ripple_random_row1553,ripple_logical,hit,pre,1.0
llama3-8b,grace,ripple,ripple_random_row1553,ripple_compositional_i,hit,pre,0.0
llama3-8b,grace,ripple,ripple_random_row1553,ripple_aliasing,hit,pre,0.0
llama3-8b,grace,ripple,ripple_random_row1553,ripple_relation_specificity,hit,pre,1.0
llama3-8b,grace,ripple,ripple_random_row1553,efficacy,hit,post,1.0
llama3-8b,grace,ripple,ripple_random_row1553,ripple_logical,hit,post,1.0
llama3-8b,grace,ripple,ripple_random_row1553,ripple_compositional_i,hit,post,0.0
llama3-8b,grace,ripple,ripple_random_row1553,ripple_aliasing,hit,post,1.0
llama3-8b,grace,ripple,ripple_random_row1553,ripple_relation_specificity,hit,post,1.0
llama3-8b,grace,ripple,ripple_random_row1569,efficacy,hit,pre,0.0
llama3-8b,grace,ripple,ripple_random_row1569,ripple_aliasing,hit,pre,0.0
llama3-8b,grace,ripple,ripple_random_row1569,ripple_relation_specificity,hit,pre,1.0
llama3-8b,grace,ripple,ripple_random_row1569,efficacy,hit,post,1.0
llama3-8b,grace,ripple,ripple_random_row1569,ripple_aliasing,hit,post,0.0
llama3-8b,grace,ripple,ripple_random_row1569,ripple_relation_specificity,hit,post,1.0
llama3-8b,grace,ripple,ripple_random_row1883,efficacy,hit,pre,0.0
llama3-8b,grace,ripple,ripple_random_row1883,ripple_logical,hit,pre,0.0
llama3-8b,grace,ripple,ripple_random_row1883,ripple_aliasing,hit,pre,0.0
llama3-8b,grace,ripple,ripple_random_row1883,ripple_relation_specificity,hit,pre,1.0
llama3-8b,grace,ripple,ripple_random_row1883,efficacy,hit,post,0.0
llama3-8b,grace,ripple,ripple_random_row1883,ripple_logical,hit,post,0.0
llama3-8b,grace,ripple,ripple_random_row1883,ripple_aliasing,hit,post,0.0
llama3-8b,grace,ripple,ripple_random_row1883,ripple_relation_specificity,hit,post,1.0
llama3-8b,grace,ripple,ripple_random_row1910,efficacy,hit,pre,0.0
llama3-8b,grace,ripple,ripple_random_row1910,ripple_logical,hit,pre,0.0
llama3-8b,grace,ripple,ripple_random_row1910,ripple_compositional_i,hit,pre,0.0
llama3-8b,grace,ripple,ripple_random_row1910,ripple_aliasing,hit,pre,0.0
llama3-8b,grace,ripple,ripple_random_row1910,ripple_relation_specificity,hit,pre,1.0
llama3-8b,grace,ripple,ripple_random_row1910,efficacy,hit,post,1.0
llama3-8b,grace,ripple,ripple_random_row1910,ripple_logical,hit,post,0.0
llama3-8b,grace,ripple,ripple_random_row1910,ripple_compositional_i,hit,post,0.0
llama3-8b,grace,ripple,ripple_random_row1910,ripple_aliasing,hit,post,0.6666666666666666
llama3-8b,grace,ripple,ripple_random_row1910,ripple_relation_specificity,hit,post,1.0
llama3-8b,grace,ripple,ripple_random_row1608,efficacy,hit,pre,0.0
llama3-8b,grace,ripple,ripple_random_row1608,ripple_aliasing,hit,pre,0.0
llama3-8b,grace,ripple,ripple_random_row1608,ripple_relation_specificity,hit,pre,1.0
llama3-8b,grace,ripple,ripple_random_row1608,efficacy,hit,post,1.0
llama3-8b,grace,ripple,ripple_random_row1608,ripple_aliasing,hit,post,1.0
llama3-8b,grace,ripple,ripple_random_row1608,ripple_relation_specificity,hit,post,1.0
llama3-8b,grace,ripple,ripple_random_row1527,efficacy,hit,pre,0.0
llama3-8b,grace,ripple,ripple_random_row1527,ripple_aliasing,hit,pre,0.0
llama3-8b,grace,ripple,ripple_random_row1527,ripple_relation_specificity,hit,pre,1.0
llama3-8b,grace,ripple,ripple_random_row1527,efficacy,hit,post,1.0
llama3-8b,grace,ripple,ripple_random_row1527,ripple_aliasing,hit,post,0.0
llama3-8b,grace,ripple,ripple_random_row1527,ripple_relation_specificity,hit,post,1.0
llama3-8b,grace,ripple,ripple_random_row1565,efficacy,hit,pre,0.0
llama3-8b,grace,ripple,ripple_random_row1565,ripple_aliasing,hit,pre,0.0
llama3-8b,grace,ripple,ripple_random_row1565,efficacy,hit,post,1.0
llama3-8b,grace,ripple,ripple_random_row1565,ripple_aliasing,hit,post,1.0
llama3-8b,grace,ripple,ripple_random_row1809,efficacy,hit,pre,0.0
llama3-8b,grace,ripple,ripple_random_row1809,ripple_compositional_i,hit,pre,0.0
llama3-8b,grace,ripple,ripple_random_row1809,ripple_aliasing,hit,pre,0.0
llama3-8b,grace,ripple,ripple_random_row1809,efficacy,hit,post,1.0
llama3-8b,grace,ripple,ripple_random_row1809,ripple_compositional_i,hit,post,0.0
llama3-8b,grace,ripple,ripple_random_row1809,ripple_aliasing,hit,post,1.0
llama3-8b,grace,ripple,ripple_random_row1536,efficacy,hit,pre,0.0
llama3-8b,grace,ripple,ripple_random_row1536,ripple_aliasing,hit,pre,0.0
llama3-8b,grace,ripple,ripple_random_row1536,efficacy,hit,post,1.0
llama3-8b,grace,ripple,ripple_random_row1536,ripple_aliasing,hit,post,1.0
llama3-8b,grace,ripple,ripple_random_row1629,efficacy,hit,pre,0.0
llama3-8b,grace,ripple,ripple_random_row1629,ripple_aliasing,hit,pre,0.0
llama3-8b,grace,ripple,ripple_random_row1629,efficacy,hit,post,1.0
llama3-8b,grace,ripple,ripple_random_row1629,ripple_aliasing,hit,post,0.0
llama3-8b,grace,ripple,ripple_random_row1528,efficacy,hit,pre,0.0
llama3-8b,grace,ripple,ripple_random_row1528,ripple_logical,hit,pre,0.0
llama3-8b,grace,ripple,ripple_random_row1528,ripple_aliasing,hit,pre,0.0
llama3-8b,grace,ripple,ripple_random_row1528,ripple_relation_specificity,hit,pre,1.0
llama3-8b,grace,ripple,ripple_random_row1528,efficacy,hit,post,1.0
llama3-8b,grace,ripple,ripple_random_row1528,ripple_logical,hit,post,0.0
llama3-8b,grace,ripple,ripple_random_row1528,ripple_aliasing,hit,post,0.0
llama3-8b,grace,ripple,ripple_random_row1528,ripple_relation_specificity,hit,post,1.0
llama3-8b,grace,ripple,ripple_random_row1529,efficacy,hit,pre,0.0
llama3-8b,grace,ripple,ripple_random_row1529,ripple_compositional_i,hit,pre,0.0
llama3-8b,grace,ripple,ripple_random_row1529,ripple_aliasing,hit,pre,0.0
llama3-8b,grace,ripple,ripple_random_row1529,efficacy,hit,post,0.0
llama3-8b,grace,ripple,ripple_random_row1529,ripple_compositional_i,hit,post,0.0
llama3-8b,grace,ripple,ripple_random_row1529,ripple_aliasing,hit,post,0.0
llama3-8b,grace,ripple,ripple_random_row1815,efficacy,hit,pre,0.0
llama3-8b,grace,ripple,ripple_random_row1815,ripple_aliasing,hit,pre,0.0
llama3-8b,grace,ripple,ripple_random_row1815,ripple_relation_specificity,hit,pre,1.0
llama3-8b,grace,ripple,ripple_random_row1815,efficacy,hit,post,1.0
llama3-8b,grace,ripple,ripple_random_row1815,ripple_aliasing,hit,post,0.0
llama3-8b,grace,ripple,ripple_random_row1815,ripple_relation_specificity,hit,post,1.0
llama3-8b,grace,ripple,ripple_random_row1675,efficacy,hit,pre,0.0
llama3-8b,grace,ripple,ripple_random_row1675,ripple_logical,hit,pre,0.0
llama3-8b,grace,ripple,ripple_random_row1675,ripple_compositional_i,hit,pre,0.0
llama3-8b,grace,ripple,ripple_random_row1675,ripple_aliasing,hit,pre,0.0
llama3-8b,grace,ripple,ripple_random_row1675,ripple_relation_specificity,hit,pre,1.0
llama3-8b,grace,ripple,ripple_random_row1675,efficacy,hit,post,1.0
llama3-8b,grace,ripple,ripple_random_row1675,ripple_logical,hit,post,0.0
llama3-8b,grace,ripple,ripple_random_row1675,ripple_compositional_i,hit,post,0.0
llama3-8b,grace,ripple,ripple_random_row1675,ripple_aliasing,hit,post,0.0
llama3-8b,grace,ripple,ripple_random_row1675,ripple_relation_specificity,hit,post,1.0
llama3-8b,grace,ripple,ripple_random_row1581,efficacy,hit,pre,0.0
llama3-8b,grace,ripple,ripple_random_row1581,ripple_logical,hit,pre,0.0
llama3-8b,grace,ripple,ripple_random_row1581,ripple_compositional_i,hit,pre,0.0
llama3-8b,grace,ripple,ripple_random_row1581,ripple_aliasing,hit,pre,0.0
llama3-8b,grace,ripple,ripple_random_row1581,ripple_relation_specificity,hit,pre,1.0
llama3-8b,grace,ripple,ripple_random_row1581,efficacy,hit,post,1.0
llama3-8b,grace,ripple,ripple_random_row1581,ripple_logical,hit,post,0.0
llama3-8b,grace,ripple,ripple_random_row1581,ripple_compositional_i,hit,post,0.0
llama3-8b,grace,ripple,ripple_random_row1581,ripple_aliasing,hit,post,0.0
llama3-8b,grace,ripple,ripple_random_row1581,ripple_relation_specificity,hit,post,1.0
llama3-8b,grace,ripple,ripple_random_row1728,efficacy,hit,pre,0.0
llama3-8b,grace,ripple,ripple_random_row1728,ripple_logical,hit,pre,0.0
llama3-8b,grace,ripple,ripple_random_row1728,ripple_aliasing,hit,pre,0.0
llama3-8b,grace,ripple,ripple_random_row1728,ripple_relation_specificity,hit,pre,1.0
llama3-8b,grace,ripple,ripple_random_row1728,efficacy,hit,post,1.0
llama3-8b,grace,ripple,ripple_random_row1728,ripple_logical,hit,post,0.0
llama3-8b,grace,ripple,ripple_random_row1728,ripple_aliasing,hit,post,0.0
llama3-8b,grace,ripple,ripple_random_row1728,ripple_relation_specificity,hit,post,1.0
llama3-8b,grace,ripple,ripple_random_row1609,efficacy,hit,pre,0.0
llama3-8b,grace,ripple,ripple_random_row1609,ripple_logical,hit,pre,0.0
llama3-8b,grace,ripple,ripple_random_row1609,ripple_compositional_i,hit,pre,0.0
llama3-8b,grace,ripple,ripple_random_row1609,ripple_aliasing,hit,pre,0.0
llama3-8b,grace,ripple,ripple_random_row1609,ripple_relation_specificity,hit,pre,1.0
llama3-8b,grace,ripple,ripple_random_row1609,efficacy,hit,post,1.0
llama3-8b,grace,ripple,ripple_random_row1609,ripple_logical,hit,post,0.0
llama3-8b,grace,ripple,ripple_random_row1609,ripple_compositional_i,hit,post,0.0
llama3-8b,grace,ripple,ripple_random_row1609,ripple_aliasing,hit,post,0.0
llama3-8b,grace,ripple,ripple_random_row1609,ripple_relation_specificity,hit,post,1.0
llama3-8b,grace,ripple,ripple_random_row1769,efficacy,hit,pre,0.0
llama3-8b,grace,ripple,ripple_random_row1769,ripple_logical,hit,pre,0.0
llama3-8b,grace,ripple,ripple_random_row1769,ripple_aliasing,hit,pre,0.0
llama3-8b,grace,ripple,ripple_random_row1769,efficacy,hit,post,1.0
llama3-8b,grace,ripple,ripple_random_row1769,ripple_logical,hit,post,0.0
llama3-8b,grace,ripple,ripple_random_row1769,ripple_aliasing,hit,post,0.0
llama3-8b,grace,ripple,ripple_random_row1721,efficacy,hit,pre,0.0
llama3-8b,grace,ripple,ripple_random_row1721,ripple_logical,hit,pre,0.0
llama3-8b,grace,ripple,ripple_random_row1721,ripple_aliasing,hit,pre,0.0
llama3-8b,grace,ripple,ripple_random_row1721,efficacy,hit,post,1.0
llama3-8b,grace,ripple,ripple_random_row1721,ripple_logical,hit,post,0.0
llama3-8b,grace,ripple,ripple_random_row1721,ripple_aliasing,hit,post,0.0
llama3-8b,grace,ripple,ripple_random_row1504,efficacy,hit,pre,0.0
llama3-8b,grace,ripple,ripple_random_row1504,ripple_aliasing,hit,pre,0.0
llama3-8b,grace,ripple,ripple_random_row1504,efficacy,hit,post,0.0
llama3-8b,grace,ripple,ripple_random_row1504,ripple_aliasing,hit,post,0.0
llama3-8b,grace,ripple,ripple_random_row1702,efficacy,hit,pre,0.0
llama3-8b,grace,ripple,ripple_random_row1702,ripple_compositional_i,hit,pre,0.0
llama3-8b,grace,ripple,ripple_random_row1702,ripple_aliasing,hit,pre,0.0
llama3-8b,grace,ripple,ripple_random_row1702,efficacy,hit,post,1.0
llama3-8b,grace,ripple,ripple_random_row1702,ripple_compositional_i,hit,post,0.0
llama3-8b,grace,ripple,ripple_random_row1702,ripple_aliasing,hit,post,0.0
llama3-8b,grace,ripple,ripple_random_row1912,efficacy,hit,pre,0.0
llama3-8b,grace,ripple,ripple_random_row1912,ripple_aliasing,hit,pre,0.0
llama3-8b,grace,ripple,ripple_random_row1912,efficacy,hit,post,1.0
llama3-8b,grace,ripple,ripple_random_row1912,ripple_aliasing,hit,post,1.0
llama3-8b,grace,ripple,ripple_random_row1686,efficacy,hit,pre,0.0
llama3-8b,grace,ripple,ripple_random_row1686,ripple_aliasing,hit,pre,0.0
llama3-8b,grace,ripple,ripple_random_row1686,efficacy,hit,post,1.0
llama3-8b,grace,ripple,ripple_random_row1686,ripple_aliasing,hit,post,1.0
llama3-8b,grace,ripple,ripple_random_row1747,efficacy,hit,pre,0.0
llama3-8b,grace,ripple,ripple_random_row1747,ripple_logical,hit,pre,1.0
llama3-8b,grace,ripple,ripple_random_row1747,ripple_aliasing,hit,pre,0.0
llama3-8b,grace,ripple,ripple_random_row1747,efficacy,hit,post,1.0
llama3-8b,grace,ripple,ripple_random_row1747,ripple_logical,hit,post,1.0
llama3-8b,grace,ripple,ripple_random_row1747,ripple_aliasing,hit,post,0.0
llama3-8b,grace,ripple,ripple_random_row1802,efficacy,hit,pre,0.0
llama3-8b,grace,ripple,ripple_random_row1802,ripple_compositional_i,hit,pre,0.0
llama3-8b,grace,ripple,ripple_random_row1802,ripple_aliasing,hit,pre,0.0
llama3-8b,grace,ripple,ripple_random_row1802,efficacy,hit,post,1.0
llama3-8b,grace,ripple,ripple_random_row1802,ripple_compositional_i,hit,post,0.0
llama3-8b,grace,ripple,ripple_random_row1802,ripple_aliasing,hit,post,0.0
llama3-8b,grace,ripple,ripple_random_row1759,efficacy,hit,pre,0.0
llama3-8b,grace,ripple,ripple_random_row1759,ripple_aliasing,hit,pre,0.0
llama3-8b,grace,ripple,ripple_random_row1759,efficacy,hit,post,1.0
llama3-8b,grace,ripple,ripple_random_row1759,ripple_aliasing,hit,post,0.0
llama3-8b,grace,ripple,ripple_random_row1893,efficacy,hit,pre,0.0
llama3-8b,grace,ripple,ripple_random_row1893,ripple_compositional_i,hit,pre,0.0
llama3-8b,grace,ripple,ripple_random_row1893,ripple_aliasing,hit,pre,0.0
llama3-8b,grace,ripple,ripple_random_row1893,efficacy,hit,post,1.0
llama3-8b,grace,ripple,ripple_random_row1893,ripple_compositional_i,hit,post,0.0
llama3-8b,grace,ripple,ripple_random_row1893,ripple_aliasing,hit,post,1.0
llama3-8b,grace,ripple,ripple_random_row1740,efficacy,hit,pre,0.0
llama3-8b,grace,ripple,ripple_random_row1740,ripple_aliasing,hit,pre,0.0
llama3-8b,grace,ripple,ripple_random_row1740,ripple_relation_specificity,hit,pre,1.0
llama3-8b,grace,ripple,ripple_random_row1740,efficacy,hit,post,0.0
llama3-8b,grace,ripple,ripple_random_row1740,ripple_aliasing,hit,post,0.0
llama3-8b,grace,ripple,ripple_random_row1740,ripple_relation_specificity,hit,post,1.0
llama3-8b,grace,ripple,ripple_random_row1659,efficacy,hit,pre,0.0
llama3-8b,grace,ripple,ripple_random_row1659,ripple_aliasing,hit,pre,0.0
llama3-8b,grace,ripple,ripple_random_row1659,ripple_relation_specificity,hit,pre,1.0
llama3-8b,grace,ripple,ripple_random_row1659,efficacy,hit,post,0.0
llama3-8b,grace,ripple,ripple_random_row1659,ripple_aliasing,hit,post,0.0
llama3-8b,grace,ripple,ripple_random_row1659,ripple_relation_specificity,hit,post,1.0
llama3-8b,grace,ripple,ripple_random_row1685,efficacy,hit,pre,0.0
llama3-8b,grace,ripple,ripple_random_row1685,ripple_logical,hit,pre,0.0
llama3-8b,grace,ripple,ripple_random_row1685,ripple_compositional_i,hit,pre,0.0
llama3-8b,grace,ripple,ripple_random_row1685,ripple_aliasing,hit,pre,0.0
llama3-8b,grace,ripple,ripple_random_row1685,efficacy,hit,post,1.0
llama3-8b,grace,ripple,ripple_random_row1685,ripple_logical,hit,post,0.0
llama3-8b,grace,ripple,ripple_random_row1685,ripple_compositional_i,hit,post,0.0
llama3-8b,grace,ripple,ripple_random_row1685,ripple_aliasing,hit,post,0.0
llama3-8b,grace,ripple,ripple_random_row1615,efficacy,hit,pre,0.0
llama3-8b,grace,ripple,ripple_random_row1615,ripple_aliasing,hit,pre,0.0
llama3-8b,grace,ripple,ripple_random_row1615,efficacy,hit,post,0.0
llama3-8b,grace,ripple,ripple_random_row1615,ripple_aliasing,hit,post,0.0
llama3-8b,grace,ripple,ripple_random_row1754,efficacy,hit,pre,0.0
llama3-8b,grace,ripple,ripple_random_row1754,ripple_logical,hit,pre,1.0
llama3-8b,grace,ripple,ripple_random_row1754,ripple_compositional_i,hit,pre,0.5
llama3-8b,grace,ripple,ripple_random_row1754,ripple_aliasing,hit,pre,0.0
llama3-8b,grace,ripple,ripple_random_row1754,efficacy,hit,post,1.0
llama3-8b,grace,ripple,ripple_random_row1754,ripple_logical,hit,post,1.0
llama3-8b,grace,ripple,ripple_random_row1754,ripple_compositional_i,hit,post,0.5
llama3-8b,grace,ripple,ripple_random_row1754,ripple_aliasing,hit,post,0.0
llama3-8b,grace,ripple,ripple_random_row1570,efficacy,hit,pre,0.0
llama3-8b,grace,ripple,ripple_random_row1570,ripple_logical,hit,pre,0.0
llama3-8b,grace,ripple,ripple_random_row1570,ripple_compositional_i,hit,pre,0.0
llama3-8b,grace,ripple,ripple_random_row1570,ripple_aliasing,hit,pre,0.0
llama3-8b,grace,ripple,ripple_random_row1570,ripple_relation_specificity,hit,pre,1.0
llama3-8b,grace,ripple,ripple_random_row1570,efficacy,hit,post,0.0
llama3-8b,grace,ripple,ripple_random_row1570,ripple_logical,hit,post,0.0
llama3-8b,grace,ripple,ripple_random_row1570,ripple_compositional_i,hit,post,0.0
llama3-8b,grace,ripple,ripple_random_row1570,ripple_aliasing,hit,post,0.0
llama3-8b,grace,ripple,ripple_random_row1570,ripple_relation_specificity,hit,post,1.0
llama3-8b,grace,ripple,ripple_random_row1905,efficacy,hit,pre,0.0
llama3-8b,grace,ripple,ripple_random_row1905,ripple_aliasing,hit,pre,0.0
llama3-8b,grace,ripple,ripple_random_row1905,ripple_relation_specificity,hit,pre,1.0
llama3-8b,grace,ripple,ripple_random_row1905,efficacy,hit,post,1.0
llama3-8b,grace,ripple,ripple_random_row1905,ripple_aliasing,hit,post,0.0
llama3-8b,grace,ripple,ripple_random_row1905,ripple_relation_specificity,hit,post,1.0
llama3-8b,grace,ripple,ripple_random_row1917,efficacy,hit,pre,0.0
llama3-8b,grace,ripple,ripple_random_row1917,ripple_aliasing,hit,pre,0.0
llama3-8b,grace,ripple,ripple_random_row1917,efficacy,hit,post,0.0
llama3-8b,grace,ripple,ripple_random_row1917,ripple_aliasing,hit,post,0.0
llama3-8b,grace,ripple,ripple_random_row1781,efficacy,hit,pre,0.0
llama3-8b,grace,ripple,ripple_random_row1781,ripple_aliasing,hit,pre,0.0
llama3-8b,grace,ripple,ripple_random_row1781,ripple_relation_specificity,hit,pre,1.0
llama3-8b,grace,ripple,ripple_random_row1781,efficacy,hit,post,1.0
llama3-8b,grace,ripple,ripple_random_row1781,ripple_aliasing,hit,post,1.0
llama3-8b,grace,ripple,ripple_random_row1781,ripple_relation_specificity,hit,post,1.0
llama3-8b,grace,ripple,ripple_random_row1603,efficacy,hit,pre,0.0
llama3-8b,grace,ripple,ripple_random_row1603,ripple_aliasing,hit,pre,0.0
llama3-8b,grace,ripple,ripple_random_row1603,efficacy,hit,post,0.0
llama3-8b,grace,ripple,ripple_random_row1603,ripple_aliasing,hit,post,0.0
llama3-8b,grace,ripple,ripple_random_row1751,efficacy,hit,pre,0.0
llama3-8b,grace,ripple,ripple_random_row1751,ripple_aliasing,hit,pre,0.0
llama3-8b,grace,ripple,ripple_random_row1751,efficacy,hit,post,1.0
llama3-8b,grace,ripple,ripple_random_row1751,ripple_aliasing,hit,post,0.0
llama3-8b,grace,ripple,ripple_random_row1899,efficacy,hit,pre,0.0
llama3-8b,grace,ripple,ripple_random_row1899,ripple_aliasing,hit,pre,0.0
llama3-8b,grace,ripple,ripple_random_row1899,efficacy,hit,post,1.0
llama3-8b,grace,ripple,ripple_random_row1899,ripple_aliasing,hit,post,0.0
llama3-8b,grace,ripple,ripple_random_row1890,efficacy,hit,pre,0.0
llama3-8b,grace,ripple,ripple_random_row1890,ripple_aliasing,hit,pre,0.0
llama3-8b,grace,ripple,ripple_random_row1890,efficacy,hit,post,1.0
llama3-8b,grace,ripple,ripple_random_row1890,ripple_aliasing,hit,post,0.0
llama3-8b,grace,ripple,ripple_random_row1636,efficacy,hit,pre,0.0
llama3-8b,grace,ripple,ripple_random_row1636,ripple_relation_specificity,hit,pre,1.0
llama3-8b,grace,ripple,ripple_random_row1636,efficacy,hit,post,1.0
llama3-8b,grace,ripple,ripple_random_row1636,ripple_relation_specificity,hit,post,1.0
llama3-8b,grace,ripple,ripple_random_row1684,efficacy,hit,pre,0.0
llama3-8b,grace,ripple,ripple_random_row1684,ripple_logical,hit,pre,0.3333333333333333
llama3-8b,grace,ripple,ripple_random_row1684,ripple_compositional_i,hit,pre,0.25
llama3-8b,grace,ripple,ripple_random_row1684,ripple_aliasing,hit,pre,0.0
llama3-8b,grace,ripple,ripple_random_row1684,efficacy,hit,post,1.0
llama3-8b,grace,ripple,ripple_random_row1684,ripple_logical,hit,post,0.3333333333333333
llama3-8b,grace,ripple,ripple_random_row1684,ripple_compositional_i,hit,post,0.25
llama3-8b,grace,ripple,ripple_random_row1684,ripple_aliasing,hit,post,0.5
llama3-8b,grace,ripple,ripple_random_row1817,efficacy,hit,pre,0.0
llama3-8b,grace,ripple,ripple_random_row1817,ripple_aliasing,hit,pre,0.0
llama3-8b,grace,ripple,ripple_random_row1817,ripple_relation_specificity,hit,pre,1.0
llama3-8b,grace,ripple,ripple_random_row1817,efficacy,hit,post,1.0
llama3-8b,grace,ripple,ripple_random_row1817,ripple_aliasing,hit,post,0.0
llama3-8b,grace,ripple,ripple_random_row1817,ripple_relation_specificity,hit,post,1.0
llama3-8b,grace,ripple,ripple_random_row1896,efficacy,hit,pre,0.0
llama3-8b,grace,ripple,ripple_random_row1896,ripple_aliasing,hit,pre,0.0
llama3-8b,grace,ripple,ripple_random_row1896,efficacy,hit,post,1.0
llama3-8b,grace,ripple,ripple_random_row1896,ripple_aliasing,hit,post,0.0
llama3-8b,grace,ripple,ripple_random_row1845,efficacy,hit,pre,0.0
llama3-8b,grace,ripple,ripple_random_row1845,ripple_aliasing,hit,pre,0.0
llama3-8b,grace,ripple,ripple_random_row1845,efficacy,hit,post,1.0
llama3-8b,grace,ripple,ripple_random_row1845,ripple_aliasing,hit,post,0.0
llama3-8b,grace,ripple,ripple_random_row1688,efficacy,hit,pre,0.0
llama3-8b,grace,ripple,ripple_random_row1688,ripple_aliasing,hit,pre,0.0
llama3-8b,grace,ripple,ripple_random_row1688,efficacy,hit,post,1.0
llama3-8b,grace,ripple,ripple_random_row1688,ripple_aliasing,hit,post,0.0
llama3-8b,grace,ripple,ripple_random_row1903,efficacy,hit,pre,0.0
llama3-8b,grace,ripple,ripple_random_row1903,ripple_aliasing,hit,pre,0.0
llama3-8b,grace,ripple,ripple_random_row1903,ripple_relation_specificity,hit,pre,1.0
llama3-8b,grace,ripple,ripple_random_row1903,efficacy,hit,post,0.0
llama3-8b,grace,ripple,ripple_random_row1903,ripple_aliasing,hit,post,0.0
llama3-8b,grace,ripple,ripple_random_row1903,ripple_relation_specificity,hit,post,1.0
llama3-8b,grace,ripple,ripple_random_row1501,efficacy,hit,pre,0.0
llama3-8b,grace,ripple,ripple_random_row1501,ripple_aliasing,hit,pre,0.0
llama3-8b,grace,ripple,ripple_random_row1501,ripple_relation_specificity,hit,pre,1.0
llama3-8b,grace,ripple,ripple_random_row1501,efficacy,hit,post,1.0
llama3-8b,grace,ripple,ripple_random_row1501,ripple_aliasing,hit,post,1.0
llama3-8b,grace,ripple,ripple_random_row1501,ripple_relation_specificity,hit,post,1.0
llama3-8b,grace,ripple,ripple_random_row1637,efficacy,hit,pre,0.0
llama3-8b,grace,ripple,ripple_random_row1637,ripple_aliasing,hit,pre,0.0
llama3-8b,grace,ripple,ripple_random_row1637,efficacy,hit,post,1.0
llama3-8b,grace,ripple,ripple_random_row1637,ripple_aliasing,hit,post,1.0
llama3-8b,grace,ripple,ripple_random_row1834,efficacy,hit,pre,0.0
llama3-8b,grace,ripple,ripple_random_row1834,ripple_logical,hit,pre,0.0
llama3-8b,grace,ripple,ripple_random_row1834,ripple_aliasing,hit,pre,0.0
llama3-8b,grace,ripple,ripple_random_row1834,ripple_relation_specificity,hit,pre,1.0
llama3-8b,grace,ripple,ripple_random_row1834,efficacy,hit,post,1.0
llama3-8b,grace,ripple,ripple_random_row1834,ripple_logical,hit,post,0.0
llama3-8b,grace,ripple,ripple_random_row1834,ripple_aliasing,hit,post,0.0
llama3-8b,grace,ripple,ripple_random_row1834,ripple_relation_specificity,hit,post,1.0
llama3-8b,grace,ripple,ripple_random_row1522,efficacy,hit,pre,0.0
llama3-8b,grace,ripple,ripple_random_row1522,ripple_aliasing,hit,pre,0.0
llama3-8b,grace,ripple,ripple_random_row1522,efficacy,hit,post,1.0
llama3-8b,grace,ripple,ripple_random_row1522,ripple_aliasing,hit,post,0.0
llama3-8b,grace,ripple,ripple_random_row1568,efficacy,hit,pre,0.0
llama3-8b,grace,ripple,ripple_random_row1568,ripple_aliasing,hit,pre,0.0
llama3-8b,grace,ripple,ripple_random_row1568,efficacy,hit,post,0.0
llama3-8b,grace,ripple,ripple_random_row1568,ripple_aliasing,hit,post,0.0
llama3-8b,grace,ripple,ripple_random_row1872,efficacy,hit,pre,0.0
llama3-8b,grace,ripple,ripple_random_row1872,ripple_aliasing,hit,pre,0.0
llama3-8b,grace,ripple,ripple_random_row1872,efficacy,hit,post,1.0
llama3-8b,grace,ripple,ripple_random_row1872,ripple_aliasing,hit,post,0.0
llama3-8b,grace,ripple,ripple_random_row1846,efficacy,hit,pre,0.0
llama3-8b,grace,ripple,ripple_random_row1846,ripple_aliasing,hit,pre,0.0
llama3-8b,grace,ripple,ripple_random_row1846,ripple_relation_specificity,hit,pre,1.0
llama3-8b,grace,ripple,ripple_random_row1846,efficacy,hit,post,1.0
llama3-8b,grace,ripple,ripple_random_row1846,ripple_aliasing,hit,post,1.0
llama3-8b,grace,ripple,ripple_random_row1846,ripple_relation_specificity,hit,post,1.0
llama3-8b,grace,ripple,ripple_random_row1558,efficacy,hit,pre,0.0
llama3-8b,grace,ripple,ripple_random_row1558,ripple_aliasing,hit,pre,0.0
llama3-8b,grace,ripple,ripple_random_row1558,efficacy,hit,post,1.0
llama3-8b,grace,ripple,ripple_random_row1558,ripple_aliasing,hit,post,0.0
llama3-8b,grace,ripple,ripple_random_row1618,efficacy,hit,pre,0.0
llama3-8b,grace,ripple,ripple_random_row1618,ripple_aliasing,hit,pre,0.0
llama3-8b,grace,ripple,ripple_random_row1618,ripple_relation_specificity,hit,pre,1.0
llama3-8b,grace,ripple,ripple_random_row1618,efficacy,hit,post,1.0
llama3-8b,grace,ripple,ripple_random_row1618,ripple_aliasing,hit,post,0.0
llama3-8b,grace,ripple,ripple_random_row1618,ripple_relation_specificity,hit,post,1.0
llama3-8b,grace,ripple,ripple_random_row1720,efficacy,hit,pre,0.0
llama3-8b,grace,ripple,ripple_random_row1720,ripple_logical,hit,pre,0.0
llama3-8b,grace,ripple,ripple_random_row1720,ripple_compositional_i,hit,pre,0.0
llama3-8b,grace,ripple,ripple_random_row1720,ripple_aliasing,hit,pre,0.0
llama3-8b,grace,ripple,ripple_random_row1720,efficacy,hit,post,1.0
llama3-8b,grace,ripple,ripple_random_row1720,ripple_logical,hit,post,0.0
llama3-8b,grace,ripple,ripple_random_row1720,ripple_compositional_i,hit,post,0.0
llama3-8b,grace,ripple,ripple_random_row1720,ripple_aliasing,hit,post,0.0
llama3-8b,grace,ripple,ripple_random_row1795,efficacy,hit,pre,0.0
llama3-8b,grace,ripple,ripple_random_row1795,ripple_aliasing,hit,pre,0.0
llama3-8b,grace,ripple,ripple_random_row1795,efficacy,hit,post,1.0
llama3-8b,grace,ripple,ripple_random_row1795,ripple_aliasing,hit,post,1.0
llama3-8b,grace,ripple,ripple_random_row1650,efficacy,hit,pre,0.0
llama3-8b,grace,ripple,ripple_random_row1650,ripple_aliasing,hit,pre,0.0
llama3-8b,grace,ripple,ripple_random_row1650,efficacy,hit,post,1.0
llama3-8b,grace,ripple,ripple_random_row1650,ripple_aliasing,hit,post,0.5
llama3-8b,grace,ripple,ripple_random_row1692,efficacy,hit,pre,0.0
llama3-8b,grace,ripple,ripple_random_row1692,ripple_aliasing,hit,pre,0.0
llama3-8b,grace,ripple,ripple_random_row1692,ripple_relation_specificity,hit,pre,1.0
llama3-8b,grace,ripple,ripple_random_row1692,efficacy,hit,post,1.0
llama3-8b,grace,ripple,ripple_random_row1692,ripple_aliasing,hit,post,1.0
llama3-8b,grace,ripple,ripple_random_row1692,ripple_relation_specificity,hit,post,1.0
llama3-8b,grace,ripple,ripple_random_row1826,efficacy,hit,pre,0.0
llama3-8b,grace,ripple,ripple_random_row1826,ripple_aliasing,hit,pre,0.0
llama3-8b,grace,ripple,ripple_random_row1826,ripple_relation_specificity,hit,pre,1.0
llama3-8b,grace,ripple,ripple_random_row1826,efficacy,hit,post,0.0
llama3-8b,grace,ripple,ripple_random_row1826,ripple_aliasing,hit,post,0.0
llama3-8b,grace,ripple,ripple_random_row1826,ripple_relation_specificity,hit,post,1.0
llama3-8b,grace,ripple,ripple_random_row1526,efficacy,hit,pre,1.0
llama3-8b,grace,ripple,ripple_random_row1526,ripple_aliasing,hit,pre,1.0
llama3-8b,grace,ripple,ripple_random_row1526,efficacy,hit,post,1.0
llama3-8b,grace,ripple,ripple_random_row1526,ripple_aliasing,hit,post,1.0
llama3-8b,grace,ripple,ripple_random_row1836,efficacy,hit,pre,0.0
llama3-8b,grace,ripple,ripple_random_row1836,ripple_compositional_i,hit,pre,0.0
llama3-8b,grace,ripple,ripple_random_row1836,ripple_aliasing,hit,pre,0.0
llama3-8b,grace,ripple,ripple_random_row1836,efficacy,hit,post,0.0
llama3-8b,grace,ripple,ripple_random_row1836,ripple_compositional_i,hit,post,0.0
llama3-8b,grace,ripple,ripple_random_row1836,ripple_aliasing,hit,post,0.0
llama3-8b,grace,ripple,ripple_random_row1505,efficacy,hit,pre,0.0
llama3-8b,grace,ripple,ripple_random_row1505,ripple_aliasing,hit,pre,0.0
llama3-8b,grace,ripple,ripple_random_row1505,efficacy,hit,post,1.0
llama3-8b,grace,ripple,ripple_random_row1505,ripple_aliasing,hit,post,1.0
llama3-8b,grace,ripple,ripple_random_row1646,efficacy,hit,pre,0.0
llama3-8b,grace,ripple,ripple_random_row1646,ripple_logical,hit,pre,0.0
llama3-8b,grace,ripple,ripple_random_row1646,ripple_compositional_i,hit,pre,0.0
llama3-8b,grace,ripple,ripple_random_row1646,ripple_aliasing,hit,pre,0.0
llama3-8b,grace,ripple,ripple_random_row1646,efficacy,hit,post,1.0
llama3-8b,grace,ripple,ripple_random_row1646,ripple_logical,hit,post,0.0
llama3-8b,grace,ripple,ripple_random_row1646,ripple_compositional_i,hit,post,0.0
llama3-8b,grace,ripple,ripple_random_row1646,ripple_aliasing,hit,post,0.0
llama3-8b,grace,ripple,ripple_random_row1709,efficacy,hit,pre,0.0
llama3-8b,grace,ripple,ripple_random_row1709,ripple_compositional_i,hit,pre,0.0
llama3-8b,grace,ripple,ripple_random_row1709,ripple_aliasing,hit,pre,0.0
llama3-8b,grace,ripple,ripple_random_row1709,efficacy,hit,post,1.0
llama3-8b,grace,ripple,ripple_random_row1709,ripple_compositional_i,hit,post,0.0
llama3-8b,grace,ripple,ripple_random_row1709,ripple_aliasing,hit,post,0.3333333333333333
llama3-8b,grace,ripple,ripple_random_row1814,efficacy,hit,pre,0.0
llama3-8b,grace,ripple,ripple_random_row1814,ripple_aliasing,hit,pre,0.0
llama3-8b,grace,ripple,ripple_random_row1814,efficacy,hit,post,0.0
llama3-8b,grace,ripple,ripple_random_row1814,ripple_aliasing,hit,post,0.0
llama3-8b,grace,ripple,ripple_random_row1889,efficacy,hit,pre,0.0
llama3-8b,grace,ripple,ripple_random_row1889,ripple_aliasing,hit,pre,0.0
llama3-8b,grace,ripple,ripple_random_row1889,efficacy,hit,post,1.0
llama3-8b,grace,ripple,ripple_random_row1889,ripple_aliasing,hit,post,1.0
llama3-8b,grace,ripple,ripple_random_row1713,efficacy,hit,pre,0.0
llama3-8b,grace,ripple,ripple_random_row1713,ripple_aliasing,hit,pre,0.0
llama3-8b,grace,ripple,ripple_random_row1713,efficacy,hit,post,1.0
llama3-8b,grace,ripple,ripple_random_row1713,ripple_aliasing,hit,post,0.0
llama3-8b,grace,ripple,ripple_random_row1582,efficacy,hit,pre,0.0
llama3-8b,grace,ripple,ripple_random_row1582,ripple_aliasing,hit,pre,0.0
llama3-8b,grace,ripple,ripple_random_row1582,efficacy,hit,post,0.0
llama3-8b,grace,ripple,ripple_random_row1582,ripple_aliasing,hit,post,0.0
llama3-8b,memit,ripple,ripple_popular_row657,efficacy,hit,pre,0.0
llama3-8b,memit,ripple,ripple_popular_row657,ripple_aliasing,hit,pre,0.0
llama3-8b,memit,ripple,ripple_popular_row657,ripple_relation_specificity,hit,pre,1.0
llama3-8b,memit,ripple,ripple_popular_row657,efficacy,hit,post,1.0
llama3-8b,memit,ripple,ripple_popular_row657,ripple_aliasing,hit,post,0.375
llama3-8b,memit,ripple,ripple_popular_row657,ripple_relation_specificity,hit,post,0.4
llama3-8b,memit,ripple,ripple_popular_row839,efficacy,hit,pre,0.0
llama3-8b,memit,ripple,ripple_popular_row839,ripple_aliasing,hit,pre,0.0
llama3-8b,memit,ripple,ripple_popular_row839,ripple_relation_specificity,hit,pre,1.0
llama3-8b,memit,ripple,ripple_popular_row839,efficacy,hit,post,1.0
llama3-8b,memit,ripple,ripple_popular_row839,ripple_aliasing,hit,post,0.0
llama3-8b,memit,ripple,ripple_popular_row839,ripple_relation_specificity,hit,post,0.0
llama3-8b,memit,ripple,ripple_popular_row792,efficacy,hit,pre,0.0
llama3-8b,memit,ripple,ripple_popular_row792,ripple_compositional_i,hit,pre,0.0
llama3-8b,memit,ripple,ripple_popular_row792,ripple_aliasing,hit,pre,0.0
llama3-8b,memit,ripple,ripple_popular_row792,efficacy,hit,post,1.0
llama3-8b,memit,ripple,ripple_popular_row792,ripple_compositional_i,hit,post,0.0
llama3-8b,memit,ripple,ripple_popular_row792,ripple_aliasing,hit,post,0.5
llama3-8b,memit,ripple,ripple_popular_row778,efficacy,hit,pre,0.0
llama3-8b,memit,ripple,ripple_popular_row778,ripple_logical,hit,pre,0.0
llama3-8b,memit,ripple,ripple_popular_row778,ripple_compositional_i,hit,pre,0.0
llama3-8b,memit,ripple,ripple_popular_row778,ripple_aliasing,hit,pre,0.0
llama3-8b,memit,ripple,ripple_popular_row778,ripple_relation_specificity,hit,pre,1.0
llama3-8b,memit,ripple,ripple_popular_row778,ripple_preservation,hit,pre,1.0
llama3-8b,memit,ripple,ripple_popular_row778,efficacy,hit,post,1.0
llama3-8b,memit,ripple,ripple_popular_row778,ripple_logical,hit,post,0.0
llama3-8b,memit,ripple,ripple_popular_row778,ripple_compositional_i,hit,post,0.0
llama3-8b,memit,ripple,ripple_popular_row778,ripple_aliasing,hit,post,0.0
llama3-8b,memit,ripple,ripple_popular_row778,ripple_relation_specificity,hit,post,0.375
llama3-8b,memit,ripple,ripple_popular_row778,ripple_preservation,hit,post,0.0
llama3-8b,memit,ripple,ripple_popular_row846,efficacy,hit,pre,0.0
llama3-8b,memit,ripple,ripple_popular_row846,ripple_compositional_i,hit,pre,0.0
llama3-8b,memit,ripple,ripple_popular_row846,ripple_aliasing,hit,pre,0.0
llama3-8b,memit,ripple,ripple_popular_row846,ripple_relation_specificity,hit,pre,1.0
llama3-8b,memit,ripple,ripple_popular_row846,ripple_preservation,hit,pre,1.0
llama3-8b,memit,ripple,ripple_popular_row846,efficacy,hit,post,1.0
llama3-8b,memit,ripple,ripple_popular_row846,ripple_compositional_i,hit,post,0.0
llama3-8b,memit,ripple,ripple_popular_row846,ripple_aliasing,hit,post,0.0
llama3-8b,memit,ripple,ripple_popular_row846,ripple_relation_specificity,hit,post,0.5
llama3-8b,memit,ripple,ripple_popular_row846,ripple_preservation,hit,post,0.0
llama3-8b,memit,ripple,ripple_popular_row735,efficacy,hit,pre,0.0
llama3-8b,memit,ripple,ripple_popular_row735,ripple_compositional_i,hit,pre,0.0
llama3-8b,memit,ripple,ripple_popular_row735,ripple_aliasing,hit,pre,0.0
llama3-8b,memit,ripple,ripple_popular_row735,efficacy,hit,post,1.0
llama3-8b,memit,ripple,ripple_popular_row735,ripple_compositional_i,hit,post,0.0
llama3-8b,memit,ripple,ripple_popular_row735,ripple_aliasing,hit,post,0.75
llama3-8b,memit,ripple,ripple_popular_row867,efficacy,hit,pre,0.0
llama3-8b,memit,ripple,ripple_popular_row867,ripple_logical,hit,pre,0.0
llama3-8b,memit,ripple,ripple_popular_row867,ripple_aliasing,hit,pre,0.0
llama3-8b,memit,ripple,ripple_popular_row867,efficacy,hit,post,0.0
llama3-8b,memit,ripple,ripple_popular_row867,ripple_logical,hit,post,0.0
llama3-8b,memit,ripple,ripple_popular_row867,ripple_aliasing,hit,post,0.0
llama3-8b,memit,ripple,ripple_popular_row838,efficacy,hit,pre,0.0
llama3-8b,memit,ripple,ripple_popular_row838,ripple_logical,hit,pre,0.0
llama3-8b,memit,ripple,ripple_popular_row838,ripple_aliasing,hit,pre,0.0
llama3-8b,memit,ripple,ripple_popular_row838,ripple_relation_specificity,hit,pre,1.0
llama3-8b,memit,ripple,ripple_popular_row838,efficacy,hit,post,0.0
llama3-8b,memit,ripple,ripple_popular_row838,ripple_logical,hit,post,0.0
llama3-8b,memit,ripple,ripple_popular_row838,ripple_aliasing,hit,post,0.0
llama3-8b,memit,ripple,ripple_popular_row838,ripple_relation_specificity,hit,post,1.0
llama3-8b,memit,ripple,ripple_popular_row716,efficacy,hit,pre,0.0
llama3-8b,memit,ripple,ripple_popular_row716,ripple_logical,hit,pre,0.0
llama3-8b,memit,ripple,ripple_popular_row716,ripple_compositional_i,hit,pre,0.0
llama3-8b,memit,ripple,ripple_popular_row716,ripple_aliasing,hit,pre,0.0
llama3-8b,memit,ripple,ripple_popular_row716,ripple_relation_specificity,hit,pre,1.0
llama3-8b,memit,ripple,ripple_popular_row716,efficacy,hit,post,1.0
llama3-8b,memit,ripple,ripple_popular_row716,ripple_logical,hit,post,0.0
llama3-8b,memit,ripple,ripple_popular_row716,ripple_compositional_i,hit,post,0.0
llama3-8b,memit,ripple,ripple_popular_row716,ripple_aliasing,hit,post,0.0
llama3-8b,memit,ripple,ripple_popular_row716,ripple_relation_specificity,hit,post,1.0
llama3-8b,memit,ripple,ripple_popular_row857,efficacy,hit,pre,0.0
llama3-8b,memit,ripple,ripple_popular_row857,ripple_logical,hit,pre,0.0
llama3-8b,memit,ripple,ripple_popular_row857,ripple_aliasing,hit,pre,0.0
llama3-8b,memit,ripple,ripple_popular_row857,ripple_relation_specificity,hit,pre,1.0
llama3-8b,memit,ripple,ripple_popular_row857,efficacy,hit,post,1.0
llama3-8b,memit,ripple,ripple_popular_row857,ripple_logical,hit,post,0.0
llama3-8b,memit,ripple,ripple_popular_row857,ripple_aliasing,hit,post,0.5
llama3-8b,memit,ripple,ripple_popular_row857,ripple_relation_specificity,hit,post,0.16666666666666666
llama3-8b,memit,ripple,ripple_popular_row868,efficacy,hit,pre,0.0
llama3-8b,memit,ripple,ripple_popular_row868,ripple_compositional_i,hit,pre,0.2
llama3-8b,memit,ripple,ripple_popular_row868,ripple_relation_specificity,hit,pre,1.0
llama3-8b,memit,ripple,ripple_popular_row868,efficacy,hit,post,1.0
llama3-8b,memit,ripple,ripple_popular_row868,ripple_compositional_i,hit,post,0.6
llama3-8b,memit,ripple,ripple_popular_row868,ripple_relation_specificity,hit,post,1.0
llama3-8b,memit,ripple,ripple_popular_row699,efficacy,hit,pre,0.0
llama3-8b,memit,ripple,ripple_popular_row699,ripple_aliasing,hit,pre,0.0
llama3-8b,memit,ripple,ripple_popular_row699,efficacy,hit,post,1.0
llama3-8b,memit,ripple,ripple_popular_row699,ripple_aliasing,hit,post,0.0
llama3-8b,memit,ripple,ripple_popular_row825,efficacy,hit,pre,0.0
llama3-8b,memit,ripple,ripple_popular_row825,ripple_aliasing,hit,pre,0.0
llama3-8b,memit,ripple,ripple_popular_row825,ripple_relation_specificity,hit,pre,1.0
llama3-8b,memit,ripple,ripple_popular_row825,efficacy,hit,post,1.0
llama3-8b,memit,ripple,ripple_popular_row825,ripple_aliasing,hit,post,1.0
llama3-8b,memit,ripple,ripple_popular_row825,ripple_relation_specificity,hit,post,0.3333333333333333
llama3-8b,memit,ripple,ripple_popular_row866,efficacy,hit,pre,0.0
llama3-8b,memit,ripple,ripple_popular_row866,ripple_compositional_i,hit,pre,0.3333333333333333
llama3-8b,memit,ripple,ripple_popular_row866,ripple_compositional_ii,hit,pre,0.0
llama3-8b,memit,ripple,ripple_popular_row866,ripple_aliasing,hit,pre,0.0
llama3-8b,memit,ripple,ripple_popular_row866,ripple_relation_specificity,hit,pre,1.0
llama3-8b,memit,ripple,ripple_popular_row866,efficacy,hit,post,1.0
llama3-8b,memit,ripple,ripple_popular_row866,ripple_compositional_i,hit,post,0.6666666666666666
llama3-8b,memit,ripple,ripple_popular_row866,ripple_compositional_ii,hit,post,0.0
llama3-8b,memit,ripple,ripple_popular_row866,ripple_aliasing,hit,post,0.25
llama3-8b,memit,ripple,ripple_popular_row866,ripple_relation_specificity,hit,post,0.375
llama3-8b,memit,ripple,ripple_popular_row642,efficacy,hit,pre,0.0
llama3-8b,memit,ripple,ripple_popular_row642,ripple_aliasing,hit,pre,0.0
llama3-8b,memit,ripple,ripple_popular_row642,ripple_relation_specificity,hit,pre,1.0
llama3-8b,memit,ripple,ripple_popular_row642,efficacy,hit,post,1.0
llama3-8b,memit,ripple,ripple_popular_row642,ripple_aliasing,hit,post,0.0
llama3-8b,memit,ripple,ripple_popular_row642,ripple_relation_specificity,hit,post,0.6
llama3-8b,memit,ripple,ripple_popular_row653,efficacy,hit,pre,0.0
llama3-8b,memit,ripple,ripple_popular_row653,ripple_logical,hit,pre,0.0
llama3-8b,memit,ripple,ripple_popular_row653,efficacy,hit,post,1.0
llama3-8b,memit,ripple,ripple_popular_row653,ripple_logical,hit,post,0.0
llama3-8b,memit,ripple,ripple_popular_row663,efficacy,hit,pre,0.0
llama3-8b,memit,ripple,ripple_popular_row663,ripple_relation_specificity,hit,pre,1.0
llama3-8b,memit,ripple,ripple_popular_row663,efficacy,hit,post,1.0
llama3-8b,memit,ripple,ripple_popular_row663,ripple_relation_specificity,hit,post,0.6666666666666666
llama3-8b,memit,ripple,ripple_popular_row692,efficacy,hit,pre,0.0
llama3-8b,memit,ripple,ripple_popular_row692,ripple_logical,hit,pre,0.0
llama3-8b,memit,ripple,ripple_popular_row692,ripple_aliasing,hit,pre,0.0
llama3-8b,memit,ripple,ripple_popular_row692,ripple_relation_specificity,hit,pre,1.0
llama3-8b,memit,ripple,ripple_popular_row692,efficacy,hit,post,1.0
llama3-8b,memit,ripple,ripple_popular_row692,ripple_logical,hit,post,0.0
llama3-8b,memit,ripple,ripple_popular_row692,ripple_aliasing,hit,post,0.0
llama3-8b,memit,ripple,ripple_popular_row692,ripple_relation_specificity,hit,post,0.3333333333333333
llama3-8b,memit,ripple,ripple_popular_row701,efficacy,hit,pre,0.0
llama3-8b,memit,ripple,ripple_popular_row701,ripple_logical,hit,pre,0.0
llama3-8b,memit,ripple,ripple_popular_row701,ripple_aliasing,hit,pre,0.0
llama3-8b,memit,ripple,ripple_popular_row701,efficacy,hit,post,1.0
llama3-8b,memit,ripple,ripple_popular_row701,ripple_logical,hit,post,0.0
llama3-8b,memit,ripple,ripple_popular_row701,ripple_aliasing,hit,post,0.0
llama3-8b,memit,ripple,ripple_popular_row690,efficacy,hit,pre,0.0
llama3-8b,memit,ripple,ripple_popular_row690,ripple_aliasing,hit,pre,0.0
llama3-8b,memit,ripple,ripple_popular_row690,ripple_relation_specificity,hit,pre,1.0
llama3-8b,memit,ripple,ripple_popular_row690,efficacy,hit,post,1.0
llama3-8b,memit,ripple,ripple_popular_row690,ripple_aliasing,hit,post,0.6666666666666666
llama3-8b,memit,ripple,ripple_popular_row690,ripple_relation_specificity,hit,post,0.09090909090909091
llama3-8b,memit,ripple,ripple_popular_row668,efficacy,hit,pre,0.0
llama3-8b,memit,ripple,ripple_popular_row668,ripple_aliasing,hit,pre,0.0
llama3-8b,memit,ripple,ripple_popular_row668,ripple_relation_specificity,hit,pre,1.0
llama3-8b,memit,ripple,ripple_popular_row668,efficacy,hit,post,1.0
llama3-8b,memit,ripple,ripple_popular_row668,ripple_aliasing,hit,post,0.8
llama3-8b,memit,ripple,ripple_popular_row668,ripple_relation_specificity,hit,post,0.6666666666666666
llama3-8b,memit,ripple,ripple_popular_row810,efficacy,hit,pre,0.0
llama3-8b,memit,ripple,ripple_popular_row810,ripple_logical,hit,pre,0.0
llama3-8b,memit,ripple,ripple_popular_row810,ripple_aliasing,hit,pre,0.0
llama3-8b,memit,ripple,ripple_popular_row810,ripple_relation_specificity,hit,pre,1.0
llama3-8b,memit,ripple,ripple_popular_row810,efficacy,hit,post,1.0
llama3-8b,memit,ripple,ripple_popular_row810,ripple_logical,hit,post,0.0
llama3-8b,memit,ripple,ripple_popular_row810,ripple_aliasing,hit,post,1.0
llama3-8b,memit,ripple,ripple_popular_row810,ripple_relation_specificity,hit,post,0.25
llama3-8b,memit,ripple,ripple_popular_row870,efficacy,hit,pre,0.0
llama3-8b,memit,ripple,ripple_popular_row870,ripple_compositional_i,hit,pre,0.5
llama3-8b,memit,ripple,ripple_popular_row870,efficacy,hit,post,1.0
llama3-8b,memit,ripple,ripple_popular_row870,ripple_compositional_i,hit,post,0.5
llama3-8b,memit,ripple,ripple_popular_row646,efficacy,hit,pre,0.0
llama3-8b,memit,ripple,ripple_popular_row646,ripple_compositional_i,hit,pre,0.0
llama3-8b,memit,ripple,ripple_popular_row646,ripple_aliasing,hit,pre,0.0
llama3-8b,memit,ripple,ripple_popular_row646,ripple_relation_specificity,hit,pre,1.0
llama3-8b,memit,ripple,ripple_popular_row646,efficacy,hit,post,1.0
llama3-8b,memit,ripple,ripple_popular_row646,ripple_compositional_i,hit,post,0.0
llama3-8b,memit,ripple,ripple_popular_row646,ripple_aliasing,hit,post,0.0
llama3-8b,memit,ripple,ripple_popular_row646,ripple_relation_specificity,hit,post,0.5
llama3-8b,memit,ripple,ripple_popular_row697,efficacy,hit,pre,0.0
llama3-8b,memit,ripple,ripple_popular_row697,ripple_aliasing,hit,pre,0.0
llama3-8b,memit,ripple,ripple_popular_row697,ripple_relation_specificity,hit,pre,1.0
llama3-8b,memit,ripple,ripple_popular_row697,efficacy,hit,post,1.0
llama3-8b,memit,ripple,ripple_popular_row697,ripple_aliasing,hit,post,0.0
llama3-8b,memit,ripple,ripple_popular_row697,ripple_relation_specificity,hit,post,0.0
llama3-8b,memit,ripple,ripple_popular_row613,efficacy,hit,pre,0.0
llama3-8b,memit,ripple,ripple_popular_row613,ripple_logical,hit,pre,0.0
llama3-8b,memit,ripple,ripple_popular_row613,ripple_compositional_i,hit,pre,0.5
llama3-8b,memit,ripple,ripple_popular_row613,ripple_aliasing,hit,pre,0.0
llama3-8b,memit,ripple,ripple_popular_row613,ripple_relation_specificity,hit,pre,1.0
llama3-8b,memit,ripple,ripple_popular_row613,efficacy,hit,post,1.0
llama3-8b,memit,ripple,ripple_popular_row613,ripple_logical,hit,post,0.0
llama3-8b,memit,ripple,ripple_popular_row613,ripple_compositional_i,hit,post,0.5
llama3-8b,memit,ripple,ripple_popular_row613,ripple_aliasing,hit,post,0.0
llama3-8b,memit,ripple,ripple_popular_row613,ripple_relation_specificity,hit,post,0.2222222222222222
llama3-8b,memit,ripple,ripple_popular_row710,efficacy,hit,pre,0.0
llama3-8b,memit,ripple,ripple_popular_row710,efficacy,hit,post,1.0
llama3-8b,memit,ripple,ripple_popular_row819,efficacy,hit,pre,0.0
llama3-8b,memit,ripple,ripple_popular_row819,ripple_aliasing,hit,pre,0.0
llama3-8b,memit,ripple,ripple_popular_row819,ripple_relation_specificity,hit,pre,1.0
llama3-8b,memit,ripple,ripple_popular_row819,ripple_preservation,hit,pre,1.0
llama3-8b,memit,ripple,ripple_popular_row819,efficacy,hit,post,1.0
llama3-8b,memit,ripple,ripple_popular_row819,ripple_aliasing,hit,post,0.0
llama3-8b,memit,ripple,ripple_popular_row819,ripple_relation_specificity,hit,post,0.5
llama3-8b,memit,ripple,ripple_popular_row819,ripple_preservation,hit,post,0.0
llama3-8b,memit,ripple,ripple_popular_row782,efficacy,hit,pre,0.0
llama3-8b,memit,ripple,ripple_popular_row782,ripple_aliasing,hit,pre,0.0
llama3-8b,memit,ripple,ripple_popular_row782,ripple_relation_specificity,hit,pre,1.0
llama3-8b,memit,ripple,ripple_popular_row782,efficacy,hit,post,1.0
llama3-8b,memit,ripple,ripple_popular_row782,ripple_aliasing,hit,post,0.5
llama3-8b,memit,ripple,ripple_popular_row782,ripple_relation_specificity,hit,post,0.0
llama3-8b,memit,ripple,ripple_popular_row696,efficacy,hit,pre,0.0
llama3-8b,memit,ripple,ripple_popular_row696,ripple_compositional_i,hit,pre,0.3333333333333333
llama3-8b,memit,ripple,ripple_popular_row696,efficacy,hit,post,1.0
llama3-8b,memit,ripple,ripple_popular_row696,ripple_compositional_i,hit,post,0.0
llama3-8b,memit,ripple,ripple_popular_row641,efficacy,hit,pre,0.0
llama3-8b,memit,ripple,ripple_popular_row641,ripple_aliasing,hit,pre,0.0
llama3-8b,memit,ripple,ripple_popular_row641,efficacy,hit,post,1.0
llama3-8b,memit,ripple,ripple_popular_row641,ripple_aliasing,hit,post,1.0
llama3-8b,memit,ripple,ripple_popular_row705,efficacy,hit,pre,0.0
llama3-8b,memit,ripple,ripple_popular_row705,ripple_aliasing,hit,pre,0.0
llama3-8b,memit,ripple,ripple_popular_row705,ripple_relation_specificity,hit,pre,1.0
llama3-8b,memit,ripple,ripple_popular_row705,ripple_preservation,hit,pre,1.0
llama3-8b,memit,ripple,ripple_popular_row705,efficacy,hit,post,1.0
llama3-8b,memit,ripple,ripple_popular_row705,ripple_aliasing,hit,post,0.5
llama3-8b,memit,ripple,ripple_popular_row705,ripple_relation_specificity,hit,post,1.0
llama3-8b,memit,ripple,ripple_popular_row705,ripple_preservation,hit,post,0.0
llama3-8b,memit,ripple,ripple_popular_row614,efficacy,hit,pre,0.0
llama3-8b,memit,ripple,ripple_popular_row614,ripple_compositional_i,hit,pre,0.0
llama3-8b,memit,ripple,ripple_popular_row614,ripple_aliasing,hit,pre,0.0
llama3-8b,memit,ripple,ripple_popular_row614,ripple_relation_specificity,hit,pre,1.0
llama3-8b,memit,ripple,ripple_popular_row614,ripple_preservation,hit,pre,1.0
llama3-8b,memit,ripple,ripple_popular_row614,efficacy,hit,post,1.0
llama3-8b,memit,ripple,ripple_popular_row614,ripple_compositional_i,hit,post,1.0
llama3-8b,memit,ripple,ripple_popular_row614,ripple_aliasing,hit,post,0.0
llama3-8b,memit,ripple,ripple_popular_row614,ripple_relation_specificity,hit,post,0.2
llama3-8b,memit,ripple,ripple_popular_row614,ripple_preservation,hit,post,1.0
llama3-8b,memit,ripple,ripple_popular_row874,efficacy,hit,pre,0.0
llama3-8b,memit,ripple,ripple_popular_row874,ripple_logical,hit,pre,0.0
llama3-8b,memit,ripple,ripple_popular_row874,ripple_compositional_i,hit,pre,1.0
llama3-8b,memit,ripple,ripple_popular_row874,ripple_aliasing,hit,pre,0.0
llama3-8b,memit,ripple,ripple_popular_row874,ripple_relation_specificity,hit,pre,1.0
llama3-8b,memit,ripple,ripple_popular_row874,efficacy,hit,post,1.0
llama3-8b,memit,ripple,ripple_popular_row874,ripple_logical,hit,post,0.0
llama3-8b,memit,ripple,ripple_popular_row874,ripple_compositional_i,hit,post,0.0
llama3-8b,memit,ripple,ripple_popular_row874,ripple_aliasing,hit,post,1.0
llama3-8b,memit,ripple,ripple_popular_row874,ripple_relation_specificity,hit,post,0.5
llama3-8b,memit,ripple,ripple_popular_row610,efficacy,hit,pre,0.0
llama3-8b,memit,ripple,ripple_popular_row610,ripple_compositional_i,hit,pre,0.0
llama3-8b,memit,ripple,ripple_popular_row610,ripple_aliasing,hit,pre,0.0
llama3-8b,memit,ripple,ripple_popular_row610,efficacy,hit,post,1.0
llama3-8b,memit,ripple,ripple_popular_row610,ripple_compositional_i,hit,post,1.0
llama3-8b,memit,ripple,ripple_popular_row610,ripple_aliasing,hit,post,0.3333333333333333
llama3-8b,memit,ripple,ripple_popular_row816,efficacy,hit,pre,0.0
llama3-8b,memit,ripple,ripple_popular_row816,ripple_aliasing,hit,pre,0.0
llama3-8b,memit,ripple,ripple_popular_row816,ripple_relation_specificity,hit,pre,1.0
llama3-8b,memit,ripple,ripple_popular_row816,efficacy,hit,post,1.0
llama3-8b,memit,ripple,ripple_popular_row816,ripple_aliasing,hit,post,0.0
llama3-8b,memit,ripple,ripple_popular_row816,ripple_relation_specificity,hit,post,0.5
llama3-8b,memit,ripple,ripple_popular_row717,efficacy,hit,pre,0.0
llama3-8b,memit,ripple,ripple_popular_row717,ripple_logical,hit,pre,0.0
llama3-8b,memit,ripple,ripple_popular_row717,ripple_compositional_i,hit,pre,0.0
llama3-8b,memit,ripple,ripple_popular_row717,ripple_compositional_ii,hit,pre,0.0
llama3-8b,memit,ripple,ripple_popular_row717,ripple_aliasing,hit,pre,0.0
llama3-8b,memit,ripple,ripple_popular_row717,ripple_relation_specificity,hit,pre,0.6666666666666666
llama3-8b,memit,ripple,ripple_popular_row717,efficacy,hit,post,1.0
llama3-8b,memit,ripple,ripple_popular_row717,ripple_logical,hit,post,0.0
llama3-8b,memit,ripple,ripple_popular_row717,ripple_compositional_i,hit,post,0.0
llama3-8b,memit,ripple,ripple_popular_row717,ripple_compositional_ii,hit,post,0.0
llama3-8b,memit,ripple,ripple_popular_row717,ripple_aliasing,hit,post,0.25
llama3-8b,memit,ripple,ripple_popular_row717,ripple_relation_specificity,hit,post,0.3333333333333333
llama3-8b,memit,ripple,ripple_popular_row836,efficacy,hit,pre,0.0
llama3-8b,memit,ripple,ripple_popular_row836,ripple_compositional_ii,hit,pre,0.0
llama3-8b,memit,ripple,ripple_popular_row836,ripple_aliasing,hit,pre,0.0
llama3-8b,memit,ripple,ripple_popular_row836,ripple_relation_specificity,hit,pre,1.0
llama3-8b,memit,ripple,ripple_popular_row836,efficacy,hit,post,1.0
llama3-8b,memit,ripple,ripple_popular_row836,ripple_compositional_ii,hit,post,0.0
llama3-8b,memit,ripple,ripple_popular_row836,ripple_aliasing,hit,post,0.6
llama3-8b,memit,ripple,ripple_popular_row836,ripple_relation_specificity,hit,post,0.2
llama3-8b,memit,ripple,ripple_popular_row719,efficacy,hit,pre,0.0
llama3-8b,memit,ripple,ripple_popular_row719,ripple_relation_specificity,hit,pre,1.0
llama3-8b,memit,ripple,ripple_popular_row719,ripple_preservation,hit,pre,1.0
llama3-8b,memit,ripple,ripple_popular_row719,efficacy,hit,post,1.0
llama3-8b,memit,ripple,ripple_popular_row719,ripple_relation_specificity,hit,post,1.0
llama3-8b,memit,ripple,ripple_popular_row719,ripple_preservation,hit,post,0.0
llama3-8b,memit,ripple,ripple_popular_row684,efficacy,hit,pre,0.0
llama3-8b,memit,ripple,ripple_popular_row684,ripple_aliasing,hit,pre,0.0
llama3-8b,memit,ripple,ripple_popular_row684,efficacy,hit,post,1.0
llama3-8b,memit,ripple,ripple_popular_row684,ripple_aliasing,hit,post,0.0
llama3-8b,memit,ripple,ripple_popular_row877,efficacy,hit,pre,0.0
llama3-8b,memit,ripple,ripple_popular_row877,ripple_aliasing,hit,pre,0.0
llama3-8b,memit,ripple,ripple_popular_row877,ripple_relation_specificity,hit,pre,1.0
llama3-8b,memit,ripple,ripple_popular_row877,efficacy,hit,post,1.0
llama3-8b,memit,ripple,ripple_popular_row877,ripple_aliasing,hit,post,1.0
llama3-8b,memit,ripple,ripple_popular_row877,ripple_relation_specificity,hit,post,0.0
llama3-8b,memit,ripple,ripple_popular_row763,efficacy,hit,pre,0.0
llama3-8b,memit,ripple,ripple_popular_row763,ripple_aliasing,hit,pre,0.0
llama3-8b,memit,ripple,ripple_popular_row763,ripple_relation_specificity,hit,pre,1.0
llama3-8b,memit,ripple,ripple_popular_row763,efficacy,hit,post,1.0
llama3-8b,memit,ripple,ripple_popular_row763,ripple_aliasing,hit,post,0.0
llama3-8b,memit,ripple,ripple_popular_row763,ripple_relation_specificity,hit,post,1.0
llama3-8b,memit,ripple,ripple_popular_row731,efficacy,hit,pre,0.0
llama3-8b,memit,ripple,ripple_popular_row731,ripple_aliasing,hit,pre,0.0
llama3-8b,memit,ripple,ripple_popular_row731,ripple_relation_specificity,hit,pre,1.0
llama3-8b,memit,ripple,ripple_popular_row731,efficacy,hit,post,1.0
llama3-8b,memit,ripple,ripple_popular_row731,ripple_aliasing,hit,post,0.0
llama3-8b,memit,ripple,ripple_popular_row731,ripple_relation_specificity,hit,post,0.5
llama3-8b,memit,ripple,ripple_popular_row799,efficacy,hit,pre,0.0
llama3-8b,memit,ripple,ripple_popular_row799,ripple_aliasing,hit,pre,0.0
llama3-8b,memit,ripple,ripple_popular_row799,ripple_relation_specificity,hit,pre,1.0
llama3-8b,memit,ripple,ripple_popular_row799,ripple_preservation,hit,pre,1.0
llama3-8b,memit,ripple,ripple_popular_row799,efficacy,hit,post,1.0
llama3-8b,memit,ripple,ripple_popular_row799,ripple_aliasing,hit,post,0.2
llama3-8b,memit,ripple,ripple_popular_row799,ripple_relation_specificity,hit,post,0.2
llama3-8b,memit,ripple,ripple_popular_row799,ripple_preservation,hit,post,0.0
llama3-8b,memit,ripple,ripple_popular_row880,efficacy,hit,pre,0.0
llama3-8b,memit,ripple,ripple_popular_row880,ripple_aliasing,hit,pre,0.0
llama3-8b,memit,ripple,ripple_popular_row880,ripple_relation_specificity,hit,pre,1.0
llama3-8b,memit,ripple,ripple_popular_row880,efficacy,hit,post,1.0
llama3-8b,memit,ripple,ripple_popular_row880,ripple_aliasing,hit,post,1.0
llama3-8b,memit,ripple,ripple_popular_row880,ripple_relation_specificity,hit,post,0.3333333333333333
llama3-8b,memit,ripple,ripple_popular_row680,efficacy,hit,pre,0.0
llama3-8b,memit,ripple,ripple_popular_row680,ripple_compositional_ii,hit,pre,0.0
llama3-8b,memit,ripple,ripple_popular_row680,ripple_aliasing,hit,pre,0.0
llama3-8b,memit,ripple,ripple_popular_row680,ripple_relation_specificity,hit,pre,1.0
llama3-8b,memit,ripple,ripple_popular_row680,efficacy,hit,post,1.0
llama3-8b,memit,ripple,ripple_popular_row680,ripple_compositional_ii,hit,post,0.0
llama3-8b,memit,ripple,ripple_popular_row680,ripple_aliasing,hit,post,0.6
llama3-8b,memit,ripple,ripple_popular_row680,ripple_relation_specificity,hit,post,0.5
llama3-8b,memit,ripple,ripple_popular_row737,efficacy,hit,pre,0.0
llama3-8b,memit,ripple,ripple_popular_row737,ripple_compositional_i,hit,pre,0.5
llama3-8b,memit,ripple,ripple_popular_row737,ripple_aliasing,hit,pre,0.0
llama3-8b,memit,ripple,ripple_popular_row737,ripple_relation_specificity,hit,pre,1.0
llama3-8b,memit,ripple,ripple_popular_row737,ripple_preservation,hit,pre,1.0
llama3-8b,memit,ripple,ripple_popular_row737,efficacy,hit,post,1.0
llama3-8b,memit,ripple,ripple_popular_row737,ripple_compositional_i,hit,post,0.5
llama3-8b,memit,ripple,ripple_popular_row737,ripple_aliasing,hit,post,0.0
llama3-8b,memit,ripple,ripple_popular_row737,ripple_relation_specificity,hit,post,0.0
llama3-8b,memit,ripple,ripple_popular_row737,ripple_preservation,hit,post,0.0
llama3-8b,memit,ripple,ripple_popular_row712,efficacy,hit,pre,0.0
llama3-8b,memit,ripple,ripple_popular_row712,ripple_aliasing,hit,pre,0.0
llama3-8b,memit,ripple,ripple_popular_row712,ripple_relation_specificity,hit,pre,1.0
llama3-8b,memit,ripple,ripple_popular_row712,efficacy,hit,post,1.0
llama3-8b,memit,ripple,ripple_popular_row712,ripple_aliasing,hit,post,0.4
llama3-8b,memit,ripple,ripple_popular_row712,ripple_relation_specificity,hit,post,0.5714285714285714
llama3-8b,memit,ripple,ripple_popular_row789,efficacy,hit,pre,0.0
llama3-8b,memit,ripple,ripple_popular_row789,ripple_aliasing,hit,pre,0.0
llama3-8b,memit,ripple,ripple_popular_row789,ripple_relation_specificity,hit,pre,1.0
llama3-8b,memit,ripple,ripple_popular_row789,efficacy,hit,post,1.0
llama3-8b,memit,ripple,ripple_popular_row789,ripple_aliasing,hit,post,0.0
llama3-8b,memit,ripple,ripple_popular_row789,ripple_relation_specificity,hit,post,1.0
llama3-8b,memit,ripple,ripple_popular_row881,efficacy,hit,pre,0.0
llama3-8b,memit,ripple,ripple_popular_row881,ripple_logical,hit,pre,0.0
llama3-8b,memit,ripple,ripple_popular_row881,ripple_compositional_i,hit,pre,0.0
llama3-8b,memit,ripple,ripple_popular_row881,ripple_aliasing,hit,pre,0.0
llama3-8b,memit,ripple,ripple_popular_row881,ripple_relation_specificity,hit,pre,1.0
llama3-8b,memit,ripple,ripple_popular_row881,efficacy,hit,post,1.0
llama3-8b,memit,ripple,ripple_popular_row881,ripple_logical,hit,post,0.0
llama3-8b,memit,ripple,ripple_popular_row881,ripple_compositional_i,hit,post,0.0
llama3-8b,memit,ripple,ripple_popular_row881,ripple_aliasing,hit,post,0.0
llama3-8b,memit,ripple,ripple_popular_row881,ripple_relation_specificity,hit,post,0.6666666666666666
llama3-8b,memit,ripple,ripple_popular_row863,efficacy,hit,pre,0.0
llama3-8b,memit,ripple,ripple_popular_row863,ripple_aliasing,hit,pre,0.0
llama3-8b,memit,ripple,ripple_popular_row863,ripple_relation_specificity,hit,pre,1.0
llama3-8b,memit,ripple,ripple_popular_row863,efficacy,hit,post,1.0
llama3-8b,memit,ripple,ripple_popular_row863,ripple_aliasing,hit,post,0.5
llama3-8b,memit,ripple,ripple_popular_row863,ripple_relation_specificity,hit,post,0.5
llama3-8b,memit,ripple,ripple_popular_row873,efficacy,hit,pre,0.0
llama3-8b,memit,ripple,ripple_popular_row873,ripple_compositional_i,hit,pre,0.2
llama3-8b,memit,ripple,ripple_popular_row873,ripple_aliasing,hit,pre,0.0
llama3-8b,memit,ripple,ripple_popular_row873,ripple_relation_specificity,hit,pre,1.0
llama3-8b,memit,ripple,ripple_popular_row873,efficacy,hit,post,1.0
llama3-8b,memit,ripple,ripple_popular_row873,ripple_compositional_i,hit,post,1.0
llama3-8b,memit,ripple,ripple_popular_row873,ripple_aliasing,hit,post,1.0
llama3-8b,memit,ripple,ripple_popular_row873,ripple_relation_specificity,hit,post,0.6666666666666666
llama3-8b,memit,ripple,ripple_popular_row708,efficacy,hit,pre,0.0
llama3-8b,memit,ripple,ripple_popular_row708,ripple_compositional_ii,hit,pre,0.0
llama3-8b,memit,ripple,ripple_popular_row708,ripple_aliasing,hit,pre,0.0
llama3-8b,memit,ripple,ripple_popular_row708,ripple_relation_specificity,hit,pre,1.0
llama3-8b,memit,ripple,ripple_popular_row708,efficacy,hit,post,1.0
llama3-8b,memit,ripple,ripple_popular_row708,ripple_compositional_ii,hit,post,0.0
llama3-8b,memit,ripple,ripple_popular_row708,ripple_aliasing,hit,post,0.0
llama3-8b,memit,ripple,ripple_popular_row708,ripple_relation_specificity,hit,post,0.2
llama3-8b,memit,ripple,ripple_popular_row850,efficacy,hit,pre,0.0
llama3-8b,memit,ripple,ripple_popular_row850,ripple_relation_specificity,hit,pre,1.0
llama3-8b,memit,ripple,ripple_popular_row850,efficacy,hit,post,1.0
llama3-8b,memit,ripple,ripple_popular_row850,ripple_relation_specificity,hit,post,0.5
llama3-8b,memit,ripple,ripple_popular_row634,efficacy,hit,pre,0.0
llama3-8b,memit,ripple,ripple_popular_row634,ripple_aliasing,hit,pre,0.0
llama3-8b,memit,ripple,ripple_popular_row634,efficacy,hit,post,1.0
llama3-8b,memit,ripple,ripple_popular_row634,ripple_aliasing,hit,post,1.0
llama3-8b,memit,ripple,ripple_popular_row796,efficacy,hit,pre,0.0
llama3-8b,memit,ripple,ripple_popular_row796,ripple_relation_specificity,hit,pre,1.0
llama3-8b,memit,ripple,ripple_popular_row796,efficacy,hit,post,1.0
llama3-8b,memit,ripple,ripple_popular_row796,ripple_relation_specificity,hit,post,0.5
llama3-8b,memit,ripple,ripple_popular_row751,efficacy,hit,pre,0.0
llama3-8b,memit,ripple,ripple_popular_row751,ripple_logical,hit,pre,0.0
llama3-8b,memit,ripple,ripple_popular_row751,ripple_aliasing,hit,pre,0.0
llama3-8b,memit,ripple,ripple_popular_row751,ripple_relation_specificity,hit,pre,1.0
llama3-8b,memit,ripple,ripple_popular_row751,efficacy,hit,post,0.0
llama3-8b,memit,ripple,ripple_popular_row751,ripple_logical,hit,post,0.0
llama3-8b,memit,ripple,ripple_popular_row751,ripple_aliasing,hit,post,0.0
llama3-8b,memit,ripple,ripple_popular_row751,ripple_relation_specificity,hit,post,0.6
llama3-8b,memit,ripple,ripple_popular_row871,efficacy,hit,pre,0.0
llama3-8b,memit,ripple,ripple_popular_row871,ripple_logical,hit,pre,0.0
llama3-8b,memit,ripple,ripple_popular_row871,efficacy,hit,post,0.0
llama3-8b,memit,ripple,ripple_popular_row871,ripple_logical,hit,post,0.0
llama3-8b,memit,ripple,ripple_popular_row746,efficacy,hit,pre,0.0
llama3-8b,memit,ripple,ripple_popular_row746,ripple_aliasing,hit,pre,0.0
llama3-8b,memit,ripple,ripple_popular_row746,ripple_relation_specificity,hit,pre,1.0
llama3-8b,memit,ripple,ripple_popular_row746,ripple_preservation,hit,pre,1.0
llama3-8b,memit,ripple,ripple_popular_row746,efficacy,hit,post,1.0
llama3-8b,memit,ripple,ripple_popular_row746,ripple_aliasing,hit,post,0.3333333333333333
llama3-8b,memit,ripple,ripple_popular_row746,ripple_relation_specificity,hit,post,0.6666666666666666
llama3-8b,memit,ripple,ripple_popular_row746,ripple_preservation,hit,post,0.0
llama3-8b,memit,ripple,ripple_popular_row829,efficacy,hit,pre,0.0
llama3-8b,memit,ripple,ripple_popular_row829,ripple_aliasing,hit,pre,0.0
llama3-8b,memit,ripple,ripple_popular_row829,ripple_relation_specificity,hit,pre,1.0
llama3-8b,memit,ripple,ripple_popular_row829,efficacy,hit,post,1.0
llama3-8b,memit,ripple,ripple_popular_row829,ripple_aliasing,hit,post,1.0
llama3-8b,memit,ripple,ripple_popular_row829,ripple_relation_specificity,hit,post,0.3333333333333333
llama3-8b,memit,ripple,ripple_popular_row658,efficacy,hit,pre,0.0
llama3-8b,memit,ripple,ripple_popular_row658,ripple_logical,hit,pre,0.0
llama3-8b,memit,ripple,ripple_popular_row658,ripple_compositional_i,hit,pre,0.0
llama3-8b,memit,ripple,ripple_popular_row658,ripple_aliasing,hit,pre,0.0
llama3-8b,memit,ripple,ripple_popular_row658,efficacy,hit,post,1.0
llama3-8b,memit,ripple,ripple_popular_row658,ripple_logical,hit,post,0.0
llama3-8b,memit,ripple,ripple_popular_row658,ripple_compositional_i,hit,post,0.0
llama3-8b,memit,ripple,ripple_popular_row658,ripple_aliasing,hit,post,0.0
llama3-8b,memit,ripple,ripple_popular_row884,efficacy,hit,pre,0.0
llama3-8b,memit,ripple,ripple_popular_row884,ripple_logical,hit,pre,0.0
llama3-8b,memit,ripple,ripple_popular_row884,ripple_compositional_i,hit,pre,0.0
llama3-8b,memit,ripple,ripple_popular_row884,ripple_compositional_ii,hit,pre,0.0
llama3-8b,memit,ripple,ripple_popular_row884,ripple_aliasing,hit,pre,0.0
llama3-8b,memit,ripple,ripple_popular_row884,ripple_relation_specificity,hit,pre,1.0
llama3-8b,memit,ripple,ripple_popular_row884,efficacy,hit,post,1.0
llama3-8b,memit,ripple,ripple_popular_row884,ripple_logical,hit,post,0.0
llama3-8b,memit,ripple,ripple_popular_row884,ripple_compositional_i,hit,post,0.5
llama3-8b,memit,ripple,ripple_popular_row884,ripple_compositional_ii,hit,post,0.0
llama3-8b,memit,ripple,ripple_popular_row884,ripple_aliasing,hit,post,0.625
llama3-8b,memit,ripple,ripple_popular_row884,ripple_relation_specificity,hit,post,0.5
llama3-8b,memit,ripple,ripple_popular_row619,efficacy,hit,pre,0.0
llama3-8b,memit,ripple,ripple_popular_row619,ripple_compositional_i,hit,pre,0.0
llama3-8b,memit,ripple,ripple_popular_row619,ripple_aliasing,hit,pre,0.0
llama3-8b,memit,ripple,ripple_popular_row619,ripple_relation_specificity,hit,pre,1.0
llama3-8b,memit,ripple,ripple_popular_row619,efficacy,hit,post,1.0
llama3-8b,memit,ripple,ripple_popular_row619,ripple_compositional_i,hit,post,0.0
llama3-8b,memit,ripple,ripple_popular_row619,ripple_aliasing,hit,post,0.0
llama3-8b,memit,ripple,ripple_popular_row619,ripple_relation_specificity,hit,post,0.5
llama3-8b,memit,ripple,ripple_popular_row649,efficacy,hit,pre,0.0
llama3-8b,memit,ripple,ripple_popular_row649,ripple_logical,hit,pre,0.0
llama3-8b,memit,ripple,ripple_popular_row649,ripple_aliasing,hit,pre,0.0
llama3-8b,memit,ripple,ripple_popular_row649,efficacy,hit,post,0.0
llama3-8b,memit,ripple,ripple_popular_row649,ripple_logical,hit,post,0.0
llama3-8b,memit,ripple,ripple_popular_row649,ripple_aliasing,hit,post,0.0
llama3-8b,memit,ripple,ripple_popular_row688,efficacy,hit,pre,0.0
llama3-8b,memit,ripple,ripple_popular_row688,ripple_aliasing,hit,pre,0.0
llama3-8b,memit,ripple,ripple_popular_row688,ripple_relation_specificity,hit,pre,1.0
llama3-8b,memit,ripple,ripple_popular_row688,efficacy,hit,post,1.0
llama3-8b,memit,ripple,ripple_popular_row688,ripple_aliasing,hit,post,0.5
llama3-8b,memit,ripple,ripple_popular_row688,ripple_relation_specificity,hit,post,1.0
llama3-8b,memit,ripple,ripple_popular_row639,efficacy,hit,pre,0.0
llama3-8b,memit,ripple,ripple_popular_row639,ripple_aliasing,hit,pre,0.0
llama3-8b,memit,ripple,ripple_popular_row639,ripple_relation_specificity,hit,pre,1.0
llama3-8b,memit,ripple,ripple_popular_row639,efficacy,hit,post,1.0
llama3-8b,memit,ripple,ripple_popular_row639,ripple_aliasing,hit,post,1.0
llama3-8b,memit,ripple,ripple_popular_row639,ripple_relation_specificity,hit,post,0.5
llama3-8b,memit,ripple,ripple_popular_row665,efficacy,hit,pre,0.0
llama3-8b,memit,ripple,ripple_popular_row665,ripple_logical,hit,pre,0.0
llama3-8b,memit,ripple,ripple_popular_row665,efficacy,hit,post,1.0
llama3-8b,memit,ripple,ripple_popular_row665,ripple_logical,hit,post,0.0
llama3-8b,memit,ripple,ripple_popular_row801,efficacy,hit,pre,0.0
llama3-8b,memit,ripple,ripple_popular_row801,ripple_aliasing,hit,pre,0.0
llama3-8b,memit,ripple,ripple_popular_row801,efficacy,hit,post,1.0
llama3-8b,memit,ripple,ripple_popular_row801,ripple_aliasing,hit,post,0.6666666666666666
llama3-8b,memit,ripple,ripple_popular_row601,efficacy,hit,pre,0.0
llama3-8b,memit,ripple,ripple_popular_row601,ripple_aliasing,hit,pre,0.0
llama3-8b,memit,ripple,ripple_popular_row601,ripple_relation_specificity,hit,pre,1.0
llama3-8b,memit,ripple,ripple_popular_row601,efficacy,hit,post,1.0
llama3-8b,memit,ripple,ripple_popular_row601,ripple_aliasing,hit,post,0.0
llama3-8b,memit,ripple,ripple_popular_row601,ripple_relation_specificity,hit,post,0.5
llama3-8b,memit,ripple,ripple_popular_row779,efficacy,hit,pre,0.0
llama3-8b,memit,ripple,ripple_popular_row779,ripple_logical,hit,pre,0.0
llama3-8b,memit,ripple,ripple_popular_row779,ripple_aliasing,hit,pre,0.0
llama3-8b,memit,ripple,ripple_popular_row779,efficacy,hit,post,0.0
llama3-8b,memit,ripple,ripple_popular_row779,ripple_logical,hit,post,0.0
llama3-8b,memit,ripple,ripple_popular_row779,ripple_aliasing,hit,post,0.0
llama3-8b,memit,ripple,ripple_popular_row817,efficacy,hit,pre,0.0
llama3-8b,memit,ripple,ripple_popular_row817,ripple_aliasing,hit,pre,0.0
llama3-8b,memit,ripple,ripple_popular_row817,ripple_relation_specificity,hit,pre,1.0
llama3-8b,memit,ripple,ripple_popular_row817,efficacy,hit,post,1.0
llama3-8b,memit,ripple,ripple_popular_row817,ripple_aliasing,hit,post,0.5
llama3-8b,memit,ripple,ripple_popular_row817,ripple_relation_specificity,hit,post,0.25
llama3-8b,memit,ripple,ripple_popular_row729,efficacy,hit,pre,0.0
llama3-8b,memit,ripple,ripple_popular_row729,ripple_aliasing,hit,pre,0.0
llama3-8b,memit,ripple,ripple_popular_row729,efficacy,hit,post,1.0
llama3-8b,memit,ripple,ripple_popular_row729,ripple_aliasing,hit,post,0.5454545454545454
llama3-8b,memit,ripple,ripple_popular_row720,efficacy,hit,pre,0.0
llama3-8b,memit,ripple,ripple_popular_row720,ripple_logical,hit,pre,0.0
llama3-8b,memit,ripple,ripple_popular_row720,ripple_aliasing,hit,pre,0.0
llama3-8b,memit,ripple,ripple_popular_row720,ripple_relation_specificity,hit,pre,1.0
llama3-8b,memit,ripple,ripple_popular_row720,efficacy,hit,post,0.0
llama3-8b,memit,ripple,ripple_popular_row720,ripple_logical,hit,post,0.0
llama3-8b,memit,ripple,ripple_popular_row720,ripple_aliasing,hit,post,0.0
llama3-8b,memit,ripple,ripple_popular_row720,ripple_relation_specificity,hit,post,0.4
llama3-8b,memit,ripple,ripple_popular_row632,efficacy,hit,pre,0.0
llama3-8b,memit,ripple,ripple_popular_row632,ripple_aliasing,hit,pre,0.0
llama3-8b,memit,ripple,ripple_popular_row632,ripple_relation_specificity,hit,pre,1.0
llama3-8b,memit,ripple,ripple_popular_row632,efficacy,hit,post,1.0
llama3-8b,memit,ripple,ripple_popular_row632,ripple_aliasing,hit,post,1.0
llama3-8b,memit,ripple,ripple_popular_row632,ripple_relation_specificity,hit,post,0.3333333333333333
llama3-8b,memit,ripple,ripple_popular_row667,efficacy,hit,pre,0.0
llama3-8b,memit,ripple,ripple_popular_row667,ripple_compositional_ii,hit,pre,0.0
llama3-8b,memit,ripple,ripple_popular_row667,ripple_aliasing,hit,pre,0.0
llama3-8b,memit,ripple,ripple_popular_row667,ripple_relation_specificity,hit,pre,1.0
llama3-8b,memit,ripple,ripple_popular_row667,ripple_preservation,hit,pre,1.0
llama3-8b,memit,ripple,ripple_popular_row667,efficacy,hit,post,1.0
llama3-8b,memit,ripple,ripple_popular_row667,ripple_compositional_ii,hit,post,0.0
llama3-8b,memit,ripple,ripple_popular_row667,ripple_aliasing,hit,post,0.3333333333333333
llama3-8b,memit,ripple,ripple_popular_row667,ripple_relation_specificity,hit,post,1.0
llama3-8b,memit,ripple,ripple_popular_row667,ripple_preservation,hit,post,0.0
llama3-8b,memit,ripple,ripple_popular_row823,efficacy,hit,pre,0.0
llama3-8b,memit,ripple,ripple_popular_row823,ripple_aliasing,hit,pre,0.0
llama3-8b,memit,ripple,ripple_popular_row823,ripple_relation_specificity,hit,pre,1.0
llama3-8b,memit,ripple,ripple_popular_row823,efficacy,hit,post,1.0
llama3-8b,memit,ripple,ripple_popular_row823,ripple_aliasing,hit,post,1.0
llama3-8b,memit,ripple,ripple_popular_row823,ripple_relation_specificity,hit,post,1.0
llama3-8b,memit,ripple,ripple_popular_row703,efficacy,hit,pre,0.0
llama3-8b,memit,ripple,ripple_popular_row703,ripple_compositional_i,hit,pre,0.0
llama3-8b,memit,ripple,ripple_popular_row703,ripple_relation_specificity,hit,pre,1.0
llama3-8b,memit,ripple,ripple_popular_row703,efficacy,hit,post,1.0
llama3-8b,memit,ripple,ripple_popular_row703,ripple_compositional_i,hit,post,0.0
llama3-8b,memit,ripple,ripple_popular_row703,ripple_relation_specificity,hit,post,1.0
llama3-8b,memit,ripple,ripple_popular_row774,efficacy,hit,pre,0.0
llama3-8b,memit,ripple,ripple_popular_row774,ripple_aliasing,hit,pre,0.0
llama3-8b,memit,ripple,ripple_popular_row774,ripple_relation_specificity,hit,pre,1.0
llama3-8b,memit,ripple,ripple_popular_row774,efficacy,hit,post,1.0
llama3-8b,memit,ripple,ripple_popular_row774,ripple_aliasing,hit,post,0.5
llama3-8b,memit,ripple,ripple_popular_row774,ripple_relation_specificity,hit,post,0.0
llama3-8b,memit,ripple,ripple_popular_row793,efficacy,hit,pre,0.0
llama3-8b,memit,ripple,ripple_popular_row793,ripple_logical,hit,pre,1.0
llama3-8b,memit,ripple,ripple_popular_row793,ripple_aliasing,hit,pre,0.0
llama3-8b,memit,ripple,ripple_popular_row793,ripple_relation_specificity,hit,pre,1.0
llama3-8b,memit,ripple,ripple_popular_row793,efficacy,hit,post,1.0
llama3-8b,memit,ripple,ripple_popular_row793,ripple_logical,hit,post,0.0
llama3-8b,memit,ripple,ripple_popular_row793,ripple_aliasing,hit,post,1.0
llama3-8b,memit,ripple,ripple_popular_row793,ripple_relation_specificity,hit,post,0.4
llama3-8b,memit,ripple,ripple_popular_row718,efficacy,hit,pre,0.0
llama3-8b,memit,ripple,ripple_popular_row718,ripple_aliasing,hit,pre,0.0
llama3-8b,memit,ripple,ripple_popular_row718,ripple_relation_specificity,hit,pre,1.0
llama3-8b,memit,ripple,ripple_popular_row718,efficacy,hit,post,1.0
llama3-8b,memit,ripple,ripple_popular_row718,ripple_aliasing,hit,post,0.5
llama3-8b,memit,ripple,ripple_popular_row718,ripple_relation_specificity,hit,post,0.0
llama3-8b,memit,ripple,ripple_popular_row759,efficacy,hit,pre,0.0
llama3-8b,memit,ripple,ripple_popular_row759,ripple_compositional_i,hit,pre,0.5
llama3-8b,memit,ripple,ripple_popular_row759,ripple_relation_specificity,hit,pre,1.0
llama3-8b,memit,ripple,ripple_popular_row759,efficacy,hit,post,1.0
llama3-8b,memit,ripple,ripple_popular_row759,ripple_compositional_i,hit,post,0.5
llama3-8b,memit,ripple,ripple_popular_row759,ripple_relation_specificity,hit,post,1.0
llama3-8b,memit,ripple,ripple_popular_row672,efficacy,hit,pre,0.0
llama3-8b,memit,ripple,ripple_popular_row672,ripple_logical,hit,pre,0.0
llama3-8b,memit,ripple,ripple_popular_row672,efficacy,hit,post,0.0
llama3-8b,memit,ripple,ripple_popular_row672,ripple_logical,hit,post,0.0
llama3-8b,memit,ripple,ripple_popular_row875,efficacy,hit,pre,0.0
llama3-8b,memit,ripple,ripple_popular_row875,ripple_relation_specificity,hit,pre,1.0
llama3-8b,memit,ripple,ripple_popular_row875,ripple_preservation,hit,pre,1.0
llama3-8b,memit,ripple,ripple_popular_row875,efficacy,hit,post,1.0
llama3-8b,memit,ripple,ripple_popular_row875,ripple_relation_specificity,hit,post,1.0
llama3-8b,memit,ripple,ripple_popular_row875,ripple_preservation,hit,post,0.0
llama3-8b,memit,ripple,ripple_popular_row645,efficacy,hit,pre,0.0
llama3-8b,memit,ripple,ripple_popular_row645,ripple_compositional_i,hit,pre,0.0
llama3-8b,memit,ripple,ripple_popular_row645,ripple_aliasing,hit,pre,0.0
llama3-8b,memit,ripple,ripple_popular_row645,ripple_relation_specificity,hit,pre,1.0
llama3-8b,memit,ripple,ripple_popular_row645,ripple_preservation,hit,pre,1.0
llama3-8b,memit,ripple,ripple_popular_row645,efficacy,hit,post,1.0
llama3-8b,memit,ripple,ripple_popular_row645,ripple_compositional_i,hit,post,0.0
llama3-8b,memit,ripple,ripple_popular_row645,ripple_aliasing,hit,post,0.0
llama3-8b,memit,ripple,ripple_popular_row645,ripple_relation_specificity,hit,post,0.6
llama3-8b,memit,ripple,ripple_popular_row645,ripple_preservation,hit,post,1.0
llama3-8b,memit,ripple,ripple_popular_row765,efficacy,hit,pre,0.0
llama3-8b,memit,ripple,ripple_popular_row765,ripple_compositional_ii,hit,pre,0.0
llama3-8b,memit,ripple,ripple_popular_row765,ripple_aliasing,hit,pre,0.0
llama3-8b,memit,ripple,ripple_popular_row765,ripple_relation_specificity,hit,pre,1.0
llama3-8b,memit,ripple,ripple_popular_row765,efficacy,hit,post,1.0
llama3-8b,memit,ripple,ripple_popular_row765,ripple_compositional_ii,hit,post,0.0
llama3-8b,memit,ripple,ripple_popular_row765,ripple_aliasing,hit,post,0.0
llama3-8b,memit,ripple,ripple_popular_row765,ripple_relation_specificity,hit,post,1.0
llama3-8b,memit,ripple,ripple_popular_row865,efficacy,hit,pre,0.0
llama3-8b,memit,ripple,ripple_popular_row865,ripple_logical,hit,pre,0.5
llama3-8b,memit,ripple,ripple_popular_row865,ripple_compositional_i,hit,pre,0.0
llama3-8b,memit,ripple,ripple_popular_row865,ripple_aliasing,hit,pre,0.0
llama3-8b,memit,ripple,ripple_popular_row865,ripple_relation_specificity,hit,pre,1.0
llama3-8b,memit,ripple,ripple_popular_row865,efficacy,hit,post,1.0
llama3-8b,memit,ripple,ripple_popular_row865,ripple_logical,hit,post,0.5
llama3-8b,memit,ripple,ripple_popular_row865,ripple_compositional_i,hit,post,0.0
llama3-8b,memit,ripple,ripple_popular_row865,ripple_aliasing,hit,post,0.0
llama3-8b,memit,ripple,ripple_popular_row865,ripple_relation_specificity,hit,post,1.0
llama3-8b,memit,ripple,ripple_popular_row689,efficacy,hit,pre,0.0
llama3-8b,memit,ripple,ripple_popular_row689,ripple_aliasing,hit,pre,0.0
llama3-8b,memit,ripple,ripple_popular_row689,ripple_relation_specificity,hit,pre,1.0
llama3-8b,memit,ripple,ripple_popular_row689,efficacy,hit,post,1.0
llama3-8b,memit,ripple,ripple_popular_row689,ripple_aliasing,hit,post,1.0
llama3-8b,memit,ripple,ripple_popular_row689,ripple_relation_specificity,hit,post,0.2
llama3-8b,memit,ripple,ripple_popular_row743,efficacy,hit,pre,0.0
llama3-8b,memit,ripple,ripple_popular_row743,ripple_aliasing,hit,pre,0.0
llama3-8b,memit,ripple,ripple_popular_row743,ripple_relation_specificity,hit,pre,1.0
llama3-8b,memit,ripple,ripple_popular_row743,efficacy,hit,post,1.0
llama3-8b,memit,ripple,ripple_popular_row743,ripple_aliasing,hit,post,0.0
llama3-8b,memit,ripple,ripple_popular_row743,ripple_relation_specificity,hit,post,0.5
llama3-8b,memit,ripple,ripple_popular_row676,efficacy,hit,pre,0.0
llama3-8b,memit,ripple,ripple_popular_row676,ripple_aliasing,hit,pre,0.0
llama3-8b,memit,ripple,ripple_popular_row676,ripple_relation_specificity,hit,pre,1.0
llama3-8b,memit,ripple,ripple_popular_row676,efficacy,hit,post,1.0
llama3-8b,memit,ripple,ripple_popular_row676,ripple_aliasing,hit,post,0.0
llama3-8b,memit,ripple,ripple_popular_row676,ripple_relation_specificity,hit,post,0.0
llama3-8b,memit,ripple,ripple_random_row1742,efficacy,hit,pre,0.0
llama3-8b,memit,ripple,ripple_random_row1742,ripple_aliasing,hit,pre,0.0
llama3-8b,memit,ripple,ripple_random_row1742,ripple_relation_specificity,hit,pre,1.0
llama3-8b,memit,ripple,ripple_random_row1742,efficacy,hit,post,1.0
llama3-8b,memit,ripple,ripple_random_row1742,ripple_aliasing,hit,post,0.0
llama3-8b,memit,ripple,ripple_random_row1742,ripple_relation_specificity,hit,post,1.0
llama3-8b,memit,ripple,ripple_random_row1584,efficacy,hit,pre,0.0
llama3-8b,memit,ripple,ripple_random_row1584,ripple_aliasing,hit,pre,0.0
llama3-8b,memit,ripple,ripple_random_row1584,efficacy,hit,post,1.0
llama3-8b,memit,ripple,ripple_random_row1584,ripple_aliasing,hit,post,0.0
llama3-8b,memit,ripple,ripple_random_row1799,efficacy,hit,pre,0.0
llama3-8b,memit,ripple,ripple_random_row1799,ripple_aliasing,hit,pre,0.0
llama3-8b,memit,ripple,ripple_random_row1799,efficacy,hit,post,1.0
llama3-8b,memit,ripple,ripple_random_row1799,ripple_aliasing,hit,post,1.0
llama3-8b,memit,ripple,ripple_random_row1627,efficacy,hit,pre,0.0
llama3-8b,memit,ripple,ripple_random_row1627,ripple_aliasing,hit,pre,0.0
llama3-8b,memit,ripple,ripple_random_row1627,ripple_relation_specificity,hit,pre,1.0
llama3-8b,memit,ripple,ripple_random_row1627,efficacy,hit,post,1.0
llama3-8b,memit,ripple,ripple_random_row1627,ripple_aliasing,hit,post,0.0
llama3-8b,memit,ripple,ripple_random_row1627,ripple_relation_specificity,hit,post,1.0
llama3-8b,memit,ripple,ripple_random_row1806,efficacy,hit,pre,0.0
llama3-8b,memit,ripple,ripple_random_row1806,ripple_aliasing,hit,pre,0.0
llama3-8b,memit,ripple,ripple_random_row1806,ripple_relation_specificity,hit,pre,1.0
llama3-8b,memit,ripple,ripple_random_row1806,efficacy,hit,post,1.0
llama3-8b,memit,ripple,ripple_random_row1806,ripple_aliasing,hit,post,1.0
llama3-8b,memit,ripple,ripple_random_row1806,ripple_relation_specificity,hit,post,1.0
llama3-8b,memit,ripple,ripple_random_row1724,efficacy,hit,pre,0.0
llama3-8b,memit,ripple,ripple_random_row1724,ripple_logical,hit,pre,0.0
llama3-8b,memit,ripple,ripple_random_row1724,ripple_aliasing,hit,pre,0.0
llama3-8b,memit,ripple,ripple_random_row1724,efficacy,hit,post,0.0
llama3-8b,memit,ripple,ripple_random_row1724,ripple_logical,hit,post,0.0
llama3-8b,memit,ripple,ripple_random_row1724,ripple_aliasing,hit,post,0.0
llama3-8b,memit,ripple,ripple_random_row1562,efficacy,hit,pre,0.0
llama3-8b,memit,ripple,ripple_random_row1562,ripple_aliasing,hit,pre,0.0
llama3-8b,memit,ripple,ripple_random_row1562,ripple_relation_specificity,hit,pre,1.0
llama3-8b,memit,ripple,ripple_random_row1562,efficacy,hit,post,1.0
llama3-8b,memit,ripple,ripple_random_row1562,ripple_aliasing,hit,post,0.5
llama3-8b,memit,ripple,ripple_random_row1562,ripple_relation_specificity,hit,post,0.6666666666666666
llama3-8b,memit,ripple,ripple_random_row1855,efficacy,hit,pre,0.0
llama3-8b,memit,ripple,ripple_random_row1855,ripple_aliasing,hit,pre,0.0
llama3-8b,memit,ripple,ripple_random_row1855,ripple_relation_specificity,hit,pre,1.0
llama3-8b,memit,ripple,ripple_random_row1855,efficacy,hit,post,0.0
llama3-8b,memit,ripple,ripple_random_row1855,ripple_aliasing,hit,post,0.0
llama3-8b,memit,ripple,ripple_random_row1855,ripple_relation_specificity,hit,post,0.5
llama3-8b,memit,ripple,ripple_random_row1823,efficacy,hit,pre,0.0
llama3-8b,memit,ripple,ripple_random_row1823,ripple_logical,hit,pre,0.0
llama3-8b,memit,ripple,ripple_random_row1823,ripple_compositional_i,hit,pre,0.0
llama3-8b,memit,ripple,ripple_random_row1823,ripple_aliasing,hit,pre,0.0
llama3-8b,memit,ripple,ripple_random_row1823,efficacy,hit,post,1.0
llama3-8b,memit,ripple,ripple_random_row1823,ripple_logical,hit,post,0.0
llama3-8b,memit,ripple,ripple_random_row1823,ripple_compositional_i,hit,post,0.0
llama3-8b,memit,ripple,ripple_random_row1823,ripple_aliasing,hit,post,0.0
llama3-8b,memit,ripple,ripple_random_row1765,efficacy,hit,pre,0.0
llama3-8b,memit,ripple,ripple_random_row1765,ripple_aliasing,hit,pre,0.0
llama3-8b,memit,ripple,ripple_random_row1765,efficacy,hit,post,1.0
llama3-8b,memit,ripple,ripple_random_row1765,ripple_aliasing,hit,post,1.0
llama3-8b,memit,ripple,ripple_random_row1916,efficacy,hit,pre,0.0
llama3-8b,memit,ripple,ripple_random_row1916,ripple_aliasing,hit,pre,0.0
llama3-8b,memit,ripple,ripple_random_row1916,efficacy,hit,post,0.0
llama3-8b,memit,ripple,ripple_random_row1916,ripple_aliasing,hit,post,0.0
llama3-8b,memit,ripple,ripple_random_row1593,efficacy,hit,pre,0.0
llama3-8b,memit,ripple,ripple_random_row1593,ripple_aliasing,hit,pre,0.0
llama3-8b,memit,ripple,ripple_random_row1593,ripple_relation_specificity,hit,pre,1.0
llama3-8b,memit,ripple,ripple_random_row1593,efficacy,hit,post,1.0
llama3-8b,memit,ripple,ripple_random_row1593,ripple_aliasing,hit,post,0.0
llama3-8b,memit,ripple,ripple_random_row1593,ripple_relation_specificity,hit,post,1.0
llama3-8b,memit,ripple,ripple_random_row1734,efficacy,hit,pre,0.0
llama3-8b,memit,ripple,ripple_random_row1734,ripple_relation_specificity,hit,pre,1.0
llama3-8b,memit,ripple,ripple_random_row1734,efficacy,hit,post,1.0
llama3-8b,memit,ripple,ripple_random_row1734,ripple_relation_specificity,hit,post,1.0
llama3-8b,memit,ripple,ripple_random_row1556,efficacy,hit,pre,0.0
llama3-8b,memit,ripple,ripple_random_row1556,ripple_aliasing,hit,pre,0.0
llama3-8b,memit,ripple,ripple_random_row1556,ripple_relation_specificity,hit,pre,1.0
llama3-8b,memit,ripple,ripple_random_row1556,efficacy,hit,post,1.0
llama3-8b,memit,ripple,ripple_random_row1556,ripple_aliasing,hit,post,0.0
llama3-8b,memit,ripple,ripple_random_row1556,ripple_relation_specificity,hit,post,0.3333333333333333
llama3-8b,memit,ripple,ripple_random_row1592,efficacy,hit,pre,0.0
llama3-8b,memit,ripple,ripple_random_row1592,ripple_aliasing,hit,pre,0.0
llama3-8b,memit,ripple,ripple_random_row1592,ripple_relation_specificity,hit,pre,1.0
llama3-8b,memit,ripple,ripple_random_row1592,efficacy,hit,post,1.0
llama3-8b,memit,ripple,ripple_random_row1592,ripple_aliasing,hit,post,0.0
llama3-8b,memit,ripple,ripple_random_row1592,ripple_relation_specificity,hit,post,1.0
llama3-8b,memit,ripple,ripple_random_row1843,efficacy,hit,pre,0.0
llama3-8b,memit,ripple,ripple_random_row1843,ripple_compositional_i,hit,pre,0.0
llama3-8b,memit,ripple,ripple_random_row1843,ripple_aliasing,hit,pre,0.0
llama3-8b,memit,ripple,ripple_random_row1843,efficacy,hit,post,1.0
llama3-8b,memit,ripple,ripple_random_row1843,ripple_compositional_i,hit,post,1.0
llama3-8b,memit,ripple,ripple_random_row1843,ripple_aliasing,hit,post,0.5
llama3-8b,memit,ripple,ripple_random_row1711,efficacy,hit,pre,0.0
llama3-8b,memit,ripple,ripple_random_row1711,ripple_compositional_i,hit,pre,0.0
llama3-8b,memit,ripple,ripple_random_row1711,ripple_aliasing,hit,pre,0.0
llama3-8b,memit,ripple,ripple_random_row1711,efficacy,hit,post,1.0
llama3-8b,memit,ripple,ripple_random_row1711,ripple_compositional_i,hit,post,1.0
llama3-8b,memit,ripple,ripple_random_row1711,ripple_aliasing,hit,post,0.0
llama3-8b,memit,ripple,ripple_random_row1553,efficacy,hit,pre,0.0
llama3-8b,memit,ripple,ripple_random_row1553,ripple_logical,hit,pre,1.0
llama3-8b,memit,ripple,ripple_random_row1553,ripple_compositional_i,hit,pre,0.0
llama3-8b,memit,ripple,ripple_random_row1553,ripple_aliasing,hit,pre,0.0
llama3-8b,memit,ripple,ripple_random_row1553,ripple_relation_specificity,hit,pre,1.0
llama3-8b,memit,ripple,ripple_random_row1553,efficacy,hit,post,0.0
llama3-8b,memit,ripple,ripple_random_row1553,ripple_logical,hit,post,0.0
llama3-8b,memit,ripple,ripple_random_row1553,ripple_compositional_i,hit,post,0.0
llama3-8b,memit,ripple,ripple_random_row1553,ripple_aliasing,hit,post,0.0
llama3-8b,memit,ripple,ripple_random_row1553,ripple_relation_specificity,hit,post,0.0
llama3-8b,memit,ripple,ripple_random_row1569,efficacy,hit,pre,0.0
llama3-8b,memit,ripple,ripple_random_row1569,ripple_aliasing,hit,pre,0.0
llama3-8b,memit,ripple,ripple_random_row1569,ripple_relation_specificity,hit,pre,1.0
llama3-8b,memit,ripple,ripple_random_row1569,efficacy,hit,post,1.0
llama3-8b,memit,ripple,ripple_random_row1569,ripple_aliasing,hit,post,1.0
llama3-8b,memit,ripple,ripple_random_row1569,ripple_relation_specificity,hit,post,1.0
llama3-8b,memit,ripple,ripple_random_row1883,efficacy,hit,pre,0.0
llama3-8b,memit,ripple,ripple_random_row1883,ripple_logical,hit,pre,0.0
llama3-8b,memit,ripple,ripple_random_row1883,ripple_aliasing,hit,pre,0.0
llama3-8b,memit,ripple,ripple_random_row1883,ripple_relation_specificity,hit,pre,1.0
llama3-8b,memit,ripple,ripple_random_row1883,efficacy,hit,post,0.0
llama3-8b,memit,ripple,ripple_random_row1883,ripple_logical,hit,post,0.0
llama3-8b,memit,ripple,ripple_random_row1883,ripple_aliasing,hit,post,0.0
llama3-8b,memit,ripple,ripple_random_row1883,ripple_relation_specificity,hit,post,1.0
llama3-8b,memit,ripple,ripple_random_row1910,efficacy,hit,pre,0.0
llama3-8b,memit,ripple,ripple_random_row1910,ripple_logical,hit,pre,0.0
llama3-8b,memit,ripple,ripple_random_row1910,ripple_compositional_i,hit,pre,0.0
llama3-8b,memit,ripple,ripple_random_row1910,ripple_aliasing,hit,pre,0.0
llama3-8b,memit,ripple,ripple_random_row1910,ripple_relation_specificity,hit,pre,1.0
llama3-8b,memit,ripple,ripple_random_row1910,efficacy,hit,post,1.0
llama3-8b,memit,ripple,ripple_random_row1910,ripple_logical,hit,post,0.0
llama3-8b,memit,ripple,ripple_random_row1910,ripple_compositional_i,hit,post,0.0
llama3-8b,memit,ripple,ripple_random_row1910,ripple_aliasing,hit,post,0.0
llama3-8b,memit,ripple,ripple_random_row1910,ripple_relation_specificity,hit,post,1.0
llama3-8b,memit,ripple,ripple_random_row1608,efficacy,hit,pre,0.0
llama3-8b,memit,ripple,ripple_random_row1608,ripple_aliasing,hit,pre,0.0
llama3-8b,memit,ripple,ripple_random_row1608,ripple_relation_specificity,hit,pre,1.0
llama3-8b,memit,ripple,ripple_random_row1608,efficacy,hit,post,1.0
llama3-8b,memit,ripple,ripple_random_row1608,ripple_aliasing,hit,post,0.0
llama3-8b,memit,ripple,ripple_random_row1608,ripple_relation_specificity,hit,post,0.5
llama3-8b,memit,ripple,ripple_random_row1527,efficacy,hit,pre,0.0
llama3-8b,memit,ripple,ripple_random_row1527,ripple_aliasing,hit,pre,0.0
llama3-8b,memit,ripple,ripple_random_row1527,ripple_relation_specificity,hit,pre,1.0
llama3-8b,memit,ripple,ripple_random_row1527,efficacy,hit,post,1.0
llama3-8b,memit,ripple,ripple_random_row1527,ripple_aliasing,hit,post,0.0
llama3-8b,memit,ripple,ripple_random_row1527,ripple_relation_specificity,hit,post,0.0
llama3-8b,memit,ripple,ripple_random_row1565,efficacy,hit,pre,0.0
llama3-8b,memit,ripple,ripple_random_row1565,ripple_aliasing,hit,pre,0.0
llama3-8b,memit,ripple,ripple_random_row1565,efficacy,hit,post,1.0
llama3-8b,memit,ripple,ripple_random_row1565,ripple_aliasing,hit,post,1.0
llama3-8b,memit,ripple,ripple_random_row1809,efficacy,hit,pre,0.0
llama3-8b,memit,ripple,ripple_random_row1809,ripple_compositional_i,hit,pre,0.0
llama3-8b,memit,ripple,ripple_random_row1809,ripple_aliasing,hit,pre,0.0
llama3-8b,memit,ripple,ripple_random_row1809,efficacy,hit,post,1.0
llama3-8b,memit,ripple,ripple_random_row1809,ripple_compositional_i,hit,post,0.0
llama3-8b,memit,ripple,ripple_random_row1809,ripple_aliasing,hit,post,1.0
llama3-8b,memit,ripple,ripple_random_row1536,efficacy,hit,pre,0.0
llama3-8b,memit,ripple,ripple_random_row1536,ripple_aliasing,hit,pre,0.0
llama3-8b,memit,ripple,ripple_random_row1536,efficacy,hit,post,1.0
llama3-8b,memit,ripple,ripple_random_row1536,ripple_aliasing,hit,post,1.0
llama3-8b,memit,ripple,ripple_random_row1629,efficacy,hit,pre,0.0
llama3-8b,memit,ripple,ripple_random_row1629,ripple_aliasing,hit,pre,0.0
llama3-8b,memit,ripple,ripple_random_row1629,efficacy,hit,post,1.0
llama3-8b,memit,ripple,ripple_random_row1629,ripple_aliasing,hit,post,1.0
llama3-8b,memit,ripple,ripple_random_row1528,efficacy,hit,pre,0.0
llama3-8b,memit,ripple,ripple_random_row1528,ripple_logical,hit,pre,0.0
llama3-8b,memit,ripple,ripple_random_row1528,ripple_aliasing,hit,pre,0.0
llama3-8b,memit,ripple,ripple_random_row1528,ripple_relation_specificity,hit,pre,1.0
llama3-8b,memit,ripple,ripple_random_row1528,efficacy,hit,post,1.0
llama3-8b,memit,ripple,ripple_random_row1528,ripple_logical,hit,post,0.0
llama3-8b,memit,ripple,ripple_random_row1528,ripple_aliasing,hit,post,0.0
llama3-8b,memit,ripple,ripple_random_row1528,ripple_relation_specificity,hit,post,1.0
llama3-8b,memit,ripple,ripple_random_row1529,efficacy,hit,pre,0.0
llama3-8b,memit,ripple,ripple_random_row1529,ripple_compositional_i,hit,pre,0.0
llama3-8b,memit,ripple,ripple_random_row1529,ripple_aliasing,hit,pre,0.0
llama3-8b,memit,ripple,ripple_random_row1529,efficacy,hit,post,0.0
llama3-8b,memit,ripple,ripple_random_row1529,ripple_compositional_i,hit,post,0.0
llama3-8b,memit,ripple,ripple_random_row1529,ripple_aliasing,hit,post,0.0
llama3-8b,memit,ripple,ripple_random_row1815,efficacy,hit,pre,0.0
llama3-8b,memit,ripple,ripple_random_row1815,ripple_aliasing,hit,pre,0.0
llama3-8b,memit,ripple,ripple_random_row1815,ripple_relation_specificity,hit,pre,1.0
llama3-8b,memit,ripple,ripple_random_row1815,efficacy,hit,post,1.0
llama3-8b,memit,ripple,ripple_random_row1815,ripple_aliasing,hit,post,0.0
llama3-8b,memit,ripple,ripple_random_row1815,ripple_relation_specificity,hit,post,1.0
llama3-8b,memit,ripple,ripple_random_row1675,efficacy,hit,pre,0.0
llama3-8b,memit,ripple,ripple_random_row1675,ripple_logical,hit,pre,0.0
llama3-8b,memit,ripple,ripple_random_row1675,ripple_compositional_i,hit,pre,0.0
llama3-8b,memit,ripple,ripple_random_row1675,ripple_aliasing,hit,pre,0.0
llama3-8b,memit,ripple,ripple_random_row1675,ripple_relation_specificity,hit,pre,1.0
llama3-8b,memit,ripple,ripple_random_row1675,efficacy,hit,post,0.0
llama3-8b,memit,ripple,ripple_random_row1675,ripple_logical,hit,post,0.0
llama3-8b,memit,ripple,ripple_random_row1675,ripple_compositional_i,hit,post,0.0
llama3-8b,memit,ripple,ripple_random_row1675,ripple_aliasing,hit,post,0.0
llama3-8b,memit,ripple,ripple_random_row1675,ripple_relation_specificity,hit,post,1.0
llama3-8b,memit,ripple,ripple_random_row1581,efficacy,hit,pre,0.0
llama3-8b,memit,ripple,ripple_random_row1581,ripple_logical,hit,pre,0.0
llama3-8b,memit,ripple,ripple_random_row1581,ripple_compositional_i,hit,pre,0.0
llama3-8b,memit,ripple,ripple_random_row1581,ripple_aliasing,hit,pre,0.0
llama3-8b,memit,ripple,ripple_random_row1581,ripple_relation_specificity,hit,pre,1.0
llama3-8b,memit,ripple,ripple_random_row1581,efficacy,hit,post,1.0
llama3-8b,memit,ripple,ripple_random_row1581,ripple_logical,hit,post,0.0
llama3-8b,memit,ripple,ripple_random_row1581,ripple_compositional_i,hit,post,0.0
llama3-8b,memit,ripple,ripple_random_row1581,ripple_aliasing,hit,post,0.5
llama3-8b,memit,ripple,ripple_random_row1581,ripple_relation_specificity,hit,post,0.5
llama3-8b,memit,ripple,ripple_random_row1728,efficacy,hit,pre,0.0
llama3-8b,memit,ripple,ripple_random_row1728,ripple_logical,hit,pre,0.0
llama3-8b,memit,ripple,ripple_random_row1728,ripple_aliasing,hit,pre,0.0
llama3-8b,memit,ripple,ripple_random_row1728,ripple_relation_specificity,hit,pre,1.0
llama3-8b,memit,ripple,ripple_random_row1728,efficacy,hit,post,0.0
llama3-8b,memit,ripple,ripple_random_row1728,ripple_logical,hit,post,0.0
llama3-8b,memit,ripple,ripple_random_row1728,ripple_aliasing,hit,post,0.0
llama3-8b,memit,ripple,ripple_random_row1728,ripple_relation_specificity,hit,post,0.0
llama3-8b,memit,ripple,ripple_random_row1609,efficacy,hit,pre,0.0
llama3-8b,memit,ripple,ripple_random_row1609,ripple_logical,hit,pre,0.0
llama3-8b,memit,ripple,ripple_random_row1609,ripple_compositional_i,hit,pre,0.0
llama3-8b,memit,ripple,ripple_random_row1609,ripple_aliasing,hit,pre,0.0
llama3-8b,memit,ripple,ripple_random_row1609,ripple_relation_specificity,hit,pre,1.0
llama3-8b,memit,ripple,ripple_random_row1609,efficacy,hit,post,1.0
llama3-8b,memit,ripple,ripple_random_row1609,ripple_logical,hit,post,0.0
llama3-8b,memit,ripple,ripple_random_row1609,ripple_compositional_i,hit,post,0.5
llama3-8b,memit,ripple,ripple_random_row1609,ripple_aliasing,hit,post,0.0
llama3-8b,memit,ripple,ripple_random_row1609,ripple_relation_specificity,hit,post,0.0
llama3-8b,memit,ripple,ripple_random_row1769,efficacy,hit,pre,0.0
llama3-8b,memit,ripple,ripple_random_row1769,ripple_logical,hit,pre,0.0
llama3-8b,memit,ripple,ripple_random_row1769,ripple_aliasing,hit,pre,0.0
llama3-8b,memit,ripple,ripple_random_row1769,efficacy,hit,post,1.0
llama3-8b,memit,ripple,ripple_random_row1769,ripple_logical,hit,post,0.0
llama3-8b,memit,ripple,ripple_random_row1769,ripple_aliasing,hit,post,0.0
llama3-8b,memit,ripple,ripple_random_row1721,efficacy,hit,pre,0.0
llama3-8b,memit,ripple,ripple_random_row1721,ripple_logical,hit,pre,0.0
llama3-8b,memit,ripple,ripple_random_row1721,ripple_aliasing,hit,pre,0.0
llama3-8b,memit,ripple,ripple_random_row1721,efficacy,hit,post,1.0
llama3-8b,memit,ripple,ripple_random_row1721,ripple_logical,hit,post,1.0
llama3-8b,memit,ripple,ripple_random_row1721,ripple_aliasing,hit,post,1.0
llama3-8b,memit,ripple,ripple_random_row1504,efficacy,hit,pre,0.0
llama3-8b,memit,ripple,ripple_random_row1504,ripple_aliasing,hit,pre,0.0
llama3-8b,memit,ripple,ripple_random_row1504,efficacy,hit,post,0.0
llama3-8b,memit,ripple,ripple_random_row1504,ripple_aliasing,hit,post,0.0
llama3-8b,memit,ripple,ripple_random_row1702,efficacy,hit,pre,0.0
llama3-8b,memit,ripple,ripple_random_row1702,ripple_compositional_i,hit,pre,0.0
llama3-8b,memit,ripple,ripple_random_row1702,ripple_aliasing,hit,pre,0.0
llama3-8b,memit,ripple,ripple_random_row1702,efficacy,hit,post,1.0
llama3-8b,memit,ripple,ripple_random_row1702,ripple_compositional_i,hit,post,1.0
llama3-8b,memit,ripple,ripple_random_row1702,ripple_aliasing,hit,post,0.0
llama3-8b,memit,ripple,ripple_random_row1912,efficacy,hit,pre,0.0
llama3-8b,memit,ripple,ripple_random_row1912,ripple_aliasing,hit,pre,0.0
llama3-8b,memit,ripple,ripple_random_row1912,efficacy,hit,post,1.0
llama3-8b,memit,ripple,ripple_random_row1912,ripple_aliasing,hit,post,0.0
llama3-8b,memit,ripple,ripple_random_row1686,efficacy,hit,pre,0.0
llama3-8b,memit,ripple,ripple_random_row1686,ripple_aliasing,hit,pre,0.0
llama3-8b,memit,ripple,ripple_random_row1686,efficacy,hit,post,0.0
llama3-8b,memit,ripple,ripple_random_row1686,ripple_aliasing,hit,post,1.0
llama3-8b,memit,ripple,ripple_random_row1747,efficacy,hit,pre,0.0
llama3-8b,memit,ripple,ripple_random_row1747,ripple_logical,hit,pre,1.0
llama3-8b,memit,ripple,ripple_random_row1747,ripple_aliasing,hit,pre,0.0
llama3-8b,memit,ripple,ripple_random_row1747,efficacy,hit,post,1.0
llama3-8b,memit,ripple,ripple_random_row1747,ripple_logical,hit,post,0.0
llama3-8b,memit,ripple,ripple_random_row1747,ripple_aliasing,hit,post,0.0
llama3-8b,memit,ripple,ripple_random_row1802,efficacy,hit,pre,0.0
llama3-8b,memit,ripple,ripple_random_row1802,ripple_compositional_i,hit,pre,0.0
llama3-8b,memit,ripple,ripple_random_row1802,ripple_aliasing,hit,pre,0.0
llama3-8b,memit,ripple,ripple_random_row1802,efficacy,hit,post,1.0
llama3-8b,memit,ripple,ripple_random_row1802,ripple_compositional_i,hit,post,0.0
llama3-8b,memit,ripple,ripple_random_row1802,ripple_aliasing,hit,post,0.0
llama3-8b,memit,ripple,ripple_random_row1759,efficacy,hit,pre,0.0
llama3-8b,memit,ripple,ripple_random_row1759,ripple_aliasing,hit,pre,0.0
llama3-8b,memit,ripple,ripple_random_row1759,efficacy,hit,post,1.0
llama3-8b,memit,ripple,ripple_random_row1759,ripple_aliasing,hit,post,0.0
llama3-8b,memit,ripple,ripple_random_row1893,efficacy,hit,pre,0.0
llama3-8b,memit,ripple,ripple_random_row1893,ripple_compositional_i,hit,pre,0.0
llama3-8b,memit,ripple,ripple_random_row1893,ripple_aliasing,hit,pre,0.0
llama3-8b,memit,ripple,ripple_random_row1893,efficacy,hit,post,1.0
llama3-8b,memit,ripple,ripple_random_row1893,ripple_compositional_i,hit,post,0.0
llama3-8b,memit,ripple,ripple_random_row1893,ripple_aliasing,hit,post,1.0
llama3-8b,memit,ripple,ripple_random_row1740,efficacy,hit,pre,0.0
llama3-8b,memit,ripple,ripple_random_row1740,ripple_aliasing,hit,pre,0.0
llama3-8b,memit,ripple,ripple_random_row1740,ripple_relation_specificity,hit,pre,1.0
llama3-8b,memit,ripple,ripple_random_row1740,efficacy,hit,post,0.0
llama3-8b,memit,ripple,ripple_random_row1740,ripple_aliasing,hit,post,0.0
llama3-8b,memit,ripple,ripple_random_row1740,ripple_relation_specificity,hit,post,1.0
llama3-8b,memit,ripple,ripple_random_row1659,efficacy,hit,pre,0.0
llama3-8b,memit,ripple,ripple_random_row1659,ripple_aliasing,hit,pre,0.0
llama3-8b,memit,ripple,ripple_random_row1659,ripple_relation_specificity,hit,pre,1.0
llama3-8b,memit,ripple,ripple_random_row1659,efficacy,hit,post,1.0
llama3-8b,memit,ripple,ripple_random_row1659,ripple_aliasing,hit,post,0.0
llama3-8b,memit,ripple,ripple_random_row1659,ripple_relation_specificity,hit,post,1.0
llama3-8b,memit,ripple,ripple_random_row1685,efficacy,hit,pre,0.0
llama3-8b,memit,ripple,ripple_random_row1685,ripple_logical,hit,pre,0.0
llama3-8b,memit,ripple,ripple_random_row1685,ripple_compositional_i,hit,pre,0.0
llama3-8b,memit,ripple,ripple_random_row1685,ripple_aliasing,hit,pre,0.0
llama3-8b,memit,ripple,ripple_random_row1685,efficacy,hit,post,1.0
llama3-8b,memit,ripple,ripple_random_row1685,ripple_logical,hit,post,0.0
llama3-8b,memit,ripple,ripple_random_row1685,ripple_compositional_i,hit,post,0.25
llama3-8b,memit,ripple,ripple_random_row1685,ripple_aliasing,hit,post,0.0
llama3-8b,memit,ripple,ripple_random_row1615,efficacy,hit,pre,0.0
llama3-8b,memit,ripple,ripple_random_row1615,ripple_aliasing,hit,pre,0.0
llama3-8b,memit,ripple,ripple_random_row1615,efficacy,hit,post,0.0
llama3-8b,memit,ripple,ripple_random_row1615,ripple_aliasing,hit,post,0.0
llama3-8b,memit,ripple,ripple_random_row1754,efficacy,hit,pre,0.0
llama3-8b,memit,ripple,ripple_random_row1754,ripple_logical,hit,pre,1.0
llama3-8b,memit,ripple,ripple_random_row1754,ripple_compositional_i,hit,pre,0.5
llama3-8b,memit,ripple,ripple_random_row1754,ripple_aliasing,hit,pre,0.0
llama3-8b,memit,ripple,ripple_random_row1754,efficacy,hit,post,1.0
llama3-8b,memit,ripple,ripple_random_row1754,ripple_logical,hit,post,1.0
llama3-8b,memit,ripple,ripple_random_row1754,ripple_compositional_i,hit,post,0.5
llama3-8b,memit,ripple,ripple_random_row1754,ripple_aliasing,hit,post,0.0
llama3-8b,memit,ripple,ripple_random_row1570,efficacy,hit,pre,0.0
llama3-8b,memit,ripple,ripple_random_row1570,ripple_logical,hit,pre,0.0
llama3-8b,memit,ripple,ripple_random_row1570,ripple_compositional_i,hit,pre,0.0
llama3-8b,memit,ripple,ripple_random_row1570,ripple_aliasing,hit,pre,0.0
llama3-8b,memit,ripple,ripple_random_row1570,ripple_relation_specificity,hit,pre,1.0
llama3-8b,memit,ripple,ripple_random_row1570,efficacy,hit,post,1.0
llama3-8b,memit,ripple,ripple_random_row1570,ripple_logical,hit,post,0.0
llama3-8b,memit,ripple,ripple_random_row1570,ripple_compositional_i,hit,post,0.0
llama3-8b,memit,ripple,ripple_random_row1570,ripple_aliasing,hit,post,1.0
llama3-8b,memit,ripple,ripple_random_row1570,ripple_relation_specificity,hit,post,1.0
llama3-8b,memit,ripple,ripple_random_row1905,efficacy,hit,pre,0.0
llama3-8b,memit,ripple,ripple_random_row1905,ripple_aliasing,hit,pre,0.0
llama3-8b,memit,ripple,ripple_random_row1905,ripple_relation_specificity,hit,pre,1.0
llama3-8b,memit,ripple,ripple_random_row1905,efficacy,hit,post,1.0
llama3-8b,memit,ripple,ripple_random_row1905,ripple_aliasing,hit,post,0.0
llama3-8b,memit,ripple,ripple_random_row1905,ripple_relation_specificity,hit,post,1.0
llama3-8b,memit,ripple,ripple_random_row1917,efficacy,hit,pre,0.0
llama3-8b,memit,ripple,ripple_random_row1917,ripple_aliasing,hit,pre,0.0
llama3-8b,memit,ripple,ripple_random_row1917,efficacy,hit,post,0.0
llama3-8b,memit,ripple,ripple_random_row1917,ripple_aliasing,hit,post,0.0
llama3-8b,memit,ripple,ripple_random_row1781,efficacy,hit,pre,0.0
llama3-8b,memit,ripple,ripple_random_row1781,ripple_aliasing,hit,pre,0.0
llama3-8b,memit,ripple,ripple_random_row1781,ripple_relation_specificity,hit,pre,1.0
llama3-8b,memit,ripple,ripple_random_row1781,efficacy,hit,post,1.0
llama3-8b,memit,ripple,ripple_random_row1781,ripple_aliasing,hit,post,0.0
llama3-8b,memit,ripple,ripple_random_row1781,ripple_relation_specificity,hit,post,1.0
llama3-8b,memit,ripple,ripple_random_row1603,efficacy,hit,pre,0.0
llama3-8b,memit,ripple,ripple_random_row1603,ripple_aliasing,hit,pre,0.0
llama3-8b,memit,ripple,ripple_random_row1603,efficacy,hit,post,1.0
llama3-8b,memit,ripple,ripple_random_row1603,ripple_aliasing,hit,post,0.0
llama3-8b,memit,ripple,ripple_random_row1751,efficacy,hit,pre,0.0
llama3-8b,memit,ripple,ripple_random_row1751,ripple_aliasing,hit,pre,0.0
llama3-8b,memit,ripple,ripple_random_row1751,efficacy,hit,post,1.0
llama3-8b,memit,ripple,ripple_random_row1751,ripple_aliasing,hit,post,0.0
llama3-8b,memit,ripple,ripple_random_row1899,efficacy,hit,pre,0.0
llama3-8b,memit,ripple,ripple_random_row1899,ripple_aliasing,hit,pre,0.0
llama3-8b,memit,ripple,ripple_random_row1899,efficacy,hit,post,0.0
llama3-8b,memit,ripple,ripple_random_row1899,ripple_aliasing,hit,post,0.0
llama3-8b,memit,ripple,ripple_random_row1890,efficacy,hit,pre,0.0
llama3-8b,memit,ripple,ripple_random_row1890,ripple_aliasing,hit,pre,0.0
llama3-8b,memit,ripple,ripple_random_row1890,efficacy,hit,post,1.0
llama3-8b,memit,ripple,ripple_random_row1890,ripple_aliasing,hit,post,1.0
llama3-8b,memit,ripple,ripple_random_row1636,efficacy,hit,pre,0.0
llama3-8b,memit,ripple,ripple_random_row1636,ripple_relation_specificity,hit,pre,1.0
llama3-8b,memit,ripple,ripple_random_row1636,efficacy,hit,post,1.0
llama3-8b,memit,ripple,ripple_random_row1636,ripple_relation_specificity,hit,post,0.0
llama3-8b,memit,ripple,ripple_random_row1684,efficacy,hit,pre,0.0
llama3-8b,memit,ripple,ripple_random_row1684,ripple_logical,hit,pre,0.3333333333333333
llama3-8b,memit,ripple,ripple_random_row1684,ripple_compositional_i,hit,pre,0.25
llama3-8b,memit,ripple,ripple_random_row1684,ripple_aliasing,hit,pre,0.0
llama3-8b,memit,ripple,ripple_random_row1684,efficacy,hit,post,1.0
llama3-8b,memit,ripple,ripple_random_row1684,ripple_logical,hit,post,0.6666666666666666
llama3-8b,memit,ripple,ripple_random_row1684,ripple_compositional_i,hit,post,0.75
llama3-8b,memit,ripple,ripple_random_row1684,ripple_aliasing,hit,post,0.5
llama3-8b,memit,ripple,ripple_random_row1817,efficacy,hit,pre,0.0
llama3-8b,memit,ripple,ripple_random_row1817,ripple_aliasing,hit,pre,0.0
llama3-8b,memit,ripple,ripple_random_row1817,ripple_relation_specificity,hit,pre,1.0
llama3-8b,memit,ripple,ripple_random_row1817,efficacy,hit,post,1.0
llama3-8b,memit,ripple,ripple_random_row1817,ripple_aliasing,hit,post,0.5
llama3-8b,memit,ripple,ripple_random_row1817,ripple_relation_specificity,hit,post,0.5
llama3-8b,memit,ripple,ripple_random_row1896,efficacy,hit,pre,0.0
llama3-8b,memit,ripple,ripple_random_row1896,ripple_aliasing,hit,pre,0.0
llama3-8b,memit,ripple,ripple_random_row1896,efficacy,hit,post,1.0
llama3-8b,memit,ripple,ripple_random_row1896,ripple_aliasing,hit,post,0.0
llama3-8b,memit,ripple,ripple_random_row1845,efficacy,hit,pre,0.0
llama3-8b,memit,ripple,ripple_random_row1845,ripple_aliasing,hit,pre,0.0
llama3-8b,memit,ripple,ripple_random_row1845,efficacy,hit,post,1.0
llama3-8b,memit,ripple,ripple_random_row1845,ripple_aliasing,hit,post,0.0
llama3-8b,memit,ripple,ripple_random_row1688,efficacy,hit,pre,0.0
llama3-8b,memit,ripple,ripple_random_row1688,ripple_aliasing,hit,pre,0.0
llama3-8b,memit,ripple,ripple_random_row1688,efficacy,hit,post,0.0
llama3-8b,memit,ripple,ripple_random_row1688,ripple_aliasing,hit,post,0.0
llama3-8b,memit,ripple,ripple_random_row1903,efficacy,hit,pre,0.0
llama3-8b,memit,ripple,ripple_random_row1903,ripple_aliasing,hit,pre,0.0
llama3-8b,memit,ripple,ripple_random_row1903,ripple_relation_specificity,hit,pre,1.0
llama3-8b,memit,ripple,ripple_random_row1903,efficacy,hit,post,1.0
llama3-8b,memit,ripple,ripple_random_row1903,ripple_aliasing,hit,post,1.0
llama3-8b,memit,ripple,ripple_random_row1903,ripple_relation_specificity,hit,post,0.0
llama3-8b,memit,ripple,ripple_random_row1501,efficacy,hit,pre,0.0
llama3-8b,memit,ripple,ripple_random_row1501,ripple_aliasing,hit,pre,0.0
llama3-8b,memit,ripple,ripple_random_row1501,ripple_relation_specificity,hit,pre,1.0
llama3-8b,memit,ripple,ripple_random_row1501,efficacy,hit,post,1.0
llama3-8b,memit,ripple,ripple_random_row1501,ripple_aliasing,hit,post,1.0
llama3-8b,memit,ripple,ripple_random_row1501,ripple_relation_specificity,hit,post,0.0
llama3-8b,memit,ripple,ripple_random_row1637,efficacy,hit,pre,0.0
llama3-8b,memit,ripple,ripple_random_row1637,ripple_aliasing,hit,pre,0.0
llama3-8b,memit,ripple,ripple_random_row1637,efficacy,hit,post,1.0
llama3-8b,memit,ripple,ripple_random_row1637,ripple_aliasing,hit,post,0.0
llama3-8b,memit,ripple,ripple_random_row1834,efficacy,hit,pre,0.0
llama3-8b,memit,ripple,ripple_random_row1834,ripple_logical,hit,pre,0.0
llama3-8b,memit,ripple,ripple_random_row1834,ripple_aliasing,hit,pre,0.0
llama3-8b,memit,ripple,ripple_random_row1834,ripple_relation_specificity,hit,pre,1.0
llama3-8b,memit,ripple,ripple_random_row1834,efficacy,hit,post,1.0
llama3-8b,memit,ripple,ripple_random_row1834,ripple_logical,hit,post,0.0
llama3-8b,memit,ripple,ripple_random_row1834,ripple_aliasing,hit,post,0.0
llama3-8b,memit,ripple,ripple_random_row1834,ripple_relation_specificity,hit,post,0.0
llama3-8b,memit,ripple,ripple_random_row1522,efficacy,hit,pre,0.0
llama3-8b,memit,ripple,ripple_random_row1522,ripple_aliasing,hit,pre,0.0
llama3-8b,memit,ripple,ripple_random_row1522,efficacy,hit,post,1.0
llama3-8b,memit,ripple,ripple_random_row1522,ripple_aliasing,hit,post,0.0
llama3-8b,memit,ripple,ripple_random_row1568,efficacy,hit,pre,0.0
llama3-8b,memit,ripple,ripple_random_row1568,ripple_aliasing,hit,pre,0.0
llama3-8b,memit,ripple,ripple_random_row1568,efficacy,hit,post,1.0
llama3-8b,memit,ripple,ripple_random_row1568,ripple_aliasing,hit,post,0.0
llama3-8b,memit,ripple,ripple_random_row1872,efficacy,hit,pre,0.0
llama3-8b,memit,ripple,ripple_random_row1872,ripple_aliasing,hit,pre,0.0
llama3-8b,memit,ripple,ripple_random_row1872,efficacy,hit,post,1.0
llama3-8b,memit,ripple,ripple_random_row1872,ripple_aliasing,hit,post,0.0
llama3-8b,memit,ripple,ripple_random_row1846,efficacy,hit,pre,0.0
llama3-8b,memit,ripple,ripple_random_row1846,ripple_aliasing,hit,pre,0.0
llama3-8b,memit,ripple,ripple_random_row1846,ripple_relation_specificity,hit,pre,1.0
llama3-8b,memit,ripple,ripple_random_row1846,efficacy,hit,post,1.0
llama3-8b,memit,ripple,ripple_random_row1846,ripple_aliasing,hit,post,1.0
llama3-8b,memit,ripple,ripple_random_row1846,ripple_relation_specificity,hit,post,0.5
llama3-8b,memit,ripple,ripple_random_row1558,efficacy,hit,pre,0.0
llama3-8b,memit,ripple,ripple_random_row1558,ripple_aliasing,hit,pre,0.0
llama3-8b,memit,ripple,ripple_random_row1558,efficacy,hit,post,1.0
llama3-8b,memit,ripple,ripple_random_row1558,ripple_aliasing,hit,post,0.0
llama3-8b,memit,ripple,ripple_random_row1618,efficacy,hit,pre,0.0
llama3-8b,memit,ripple,ripple_random_row1618,ripple_aliasing,hit,pre,0.0
llama3-8b,memit,ripple,ripple_random_row1618,ripple_relation_specificity,hit,pre,1.0
llama3-8b,memit,ripple,ripple_random_row1618,efficacy,hit,post,1.0
llama3-8b,memit,ripple,ripple_random_row1618,ripple_aliasing,hit,post,0.0
llama3-8b,memit,ripple,ripple_random_row1618,ripple_relation_specificity,hit,post,1.0
llama3-8b,memit,ripple,ripple_random_row1720,efficacy,hit,pre,0.0
llama3-8b,memit,ripple,ripple_random_row1720,ripple_logical,hit,pre,0.0
llama3-8b,memit,ripple,ripple_random_row1720,ripple_compositional_i,hit,pre,0.0
llama3-8b,memit,ripple,ripple_random_row1720,ripple_aliasing,hit,pre,0.0
llama3-8b,memit,ripple,ripple_random_row1720,efficacy,hit,post,0.0
llama3-8b,memit,ripple,ripple_random_row1720,ripple_logical,hit,post,0.0
llama3-8b,memit,ripple,ripple_random_row1720,ripple_compositional_i,hit,post,0.0
llama3-8b,memit,ripple,ripple_random_row1720,ripple_aliasing,hit,post,0.0
llama3-8b,memit,ripple,ripple_random_row1795,efficacy,hit,pre,0.0
llama3-8b,memit,ripple,ripple_random_row1795,ripple_aliasing,hit,pre,0.0
llama3-8b,memit,ripple,ripple_random_row1795,efficacy,hit,post,1.0
llama3-8b,memit,ripple,ripple_random_row1795,ripple_aliasing,hit,post,0.0
llama3-8b,memit,ripple,ripple_random_row1650,efficacy,hit,pre,0.0
llama3-8b,memit,ripple,ripple_random_row1650,ripple_aliasing,hit,pre,0.0
llama3-8b,memit,ripple,ripple_random_row1650,efficacy,hit,post,1.0
llama3-8b,memit,ripple,ripple_random_row1650,ripple_aliasing,hit,post,0.0
llama3-8b,memit,ripple,ripple_random_row1692,efficacy,hit,pre,0.0
llama3-8b,memit,ripple,ripple_random_row1692,ripple_aliasing,hit,pre,0.0
llama3-8b,memit,ripple,ripple_random_row1692,ripple_relation_specificity,hit,pre,1.0
llama3-8b,memit,ripple,ripple_random_row1692,efficacy,hit,post,1.0
llama3-8b,memit,ripple,ripple_random_row1692,ripple_aliasing,hit,post,0.0
llama3-8b,memit,ripple,ripple_random_row1692,ripple_relation_specificity,hit,post,0.0
llama3-8b,memit,ripple,ripple_random_row1826,efficacy,hit,pre,0.0
llama3-8b,memit,ripple,ripple_random_row1826,ripple_aliasing,hit,pre,0.0
llama3-8b,memit,ripple,ripple_random_row1826,ripple_relation_specificity,hit,pre,1.0
llama3-8b,memit,ripple,ripple_random_row1826,efficacy,hit,post,1.0
llama3-8b,memit,ripple,ripple_random_row1826,ripple_aliasing,hit,post,1.0
llama3-8b,memit,ripple,ripple_random_row1826,ripple_relation_specificity,hit,post,1.0
llama3-8b,memit,ripple,ripple_random_row1526,efficacy,hit,pre,1.0
llama3-8b,memit,ripple,ripple_random_row1526,ripple_aliasing,hit,pre,1.0
llama3-8b,memit,ripple,ripple_random_row1526,efficacy,hit,post,1.0
llama3-8b,memit,ripple,ripple_random_row1526,ripple_aliasing,hit,post,1.0
llama3-8b,memit,ripple,ripple_random_row1836,efficacy,hit,pre,0.0
llama3-8b,memit,ripple,ripple_random_row1836,ripple_compositional_i,hit,pre,0.0
llama3-8b,memit,ripple,ripple_random_row1836,ripple_aliasing,hit,pre,0.0
llama3-8b,memit,ripple,ripple_random_row1836,efficacy,hit,post,0.0
llama3-8b,memit,ripple,ripple_random_row1836,ripple_compositional_i,hit,post,0.0
llama3-8b,memit,ripple,ripple_random_row1836,ripple_aliasing,hit,post,0.0
llama3-8b,memit,ripple,ripple_random_row1505,efficacy,hit,pre,0.0
llama3-8b,memit,ripple,ripple_random_row1505,ripple_aliasing,hit,pre,0.0
llama3-8b,memit,ripple,ripple_random_row1505,efficacy,hit,post,1.0
llama3-8b,memit,ripple,ripple_random_row1505,ripple_aliasing,hit,post,1.0
llama3-8b,memit,ripple,ripple_random_row1646,efficacy,hit,pre,0.0
llama3-8b,memit,ripple,ripple_random_row1646,ripple_logical,hit,pre,0.0
llama3-8b,memit,ripple,ripple_random_row1646,ripple_compositional_i,hit,pre,0.0
llama3-8b,memit,ripple,ripple_random_row1646,ripple_aliasing,hit,pre,0.0
llama3-8b,memit,ripple,ripple_random_row1646,efficacy,hit,post,1.0
llama3-8b,memit,ripple,ripple_random_row1646,ripple_logical,hit,post,0.0
llama3-8b,memit,ripple,ripple_random_row1646,ripple_compositional_i,hit,post,0.3333333333333333
llama3-8b,memit,ripple,ripple_random_row1646,ripple_aliasing,hit,post,1.0
llama3-8b,memit,ripple,ripple_random_row1709,efficacy,hit,pre,0.0
llama3-8b,memit,ripple,ripple_random_row1709,ripple_compositional_i,hit,pre,0.0
llama3-8b,memit,ripple,ripple_random_row1709,ripple_aliasing,hit,pre,0.0
llama3-8b,memit,ripple,ripple_random_row1709,efficacy,hit,post,1.0
llama3-8b,memit,ripple,ripple_random_row1709,ripple_compositional_i,hit,post,0.0
llama3-8b,memit,ripple,ripple_random_row1709,ripple_aliasing,hit,post,0.3333333333333333
llama3-8b,memit,ripple,ripple_random_row1814,efficacy,hit,pre,0.0
llama3-8b,memit,ripple,ripple_random_row1814,ripple_aliasing,hit,pre,0.0
llama3-8b,memit,ripple,ripple_random_row1814,efficacy,hit,post,1.0
llama3-8b,memit,ripple,ripple_random_row1814,ripple_aliasing,hit,post,0.0
llama3-8b,memit,ripple,ripple_random_row1889,efficacy,hit,pre,0.0
llama3-8b,memit,ripple,ripple_random_row1889,ripple_aliasing,hit,pre,0.0
llama3-8b,memit,ripple,ripple_random_row1889,efficacy,hit,post,1.0
llama3-8b,memit,ripple,ripple_random_row1889,ripple_aliasing,hit,post,1.0
llama3-8b,memit,ripple,ripple_random_row1713,efficacy,hit,pre,0.0
llama3-8b,memit,ripple,ripple_random_row1713,ripple_aliasing,hit,pre,0.0
llama3-8b,memit,ripple,ripple_random_row1713,efficacy,hit,post,1.0
llama3-8b,memit,ripple,ripple_random_row1713,ripple_aliasing,hit,post,0.0
llama3-8b,memit,ripple,ripple_random_row1582,efficacy,hit,pre,0.0
llama3-8b,memit,ripple,ripple_random_row1582,ripple_aliasing,hit,pre,0.0
llama3-8b,memit,ripple,ripple_random_row1582,efficacy,hit,post,1.0
llama3-8b,memit,ripple,ripple_random_row1582,ripple_aliasing,hit,post,1.0
llama3-8b,remedi,ripple,ripple_popular_row657,efficacy,hit,pre,0.0
llama3-8b,remedi,ripple,ripple_popular_row657,ripple_aliasing,hit,pre,0.0
llama3-8b,remedi,ripple,ripple_popular_row657,ripple_relation_specificity,hit,pre,1.0
llama3-8b,remedi,ripple,ripple_popular_row657,efficacy,hit,post,0.0
llama3-8b,remedi,ripple,ripple_popular_row657,ripple_aliasing,hit,post,0.0
llama3-8b,remedi,ripple,ripple_popular_row657,ripple_relation_specificity,hit,post,0.2
llama3-8b,remedi,ripple,ripple_popular_row839,efficacy,hit,pre,0.0
llama3-8b,remedi,ripple,ripple_popular_row839,ripple_aliasing,hit,pre,0.0
llama3-8b,remedi,ripple,ripple_popular_row839,ripple_relation_specificity,hit,pre,1.0
llama3-8b,remedi,ripple,ripple_popular_row839,efficacy,hit,post,0.0
llama3-8b,remedi,ripple,ripple_popular_row839,ripple_aliasing,hit,post,1.0
llama3-8b,remedi,ripple,ripple_popular_row839,ripple_relation_specificity,hit,post,0.0
llama3-8b,remedi,ripple,ripple_popular_row792,efficacy,hit,pre,0.0
llama3-8b,remedi,ripple,ripple_popular_row792,ripple_compositional_i,hit,pre,0.0
llama3-8b,remedi,ripple,ripple_popular_row792,ripple_aliasing,hit,pre,0.0
llama3-8b,remedi,ripple,ripple_popular_row792,efficacy,hit,post,0.0
llama3-8b,remedi,ripple,ripple_popular_row792,ripple_compositional_i,hit,post,0.0
llama3-8b,remedi,ripple,ripple_popular_row792,ripple_aliasing,hit,post,0.0
llama3-8b,remedi,ripple,ripple_popular_row778,efficacy,hit,pre,0.0
llama3-8b,remedi,ripple,ripple_popular_row778,ripple_logical,hit,pre,0.0
llama3-8b,remedi,ripple,ripple_popular_row778,ripple_compositional_i,hit,pre,0.0
llama3-8b,remedi,ripple,ripple_popular_row778,ripple_aliasing,hit,pre,0.0
llama3-8b,remedi,ripple,ripple_popular_row778,ripple_relation_specificity,hit,pre,1.0
llama3-8b,remedi,ripple,ripple_popular_row778,ripple_preservation,hit,pre,1.0
llama3-8b,remedi,ripple,ripple_popular_row778,efficacy,hit,post,0.0
llama3-8b,remedi,ripple,ripple_popular_row778,ripple_logical,hit,post,0.0
llama3-8b,remedi,ripple,ripple_popular_row778,ripple_compositional_i,hit,post,0.0
llama3-8b,remedi,ripple,ripple_popular_row778,ripple_aliasing,hit,post,0.0
llama3-8b,remedi,ripple,ripple_popular_row778,ripple_relation_specificity,hit,post,0.25
llama3-8b,remedi,ripple,ripple_popular_row778,ripple_preservation,hit,post,0.0
llama3-8b,remedi,ripple,ripple_popular_row846,efficacy,hit,pre,0.0
llama3-8b,remedi,ripple,ripple_popular_row846,ripple_compositional_i,hit,pre,0.0
llama3-8b,remedi,ripple,ripple_popular_row846,ripple_aliasing,hit,pre,0.0
llama3-8b,remedi,ripple,ripple_popular_row846,ripple_relation_specificity,hit,pre,1.0
llama3-8b,remedi,ripple,ripple_popular_row846,ripple_preservation,hit,pre,1.0
llama3-8b,remedi,ripple,ripple_popular_row846,efficacy,hit,post,0.0
llama3-8b,remedi,ripple,ripple_popular_row846,ripple_compositional_i,hit,post,0.0
llama3-8b,remedi,ripple,ripple_popular_row846,ripple_aliasing,hit,post,0.0
llama3-8b,remedi,ripple,ripple_popular_row846,ripple_relation_specificity,hit,post,0.25
llama3-8b,remedi,ripple,ripple_popular_row846,ripple_preservation,hit,post,0.0
llama3-8b,remedi,ripple,ripple_popular_row735,efficacy,hit,pre,0.0
llama3-8b,remedi,ripple,ripple_popular_row735,ripple_compositional_i,hit,pre,0.0
llama3-8b,remedi,ripple,ripple_popular_row735,ripple_aliasing,hit,pre,0.0
llama3-8b,remedi,ripple,ripple_popular_row735,efficacy,hit,post,0.0
llama3-8b,remedi,ripple,ripple_popular_row735,ripple_compositional_i,hit,post,0.0
llama3-8b,remedi,ripple,ripple_popular_row735,ripple_aliasing,hit,post,0.0
llama3-8b,remedi,ripple,ripple_popular_row867,efficacy,hit,pre,0.0
llama3-8b,remedi,ripple,ripple_popular_row867,ripple_logical,hit,pre,0.0
llama3-8b,remedi,ripple,ripple_popular_row867,ripple_aliasing,hit,pre,0.0
llama3-8b,remedi,ripple,ripple_popular_row867,efficacy,hit,post,0.0
llama3-8b,remedi,ripple,ripple_popular_row867,ripple_logical,hit,post,0.0
llama3-8b,remedi,ripple,ripple_popular_row867,ripple_aliasing,hit,post,0.0
llama3-8b,remedi,ripple,ripple_popular_row838,efficacy,hit,pre,0.0
llama3-8b,remedi,ripple,ripple_popular_row838,ripple_logical,hit,pre,0.0
llama3-8b,remedi,ripple,ripple_popular_row838,ripple_aliasing,hit,pre,0.0
llama3-8b,remedi,ripple,ripple_popular_row838,ripple_relation_specificity,hit,pre,1.0
llama3-8b,remedi,ripple,ripple_popular_row838,efficacy,hit,post,0.0
llama3-8b,remedi,ripple,ripple_popular_row838,ripple_logical,hit,post,0.0
llama3-8b,remedi,ripple,ripple_popular_row838,ripple_aliasing,hit,post,0.0
llama3-8b,remedi,ripple,ripple_popular_row838,ripple_relation_specificity,hit,post,0.0
llama3-8b,remedi,ripple,ripple_popular_row716,efficacy,hit,pre,0.0
llama3-8b,remedi,ripple,ripple_popular_row716,ripple_logical,hit,pre,0.0
llama3-8b,remedi,ripple,ripple_popular_row716,ripple_compositional_i,hit,pre,0.0
llama3-8b,remedi,ripple,ripple_popular_row716,ripple_aliasing,hit,pre,0.0
llama3-8b,remedi,ripple,ripple_popular_row716,ripple_relation_specificity,hit,pre,1.0
llama3-8b,remedi,ripple,ripple_popular_row716,efficacy,hit,post,0.0
llama3-8b,remedi,ripple,ripple_popular_row716,ripple_logical,hit,post,0.0
llama3-8b,remedi,ripple,ripple_popular_row716,ripple_compositional_i,hit,post,0.0
llama3-8b,remedi,ripple,ripple_popular_row716,ripple_aliasing,hit,post,0.0
llama3-8b,remedi,ripple,ripple_popular_row716,ripple_relation_specificity,hit,post,1.0
llama3-8b,remedi,ripple,ripple_popular_row857,efficacy,hit,pre,0.0
llama3-8b,remedi,ripple,ripple_popular_row857,ripple_logical,hit,pre,0.0
llama3-8b,remedi,ripple,ripple_popular_row857,ripple_aliasing,hit,pre,0.0
llama3-8b,remedi,ripple,ripple_popular_row857,ripple_relation_specificity,hit,pre,1.0
llama3-8b,remedi,ripple,ripple_popular_row857,efficacy,hit,post,0.0
llama3-8b,remedi,ripple,ripple_popular_row857,ripple_logical,hit,post,0.0
llama3-8b,remedi,ripple,ripple_popular_row857,ripple_aliasing,hit,post,0.0
llama3-8b,remedi,ripple,ripple_popular_row857,ripple_relation_specificity,hit,post,0.0
llama3-8b,remedi,ripple,ripple_popular_row868,efficacy,hit,pre,0.0
llama3-8b,remedi,ripple,ripple_popular_row868,ripple_compositional_i,hit,pre,0.2
llama3-8b,remedi,ripple,ripple_popular_row868,ripple_relation_specificity,hit,pre,1.0
llama3-8b,remedi,ripple,ripple_popular_row868,efficacy,hit,post,0.0
llama3-8b,remedi,ripple,ripple_popular_row868,ripple_compositional_i,hit,post,0.0
llama3-8b,remedi,ripple,ripple_popular_row868,ripple_relation_specificity,hit,post,0.5
llama3-8b,remedi,ripple,ripple_popular_row699,efficacy,hit,pre,0.0
llama3-8b,remedi,ripple,ripple_popular_row699,ripple_aliasing,hit,pre,0.0
llama3-8b,remedi,ripple,ripple_popular_row699,efficacy,hit,post,0.0
llama3-8b,remedi,ripple,ripple_popular_row699,ripple_aliasing,hit,post,0.0
llama3-8b,remedi,ripple,ripple_popular_row825,efficacy,hit,pre,0.0
llama3-8b,remedi,ripple,ripple_popular_row825,ripple_aliasing,hit,pre,0.0
llama3-8b,remedi,ripple,ripple_popular_row825,ripple_relation_specificity,hit,pre,1.0
llama3-8b,remedi,ripple,ripple_popular_row825,efficacy,hit,post,0.0
llama3-8b,remedi,ripple,ripple_popular_row825,ripple_aliasing,hit,post,0.0
llama3-8b,remedi,ripple,ripple_popular_row825,ripple_relation_specificity,hit,post,0.3333333333333333
llama3-8b,remedi,ripple,ripple_popular_row866,efficacy,hit,pre,0.0
llama3-8b,remedi,ripple,ripple_popular_row866,ripple_compositional_i,hit,pre,0.3333333333333333
llama3-8b,remedi,ripple,ripple_popular_row866,ripple_compositional_ii,hit,pre,0.0
llama3-8b,remedi,ripple,ripple_popular_row866,ripple_aliasing,hit,pre,0.0
llama3-8b,remedi,ripple,ripple_popular_row866,ripple_relation_specificity,hit,pre,1.0
llama3-8b,remedi,ripple,ripple_popular_row866,efficacy,hit,post,0.0
llama3-8b,remedi,ripple,ripple_popular_row866,ripple_compositional_i,hit,post,0.3333333333333333
llama3-8b,remedi,ripple,ripple_popular_row866,ripple_compositional_ii,hit,post,1.0
llama3-8b,remedi,ripple,ripple_popular_row866,ripple_aliasing,hit,post,1.0
llama3-8b,remedi,ripple,ripple_popular_row866,ripple_relation_specificity,hit,post,0.0
llama3-8b,remedi,ripple,ripple_popular_row642,efficacy,hit,pre,0.0
llama3-8b,remedi,ripple,ripple_popular_row642,ripple_aliasing,hit,pre,0.0
llama3-8b,remedi,ripple,ripple_popular_row642,ripple_relation_specificity,hit,pre,1.0
llama3-8b,remedi,ripple,ripple_popular_row642,efficacy,hit,post,0.0
llama3-8b,remedi,ripple,ripple_popular_row642,ripple_aliasing,hit,post,0.0
llama3-8b,remedi,ripple,ripple_popular_row642,ripple_relation_specificity,hit,post,0.0
llama3-8b,remedi,ripple,ripple_popular_row653,efficacy,hit,pre,0.0
llama3-8b,remedi,ripple,ripple_popular_row653,ripple_logical,hit,pre,0.0
llama3-8b,remedi,ripple,ripple_popular_row653,efficacy,hit,post,0.0
llama3-8b,remedi,ripple,ripple_popular_row653,ripple_logical,hit,post,0.0
llama3-8b,remedi,ripple,ripple_popular_row663,efficacy,hit,pre,0.0
llama3-8b,remedi,ripple,ripple_popular_row663,ripple_relation_specificity,hit,pre,1.0
llama3-8b,remedi,ripple,ripple_popular_row663,efficacy,hit,post,0.0
llama3-8b,remedi,ripple,ripple_popular_row663,ripple_relation_specificity,hit,post,0.0
llama3-8b,remedi,ripple,ripple_popular_row692,efficacy,hit,pre,0.0
llama3-8b,remedi,ripple,ripple_popular_row692,ripple_logical,hit,pre,0.0
llama3-8b,remedi,ripple,ripple_popular_row692,ripple_aliasing,hit,pre,0.0
llama3-8b,remedi,ripple,ripple_popular_row692,ripple_relation_specificity,hit,pre,1.0
llama3-8b,remedi,ripple,ripple_popular_row692,efficacy,hit,post,0.0
llama3-8b,remedi,ripple,ripple_popular_row692,ripple_logical,hit,post,0.0
llama3-8b,remedi,ripple,ripple_popular_row692,ripple_aliasing,hit,post,0.0
llama3-8b,remedi,ripple,ripple_popular_row692,ripple_relation_specificity,hit,post,0.16666666666666666
llama3-8b,remedi,ripple,ripple_popular_row701,efficacy,hit,pre,0.0
llama3-8b,remedi,ripple,ripple_popular_row701,ripple_logical,hit,pre,0.0
llama3-8b,remedi,ripple,ripple_popular_row701,ripple_aliasing,hit,pre,0.0
llama3-8b,remedi,ripple,ripple_popular_row701,efficacy,hit,post,0.0
llama3-8b,remedi,ripple,ripple_popular_row701,ripple_logical,hit,post,0.0
llama3-8b,remedi,ripple,ripple_popular_row701,ripple_aliasing,hit,post,0.0
llama3-8b,remedi,ripple,ripple_popular_row690,efficacy,hit,pre,0.0
llama3-8b,remedi,ripple,ripple_popular_row690,ripple_aliasing,hit,pre,0.0
llama3-8b,remedi,ripple,ripple_popular_row690,ripple_relation_specificity,hit,pre,1.0
llama3-8b,remedi,ripple,ripple_popular_row690,efficacy,hit,post,0.0
llama3-8b,remedi,ripple,ripple_popular_row690,ripple_aliasing,hit,post,0.0
llama3-8b,remedi,ripple,ripple_popular_row690,ripple_relation_specificity,hit,post,0.7272727272727273
llama3-8b,remedi,ripple,ripple_popular_row668,efficacy,hit,pre,0.0
llama3-8b,remedi,ripple,ripple_popular_row668,ripple_aliasing,hit,pre,0.0
llama3-8b,remedi,ripple,ripple_popular_row668,ripple_relation_specificity,hit,pre,1.0
llama3-8b,remedi,ripple,ripple_popular_row668,efficacy,hit,post,1.0
llama3-8b,remedi,ripple,ripple_popular_row668,ripple_aliasing,hit,post,0.8
llama3-8b,remedi,ripple,ripple_popular_row668,ripple_relation_specificity,hit,post,0.0
llama3-8b,remedi,ripple,ripple_popular_row810,efficacy,hit,pre,0.0
llama3-8b,remedi,ripple,ripple_popular_row810,ripple_logical,hit,pre,0.0
llama3-8b,remedi,ripple,ripple_popular_row810,ripple_aliasing,hit,pre,0.0
llama3-8b,remedi,ripple,ripple_popular_row810,ripple_relation_specificity,hit,pre,1.0
llama3-8b,remedi,ripple,ripple_popular_row810,efficacy,hit,post,0.0
llama3-8b,remedi,ripple,ripple_popular_row810,ripple_logical,hit,post,0.0
llama3-8b,remedi,ripple,ripple_popular_row810,ripple_aliasing,hit,post,0.0
llama3-8b,remedi,ripple,ripple_popular_row810,ripple_relation_specificity,hit,post,0.5
llama3-8b,remedi,ripple,ripple_popular_row870,efficacy,hit,pre,0.0
llama3-8b,remedi,ripple,ripple_popular_row870,ripple_compositional_i,hit,pre,0.5
llama3-8b,remedi,ripple,ripple_popular_row870,efficacy,hit,post,0.0
llama3-8b,remedi,ripple,ripple_popular_row870,ripple_compositional_i,hit,post,0.0
llama3-8b,remedi,ripple,ripple_popular_row646,efficacy,hit,pre,0.0
llama3-8b,remedi,ripple,ripple_popular_row646,ripple_compositional_i,hit,pre,0.0
llama3-8b,remedi,ripple,ripple_popular_row646,ripple_aliasing,hit,pre,0.0
llama3-8b,remedi,ripple,ripple_popular_row646,ripple_relation_specificity,hit,pre,1.0
llama3-8b,remedi,ripple,ripple_popular_row646,efficacy,hit,post,0.0
llama3-8b,remedi,ripple,ripple_popular_row646,ripple_compositional_i,hit,post,0.0
llama3-8b,remedi,ripple,ripple_popular_row646,ripple_aliasing,hit,post,0.0
llama3-8b,remedi,ripple,ripple_popular_row646,ripple_relation_specificity,hit,post,1.0
llama3-8b,remedi,ripple,ripple_popular_row697,efficacy,hit,pre,0.0
llama3-8b,remedi,ripple,ripple_popular_row697,ripple_aliasing,hit,pre,0.0
llama3-8b,remedi,ripple,ripple_popular_row697,ripple_relation_specificity,hit,pre,1.0
llama3-8b,remedi,ripple,ripple_popular_row697,efficacy,hit,post,1.0
llama3-8b,remedi,ripple,ripple_popular_row697,ripple_aliasing,hit,post,1.0
llama3-8b,remedi,ripple,ripple_popular_row697,ripple_relation_specificity,hit,post,0.0
llama3-8b,remedi,ripple,ripple_popular_row613,efficacy,hit,pre,0.0
llama3-8b,remedi,ripple,ripple_popular_row613,ripple_logical,hit,pre,0.0
llama3-8b,remedi,ripple,ripple_popular_row613,ripple_compositional_i,hit,pre,0.5
llama3-8b,remedi,ripple,ripple_popular_row613,ripple_aliasing,hit,pre,0.0
llama3-8b,remedi,ripple,ripple_popular_row613,ripple_relation_specificity,hit,pre,1.0
llama3-8b,remedi,ripple,ripple_popular_row613,efficacy,hit,post,0.0
llama3-8b,remedi,ripple,ripple_popular_row613,ripple_logical,hit,post,0.0
llama3-8b,remedi,ripple,ripple_popular_row613,ripple_compositional_i,hit,post,0.0
llama3-8b,remedi,ripple,ripple_popular_row613,ripple_aliasing,hit,post,0.0
llama3-8b,remedi,ripple,ripple_popular_row613,ripple_relation_specificity,hit,post,0.0
llama3-8b,remedi,ripple,ripple_popular_row710,efficacy,hit,pre,0.0
llama3-8b,remedi,ripple,ripple_popular_row710,efficacy,hit,post,0.0
llama3-8b,remedi,ripple,ripple_popular_row819,efficacy,hit,pre,0.0
llama3-8b,remedi,ripple,ripple_popular_row819,ripple_aliasing,hit,pre,0.0
llama3-8b,remedi,ripple,ripple_popular_row819,ripple_relation_specificity,hit,pre,1.0
llama3-8b,remedi,ripple,ripple_popular_row819,ripple_preservation,hit,pre,1.0
llama3-8b,remedi,ripple,ripple_popular_row819,efficacy,hit,post,0.0
llama3-8b,remedi,ripple,ripple_popular_row819,ripple_aliasing,hit,post,0.0
llama3-8b,remedi,ripple,ripple_popular_row819,ripple_relation_specificity,hit,post,0.0
llama3-8b,remedi,ripple,ripple_popular_row819,ripple_preservation,hit,post,0.0
llama3-8b,remedi,ripple,ripple_popular_row782,efficacy,hit,pre,0.0
llama3-8b,remedi,ripple,ripple_popular_row782,ripple_aliasing,hit,pre,0.0
llama3-8b,remedi,ripple,ripple_popular_row782,ripple_relation_specificity,hit,pre,1.0
llama3-8b,remedi,ripple,ripple_popular_row782,efficacy,hit,post,1.0
llama3-8b,remedi,ripple,ripple_popular_row782,ripple_aliasing,hit,post,1.0
llama3-8b,remedi,ripple,ripple_popular_row782,ripple_relation_specificity,hit,post,0.3333333333333333
llama3-8b,remedi,ripple,ripple_popular_row696,efficacy,hit,pre,0.0
llama3-8b,remedi,ripple,ripple_popular_row696,ripple_compositional_i,hit,pre,0.3333333333333333
llama3-8b,remedi,ripple,ripple_popular_row696,efficacy,hit,post,0.0
llama3-8b,remedi,ripple,ripple_popular_row696,ripple_compositional_i,hit,post,0.0
llama3-8b,remedi,ripple,ripple_popular_row641,efficacy,hit,pre,0.0
llama3-8b,remedi,ripple,ripple_popular_row641,ripple_aliasing,hit,pre,0.0
llama3-8b,remedi,ripple,ripple_popular_row641,efficacy,hit,post,0.0
llama3-8b,remedi,ripple,ripple_popular_row641,ripple_aliasing,hit,post,0.0
llama3-8b,remedi,ripple,ripple_popular_row705,efficacy,hit,pre,0.0
llama3-8b,remedi,ripple,ripple_popular_row705,ripple_aliasing,hit,pre,0.0
llama3-8b,remedi,ripple,ripple_popular_row705,ripple_relation_specificity,hit,pre,1.0
llama3-8b,remedi,ripple,ripple_popular_row705,ripple_preservation,hit,pre,1.0
llama3-8b,remedi,ripple,ripple_popular_row705,efficacy,hit,post,0.0
llama3-8b,remedi,ripple,ripple_popular_row705,ripple_aliasing,hit,post,0.0
llama3-8b,remedi,ripple,ripple_popular_row705,ripple_relation_specificity,hit,post,0.0
llama3-8b,remedi,ripple,ripple_popular_row705,ripple_preservation,hit,post,0.0
llama3-8b,remedi,ripple,ripple_popular_row614,efficacy,hit,pre,0.0
llama3-8b,remedi,ripple,ripple_popular_row614,ripple_compositional_i,hit,pre,0.0
llama3-8b,remedi,ripple,ripple_popular_row614,ripple_aliasing,hit,pre,0.0
llama3-8b,remedi,ripple,ripple_popular_row614,ripple_relation_specificity,hit,pre,1.0
llama3-8b,remedi,ripple,ripple_popular_row614,ripple_preservation,hit,pre,1.0
llama3-8b,remedi,ripple,ripple_popular_row614,efficacy,hit,post,0.0
llama3-8b,remedi,ripple,ripple_popular_row614,ripple_compositional_i,hit,post,0.0
llama3-8b,remedi,ripple,ripple_popular_row614,ripple_aliasing,hit,post,0.0
llama3-8b,remedi,ripple,ripple_popular_row614,ripple_relation_specificity,hit,post,0.0
llama3-8b,remedi,ripple,ripple_popular_row614,ripple_preservation,hit,post,0.0
llama3-8b,remedi,ripple,ripple_popular_row874,efficacy,hit,pre,0.0
llama3-8b,remedi,ripple,ripple_popular_row874,ripple_logical,hit,pre,0.0
llama3-8b,remedi,ripple,ripple_popular_row874,ripple_compositional_i,hit,pre,1.0
llama3-8b,remedi,ripple,ripple_popular_row874,ripple_aliasing,hit,pre,0.0
llama3-8b,remedi,ripple,ripple_popular_row874,ripple_relation_specificity,hit,pre,1.0
llama3-8b,remedi,ripple,ripple_popular_row874,efficacy,hit,post,0.0
llama3-8b,remedi,ripple,ripple_popular_row874,ripple_logical,hit,post,0.0
llama3-8b,remedi,ripple,ripple_popular_row874,ripple_compositional_i,hit,post,0.0
llama3-8b,remedi,ripple,ripple_popular_row874,ripple_aliasing,hit,post,0.0
llama3-8b,remedi,ripple,ripple_popular_row874,ripple_relation_specificity,hit,post,0.0
llama3-8b,remedi,ripple,ripple_popular_row610,efficacy,hit,pre,0.0
llama3-8b,remedi,ripple,ripple_popular_row610,ripple_compositional_i,hit,pre,0.0
llama3-8b,remedi,ripple,ripple_popular_row610,ripple_aliasing,hit,pre,0.0
llama3-8b,remedi,ripple,ripple_popular_row610,efficacy,hit,post,0.0
llama3-8b,remedi,ripple,ripple_popular_row610,ripple_compositional_i,hit,post,0.0
llama3-8b,remedi,ripple,ripple_popular_row610,ripple_aliasing,hit,post,0.0
llama3-8b,remedi,ripple,ripple_popular_row816,efficacy,hit,pre,0.0
llama3-8b,remedi,ripple,ripple_popular_row816,ripple_aliasing,hit,pre,0.0
llama3-8b,remedi,ripple,ripple_popular_row816,ripple_relation_specificity,hit,pre,1.0
llama3-8b,remedi,ripple,ripple_popular_row816,efficacy,hit,post,0.0
llama3-8b,remedi,ripple,ripple_popular_row816,ripple_aliasing,hit,post,0.0
llama3-8b,remedi,ripple,ripple_popular_row816,ripple_relation_specificity,hit,post,0.0
llama3-8b,remedi,ripple,ripple_popular_row717,efficacy,hit,pre,0.0
llama3-8b,remedi,ripple,ripple_popular_row717,ripple_logical,hit,pre,0.0
llama3-8b,remedi,ripple,ripple_popular_row717,ripple_compositional_i,hit,pre,0.0
llama3-8b,remedi,ripple,ripple_popular_row717,ripple_compositional_ii,hit,pre,0.0
llama3-8b,remedi,ripple,ripple_popular_row717,ripple_aliasing,hit,pre,0.0
llama3-8b,remedi,ripple,ripple_popular_row717,ripple_relation_specificity,hit,pre,0.6666666666666666
llama3-8b,remedi,ripple,ripple_popular_row717,efficacy,hit,post,0.0
llama3-8b,remedi,ripple,ripple_popular_row717,ripple_logical,hit,post,0.0
llama3-8b,remedi,ripple,ripple_popular_row717,ripple_compositional_i,hit,post,0.0
llama3-8b,remedi,ripple,ripple_popular_row717,ripple_compositional_ii,hit,post,0.0
llama3-8b,remedi,ripple,ripple_popular_row717,ripple_aliasing,hit,post,0.0
llama3-8b,remedi,ripple,ripple_popular_row717,ripple_relation_specificity,hit,post,0.0
llama3-8b,remedi,ripple,ripple_popular_row836,efficacy,hit,pre,0.0
llama3-8b,remedi,ripple,ripple_popular_row836,ripple_compositional_ii,hit,pre,0.0
llama3-8b,remedi,ripple,ripple_popular_row836,ripple_aliasing,hit,pre,0.0
llama3-8b,remedi,ripple,ripple_popular_row836,ripple_relation_specificity,hit,pre,1.0
llama3-8b,remedi,ripple,ripple_popular_row836,efficacy,hit,post,0.0
llama3-8b,remedi,ripple,ripple_popular_row836,ripple_compositional_ii,hit,post,0.0
llama3-8b,remedi,ripple,ripple_popular_row836,ripple_aliasing,hit,post,0.0
llama3-8b,remedi,ripple,ripple_popular_row836,ripple_relation_specificity,hit,post,0.2
llama3-8b,remedi,ripple,ripple_popular_row719,efficacy,hit,pre,0.0
llama3-8b,remedi,ripple,ripple_popular_row719,ripple_relation_specificity,hit,pre,1.0
llama3-8b,remedi,ripple,ripple_popular_row719,ripple_preservation,hit,pre,1.0
llama3-8b,remedi,ripple,ripple_popular_row719,efficacy,hit,post,0.0
llama3-8b,remedi,ripple,ripple_popular_row719,ripple_relation_specificity,hit,post,0.0
llama3-8b,remedi,ripple,ripple_popular_row719,ripple_preservation,hit,post,0.0
llama3-8b,remedi,ripple,ripple_popular_row684,efficacy,hit,pre,0.0
llama3-8b,remedi,ripple,ripple_popular_row684,ripple_aliasing,hit,pre,0.0
llama3-8b,remedi,ripple,ripple_popular_row684,efficacy,hit,post,0.0
llama3-8b,remedi,ripple,ripple_popular_row684,ripple_aliasing,hit,post,0.0
llama3-8b,remedi,ripple,ripple_popular_row877,efficacy,hit,pre,0.0
llama3-8b,remedi,ripple,ripple_popular_row877,ripple_aliasing,hit,pre,0.0
llama3-8b,remedi,ripple,ripple_popular_row877,ripple_relation_specificity,hit,pre,1.0
llama3-8b,remedi,ripple,ripple_popular_row877,efficacy,hit,post,0.0
llama3-8b,remedi,ripple,ripple_popular_row877,ripple_aliasing,hit,post,0.0
llama3-8b,remedi,ripple,ripple_popular_row877,ripple_relation_specificity,hit,post,0.0
llama3-8b,remedi,ripple,ripple_popular_row763,efficacy,hit,pre,0.0
llama3-8b,remedi,ripple,ripple_popular_row763,ripple_aliasing,hit,pre,0.0
llama3-8b,remedi,ripple,ripple_popular_row763,ripple_relation_specificity,hit,pre,1.0
llama3-8b,remedi,ripple,ripple_popular_row763,efficacy,hit,post,0.0
llama3-8b,remedi,ripple,ripple_popular_row763,ripple_aliasing,hit,post,0.0
llama3-8b,remedi,ripple,ripple_popular_row763,ripple_relation_specificity,hit,post,1.0
llama3-8b,remedi,ripple,ripple_popular_row731,efficacy,hit,pre,0.0
llama3-8b,remedi,ripple,ripple_popular_row731,ripple_aliasing,hit,pre,0.0
llama3-8b,remedi,ripple,ripple_popular_row731,ripple_relation_specificity,hit,pre,1.0
llama3-8b,remedi,ripple,ripple_popular_row731,efficacy,hit,post,0.0
llama3-8b,remedi,ripple,ripple_popular_row731,ripple_aliasing,hit,post,0.0
llama3-8b,remedi,ripple,ripple_popular_row731,ripple_relation_specificity,hit,post,0.0
llama3-8b,remedi,ripple,ripple_popular_row799,efficacy,hit,pre,0.0
llama3-8b,remedi,ripple,ripple_popular_row799,ripple_aliasing,hit,pre,0.0
llama3-8b,remedi,ripple,ripple_popular_row799,ripple_relation_specificity,hit,pre,1.0
llama3-8b,remedi,ripple,ripple_popular_row799,ripple_preservation,hit,pre,1.0
llama3-8b,remedi,ripple,ripple_popular_row799,efficacy,hit,post,0.0
llama3-8b,remedi,ripple,ripple_popular_row799,ripple_aliasing,hit,post,0.0
llama3-8b,remedi,ripple,ripple_popular_row799,ripple_relation_specificity,hit,post,0.8
llama3-8b,remedi,ripple,ripple_popular_row799,ripple_preservation,hit,post,1.0
llama3-8b,remedi,ripple,ripple_popular_row880,efficacy,hit,pre,0.0
llama3-8b,remedi,ripple,ripple_popular_row880,ripple_aliasing,hit,pre,0.0
llama3-8b,remedi,ripple,ripple_popular_row880,ripple_relation_specificity,hit,pre,1.0
llama3-8b,remedi,ripple,ripple_popular_row880,efficacy,hit,post,0.0
llama3-8b,remedi,ripple,ripple_popular_row880,ripple_aliasing,hit,post,1.0
llama3-8b,remedi,ripple,ripple_popular_row880,ripple_relation_specificity,hit,post,0.3333333333333333
llama3-8b,remedi,ripple,ripple_popular_row680,efficacy,hit,pre,0.0
llama3-8b,remedi,ripple,ripple_popular_row680,ripple_compositional_ii,hit,pre,0.0
llama3-8b,remedi,ripple,ripple_popular_row680,ripple_aliasing,hit,pre,0.0
llama3-8b,remedi,ripple,ripple_popular_row680,ripple_relation_specificity,hit,pre,1.0
llama3-8b,remedi,ripple,ripple_popular_row680,efficacy,hit,post,0.0
llama3-8b,remedi,ripple,ripple_popular_row680,ripple_compositional_ii,hit,post,0.0
llama3-8b,remedi,ripple,ripple_popular_row680,ripple_aliasing,hit,post,0.0
llama3-8b,remedi,ripple,ripple_popular_row680,ripple_relation_specificity,hit,post,0.125
llama3-8b,remedi,ripple,ripple_popular_row737,efficacy,hit,pre,0.0
llama3-8b,remedi,ripple,ripple_popular_row737,ripple_compositional_i,hit,pre,0.5
llama3-8b,remedi,ripple,ripple_popular_row737,ripple_aliasing,hit,pre,0.0
llama3-8b,remedi,ripple,ripple_popular_row737,ripple_relation_specificity,hit,pre,1.0
llama3-8b,remedi,ripple,ripple_popular_row737,ripple_preservation,hit,pre,1.0
llama3-8b,remedi,ripple,ripple_popular_row737,efficacy,hit,post,0.0
llama3-8b,remedi,ripple,ripple_popular_row737,ripple_compositional_i,hit,post,0.0
llama3-8b,remedi,ripple,ripple_popular_row737,ripple_aliasing,hit,post,0.0
llama3-8b,remedi,ripple,ripple_popular_row737,ripple_relation_specificity,hit,post,0.0
llama3-8b,remedi,ripple,ripple_popular_row737,ripple_preservation,hit,post,0.0
llama3-8b,remedi,ripple,ripple_popular_row712,efficacy,hit,pre,0.0
llama3-8b,remedi,ripple,ripple_popular_row712,ripple_aliasing,hit,pre,0.0
llama3-8b,remedi,ripple,ripple_popular_row712,ripple_relation_specificity,hit,pre,1.0
llama3-8b,remedi,ripple,ripple_popular_row712,efficacy,hit,post,0.0
llama3-8b,remedi,ripple,ripple_popular_row712,ripple_aliasing,hit,post,0.0
llama3-8b,remedi,ripple,ripple_popular_row712,ripple_relation_specificity,hit,post,0.0
llama3-8b,remedi,ripple,ripple_popular_row789,efficacy,hit,pre,0.0
llama3-8b,remedi,ripple,ripple_popular_row789,ripple_aliasing,hit,pre,0.0
llama3-8b,remedi,ripple,ripple_popular_row789,ripple_relation_specificity,hit,pre,1.0
llama3-8b,remedi,ripple,ripple_popular_row789,efficacy,hit,post,1.0
llama3-8b,remedi,ripple,ripple_popular_row789,ripple_aliasing,hit,post,1.0
llama3-8b,remedi,ripple,ripple_popular_row789,ripple_relation_specificity,hit,post,0.75
llama3-8b,remedi,ripple,ripple_popular_row881,efficacy,hit,pre,0.0
llama3-8b,remedi,ripple,ripple_popular_row881,ripple_logical,hit,pre,0.0
llama3-8b,remedi,ripple,ripple_popular_row881,ripple_compositional_i,hit,pre,0.0
llama3-8b,remedi,ripple,ripple_popular_row881,ripple_aliasing,hit,pre,0.0
llama3-8b,remedi,ripple,ripple_popular_row881,ripple_relation_specificity,hit,pre,1.0
llama3-8b,remedi,ripple,ripple_popular_row881,efficacy,hit,post,0.0
llama3-8b,remedi,ripple,ripple_popular_row881,ripple_logical,hit,post,0.0
llama3-8b,remedi,ripple,ripple_popular_row881,ripple_compositional_i,hit,post,0.0
llama3-8b,remedi,ripple,ripple_popular_row881,ripple_aliasing,hit,post,0.0
llama3-8b,remedi,ripple,ripple_popular_row881,ripple_relation_specificity,hit,post,0.0
llama3-8b,remedi,ripple,ripple_popular_row863,efficacy,hit,pre,0.0
llama3-8b,remedi,ripple,ripple_popular_row863,ripple_aliasing,hit,pre,0.0
llama3-8b,remedi,ripple,ripple_popular_row863,ripple_relation_specificity,hit,pre,1.0
llama3-8b,remedi,ripple,ripple_popular_row863,efficacy,hit,post,0.0
llama3-8b,remedi,ripple,ripple_popular_row863,ripple_aliasing,hit,post,0.0
llama3-8b,remedi,ripple,ripple_popular_row863,ripple_relation_specificity,hit,post,0.0
llama3-8b,remedi,ripple,ripple_popular_row873,efficacy,hit,pre,0.0
llama3-8b,remedi,ripple,ripple_popular_row873,ripple_compositional_i,hit,pre,0.2
llama3-8b,remedi,ripple,ripple_popular_row873,ripple_aliasing,hit,pre,0.0
llama3-8b,remedi,ripple,ripple_popular_row873,ripple_relation_specificity,hit,pre,1.0
llama3-8b,remedi,ripple,ripple_popular_row873,efficacy,hit,post,0.0
llama3-8b,remedi,ripple,ripple_popular_row873,ripple_compositional_i,hit,post,0.2
llama3-8b,remedi,ripple,ripple_popular_row873,ripple_aliasing,hit,post,0.0
llama3-8b,remedi,ripple,ripple_popular_row873,ripple_relation_specificity,hit,post,0.6666666666666666
llama3-8b,remedi,ripple,ripple_popular_row708,efficacy,hit,pre,0.0
llama3-8b,remedi,ripple,ripple_popular_row708,ripple_compositional_ii,hit,pre,0.0
llama3-8b,remedi,ripple,ripple_popular_row708,ripple_aliasing,hit,pre,0.0
llama3-8b,remedi,ripple,ripple_popular_row708,ripple_relation_specificity,hit,pre,1.0
llama3-8b,remedi,ripple,ripple_popular_row708,efficacy,hit,post,0.0
llama3-8b,remedi,ripple,ripple_popular_row708,ripple_compositional_ii,hit,post,0.0
llama3-8b,remedi,ripple,ripple_popular_row708,ripple_aliasing,hit,post,0.0
llama3-8b,remedi,ripple,ripple_popular_row708,ripple_relation_specificity,hit,post,0.0
llama3-8b,remedi,ripple,ripple_popular_row850,efficacy,hit,pre,0.0
llama3-8b,remedi,ripple,ripple_popular_row850,ripple_relation_specificity,hit,pre,1.0
llama3-8b,remedi,ripple,ripple_popular_row850,efficacy,hit,post,0.0
llama3-8b,remedi,ripple,ripple_popular_row850,ripple_relation_specificity,hit,post,0.0
llama3-8b,remedi,ripple,ripple_popular_row634,efficacy,hit,pre,0.0
llama3-8b,remedi,ripple,ripple_popular_row634,ripple_aliasing,hit,pre,0.0
llama3-8b,remedi,ripple,ripple_popular_row634,efficacy,hit,post,0.0
llama3-8b,remedi,ripple,ripple_popular_row634,ripple_aliasing,hit,post,0.0
llama3-8b,remedi,ripple,ripple_popular_row796,efficacy,hit,pre,0.0
llama3-8b,remedi,ripple,ripple_popular_row796,ripple_relation_specificity,hit,pre,1.0
llama3-8b,remedi,ripple,ripple_popular_row796,efficacy,hit,post,0.0
llama3-8b,remedi,ripple,ripple_popular_row796,ripple_relation_specificity,hit,post,0.5
llama3-8b,remedi,ripple,ripple_popular_row751,efficacy,hit,pre,0.0
llama3-8b,remedi,ripple,ripple_popular_row751,ripple_logical,hit,pre,0.0
llama3-8b,remedi,ripple,ripple_popular_row751,ripple_aliasing,hit,pre,0.0
llama3-8b,remedi,ripple,ripple_popular_row751,ripple_relation_specificity,hit,pre,1.0
llama3-8b,remedi,ripple,ripple_popular_row751,efficacy,hit,post,0.0
llama3-8b,remedi,ripple,ripple_popular_row751,ripple_logical,hit,post,0.0
llama3-8b,remedi,ripple,ripple_popular_row751,ripple_aliasing,hit,post,0.0
llama3-8b,remedi,ripple,ripple_popular_row751,ripple_relation_specificity,hit,post,0.8
llama3-8b,remedi,ripple,ripple_popular_row871,efficacy,hit,pre,0.0
llama3-8b,remedi,ripple,ripple_popular_row871,ripple_logical,hit,pre,0.0
llama3-8b,remedi,ripple,ripple_popular_row871,efficacy,hit,post,0.0
llama3-8b,remedi,ripple,ripple_popular_row871,ripple_logical,hit,post,0.0
llama3-8b,remedi,ripple,ripple_popular_row746,efficacy,hit,pre,0.0
llama3-8b,remedi,ripple,ripple_popular_row746,ripple_aliasing,hit,pre,0.0
llama3-8b,remedi,ripple,ripple_popular_row746,ripple_relation_specificity,hit,pre,1.0
llama3-8b,remedi,ripple,ripple_popular_row746,ripple_preservation,hit,pre,1.0
llama3-8b,remedi,ripple,ripple_popular_row746,efficacy,hit,post,0.0
llama3-8b,remedi,ripple,ripple_popular_row746,ripple_aliasing,hit,post,0.0
llama3-8b,remedi,ripple,ripple_popular_row746,ripple_relation_specificity,hit,post,0.3333333333333333
llama3-8b,remedi,ripple,ripple_popular_row746,ripple_preservation,hit,post,1.0
llama3-8b,remedi,ripple,ripple_popular_row829,efficacy,hit,pre,0.0
llama3-8b,remedi,ripple,ripple_popular_row829,ripple_aliasing,hit,pre,0.0
llama3-8b,remedi,ripple,ripple_popular_row829,ripple_relation_specificity,hit,pre,1.0
llama3-8b,remedi,ripple,ripple_popular_row829,efficacy,hit,post,0.0
llama3-8b,remedi,ripple,ripple_popular_row829,ripple_aliasing,hit,post,0.0
llama3-8b,remedi,ripple,ripple_popular_row829,ripple_relation_specificity,hit,post,1.0
llama3-8b,remedi,ripple,ripple_popular_row658,efficacy,hit,pre,0.0
llama3-8b,remedi,ripple,ripple_popular_row658,ripple_logical,hit,pre,0.0
llama3-8b,remedi,ripple,ripple_popular_row658,ripple_compositional_i,hit,pre,0.0
llama3-8b,remedi,ripple,ripple_popular_row658,ripple_aliasing,hit,pre,0.0
llama3-8b,remedi,ripple,ripple_popular_row658,efficacy,hit,post,0.0
llama3-8b,remedi,ripple,ripple_popular_row658,ripple_logical,hit,post,0.0
llama3-8b,remedi,ripple,ripple_popular_row658,ripple_compositional_i,hit,post,0.0
llama3-8b,remedi,ripple,ripple_popular_row658,ripple_aliasing,hit,post,0.0
llama3-8b,remedi,ripple,ripple_popular_row884,efficacy,hit,pre,0.0
llama3-8b,remedi,ripple,ripple_popular_row884,ripple_logical,hit,pre,0.0
llama3-8b,remedi,ripple,ripple_popular_row884,ripple_compositional_i,hit,pre,0.0
llama3-8b,remedi,ripple,ripple_popular_row884,ripple_compositional_ii,hit,pre,0.0
llama3-8b,remedi,ripple,ripple_popular_row884,ripple_aliasing,hit,pre,0.0
llama3-8b,remedi,ripple,ripple_popular_row884,ripple_relation_specificity,hit,pre,1.0
llama3-8b,remedi,ripple,ripple_popular_row884,efficacy,hit,post,0.0
llama3-8b,remedi,ripple,ripple_popular_row884,ripple_logical,hit,post,0.0
llama3-8b,remedi,ripple,ripple_popular_row884,ripple_compositional_i,hit,post,0.0
llama3-8b,remedi,ripple,ripple_popular_row884,ripple_compositional_ii,hit,post,0.0
llama3-8b,remedi,ripple,ripple_popular_row884,ripple_aliasing,hit,post,0.0
llama3-8b,remedi,ripple,ripple_popular_row884,ripple_relation_specificity,hit,post,0.3333333333333333
llama3-8b,remedi,ripple,ripple_popular_row619,efficacy,hit,pre,0.0
llama3-8b,remedi,ripple,ripple_popular_row619,ripple_compositional_i,hit,pre,0.0
llama3-8b,remedi,ripple,ripple_popular_row619,ripple_aliasing,hit,pre,0.0
llama3-8b,remedi,ripple,ripple_popular_row619,ripple_relation_specificity,hit,pre,1.0
llama3-8b,remedi,ripple,ripple_popular_row619,efficacy,hit,post,0.0
llama3-8b,remedi,ripple,ripple_popular_row619,ripple_compositional_i,hit,post,0.0
llama3-8b,remedi,ripple,ripple_popular_row619,ripple_aliasing,hit,post,0.0
llama3-8b,remedi,ripple,ripple_popular_row619,ripple_relation_specificity,hit,post,0.0
llama3-8b,remedi,ripple,ripple_popular_row649,efficacy,hit,pre,0.0
llama3-8b,remedi,ripple,ripple_popular_row649,ripple_logical,hit,pre,0.0
llama3-8b,remedi,ripple,ripple_popular_row649,ripple_aliasing,hit,pre,0.0
llama3-8b,remedi,ripple,ripple_popular_row649,efficacy,hit,post,0.0
llama3-8b,remedi,ripple,ripple_popular_row649,ripple_logical,hit,post,0.0
llama3-8b,remedi,ripple,ripple_popular_row649,ripple_aliasing,hit,post,0.0
llama3-8b,remedi,ripple,ripple_popular_row688,efficacy,hit,pre,0.0
llama3-8b,remedi,ripple,ripple_popular_row688,ripple_aliasing,hit,pre,0.0
llama3-8b,remedi,ripple,ripple_popular_row688,ripple_relation_specificity,hit,pre,1.0
llama3-8b,remedi,ripple,ripple_popular_row688,efficacy,hit,post,1.0
llama3-8b,remedi,ripple,ripple_popular_row688,ripple_aliasing,hit,post,0.5
llama3-8b,remedi,ripple,ripple_popular_row688,ripple_relation_specificity,hit,post,0.0
llama3-8b,remedi,ripple,ripple_popular_row639,efficacy,hit,pre,0.0
llama3-8b,remedi,ripple,ripple_popular_row639,ripple_aliasing,hit,pre,0.0
llama3-8b,remedi,ripple,ripple_popular_row639,ripple_relation_specificity,hit,pre,1.0
llama3-8b,remedi,ripple,ripple_popular_row639,efficacy,hit,post,0.0
llama3-8b,remedi,ripple,ripple_popular_row639,ripple_aliasing,hit,post,0.0
llama3-8b,remedi,ripple,ripple_popular_row639,ripple_relation_specificity,hit,post,0.25
llama3-8b,remedi,ripple,ripple_popular_row665,efficacy,hit,pre,0.0
llama3-8b,remedi,ripple,ripple_popular_row665,ripple_logical,hit,pre,0.0
llama3-8b,remedi,ripple,ripple_popular_row665,efficacy,hit,post,0.0
llama3-8b,remedi,ripple,ripple_popular_row665,ripple_logical,hit,post,0.0
llama3-8b,remedi,ripple,ripple_popular_row801,efficacy,hit,pre,0.0
llama3-8b,remedi,ripple,ripple_popular_row801,ripple_aliasing,hit,pre,0.0
llama3-8b,remedi,ripple,ripple_popular_row801,efficacy,hit,post,0.0
llama3-8b,remedi,ripple,ripple_popular_row801,ripple_aliasing,hit,post,0.0
llama3-8b,remedi,ripple,ripple_popular_row601,efficacy,hit,pre,0.0
llama3-8b,remedi,ripple,ripple_popular_row601,ripple_aliasing,hit,pre,0.0
llama3-8b,remedi,ripple,ripple_popular_row601,ripple_relation_specificity,hit,pre,1.0
llama3-8b,remedi,ripple,ripple_popular_row601,efficacy,hit,post,0.0
llama3-8b,remedi,ripple,ripple_popular_row601,ripple_aliasing,hit,post,0.0
llama3-8b,remedi,ripple,ripple_popular_row601,ripple_relation_specificity,hit,post,0.0
llama3-8b,remedi,ripple,ripple_popular_row779,efficacy,hit,pre,0.0
llama3-8b,remedi,ripple,ripple_popular_row779,ripple_logical,hit,pre,0.0
llama3-8b,remedi,ripple,ripple_popular_row779,ripple_aliasing,hit,pre,0.0
llama3-8b,remedi,ripple,ripple_popular_row779,efficacy,hit,post,0.0
llama3-8b,remedi,ripple,ripple_popular_row779,ripple_logical,hit,post,0.0
llama3-8b,remedi,ripple,ripple_popular_row779,ripple_aliasing,hit,post,0.0
llama3-8b,remedi,ripple,ripple_popular_row817,efficacy,hit,pre,0.0
llama3-8b,remedi,ripple,ripple_popular_row817,ripple_aliasing,hit,pre,0.0
llama3-8b,remedi,ripple,ripple_popular_row817,ripple_relation_specificity,hit,pre,1.0
llama3-8b,remedi,ripple,ripple_popular_row817,efficacy,hit,post,0.0
llama3-8b,remedi,ripple,ripple_popular_row817,ripple_aliasing,hit,post,0.0
llama3-8b,remedi,ripple,ripple_popular_row817,ripple_relation_specificity,hit,post,0.5
llama3-8b,remedi,ripple,ripple_popular_row729,efficacy,hit,pre,0.0
llama3-8b,remedi,ripple,ripple_popular_row729,ripple_aliasing,hit,pre,0.0
llama3-8b,remedi,ripple,ripple_popular_row729,efficacy,hit,post,0.0
llama3-8b,remedi,ripple,ripple_popular_row729,ripple_aliasing,hit,post,0.0
llama3-8b,remedi,ripple,ripple_popular_row720,efficacy,hit,pre,0.0
llama3-8b,remedi,ripple,ripple_popular_row720,ripple_logical,hit,pre,0.0
llama3-8b,remedi,ripple,ripple_popular_row720,ripple_aliasing,hit,pre,0.0
llama3-8b,remedi,ripple,ripple_popular_row720,ripple_relation_specificity,hit,pre,1.0
llama3-8b,remedi,ripple,ripple_popular_row720,efficacy,hit,post,0.0
llama3-8b,remedi,ripple,ripple_popular_row720,ripple_logical,hit,post,0.0
llama3-8b,remedi,ripple,ripple_popular_row720,ripple_aliasing,hit,post,0.0
llama3-8b,remedi,ripple,ripple_popular_row720,ripple_relation_specificity,hit,post,0.2
llama3-8b,remedi,ripple,ripple_popular_row632,efficacy,hit,pre,0.0
llama3-8b,remedi,ripple,ripple_popular_row632,ripple_aliasing,hit,pre,0.0
llama3-8b,remedi,ripple,ripple_popular_row632,ripple_relation_specificity,hit,pre,1.0
llama3-8b,remedi,ripple,ripple_popular_row632,efficacy,hit,post,1.0
llama3-8b,remedi,ripple,ripple_popular_row632,ripple_aliasing,hit,post,1.0
llama3-8b,remedi,ripple,ripple_popular_row632,ripple_relation_specificity,hit,post,0.0
llama3-8b,remedi,ripple,ripple_popular_row667,efficacy,hit,pre,0.0
llama3-8b,remedi,ripple,ripple_popular_row667,ripple_compositional_ii,hit,pre,0.0
llama3-8b,remedi,ripple,ripple_popular_row667,ripple_aliasing,hit,pre,0.0
llama3-8b,remedi,ripple,ripple_popular_row667,ripple_relation_specificity,hit,pre,1.0
llama3-8b,remedi,ripple,ripple_popular_row667,ripple_preservation,hit,pre,1.0
llama3-8b,remedi,ripple,ripple_popular_row667,efficacy,hit,post,0.0
llama3-8b,remedi,ripple,ripple_popular_row667,ripple_compositional_ii,hit,post,0.0
llama3-8b,remedi,ripple,ripple_popular_row667,ripple_aliasing,hit,post,0.0
llama3-8b,remedi,ripple,ripple_popular_row667,ripple_relation_specificity,hit,post,0.0
llama3-8b,remedi,ripple,ripple_popular_row667,ripple_preservation,hit,post,0.0
llama3-8b,remedi,ripple,ripple_popular_row823,efficacy,hit,pre,0.0
llama3-8b,remedi,ripple,ripple_popular_row823,ripple_aliasing,hit,pre,0.0
llama3-8b,remedi,ripple,ripple_popular_row823,ripple_relation_specificity,hit,pre,1.0
llama3-8b,remedi,ripple,ripple_popular_row823,efficacy,hit,post,0.0
llama3-8b,remedi,ripple,ripple_popular_row823,ripple_aliasing,hit,post,0.0
llama3-8b,remedi,ripple,ripple_popular_row823,ripple_relation_specificity,hit,post,1.0
llama3-8b,remedi,ripple,ripple_popular_row703,efficacy,hit,pre,0.0
llama3-8b,remedi,ripple,ripple_popular_row703,ripple_compositional_i,hit,pre,0.0
llama3-8b,remedi,ripple,ripple_popular_row703,ripple_relation_specificity,hit,pre,1.0
llama3-8b,remedi,ripple,ripple_popular_row703,efficacy,hit,post,0.0
llama3-8b,remedi,ripple,ripple_popular_row703,ripple_compositional_i,hit,post,0.0
llama3-8b,remedi,ripple,ripple_popular_row703,ripple_relation_specificity,hit,post,0.0
llama3-8b,remedi,ripple,ripple_popular_row774,efficacy,hit,pre,0.0
llama3-8b,remedi,ripple,ripple_popular_row774,ripple_aliasing,hit,pre,0.0
llama3-8b,remedi,ripple,ripple_popular_row774,ripple_relation_specificity,hit,pre,1.0
llama3-8b,remedi,ripple,ripple_popular_row774,efficacy,hit,post,0.0
llama3-8b,remedi,ripple,ripple_popular_row774,ripple_aliasing,hit,post,0.0
llama3-8b,remedi,ripple,ripple_popular_row774,ripple_relation_specificity,hit,post,0.0
llama3-8b,remedi,ripple,ripple_popular_row793,efficacy,hit,pre,0.0
llama3-8b,remedi,ripple,ripple_popular_row793,ripple_logical,hit,pre,1.0
llama3-8b,remedi,ripple,ripple_popular_row793,ripple_aliasing,hit,pre,0.0
llama3-8b,remedi,ripple,ripple_popular_row793,ripple_relation_specificity,hit,pre,1.0
llama3-8b,remedi,ripple,ripple_popular_row793,efficacy,hit,post,0.0
llama3-8b,remedi,ripple,ripple_popular_row793,ripple_logical,hit,post,0.0
llama3-8b,remedi,ripple,ripple_popular_row793,ripple_aliasing,hit,post,0.0
llama3-8b,remedi,ripple,ripple_popular_row793,ripple_relation_specificity,hit,post,0.8
llama3-8b,remedi,ripple,ripple_popular_row718,efficacy,hit,pre,0.0
llama3-8b,remedi,ripple,ripple_popular_row718,ripple_aliasing,hit,pre,0.0
llama3-8b,remedi,ripple,ripple_popular_row718,ripple_relation_specificity,hit,pre,1.0
llama3-8b,remedi,ripple,ripple_popular_row718,efficacy,hit,post,0.0
llama3-8b,remedi,ripple,ripple_popular_row718,ripple_aliasing,hit,post,0.0
llama3-8b,remedi,ripple,ripple_popular_row718,ripple_relation_specificity,hit,post,0.0
llama3-8b,remedi,ripple,ripple_popular_row759,efficacy,hit,pre,0.0
llama3-8b,remedi,ripple,ripple_popular_row759,ripple_compositional_i,hit,pre,0.5
llama3-8b,remedi,ripple,ripple_popular_row759,ripple_relation_specificity,hit,pre,1.0
llama3-8b,remedi,ripple,ripple_popular_row759,efficacy,hit,post,0.0
llama3-8b,remedi,ripple,ripple_popular_row759,ripple_compositional_i,hit,post,0.0
llama3-8b,remedi,ripple,ripple_popular_row759,ripple_relation_specificity,hit,post,0.0
llama3-8b,remedi,ripple,ripple_popular_row672,efficacy,hit,pre,0.0
llama3-8b,remedi,ripple,ripple_popular_row672,ripple_logical,hit,pre,0.0
llama3-8b,remedi,ripple,ripple_popular_row672,efficacy,hit,post,0.0
llama3-8b,remedi,ripple,ripple_popular_row672,ripple_logical,hit,post,0.0
llama3-8b,remedi,ripple,ripple_popular_row875,efficacy,hit,pre,0.0
llama3-8b,remedi,ripple,ripple_popular_row875,ripple_relation_specificity,hit,pre,1.0
llama3-8b,remedi,ripple,ripple_popular_row875,ripple_preservation,hit,pre,1.0
llama3-8b,remedi,ripple,ripple_popular_row875,efficacy,hit,post,0.0
llama3-8b,remedi,ripple,ripple_popular_row875,ripple_relation_specificity,hit,post,0.0
llama3-8b,remedi,ripple,ripple_popular_row875,ripple_preservation,hit,post,0.0
llama3-8b,remedi,ripple,ripple_popular_row645,efficacy,hit,pre,0.0
llama3-8b,remedi,ripple,ripple_popular_row645,ripple_compositional_i,hit,pre,0.0
llama3-8b,remedi,ripple,ripple_popular_row645,ripple_aliasing,hit,pre,0.0
llama3-8b,remedi,ripple,ripple_popular_row645,ripple_relation_specificity,hit,pre,1.0
llama3-8b,remedi,ripple,ripple_popular_row645,ripple_preservation,hit,pre,1.0
llama3-8b,remedi,ripple,ripple_popular_row645,efficacy,hit,post,0.0
llama3-8b,remedi,ripple,ripple_popular_row645,ripple_compositional_i,hit,post,0.25
llama3-8b,remedi,ripple,ripple_popular_row645,ripple_aliasing,hit,post,0.0
llama3-8b,remedi,ripple,ripple_popular_row645,ripple_relation_specificity,hit,post,0.6
llama3-8b,remedi,ripple,ripple_popular_row645,ripple_preservation,hit,post,1.0
llama3-8b,remedi,ripple,ripple_popular_row765,efficacy,hit,pre,0.0
llama3-8b,remedi,ripple,ripple_popular_row765,ripple_compositional_ii,hit,pre,0.0
llama3-8b,remedi,ripple,ripple_popular_row765,ripple_aliasing,hit,pre,0.0
llama3-8b,remedi,ripple,ripple_popular_row765,ripple_relation_specificity,hit,pre,1.0
llama3-8b,remedi,ripple,ripple_popular_row765,efficacy,hit,post,0.0
llama3-8b,remedi,ripple,ripple_popular_row765,ripple_compositional_ii,hit,post,1.0
llama3-8b,remedi,ripple,ripple_popular_row765,ripple_aliasing,hit,post,1.0
llama3-8b,remedi,ripple,ripple_popular_row765,ripple_relation_specificity,hit,post,0.0
llama3-8b,remedi,ripple,ripple_popular_row865,efficacy,hit,pre,0.0
llama3-8b,remedi,ripple,ripple_popular_row865,ripple_logical,hit,pre,0.5
llama3-8b,remedi,ripple,ripple_popular_row865,ripple_compositional_i,hit,pre,0.0
llama3-8b,remedi,ripple,ripple_popular_row865,ripple_aliasing,hit,pre,0.0
llama3-8b,remedi,ripple,ripple_popular_row865,ripple_relation_specificity,hit,pre,1.0
llama3-8b,remedi,ripple,ripple_popular_row865,efficacy,hit,post,0.0
llama3-8b,remedi,ripple,ripple_popular_row865,ripple_logical,hit,post,0.5
llama3-8b,remedi,ripple,ripple_popular_row865,ripple_compositional_i,hit,post,1.0
llama3-8b,remedi,ripple,ripple_popular_row865,ripple_aliasing,hit,post,0.0
llama3-8b,remedi,ripple,ripple_popular_row865,ripple_relation_specificity,hit,post,0.0
llama3-8b,remedi,ripple,ripple_popular_row689,efficacy,hit,pre,0.0
llama3-8b,remedi,ripple,ripple_popular_row689,ripple_aliasing,hit,pre,0.0
llama3-8b,remedi,ripple,ripple_popular_row689,ripple_relation_specificity,hit,pre,1.0
llama3-8b,remedi,ripple,ripple_popular_row689,efficacy,hit,post,0.0
llama3-8b,remedi,ripple,ripple_popular_row689,ripple_aliasing,hit,post,0.0
llama3-8b,remedi,ripple,ripple_popular_row689,ripple_relation_specificity,hit,post,0.4
llama3-8b,remedi,ripple,ripple_popular_row743,efficacy,hit,pre,0.0
llama3-8b,remedi,ripple,ripple_popular_row743,ripple_aliasing,hit,pre,0.0
llama3-8b,remedi,ripple,ripple_popular_row743,ripple_relation_specificity,hit,pre,1.0
llama3-8b,remedi,ripple,ripple_popular_row743,efficacy,hit,post,1.0
llama3-8b,remedi,ripple,ripple_popular_row743,ripple_aliasing,hit,post,1.0
llama3-8b,remedi,ripple,ripple_popular_row743,ripple_relation_specificity,hit,post,1.0
llama3-8b,remedi,ripple,ripple_popular_row676,efficacy,hit,pre,0.0
llama3-8b,remedi,ripple,ripple_popular_row676,ripple_aliasing,hit,pre,0.0
llama3-8b,remedi,ripple,ripple_popular_row676,ripple_relation_specificity,hit,pre,1.0
llama3-8b,remedi,ripple,ripple_popular_row676,efficacy,hit,post,0.0
llama3-8b,remedi,ripple,ripple_popular_row676,ripple_aliasing,hit,post,0.0
llama3-8b,remedi,ripple,ripple_popular_row676,ripple_relation_specificity,hit,post,0.0
llama3-8b,remedi,ripple,ripple_random_row1742,efficacy,hit,pre,0.0
llama3-8b,remedi,ripple,ripple_random_row1742,ripple_aliasing,hit,pre,0.0
llama3-8b,remedi,ripple,ripple_random_row1742,ripple_relation_specificity,hit,pre,1.0
llama3-8b,remedi,ripple,ripple_random_row1742,efficacy,hit,post,0.0
llama3-8b,remedi,ripple,ripple_random_row1742,ripple_aliasing,hit,post,0.0
llama3-8b,remedi,ripple,ripple_random_row1742,ripple_relation_specificity,hit,post,0.0
llama3-8b,remedi,ripple,ripple_random_row1584,efficacy,hit,pre,0.0
llama3-8b,remedi,ripple,ripple_random_row1584,ripple_aliasing,hit,pre,0.0
llama3-8b,remedi,ripple,ripple_random_row1584,efficacy,hit,post,1.0
llama3-8b,remedi,ripple,ripple_random_row1584,ripple_aliasing,hit,post,1.0
llama3-8b,remedi,ripple,ripple_random_row1799,efficacy,hit,pre,0.0
llama3-8b,remedi,ripple,ripple_random_row1799,ripple_aliasing,hit,pre,0.0
llama3-8b,remedi,ripple,ripple_random_row1799,efficacy,hit,post,0.0
llama3-8b,remedi,ripple,ripple_random_row1799,ripple_aliasing,hit,post,0.0
llama3-8b,remedi,ripple,ripple_random_row1627,efficacy,hit,pre,0.0
llama3-8b,remedi,ripple,ripple_random_row1627,ripple_aliasing,hit,pre,0.0
llama3-8b,remedi,ripple,ripple_random_row1627,ripple_relation_specificity,hit,pre,1.0
llama3-8b,remedi,ripple,ripple_random_row1627,efficacy,hit,post,0.0
llama3-8b,remedi,ripple,ripple_random_row1627,ripple_aliasing,hit,post,0.0
llama3-8b,remedi,ripple,ripple_random_row1627,ripple_relation_specificity,hit,post,1.0
llama3-8b,remedi,ripple,ripple_random_row1806,efficacy,hit,pre,0.0
llama3-8b,remedi,ripple,ripple_random_row1806,ripple_aliasing,hit,pre,0.0
llama3-8b,remedi,ripple,ripple_random_row1806,ripple_relation_specificity,hit,pre,1.0
llama3-8b,remedi,ripple,ripple_random_row1806,efficacy,hit,post,0.0
llama3-8b,remedi,ripple,ripple_random_row1806,ripple_aliasing,hit,post,0.0
llama3-8b,remedi,ripple,ripple_random_row1806,ripple_relation_specificity,hit,post,0.0
llama3-8b,remedi,ripple,ripple_random_row1724,efficacy,hit,pre,0.0
llama3-8b,remedi,ripple,ripple_random_row1724,ripple_logical,hit,pre,0.0
llama3-8b,remedi,ripple,ripple_random_row1724,ripple_aliasing,hit,pre,0.0
llama3-8b,remedi,ripple,ripple_random_row1724,efficacy,hit,post,0.0
llama3-8b,remedi,ripple,ripple_random_row1724,ripple_logical,hit,post,0.0
llama3-8b,remedi,ripple,ripple_random_row1724,ripple_aliasing,hit,post,0.0
llama3-8b,remedi,ripple,ripple_random_row1562,efficacy,hit,pre,0.0
llama3-8b,remedi,ripple,ripple_random_row1562,ripple_aliasing,hit,pre,0.0
llama3-8b,remedi,ripple,ripple_random_row1562,ripple_relation_specificity,hit,pre,1.0
llama3-8b,remedi,ripple,ripple_random_row1562,efficacy,hit,post,0.0
llama3-8b,remedi,ripple,ripple_random_row1562,ripple_aliasing,hit,post,0.0
llama3-8b,remedi,ripple,ripple_random_row1562,ripple_relation_specificity,hit,post,0.3333333333333333
llama3-8b,remedi,ripple,ripple_random_row1855,efficacy,hit,pre,0.0
llama3-8b,remedi,ripple,ripple_random_row1855,ripple_aliasing,hit,pre,0.0
llama3-8b,remedi,ripple,ripple_random_row1855,ripple_relation_specificity,hit,pre,1.0
llama3-8b,remedi,ripple,ripple_random_row1855,efficacy,hit,post,0.0
llama3-8b,remedi,ripple,ripple_random_row1855,ripple_aliasing,hit,post,0.0
llama3-8b,remedi,ripple,ripple_random_row1855,ripple_relation_specificity,hit,post,0.0
llama3-8b,remedi,ripple,ripple_random_row1823,efficacy,hit,pre,0.0
llama3-8b,remedi,ripple,ripple_random_row1823,ripple_logical,hit,pre,0.0
llama3-8b,remedi,ripple,ripple_random_row1823,ripple_compositional_i,hit,pre,0.0
llama3-8b,remedi,ripple,ripple_random_row1823,ripple_aliasing,hit,pre,0.0
llama3-8b,remedi,ripple,ripple_random_row1823,efficacy,hit,post,0.0
llama3-8b,remedi,ripple,ripple_random_row1823,ripple_logical,hit,post,0.0
llama3-8b,remedi,ripple,ripple_random_row1823,ripple_compositional_i,hit,post,0.0
llama3-8b,remedi,ripple,ripple_random_row1823,ripple_aliasing,hit,post,0.0
llama3-8b,remedi,ripple,ripple_random_row1765,efficacy,hit,pre,0.0
llama3-8b,remedi,ripple,ripple_random_row1765,ripple_aliasing,hit,pre,0.0
llama3-8b,remedi,ripple,ripple_random_row1765,efficacy,hit,post,0.0
llama3-8b,remedi,ripple,ripple_random_row1765,ripple_aliasing,hit,post,0.0
llama3-8b,remedi,ripple,ripple_random_row1916,efficacy,hit,pre,0.0
llama3-8b,remedi,ripple,ripple_random_row1916,ripple_aliasing,hit,pre,0.0
llama3-8b,remedi,ripple,ripple_random_row1916,efficacy,hit,post,0.0
llama3-8b,remedi,ripple,ripple_random_row1916,ripple_aliasing,hit,post,0.0
llama3-8b,remedi,ripple,ripple_random_row1593,efficacy,hit,pre,0.0
llama3-8b,remedi,ripple,ripple_random_row1593,ripple_aliasing,hit,pre,0.0
llama3-8b,remedi,ripple,ripple_random_row1593,ripple_relation_specificity,hit,pre,1.0
llama3-8b,remedi,ripple,ripple_random_row1593,efficacy,hit,post,0.0
llama3-8b,remedi,ripple,ripple_random_row1593,ripple_aliasing,hit,post,0.0
llama3-8b,remedi,ripple,ripple_random_row1593,ripple_relation_specificity,hit,post,0.0
llama3-8b,remedi,ripple,ripple_random_row1734,efficacy,hit,pre,0.0
llama3-8b,remedi,ripple,ripple_random_row1734,ripple_relation_specificity,hit,pre,1.0
llama3-8b,remedi,ripple,ripple_random_row1734,efficacy,hit,post,0.0
llama3-8b,remedi,ripple,ripple_random_row1734,ripple_relation_specificity,hit,post,0.0
llama3-8b,remedi,ripple,ripple_random_row1556,efficacy,hit,pre,0.0
llama3-8b,remedi,ripple,ripple_random_row1556,ripple_aliasing,hit,pre,0.0
llama3-8b,remedi,ripple,ripple_random_row1556,ripple_relation_specificity,hit,pre,1.0
llama3-8b,remedi,ripple,ripple_random_row1556,efficacy,hit,post,0.0
llama3-8b,remedi,ripple,ripple_random_row1556,ripple_aliasing,hit,post,0.0
llama3-8b,remedi,ripple,ripple_random_row1556,ripple_relation_specificity,hit,post,0.3333333333333333
llama3-8b,remedi,ripple,ripple_random_row1592,efficacy,hit,pre,0.0
llama3-8b,remedi,ripple,ripple_random_row1592,ripple_aliasing,hit,pre,0.0
llama3-8b,remedi,ripple,ripple_random_row1592,ripple_relation_specificity,hit,pre,1.0
llama3-8b,remedi,ripple,ripple_random_row1592,efficacy,hit,post,0.0
llama3-8b,remedi,ripple,ripple_random_row1592,ripple_aliasing,hit,post,0.0
llama3-8b,remedi,ripple,ripple_random_row1592,ripple_relation_specificity,hit,post,0.0
llama3-8b,remedi,ripple,ripple_random_row1843,efficacy,hit,pre,0.0
llama3-8b,remedi,ripple,ripple_random_row1843,ripple_compositional_i,hit,pre,0.0
llama3-8b,remedi,ripple,ripple_random_row1843,ripple_aliasing,hit,pre,0.0
llama3-8b,remedi,ripple,ripple_random_row1843,efficacy,hit,post,0.0
llama3-8b,remedi,ripple,ripple_random_row1843,ripple_compositional_i,hit,post,0.0
llama3-8b,remedi,ripple,ripple_random_row1843,ripple_aliasing,hit,post,0.0
llama3-8b,remedi,ripple,ripple_random_row1711,efficacy,hit,pre,0.0
llama3-8b,remedi,ripple,ripple_random_row1711,ripple_compositional_i,hit,pre,0.0
llama3-8b,remedi,ripple,ripple_random_row1711,ripple_aliasing,hit,pre,0.0
llama3-8b,remedi,ripple,ripple_random_row1711,efficacy,hit,post,0.0
llama3-8b,remedi,ripple,ripple_random_row1711,ripple_compositional_i,hit,post,0.0
llama3-8b,remedi,ripple,ripple_random_row1711,ripple_aliasing,hit,post,0.0
llama3-8b,remedi,ripple,ripple_random_row1553,efficacy,hit,pre,0.0
llama3-8b,remedi,ripple,ripple_random_row1553,ripple_logical,hit,pre,1.0
llama3-8b,remedi,ripple,ripple_random_row1553,ripple_compositional_i,hit,pre,0.0
llama3-8b,remedi,ripple,ripple_random_row1553,ripple_aliasing,hit,pre,0.0
llama3-8b,remedi,ripple,ripple_random_row1553,ripple_relation_specificity,hit,pre,1.0
llama3-8b,remedi,ripple,ripple_random_row1553,efficacy,hit,post,0.0
llama3-8b,remedi,ripple,ripple_random_row1553,ripple_logical,hit,post,1.0
llama3-8b,remedi,ripple,ripple_random_row1553,ripple_compositional_i,hit,post,0.0
llama3-8b,remedi,ripple,ripple_random_row1553,ripple_aliasing,hit,post,0.0
llama3-8b,remedi,ripple,ripple_random_row1553,ripple_relation_specificity,hit,post,0.0
llama3-8b,remedi,ripple,ripple_random_row1569,efficacy,hit,pre,0.0
llama3-8b,remedi,ripple,ripple_random_row1569,ripple_aliasing,hit,pre,0.0
llama3-8b,remedi,ripple,ripple_random_row1569,ripple_relation_specificity,hit,pre,1.0
llama3-8b,remedi,ripple,ripple_random_row1569,efficacy,hit,post,0.0
llama3-8b,remedi,ripple,ripple_random_row1569,ripple_aliasing,hit,post,0.0
llama3-8b,remedi,ripple,ripple_random_row1569,ripple_relation_specificity,hit,post,1.0
llama3-8b,remedi,ripple,ripple_random_row1883,efficacy,hit,pre,0.0
llama3-8b,remedi,ripple,ripple_random_row1883,ripple_logical,hit,pre,0.0
llama3-8b,remedi,ripple,ripple_random_row1883,ripple_aliasing,hit,pre,0.0
llama3-8b,remedi,ripple,ripple_random_row1883,ripple_relation_specificity,hit,pre,1.0
llama3-8b,remedi,ripple,ripple_random_row1883,efficacy,hit,post,0.0
llama3-8b,remedi,ripple,ripple_random_row1883,ripple_logical,hit,post,0.0
llama3-8b,remedi,ripple,ripple_random_row1883,ripple_aliasing,hit,post,0.0
llama3-8b,remedi,ripple,ripple_random_row1883,ripple_relation_specificity,hit,post,1.0
llama3-8b,remedi,ripple,ripple_random_row1910,efficacy,hit,pre,0.0
llama3-8b,remedi,ripple,ripple_random_row1910,ripple_logical,hit,pre,0.0
llama3-8b,remedi,ripple,ripple_random_row1910,ripple_compositional_i,hit,pre,0.0
llama3-8b,remedi,ripple,ripple_random_row1910,ripple_aliasing,hit,pre,0.0
llama3-8b,remedi,ripple,ripple_random_row1910,ripple_relation_specificity,hit,pre,1.0
llama3-8b,remedi,ripple,ripple_random_row1910,efficacy,hit,post,0.0
llama3-8b,remedi,ripple,ripple_random_row1910,ripple_logical,hit,post,0.0
llama3-8b,remedi,ripple,ripple_random_row1910,ripple_compositional_i,hit,post,0.0
llama3-8b,remedi,ripple,ripple_random_row1910,ripple_aliasing,hit,post,0.0
llama3-8b,remedi,ripple,ripple_random_row1910,ripple_relation_specificity,hit,post,1.0
llama3-8b,remedi,ripple,ripple_random_row1608,efficacy,hit,pre,0.0
llama3-8b,remedi,ripple,ripple_random_row1608,ripple_aliasing,hit,pre,0.0
llama3-8b,remedi,ripple,ripple_random_row1608,ripple_relation_specificity,hit,pre,1.0
llama3-8b,remedi,ripple,ripple_random_row1608,efficacy,hit,post,0.0
llama3-8b,remedi,ripple,ripple_random_row1608,ripple_aliasing,hit,post,0.0
llama3-8b,remedi,ripple,ripple_random_row1608,ripple_relation_specificity,hit,post,0.0
llama3-8b,remedi,ripple,ripple_random_row1527,efficacy,hit,pre,0.0
llama3-8b,remedi,ripple,ripple_random_row1527,ripple_aliasing,hit,pre,0.0
llama3-8b,remedi,ripple,ripple_random_row1527,ripple_relation_specificity,hit,pre,1.0
llama3-8b,remedi,ripple,ripple_random_row1527,efficacy,hit,post,1.0
llama3-8b,remedi,ripple,ripple_random_row1527,ripple_aliasing,hit,post,1.0
llama3-8b,remedi,ripple,ripple_random_row1527,ripple_relation_specificity,hit,post,0.0
llama3-8b,remedi,ripple,ripple_random_row1565,efficacy,hit,pre,0.0
llama3-8b,remedi,ripple,ripple_random_row1565,ripple_aliasing,hit,pre,0.0
llama3-8b,remedi,ripple,ripple_random_row1565,efficacy,hit,post,0.0
llama3-8b,remedi,ripple,ripple_random_row1565,ripple_aliasing,hit,post,0.0
llama3-8b,remedi,ripple,ripple_random_row1809,efficacy,hit,pre,0.0
llama3-8b,remedi,ripple,ripple_random_row1809,ripple_compositional_i,hit,pre,0.0
llama3-8b,remedi,ripple,ripple_random_row1809,ripple_aliasing,hit,pre,0.0
llama3-8b,remedi,ripple,ripple_random_row1809,efficacy,hit,post,0.0
llama3-8b,remedi,ripple,ripple_random_row1809,ripple_compositional_i,hit,post,0.0
llama3-8b,remedi,ripple,ripple_random_row1809,ripple_aliasing,hit,post,0.0
llama3-8b,remedi,ripple,ripple_random_row1536,efficacy,hit,pre,0.0
llama3-8b,remedi,ripple,ripple_random_row1536,ripple_aliasing,hit,pre,0.0
llama3-8b,remedi,ripple,ripple_random_row1536,efficacy,hit,post,0.0
llama3-8b,remedi,ripple,ripple_random_row1536,ripple_aliasing,hit,post,0.0
llama3-8b,remedi,ripple,ripple_random_row1629,efficacy,hit,pre,0.0
llama3-8b,remedi,ripple,ripple_random_row1629,ripple_aliasing,hit,pre,0.0
llama3-8b,remedi,ripple,ripple_random_row1629,efficacy,hit,post,0.0
llama3-8b,remedi,ripple,ripple_random_row1629,ripple_aliasing,hit,post,0.0
llama3-8b,remedi,ripple,ripple_random_row1528,efficacy,hit,pre,0.0
llama3-8b,remedi,ripple,ripple_random_row1528,ripple_logical,hit,pre,0.0
llama3-8b,remedi,ripple,ripple_random_row1528,ripple_aliasing,hit,pre,0.0
llama3-8b,remedi,ripple,ripple_random_row1528,ripple_relation_specificity,hit,pre,1.0
llama3-8b,remedi,ripple,ripple_random_row1528,efficacy,hit,post,0.0
llama3-8b,remedi,ripple,ripple_random_row1528,ripple_logical,hit,post,0.0
llama3-8b,remedi,ripple,ripple_random_row1528,ripple_aliasing,hit,post,0.0
llama3-8b,remedi,ripple,ripple_random_row1528,ripple_relation_specificity,hit,post,0.0
llama3-8b,remedi,ripple,ripple_random_row1529,efficacy,hit,pre,0.0
llama3-8b,remedi,ripple,ripple_random_row1529,ripple_compositional_i,hit,pre,0.0
llama3-8b,remedi,ripple,ripple_random_row1529,ripple_aliasing,hit,pre,0.0
llama3-8b,remedi,ripple,ripple_random_row1529,efficacy,hit,post,0.0
llama3-8b,remedi,ripple,ripple_random_row1529,ripple_compositional_i,hit,post,0.0
llama3-8b,remedi,ripple,ripple_random_row1529,ripple_aliasing,hit,post,0.0
llama3-8b,remedi,ripple,ripple_random_row1815,efficacy,hit,pre,0.0
llama3-8b,remedi,ripple,ripple_random_row1815,ripple_aliasing,hit,pre,0.0
llama3-8b,remedi,ripple,ripple_random_row1815,ripple_relation_specificity,hit,pre,1.0
llama3-8b,remedi,ripple,ripple_random_row1815,efficacy,hit,post,0.0
llama3-8b,remedi,ripple,ripple_random_row1815,ripple_aliasing,hit,post,0.0
llama3-8b,remedi,ripple,ripple_random_row1815,ripple_relation_specificity,hit,post,1.0
llama3-8b,remedi,ripple,ripple_random_row1675,efficacy,hit,pre,0.0
llama3-8b,remedi,ripple,ripple_random_row1675,ripple_logical,hit,pre,0.0
llama3-8b,remedi,ripple,ripple_random_row1675,ripple_compositional_i,hit,pre,0.0
llama3-8b,remedi,ripple,ripple_random_row1675,ripple_aliasing,hit,pre,0.0
llama3-8b,remedi,ripple,ripple_random_row1675,ripple_relation_specificity,hit,pre,1.0
llama3-8b,remedi,ripple,ripple_random_row1675,efficacy,hit,post,0.0
llama3-8b,remedi,ripple,ripple_random_row1675,ripple_logical,hit,post,0.0
llama3-8b,remedi,ripple,ripple_random_row1675,ripple_compositional_i,hit,post,0.0
llama3-8b,remedi,ripple,ripple_random_row1675,ripple_aliasing,hit,post,0.0
llama3-8b,remedi,ripple,ripple_random_row1675,ripple_relation_specificity,hit,post,0.0
llama3-8b,remedi,ripple,ripple_random_row1581,efficacy,hit,pre,0.0
llama3-8b,remedi,ripple,ripple_random_row1581,ripple_logical,hit,pre,0.0
llama3-8b,remedi,ripple,ripple_random_row1581,ripple_compositional_i,hit,pre,0.0
llama3-8b,remedi,ripple,ripple_random_row1581,ripple_aliasing,hit,pre,0.0
llama3-8b,remedi,ripple,ripple_random_row1581,ripple_relation_specificity,hit,pre,1.0
llama3-8b,remedi,ripple,ripple_random_row1581,efficacy,hit,post,0.0
llama3-8b,remedi,ripple,ripple_random_row1581,ripple_logical,hit,post,0.0
llama3-8b,remedi,ripple,ripple_random_row1581,ripple_compositional_i,hit,post,0.0
llama3-8b,remedi,ripple,ripple_random_row1581,ripple_aliasing,hit,post,0.0
llama3-8b,remedi,ripple,ripple_random_row1581,ripple_relation_specificity,hit,post,0.0
llama3-8b,remedi,ripple,ripple_random_row1728,efficacy,hit,pre,0.0
llama3-8b,remedi,ripple,ripple_random_row1728,ripple_logical,hit,pre,0.0
llama3-8b,remedi,ripple,ripple_random_row1728,ripple_aliasing,hit,pre,0.0
llama3-8b,remedi,ripple,ripple_random_row1728,ripple_relation_specificity,hit,pre,1.0
llama3-8b,remedi,ripple,ripple_random_row1728,efficacy,hit,post,0.0
llama3-8b,remedi,ripple,ripple_random_row1728,ripple_logical,hit,post,0.0
llama3-8b,remedi,ripple,ripple_random_row1728,ripple_aliasing,hit,post,0.0
llama3-8b,remedi,ripple,ripple_random_row1728,ripple_relation_specificity,hit,post,0.0
llama3-8b,remedi,ripple,ripple_random_row1609,efficacy,hit,pre,0.0
llama3-8b,remedi,ripple,ripple_random_row1609,ripple_logical,hit,pre,0.0
llama3-8b,remedi,ripple,ripple_random_row1609,ripple_compositional_i,hit,pre,0.0
llama3-8b,remedi,ripple,ripple_random_row1609,ripple_aliasing,hit,pre,0.0
llama3-8b,remedi,ripple,ripple_random_row1609,ripple_relation_specificity,hit,pre,1.0
llama3-8b,remedi,ripple,ripple_random_row1609,efficacy,hit,post,0.0
llama3-8b,remedi,ripple,ripple_random_row1609,ripple_logical,hit,post,0.0
llama3-8b,remedi,ripple,ripple_random_row1609,ripple_compositional_i,hit,post,0.0
llama3-8b,remedi,ripple,ripple_random_row1609,ripple_aliasing,hit,post,0.0
llama3-8b,remedi,ripple,ripple_random_row1609,ripple_relation_specificity,hit,post,1.0
llama3-8b,remedi,ripple,ripple_random_row1769,efficacy,hit,pre,0.0
llama3-8b,remedi,ripple,ripple_random_row1769,ripple_logical,hit,pre,0.0
llama3-8b,remedi,ripple,ripple_random_row1769,ripple_aliasing,hit,pre,0.0
llama3-8b,remedi,ripple,ripple_random_row1769,efficacy,hit,post,0.0
llama3-8b,remedi,ripple,ripple_random_row1769,ripple_logical,hit,post,0.0
llama3-8b,remedi,ripple,ripple_random_row1769,ripple_aliasing,hit,post,0.0
llama3-8b,remedi,ripple,ripple_random_row1721,efficacy,hit,pre,0.0
llama3-8b,remedi,ripple,ripple_random_row1721,ripple_logical,hit,pre,0.0
llama3-8b,remedi,ripple,ripple_random_row1721,ripple_aliasing,hit,pre,0.0
llama3-8b,remedi,ripple,ripple_random_row1721,efficacy,hit,post,0.0
llama3-8b,remedi,ripple,ripple_random_row1721,ripple_logical,hit,post,0.0
llama3-8b,remedi,ripple,ripple_random_row1721,ripple_aliasing,hit,post,0.0
llama3-8b,remedi,ripple,ripple_random_row1504,efficacy,hit,pre,0.0
llama3-8b,remedi,ripple,ripple_random_row1504,ripple_aliasing,hit,pre,0.0
llama3-8b,remedi,ripple,ripple_random_row1504,efficacy,hit,post,0.0
llama3-8b,remedi,ripple,ripple_random_row1504,ripple_aliasing,hit,post,0.0
llama3-8b,remedi,ripple,ripple_random_row1702,efficacy,hit,pre,0.0
llama3-8b,remedi,ripple,ripple_random_row1702,ripple_compositional_i,hit,pre,0.0
llama3-8b,remedi,ripple,ripple_random_row1702,ripple_aliasing,hit,pre,0.0
llama3-8b,remedi,ripple,ripple_random_row1702,efficacy,hit,post,0.0
llama3-8b,remedi,ripple,ripple_random_row1702,ripple_compositional_i,hit,post,0.0
llama3-8b,remedi,ripple,ripple_random_row1702,ripple_aliasing,hit,post,0.0
llama3-8b,remedi,ripple,ripple_random_row1912,efficacy,hit,pre,0.0
llama3-8b,remedi,ripple,ripple_random_row1912,ripple_aliasing,hit,pre,0.0
llama3-8b,remedi,ripple,ripple_random_row1912,efficacy,hit,post,1.0
llama3-8b,remedi,ripple,ripple_random_row1912,ripple_aliasing,hit,post,1.0
llama3-8b,remedi,ripple,ripple_random_row1686,efficacy,hit,pre,0.0
llama3-8b,remedi,ripple,ripple_random_row1686,ripple_aliasing,hit,pre,0.0
llama3-8b,remedi,ripple,ripple_random_row1686,efficacy,hit,post,0.0
llama3-8b,remedi,ripple,ripple_random_row1686,ripple_aliasing,hit,post,0.0
llama3-8b,remedi,ripple,ripple_random_row1747,efficacy,hit,pre,0.0
llama3-8b,remedi,ripple,ripple_random_row1747,ripple_logical,hit,pre,1.0
llama3-8b,remedi,ripple,ripple_random_row1747,ripple_aliasing,hit,pre,0.0
llama3-8b,remedi,ripple,ripple_random_row1747,efficacy,hit,post,0.0
llama3-8b,remedi,ripple,ripple_random_row1747,ripple_logical,hit,post,1.0
llama3-8b,remedi,ripple,ripple_random_row1747,ripple_aliasing,hit,post,0.0
llama3-8b,remedi,ripple,ripple_random_row1802,efficacy,hit,pre,0.0
llama3-8b,remedi,ripple,ripple_random_row1802,ripple_compositional_i,hit,pre,0.0
llama3-8b,remedi,ripple,ripple_random_row1802,ripple_aliasing,hit,pre,0.0
llama3-8b,remedi,ripple,ripple_random_row1802,efficacy,hit,post,0.0
llama3-8b,remedi,ripple,ripple_random_row1802,ripple_compositional_i,hit,post,0.0
llama3-8b,remedi,ripple,ripple_random_row1802,ripple_aliasing,hit,post,0.0
llama3-8b,remedi,ripple,ripple_random_row1759,efficacy,hit,pre,0.0
llama3-8b,remedi,ripple,ripple_random_row1759,ripple_aliasing,hit,pre,0.0
llama3-8b,remedi,ripple,ripple_random_row1759,efficacy,hit,post,0.0
llama3-8b,remedi,ripple,ripple_random_row1759,ripple_aliasing,hit,post,0.0
llama3-8b,remedi,ripple,ripple_random_row1893,efficacy,hit,pre,0.0
llama3-8b,remedi,ripple,ripple_random_row1893,ripple_compositional_i,hit,pre,0.0
llama3-8b,remedi,ripple,ripple_random_row1893,ripple_aliasing,hit,pre,0.0
llama3-8b,remedi,ripple,ripple_random_row1893,efficacy,hit,post,0.0
llama3-8b,remedi,ripple,ripple_random_row1893,ripple_compositional_i,hit,post,0.0
llama3-8b,remedi,ripple,ripple_random_row1893,ripple_aliasing,hit,post,0.0
llama3-8b,remedi,ripple,ripple_random_row1740,efficacy,hit,pre,0.0
llama3-8b,remedi,ripple,ripple_random_row1740,ripple_aliasing,hit,pre,0.0
llama3-8b,remedi,ripple,ripple_random_row1740,ripple_relation_specificity,hit,pre,1.0
llama3-8b,remedi,ripple,ripple_random_row1740,efficacy,hit,post,0.0
llama3-8b,remedi,ripple,ripple_random_row1740,ripple_aliasing,hit,post,0.0
llama3-8b,remedi,ripple,ripple_random_row1740,ripple_relation_specificity,hit,post,0.5
llama3-8b,remedi,ripple,ripple_random_row1659,efficacy,hit,pre,0.0
llama3-8b,remedi,ripple,ripple_random_row1659,ripple_aliasing,hit,pre,0.0
llama3-8b,remedi,ripple,ripple_random_row1659,ripple_relation_specificity,hit,pre,1.0
llama3-8b,remedi,ripple,ripple_random_row1659,efficacy,hit,post,0.0
llama3-8b,remedi,ripple,ripple_random_row1659,ripple_aliasing,hit,post,0.0
llama3-8b,remedi,ripple,ripple_random_row1659,ripple_relation_specificity,hit,post,0.0
llama3-8b,remedi,ripple,ripple_random_row1685,efficacy,hit,pre,0.0
llama3-8b,remedi,ripple,ripple_random_row1685,ripple_logical,hit,pre,0.0
llama3-8b,remedi,ripple,ripple_random_row1685,ripple_compositional_i,hit,pre,0.0
llama3-8b,remedi,ripple,ripple_random_row1685,ripple_aliasing,hit,pre,0.0
llama3-8b,remedi,ripple,ripple_random_row1685,efficacy,hit,post,0.0
llama3-8b,remedi,ripple,ripple_random_row1685,ripple_logical,hit,post,0.3333333333333333
llama3-8b,remedi,ripple,ripple_random_row1685,ripple_compositional_i,hit,post,0.0
llama3-8b,remedi,ripple,ripple_random_row1685,ripple_aliasing,hit,post,0.0
llama3-8b,remedi,ripple,ripple_random_row1615,efficacy,hit,pre,0.0
llama3-8b,remedi,ripple,ripple_random_row1615,ripple_aliasing,hit,pre,0.0
llama3-8b,remedi,ripple,ripple_random_row1615,efficacy,hit,post,0.0
llama3-8b,remedi,ripple,ripple_random_row1615,ripple_aliasing,hit,post,0.0
llama3-8b,remedi,ripple,ripple_random_row1754,efficacy,hit,pre,0.0
llama3-8b,remedi,ripple,ripple_random_row1754,ripple_logical,hit,pre,1.0
llama3-8b,remedi,ripple,ripple_random_row1754,ripple_compositional_i,hit,pre,0.5
llama3-8b,remedi,ripple,ripple_random_row1754,ripple_aliasing,hit,pre,0.0
llama3-8b,remedi,ripple,ripple_random_row1754,efficacy,hit,post,0.0
llama3-8b,remedi,ripple,ripple_random_row1754,ripple_logical,hit,post,0.5
llama3-8b,remedi,ripple,ripple_random_row1754,ripple_compositional_i,hit,post,1.0
llama3-8b,remedi,ripple,ripple_random_row1754,ripple_aliasing,hit,post,0.0
llama3-8b,remedi,ripple,ripple_random_row1570,efficacy,hit,pre,0.0
llama3-8b,remedi,ripple,ripple_random_row1570,ripple_logical,hit,pre,0.0
llama3-8b,remedi,ripple,ripple_random_row1570,ripple_compositional_i,hit,pre,0.0
llama3-8b,remedi,ripple,ripple_random_row1570,ripple_aliasing,hit,pre,0.0
llama3-8b,remedi,ripple,ripple_random_row1570,ripple_relation_specificity,hit,pre,1.0
llama3-8b,remedi,ripple,ripple_random_row1570,efficacy,hit,post,0.0
llama3-8b,remedi,ripple,ripple_random_row1570,ripple_logical,hit,post,0.0
llama3-8b,remedi,ripple,ripple_random_row1570,ripple_compositional_i,hit,post,0.0
llama3-8b,remedi,ripple,ripple_random_row1570,ripple_aliasing,hit,post,0.0
llama3-8b,remedi,ripple,ripple_random_row1570,ripple_relation_specificity,hit,post,0.0
llama3-8b,remedi,ripple,ripple_random_row1905,efficacy,hit,pre,0.0
llama3-8b,remedi,ripple,ripple_random_row1905,ripple_aliasing,hit,pre,0.0
llama3-8b,remedi,ripple,ripple_random_row1905,ripple_relation_specificity,hit,pre,1.0
llama3-8b,remedi,ripple,ripple_random_row1905,efficacy,hit,post,0.0
llama3-8b,remedi,ripple,ripple_random_row1905,ripple_aliasing,hit,post,0.0
llama3-8b,remedi,ripple,ripple_random_row1905,ripple_relation_specificity,hit,post,1.0
llama3-8b,remedi,ripple,ripple_random_row1917,efficacy,hit,pre,0.0
llama3-8b,remedi,ripple,ripple_random_row1917,ripple_aliasing,hit,pre,0.0
llama3-8b,remedi,ripple,ripple_random_row1917,efficacy,hit,post,0.0
llama3-8b,remedi,ripple,ripple_random_row1917,ripple_aliasing,hit,post,0.0
llama3-8b,remedi,ripple,ripple_random_row1781,efficacy,hit,pre,0.0
llama3-8b,remedi,ripple,ripple_random_row1781,ripple_aliasing,hit,pre,0.0
llama3-8b,remedi,ripple,ripple_random_row1781,ripple_relation_specificity,hit,pre,1.0
llama3-8b,remedi,ripple,ripple_random_row1781,efficacy,hit,post,0.0
llama3-8b,remedi,ripple,ripple_random_row1781,ripple_aliasing,hit,post,0.0
llama3-8b,remedi,ripple,ripple_random_row1781,ripple_relation_specificity,hit,post,0.0
llama3-8b,remedi,ripple,ripple_random_row1603,efficacy,hit,pre,0.0
llama3-8b,remedi,ripple,ripple_random_row1603,ripple_aliasing,hit,pre,0.0
llama3-8b,remedi,ripple,ripple_random_row1603,efficacy,hit,post,0.0
llama3-8b,remedi,ripple,ripple_random_row1603,ripple_aliasing,hit,post,1.0
llama3-8b,remedi,ripple,ripple_random_row1751,efficacy,hit,pre,0.0
llama3-8b,remedi,ripple,ripple_random_row1751,ripple_aliasing,hit,pre,0.0
llama3-8b,remedi,ripple,ripple_random_row1751,efficacy,hit,post,0.0
llama3-8b,remedi,ripple,ripple_random_row1751,ripple_aliasing,hit,post,0.0
llama3-8b,remedi,ripple,ripple_random_row1899,efficacy,hit,pre,0.0
llama3-8b,remedi,ripple,ripple_random_row1899,ripple_aliasing,hit,pre,0.0
llama3-8b,remedi,ripple,ripple_random_row1899,efficacy,hit,post,0.0
llama3-8b,remedi,ripple,ripple_random_row1899,ripple_aliasing,hit,post,0.0
llama3-8b,remedi,ripple,ripple_random_row1890,efficacy,hit,pre,0.0
llama3-8b,remedi,ripple,ripple_random_row1890,ripple_aliasing,hit,pre,0.0
llama3-8b,remedi,ripple,ripple_random_row1890,efficacy,hit,post,0.0
llama3-8b,remedi,ripple,ripple_random_row1890,ripple_aliasing,hit,post,0.0
llama3-8b,remedi,ripple,ripple_random_row1636,efficacy,hit,pre,0.0
llama3-8b,remedi,ripple,ripple_random_row1636,ripple_relation_specificity,hit,pre,1.0
llama3-8b,remedi,ripple,ripple_random_row1636,efficacy,hit,post,0.0
llama3-8b,remedi,ripple,ripple_random_row1636,ripple_relation_specificity,hit,post,0.0
llama3-8b,remedi,ripple,ripple_random_row1684,efficacy,hit,pre,0.0
llama3-8b,remedi,ripple,ripple_random_row1684,ripple_logical,hit,pre,0.3333333333333333
llama3-8b,remedi,ripple,ripple_random_row1684,ripple_compositional_i,hit,pre,0.25
llama3-8b,remedi,ripple,ripple_random_row1684,ripple_aliasing,hit,pre,0.0
llama3-8b,remedi,ripple,ripple_random_row1684,efficacy,hit,post,0.0
llama3-8b,remedi,ripple,ripple_random_row1684,ripple_logical,hit,post,0.3333333333333333
llama3-8b,remedi,ripple,ripple_random_row1684,ripple_compositional_i,hit,post,0.25
llama3-8b,remedi,ripple,ripple_random_row1684,ripple_aliasing,hit,post,0.0
llama3-8b,remedi,ripple,ripple_random_row1817,efficacy,hit,pre,0.0
llama3-8b,remedi,ripple,ripple_random_row1817,ripple_aliasing,hit,pre,0.0
llama3-8b,remedi,ripple,ripple_random_row1817,ripple_relation_specificity,hit,pre,1.0
llama3-8b,remedi,ripple,ripple_random_row1817,efficacy,hit,post,0.0
llama3-8b,remedi,ripple,ripple_random_row1817,ripple_aliasing,hit,post,0.0
llama3-8b,remedi,ripple,ripple_random_row1817,ripple_relation_specificity,hit,post,1.0
llama3-8b,remedi,ripple,ripple_random_row1896,efficacy,hit,pre,0.0
llama3-8b,remedi,ripple,ripple_random_row1896,ripple_aliasing,hit,pre,0.0
llama3-8b,remedi,ripple,ripple_random_row1896,efficacy,hit,post,0.0
llama3-8b,remedi,ripple,ripple_random_row1896,ripple_aliasing,hit,post,0.0
llama3-8b,remedi,ripple,ripple_random_row1845,efficacy,hit,pre,0.0
llama3-8b,remedi,ripple,ripple_random_row1845,ripple_aliasing,hit,pre,0.0
llama3-8b,remedi,ripple,ripple_random_row1845,efficacy,hit,post,1.0
llama3-8b,remedi,ripple,ripple_random_row1845,ripple_aliasing,hit,post,1.0
llama3-8b,remedi,ripple,ripple_random_row1688,efficacy,hit,pre,0.0
llama3-8b,remedi,ripple,ripple_random_row1688,ripple_aliasing,hit,pre,0.0
llama3-8b,remedi,ripple,ripple_random_row1688,efficacy,hit,post,0.0
llama3-8b,remedi,ripple,ripple_random_row1688,ripple_aliasing,hit,post,0.0
llama3-8b,remedi,ripple,ripple_random_row1903,efficacy,hit,pre,0.0
llama3-8b,remedi,ripple,ripple_random_row1903,ripple_aliasing,hit,pre,0.0
llama3-8b,remedi,ripple,ripple_random_row1903,ripple_relation_specificity,hit,pre,1.0
llama3-8b,remedi,ripple,ripple_random_row1903,efficacy,hit,post,0.0
llama3-8b,remedi,ripple,ripple_random_row1903,ripple_aliasing,hit,post,0.0
llama3-8b,remedi,ripple,ripple_random_row1903,ripple_relation_specificity,hit,post,0.0
llama3-8b,remedi,ripple,ripple_random_row1501,efficacy,hit,pre,0.0
llama3-8b,remedi,ripple,ripple_random_row1501,ripple_aliasing,hit,pre,0.0
llama3-8b,remedi,ripple,ripple_random_row1501,ripple_relation_specificity,hit,pre,1.0
llama3-8b,remedi,ripple,ripple_random_row1501,efficacy,hit,post,1.0
llama3-8b,remedi,ripple,ripple_random_row1501,ripple_aliasing,hit,post,1.0
llama3-8b,remedi,ripple,ripple_random_row1501,ripple_relation_specificity,hit,post,0.0
llama3-8b,remedi,ripple,ripple_random_row1637,efficacy,hit,pre,0.0
llama3-8b,remedi,ripple,ripple_random_row1637,ripple_aliasing,hit,pre,0.0
llama3-8b,remedi,ripple,ripple_random_row1637,efficacy,hit,post,0.0
llama3-8b,remedi,ripple,ripple_random_row1637,ripple_aliasing,hit,post,0.0
llama3-8b,remedi,ripple,ripple_random_row1834,efficacy,hit,pre,0.0
llama3-8b,remedi,ripple,ripple_random_row1834,ripple_logical,hit,pre,0.0
llama3-8b,remedi,ripple,ripple_random_row1834,ripple_aliasing,hit,pre,0.0
llama3-8b,remedi,ripple,ripple_random_row1834,ripple_relation_specificity,hit,pre,1.0
llama3-8b,remedi,ripple,ripple_random_row1834,efficacy,hit,post,0.0
llama3-8b,remedi,ripple,ripple_random_row1834,ripple_logical,hit,post,0.0
llama3-8b,remedi,ripple,ripple_random_row1834,ripple_aliasing,hit,post,0.0
llama3-8b,remedi,ripple,ripple_random_row1834,ripple_relation_specificity,hit,post,0.0
llama3-8b,remedi,ripple,ripple_random_row1522,efficacy,hit,pre,0.0
llama3-8b,remedi,ripple,ripple_random_row1522,ripple_aliasing,hit,pre,0.0
llama3-8b,remedi,ripple,ripple_random_row1522,efficacy,hit,post,0.0
llama3-8b,remedi,ripple,ripple_random_row1522,ripple_aliasing,hit,post,0.0
llama3-8b,remedi,ripple,ripple_random_row1568,efficacy,hit,pre,0.0
llama3-8b,remedi,ripple,ripple_random_row1568,ripple_aliasing,hit,pre,0.0
llama3-8b,remedi,ripple,ripple_random_row1568,efficacy,hit,post,0.0
llama3-8b,remedi,ripple,ripple_random_row1568,ripple_aliasing,hit,post,0.0
llama3-8b,remedi,ripple,ripple_random_row1872,efficacy,hit,pre,0.0
llama3-8b,remedi,ripple,ripple_random_row1872,ripple_aliasing,hit,pre,0.0
llama3-8b,remedi,ripple,ripple_random_row1872,efficacy,hit,post,0.0
llama3-8b,remedi,ripple,ripple_random_row1872,ripple_aliasing,hit,post,0.0
llama3-8b,remedi,ripple,ripple_random_row1846,efficacy,hit,pre,0.0
llama3-8b,remedi,ripple,ripple_random_row1846,ripple_aliasing,hit,pre,0.0
llama3-8b,remedi,ripple,ripple_random_row1846,ripple_relation_specificity,hit,pre,1.0
llama3-8b,remedi,ripple,ripple_random_row1846,efficacy,hit,post,0.0
llama3-8b,remedi,ripple,ripple_random_row1846,ripple_aliasing,hit,post,0.0
llama3-8b,remedi,ripple,ripple_random_row1846,ripple_relation_specificity,hit,post,0.5
llama3-8b,remedi,ripple,ripple_random_row1558,efficacy,hit,pre,0.0
llama3-8b,remedi,ripple,ripple_random_row1558,ripple_aliasing,hit,pre,0.0
llama3-8b,remedi,ripple,ripple_random_row1558,efficacy,hit,post,0.0
llama3-8b,remedi,ripple,ripple_random_row1558,ripple_aliasing,hit,post,0.0
llama3-8b,remedi,ripple,ripple_random_row1618,efficacy,hit,pre,0.0
llama3-8b,remedi,ripple,ripple_random_row1618,ripple_aliasing,hit,pre,0.0
llama3-8b,remedi,ripple,ripple_random_row1618,ripple_relation_specificity,hit,pre,1.0
llama3-8b,remedi,ripple,ripple_random_row1618,efficacy,hit,post,0.0
llama3-8b,remedi,ripple,ripple_random_row1618,ripple_aliasing,hit,post,0.0
llama3-8b,remedi,ripple,ripple_random_row1618,ripple_relation_specificity,hit,post,0.0
llama3-8b,remedi,ripple,ripple_random_row1720,efficacy,hit,pre,0.0
llama3-8b,remedi,ripple,ripple_random_row1720,ripple_logical,hit,pre,0.0
llama3-8b,remedi,ripple,ripple_random_row1720,ripple_compositional_i,hit,pre,0.0
llama3-8b,remedi,ripple,ripple_random_row1720,ripple_aliasing,hit,pre,0.0
llama3-8b,remedi,ripple,ripple_random_row1720,efficacy,hit,post,0.0
llama3-8b,remedi,ripple,ripple_random_row1720,ripple_logical,hit,post,0.0
llama3-8b,remedi,ripple,ripple_random_row1720,ripple_compositional_i,hit,post,0.0
llama3-8b,remedi,ripple,ripple_random_row1720,ripple_aliasing,hit,post,0.0
llama3-8b,remedi,ripple,ripple_random_row1795,efficacy,hit,pre,0.0
llama3-8b,remedi,ripple,ripple_random_row1795,ripple_aliasing,hit,pre,0.0
llama3-8b,remedi,ripple,ripple_random_row1795,efficacy,hit,post,0.0
llama3-8b,remedi,ripple,ripple_random_row1795,ripple_aliasing,hit,post,0.0
llama3-8b,remedi,ripple,ripple_random_row1650,efficacy,hit,pre,0.0
llama3-8b,remedi,ripple,ripple_random_row1650,ripple_aliasing,hit,pre,0.0
llama3-8b,remedi,ripple,ripple_random_row1650,efficacy,hit,post,0.0
llama3-8b,remedi,ripple,ripple_random_row1650,ripple_aliasing,hit,post,1.0
llama3-8b,remedi,ripple,ripple_random_row1692,efficacy,hit,pre,0.0
llama3-8b,remedi,ripple,ripple_random_row1692,ripple_aliasing,hit,pre,0.0
llama3-8b,remedi,ripple,ripple_random_row1692,ripple_relation_specificity,hit,pre,1.0
llama3-8b,remedi,ripple,ripple_random_row1692,efficacy,hit,post,0.0
llama3-8b,remedi,ripple,ripple_random_row1692,ripple_aliasing,hit,post,1.0
llama3-8b,remedi,ripple,ripple_random_row1692,ripple_relation_specificity,hit,post,0.0
llama3-8b,remedi,ripple,ripple_random_row1826,efficacy,hit,pre,0.0
llama3-8b,remedi,ripple,ripple_random_row1826,ripple_aliasing,hit,pre,0.0
llama3-8b,remedi,ripple,ripple_random_row1826,ripple_relation_specificity,hit,pre,1.0
llama3-8b,remedi,ripple,ripple_random_row1826,efficacy,hit,post,0.0
llama3-8b,remedi,ripple,ripple_random_row1826,ripple_aliasing,hit,post,0.0
llama3-8b,remedi,ripple,ripple_random_row1826,ripple_relation_specificity,hit,post,0.0
llama3-8b,remedi,ripple,ripple_random_row1526,efficacy,hit,pre,1.0
llama3-8b,remedi,ripple,ripple_random_row1526,ripple_aliasing,hit,pre,1.0
llama3-8b,remedi,ripple,ripple_random_row1526,efficacy,hit,post,1.0
llama3-8b,remedi,ripple,ripple_random_row1526,ripple_aliasing,hit,post,1.0
llama3-8b,remedi,ripple,ripple_random_row1836,efficacy,hit,pre,0.0
llama3-8b,remedi,ripple,ripple_random_row1836,ripple_compositional_i,hit,pre,0.0
llama3-8b,remedi,ripple,ripple_random_row1836,ripple_aliasing,hit,pre,0.0
llama3-8b,remedi,ripple,ripple_random_row1836,efficacy,hit,post,0.0
llama3-8b,remedi,ripple,ripple_random_row1836,ripple_compositional_i,hit,post,0.0
llama3-8b,remedi,ripple,ripple_random_row1836,ripple_aliasing,hit,post,0.0
llama3-8b,remedi,ripple,ripple_random_row1505,efficacy,hit,pre,0.0
llama3-8b,remedi,ripple,ripple_random_row1505,ripple_aliasing,hit,pre,0.0
llama3-8b,remedi,ripple,ripple_random_row1505,efficacy,hit,post,0.0
llama3-8b,remedi,ripple,ripple_random_row1505,ripple_aliasing,hit,post,0.0
llama3-8b,remedi,ripple,ripple_random_row1646,efficacy,hit,pre,0.0
llama3-8b,remedi,ripple,ripple_random_row1646,ripple_logical,hit,pre,0.0
llama3-8b,remedi,ripple,ripple_random_row1646,ripple_compositional_i,hit,pre,0.0
llama3-8b,remedi,ripple,ripple_random_row1646,ripple_aliasing,hit,pre,0.0
llama3-8b,remedi,ripple,ripple_random_row1646,efficacy,hit,post,0.0
llama3-8b,remedi,ripple,ripple_random_row1646,ripple_logical,hit,post,0.0
llama3-8b,remedi,ripple,ripple_random_row1646,ripple_compositional_i,hit,post,0.0
llama3-8b,remedi,ripple,ripple_random_row1646,ripple_aliasing,hit,post,0.0
llama3-8b,remedi,ripple,ripple_random_row1709,efficacy,hit,pre,0.0
llama3-8b,remedi,ripple,ripple_random_row1709,ripple_compositional_i,hit,pre,0.0
llama3-8b,remedi,ripple,ripple_random_row1709,ripple_aliasing,hit,pre,0.0
llama3-8b,remedi,ripple,ripple_random_row1709,efficacy,hit,post,0.0
llama3-8b,remedi,ripple,ripple_random_row1709,ripple_compositional_i,hit,post,0.0
llama3-8b,remedi,ripple,ripple_random_row1709,ripple_aliasing,hit,post,0.0
llama3-8b,remedi,ripple,ripple_random_row1814,efficacy,hit,pre,0.0
llama3-8b,remedi,ripple,ripple_random_row1814,ripple_aliasing,hit,pre,0.0
llama3-8b,remedi,ripple,ripple_random_row1814,efficacy,hit,post,0.0
llama3-8b,remedi,ripple,ripple_random_row1814,ripple_aliasing,hit,post,0.0
llama3-8b,remedi,ripple,ripple_random_row1889,efficacy,hit,pre,0.0
llama3-8b,remedi,ripple,ripple_random_row1889,ripple_aliasing,hit,pre,0.0
llama3-8b,remedi,ripple,ripple_random_row1889,efficacy,hit,post,0.0
llama3-8b,remedi,ripple,ripple_random_row1889,ripple_aliasing,hit,post,0.0
llama3-8b,remedi,ripple,ripple_random_row1713,efficacy,hit,pre,0.0
llama3-8b,remedi,ripple,ripple_random_row1713,ripple_aliasing,hit,pre,0.0
llama3-8b,remedi,ripple,ripple_random_row1713,efficacy,hit,post,0.0
llama3-8b,remedi,ripple,ripple_random_row1713,ripple_aliasing,hit,post,1.0
llama3-8b,remedi,ripple,ripple_random_row1582,efficacy,hit,pre,0.0
llama3-8b,remedi,ripple,ripple_random_row1582,ripple_aliasing,hit,pre,0.0
llama3-8b,remedi,ripple,ripple_random_row1582,efficacy,hit,post,0.0
llama3-8b,remedi,ripple,ripple_random_row1582,ripple_aliasing,hit,post,0.0
llama3-8b,rome,ripple,ripple_popular_row657,efficacy,hit,pre,0.0
llama3-8b,rome,ripple,ripple_popular_row657,ripple_aliasing,hit,pre,0.0
llama3-8b,rome,ripple,ripple_popular_row657,ripple_relation_specificity,hit,pre,1.0
llama3-8b,rome,ripple,ripple_popular_row657,efficacy,hit,post,1.0
llama3-8b,rome,ripple,ripple_popular_row657,ripple_aliasing,hit,post,0.75
llama3-8b,rome,ripple,ripple_popular_row657,ripple_relation_specificity,hit,post,0.1
llama3-8b,rome,ripple,ripple_popular_row839,efficacy,hit,pre,0.0
llama3-8b,rome,ripple,ripple_popular_row839,ripple_aliasing,hit,pre,0.0
llama3-8b,rome,ripple,ripple_popular_row839,ripple_relation_specificity,hit,pre,1.0
llama3-8b,rome,ripple,ripple_popular_row839,efficacy,hit,post,1.0
llama3-8b,rome,ripple,ripple_popular_row839,ripple_aliasing,hit,post,0.0
llama3-8b,rome,ripple,ripple_popular_row839,ripple_relation_specificity,hit,post,0.0
llama3-8b,rome,ripple,ripple_popular_row792,efficacy,hit,pre,0.0
llama3-8b,rome,ripple,ripple_popular_row792,ripple_compositional_i,hit,pre,0.0
llama3-8b,rome,ripple,ripple_popular_row792,ripple_aliasing,hit,pre,0.0
llama3-8b,rome,ripple,ripple_popular_row792,efficacy,hit,post,1.0
llama3-8b,rome,ripple,ripple_popular_row792,ripple_compositional_i,hit,post,0.0
llama3-8b,rome,ripple,ripple_popular_row792,ripple_aliasing,hit,post,1.0
llama3-8b,rome,ripple,ripple_popular_row778,efficacy,hit,pre,0.0
llama3-8b,rome,ripple,ripple_popular_row778,ripple_logical,hit,pre,0.0
llama3-8b,rome,ripple,ripple_popular_row778,ripple_compositional_i,hit,pre,0.0
llama3-8b,rome,ripple,ripple_popular_row778,ripple_aliasing,hit,pre,0.0
llama3-8b,rome,ripple,ripple_popular_row778,ripple_relation_specificity,hit,pre,1.0
llama3-8b,rome,ripple,ripple_popular_row778,ripple_preservation,hit,pre,1.0
llama3-8b,rome,ripple,ripple_popular_row778,efficacy,hit,post,1.0
llama3-8b,rome,ripple,ripple_popular_row778,ripple_logical,hit,post,0.0
llama3-8b,rome,ripple,ripple_popular_row778,ripple_compositional_i,hit,post,0.5
llama3-8b,rome,ripple,ripple_popular_row778,ripple_aliasing,hit,post,0.0
llama3-8b,rome,ripple,ripple_popular_row778,ripple_relation_specificity,hit,post,0.125
llama3-8b,rome,ripple,ripple_popular_row778,ripple_preservation,hit,post,0.0
llama3-8b,rome,ripple,ripple_popular_row846,efficacy,hit,pre,0.0
llama3-8b,rome,ripple,ripple_popular_row846,ripple_compositional_i,hit,pre,0.0
llama3-8b,rome,ripple,ripple_popular_row846,ripple_aliasing,hit,pre,0.0
llama3-8b,rome,ripple,ripple_popular_row846,ripple_relation_specificity,hit,pre,1.0
llama3-8b,rome,ripple,ripple_popular_row846,ripple_preservation,hit,pre,1.0
llama3-8b,rome,ripple,ripple_popular_row846,efficacy,hit,post,1.0
llama3-8b,rome,ripple,ripple_popular_row846,ripple_compositional_i,hit,post,0.5
llama3-8b,rome,ripple,ripple_popular_row846,ripple_aliasing,hit,post,0.6
llama3-8b,rome,ripple,ripple_popular_row846,ripple_relation_specificity,hit,post,0.5
llama3-8b,rome,ripple,ripple_popular_row846,ripple_preservation,hit,post,0.0
llama3-8b,rome,ripple,ripple_popular_row735,efficacy,hit,pre,0.0
llama3-8b,rome,ripple,ripple_popular_row735,ripple_compositional_i,hit,pre,0.0
llama3-8b,rome,ripple,ripple_popular_row735,ripple_aliasing,hit,pre,0.0
llama3-8b,rome,ripple,ripple_popular_row735,efficacy,hit,post,1.0
llama3-8b,rome,ripple,ripple_popular_row735,ripple_compositional_i,hit,post,0.0
llama3-8b,rome,ripple,ripple_popular_row735,ripple_aliasing,hit,post,0.75
llama3-8b,rome,ripple,ripple_popular_row867,efficacy,hit,pre,0.0
llama3-8b,rome,ripple,ripple_popular_row867,ripple_logical,hit,pre,0.0
llama3-8b,rome,ripple,ripple_popular_row867,ripple_aliasing,hit,pre,0.0
llama3-8b,rome,ripple,ripple_popular_row867,efficacy,hit,post,1.0
llama3-8b,rome,ripple,ripple_popular_row867,ripple_logical,hit,post,0.0
llama3-8b,rome,ripple,ripple_popular_row867,ripple_aliasing,hit,post,0.6666666666666666
llama3-8b,rome,ripple,ripple_popular_row838,efficacy,hit,pre,0.0
llama3-8b,rome,ripple,ripple_popular_row838,ripple_logical,hit,pre,0.0
llama3-8b,rome,ripple,ripple_popular_row838,ripple_aliasing,hit,pre,0.0
llama3-8b,rome,ripple,ripple_popular_row838,ripple_relation_specificity,hit,pre,1.0
llama3-8b,rome,ripple,ripple_popular_row838,efficacy,hit,post,1.0
llama3-8b,rome,ripple,ripple_popular_row838,ripple_logical,hit,post,0.0
llama3-8b,rome,ripple,ripple_popular_row838,ripple_aliasing,hit,post,0.5
llama3-8b,rome,ripple,ripple_popular_row838,ripple_relation_specificity,hit,post,0.0
llama3-8b,rome,ripple,ripple_popular_row716,efficacy,hit,pre,0.0
llama3-8b,rome,ripple,ripple_popular_row716,ripple_logical,hit,pre,0.0
llama3-8b,rome,ripple,ripple_popular_row716,ripple_compositional_i,hit,pre,0.0
llama3-8b,rome,ripple,ripple_popular_row716,ripple_aliasing,hit,pre,0.0
llama3-8b,rome,ripple,ripple_popular_row716,ripple_relation_specificity,hit,pre,1.0
llama3-8b,rome,ripple,ripple_popular_row716,efficacy,hit,post,1.0
llama3-8b,rome,ripple,ripple_popular_row716,ripple_logical,hit,post,0.0
llama3-8b,rome,ripple,ripple_popular_row716,ripple_compositional_i,hit,post,0.0
llama3-8b,rome,ripple,ripple_popular_row716,ripple_aliasing,hit,post,1.0
llama3-8b,rome,ripple,ripple_popular_row716,ripple_relation_specificity,hit,post,0.0
llama3-8b,rome,ripple,ripple_popular_row857,efficacy,hit,pre,0.0
llama3-8b,rome,ripple,ripple_popular_row857,ripple_logical,hit,pre,0.0
llama3-8b,rome,ripple,ripple_popular_row857,ripple_aliasing,hit,pre,0.0
llama3-8b,rome,ripple,ripple_popular_row857,ripple_relation_specificity,hit,pre,1.0
llama3-8b,rome,ripple,ripple_popular_row857,efficacy,hit,post,1.0
llama3-8b,rome,ripple,ripple_popular_row857,ripple_logical,hit,post,0.0
llama3-8b,rome,ripple,ripple_popular_row857,ripple_aliasing,hit,post,0.5
llama3-8b,rome,ripple,ripple_popular_row857,ripple_relation_specificity,hit,post,0.3333333333333333
llama3-8b,rome,ripple,ripple_popular_row868,efficacy,hit,pre,0.0
llama3-8b,rome,ripple,ripple_popular_row868,ripple_compositional_i,hit,pre,0.2
llama3-8b,rome,ripple,ripple_popular_row868,ripple_relation_specificity,hit,pre,1.0
llama3-8b,rome,ripple,ripple_popular_row868,efficacy,hit,post,1.0
llama3-8b,rome,ripple,ripple_popular_row868,ripple_compositional_i,hit,post,0.6
llama3-8b,rome,ripple,ripple_popular_row868,ripple_relation_specificity,hit,post,1.0
llama3-8b,rome,ripple,ripple_popular_row699,efficacy,hit,pre,0.0
llama3-8b,rome,ripple,ripple_popular_row699,ripple_aliasing,hit,pre,0.0
llama3-8b,rome,ripple,ripple_popular_row699,efficacy,hit,post,1.0
llama3-8b,rome,ripple,ripple_popular_row699,ripple_aliasing,hit,post,0.0
llama3-8b,rome,ripple,ripple_popular_row825,efficacy,hit,pre,0.0
llama3-8b,rome,ripple,ripple_popular_row825,ripple_aliasing,hit,pre,0.0
llama3-8b,rome,ripple,ripple_popular_row825,ripple_relation_specificity,hit,pre,1.0
llama3-8b,rome,ripple,ripple_popular_row825,efficacy,hit,post,1.0
llama3-8b,rome,ripple,ripple_popular_row825,ripple_aliasing,hit,post,1.0
llama3-8b,rome,ripple,ripple_popular_row825,ripple_relation_specificity,hit,post,0.0
llama3-8b,rome,ripple,ripple_popular_row866,efficacy,hit,pre,0.0
llama3-8b,rome,ripple,ripple_popular_row866,ripple_compositional_i,hit,pre,0.3333333333333333
llama3-8b,rome,ripple,ripple_popular_row866,ripple_compositional_ii,hit,pre,0.0
llama3-8b,rome,ripple,ripple_popular_row866,ripple_aliasing,hit,pre,0.0
llama3-8b,rome,ripple,ripple_popular_row866,ripple_relation_specificity,hit,pre,1.0
llama3-8b,rome,ripple,ripple_popular_row866,efficacy,hit,post,1.0
llama3-8b,rome,ripple,ripple_popular_row866,ripple_compositional_i,hit,post,0.3333333333333333
llama3-8b,rome,ripple,ripple_popular_row866,ripple_compositional_ii,hit,post,0.0
llama3-8b,rome,ripple,ripple_popular_row866,ripple_aliasing,hit,post,0.25
llama3-8b,rome,ripple,ripple_popular_row866,ripple_relation_specificity,hit,post,0.125
llama3-8b,rome,ripple,ripple_popular_row642,efficacy,hit,pre,0.0
llama3-8b,rome,ripple,ripple_popular_row642,ripple_aliasing,hit,pre,0.0
llama3-8b,rome,ripple,ripple_popular_row642,ripple_relation_specificity,hit,pre,1.0
llama3-8b,rome,ripple,ripple_popular_row642,efficacy,hit,post,1.0
llama3-8b,rome,ripple,ripple_popular_row642,ripple_aliasing,hit,post,1.0
llama3-8b,rome,ripple,ripple_popular_row642,ripple_relation_specificity,hit,post,0.6
llama3-8b,rome,ripple,ripple_popular_row653,efficacy,hit,pre,0.0
llama3-8b,rome,ripple,ripple_popular_row653,ripple_logical,hit,pre,0.0
llama3-8b,rome,ripple,ripple_popular_row653,efficacy,hit,post,0.0
llama3-8b,rome,ripple,ripple_popular_row653,ripple_logical,hit,post,0.0
llama3-8b,rome,ripple,ripple_popular_row663,efficacy,hit,pre,0.0
llama3-8b,rome,ripple,ripple_popular_row663,ripple_relation_specificity,hit,pre,1.0
llama3-8b,rome,ripple,ripple_popular_row663,efficacy,hit,post,1.0
llama3-8b,rome,ripple,ripple_popular_row663,ripple_relation_specificity,hit,post,0.0
llama3-8b,rome,ripple,ripple_popular_row692,efficacy,hit,pre,0.0
llama3-8b,rome,ripple,ripple_popular_row692,ripple_logical,hit,pre,0.0
llama3-8b,rome,ripple,ripple_popular_row692,ripple_aliasing,hit,pre,0.0
llama3-8b,rome,ripple,ripple_popular_row692,ripple_relation_specificity,hit,pre,1.0
llama3-8b,rome,ripple,ripple_popular_row692,efficacy,hit,post,1.0
llama3-8b,rome,ripple,ripple_popular_row692,ripple_logical,hit,post,0.0
llama3-8b,rome,ripple,ripple_popular_row692,ripple_aliasing,hit,post,0.18181818181818182
llama3-8b,rome,ripple,ripple_popular_row692,ripple_relation_specificity,hit,post,0.0
llama3-8b,rome,ripple,ripple_popular_row701,efficacy,hit,pre,0.0
llama3-8b,rome,ripple,ripple_popular_row701,ripple_logical,hit,pre,0.0
llama3-8b,rome,ripple,ripple_popular_row701,ripple_aliasing,hit,pre,0.0
llama3-8b,rome,ripple,ripple_popular_row701,efficacy,hit,post,1.0
llama3-8b,rome,ripple,ripple_popular_row701,ripple_logical,hit,post,0.0
llama3-8b,rome,ripple,ripple_popular_row701,ripple_aliasing,hit,post,0.5
llama3-8b,rome,ripple,ripple_popular_row690,efficacy,hit,pre,0.0
llama3-8b,rome,ripple,ripple_popular_row690,ripple_aliasing,hit,pre,0.0
llama3-8b,rome,ripple,ripple_popular_row690,ripple_relation_specificity,hit,pre,1.0
llama3-8b,rome,ripple,ripple_popular_row690,efficacy,hit,post,1.0
llama3-8b,rome,ripple,ripple_popular_row690,ripple_aliasing,hit,post,1.0
llama3-8b,rome,ripple,ripple_popular_row690,ripple_relation_specificity,hit,post,0.09090909090909091
llama3-8b,rome,ripple,ripple_popular_row668,efficacy,hit,pre,0.0
llama3-8b,rome,ripple,ripple_popular_row668,ripple_aliasing,hit,pre,0.0
llama3-8b,rome,ripple,ripple_popular_row668,ripple_relation_specificity,hit,pre,1.0
llama3-8b,rome,ripple,ripple_popular_row668,efficacy,hit,post,1.0
llama3-8b,rome,ripple,ripple_popular_row668,ripple_aliasing,hit,post,0.8
llama3-8b,rome,ripple,ripple_popular_row668,ripple_relation_specificity,hit,post,0.0
llama3-8b,rome,ripple,ripple_popular_row810,efficacy,hit,pre,0.0
llama3-8b,rome,ripple,ripple_popular_row810,ripple_logical,hit,pre,0.0
llama3-8b,rome,ripple,ripple_popular_row810,ripple_aliasing,hit,pre,0.0
llama3-8b,rome,ripple,ripple_popular_row810,ripple_relation_specificity,hit,pre,1.0
llama3-8b,rome,ripple,ripple_popular_row810,efficacy,hit,post,1.0
llama3-8b,rome,ripple,ripple_popular_row810,ripple_logical,hit,post,0.0
llama3-8b,rome,ripple,ripple_popular_row810,ripple_aliasing,hit,post,1.0
llama3-8b,rome,ripple,ripple_popular_row810,ripple_relation_specificity,hit,post,0.0
llama3-8b,rome,ripple,ripple_popular_row870,efficacy,hit,pre,0.0
llama3-8b,rome,ripple,ripple_popular_row870,ripple_compositional_i,hit,pre,0.5
llama3-8b,rome,ripple,ripple_popular_row870,efficacy,hit,post,1.0
llama3-8b,rome,ripple,ripple_popular_row870,ripple_compositional_i,hit,post,0.0
llama3-8b,rome,ripple,ripple_popular_row646,efficacy,hit,pre,0.0
llama3-8b,rome,ripple,ripple_popular_row646,ripple_compositional_i,hit,pre,0.0
llama3-8b,rome,ripple,ripple_popular_row646,ripple_aliasing,hit,pre,0.0
llama3-8b,rome,ripple,ripple_popular_row646,ripple_relation_specificity,hit,pre,1.0
llama3-8b,rome,ripple,ripple_popular_row646,efficacy,hit,post,1.0
llama3-8b,rome,ripple,ripple_popular_row646,ripple_compositional_i,hit,post,0.0
llama3-8b,rome,ripple,ripple_popular_row646,ripple_aliasing,hit,post,0.4
llama3-8b,rome,ripple,ripple_popular_row646,ripple_relation_specificity,hit,post,0.0
llama3-8b,rome,ripple,ripple_popular_row697,efficacy,hit,pre,0.0
llama3-8b,rome,ripple,ripple_popular_row697,ripple_aliasing,hit,pre,0.0
llama3-8b,rome,ripple,ripple_popular_row697,ripple_relation_specificity,hit,pre,1.0
llama3-8b,rome,ripple,ripple_popular_row697,efficacy,hit,post,1.0
llama3-8b,rome,ripple,ripple_popular_row697,ripple_aliasing,hit,post,0.0
llama3-8b,rome,ripple,ripple_popular_row697,ripple_relation_specificity,hit,post,0.5
llama3-8b,rome,ripple,ripple_popular_row613,efficacy,hit,pre,0.0
llama3-8b,rome,ripple,ripple_popular_row613,ripple_logical,hit,pre,0.0
llama3-8b,rome,ripple,ripple_popular_row613,ripple_compositional_i,hit,pre,0.5
llama3-8b,rome,ripple,ripple_popular_row613,ripple_aliasing,hit,pre,0.0
llama3-8b,rome,ripple,ripple_popular_row613,ripple_relation_specificity,hit,pre,1.0
llama3-8b,rome,ripple,ripple_popular_row613,efficacy,hit,post,1.0
llama3-8b,rome,ripple,ripple_popular_row613,ripple_logical,hit,post,0.0
llama3-8b,rome,ripple,ripple_popular_row613,ripple_compositional_i,hit,post,0.5
llama3-8b,rome,ripple,ripple_popular_row613,ripple_aliasing,hit,post,0.2
llama3-8b,rome,ripple,ripple_popular_row613,ripple_relation_specificity,hit,post,0.1111111111111111
llama3-8b,rome,ripple,ripple_popular_row710,efficacy,hit,pre,0.0
llama3-8b,rome,ripple,ripple_popular_row710,efficacy,hit,post,1.0
llama3-8b,rome,ripple,ripple_popular_row819,efficacy,hit,pre,0.0
llama3-8b,rome,ripple,ripple_popular_row819,ripple_aliasing,hit,pre,0.0
llama3-8b,rome,ripple,ripple_popular_row819,ripple_relation_specificity,hit,pre,1.0
llama3-8b,rome,ripple,ripple_popular_row819,ripple_preservation,hit,pre,1.0
llama3-8b,rome,ripple,ripple_popular_row819,efficacy,hit,post,0.0
llama3-8b,rome,ripple,ripple_popular_row819,ripple_aliasing,hit,post,0.0
llama3-8b,rome,ripple,ripple_popular_row819,ripple_relation_specificity,hit,post,0.0
llama3-8b,rome,ripple,ripple_popular_row819,ripple_preservation,hit,post,0.0
llama3-8b,rome,ripple,ripple_popular_row782,efficacy,hit,pre,0.0
llama3-8b,rome,ripple,ripple_popular_row782,ripple_aliasing,hit,pre,0.0
llama3-8b,rome,ripple,ripple_popular_row782,ripple_relation_specificity,hit,pre,1.0
llama3-8b,rome,ripple,ripple_popular_row782,efficacy,hit,post,1.0
llama3-8b,rome,ripple,ripple_popular_row782,ripple_aliasing,hit,post,0.5
llama3-8b,rome,ripple,ripple_popular_row782,ripple_relation_specificity,hit,post,0.0
llama3-8b,rome,ripple,ripple_popular_row696,efficacy,hit,pre,0.0
llama3-8b,rome,ripple,ripple_popular_row696,ripple_compositional_i,hit,pre,0.3333333333333333
llama3-8b,rome,ripple,ripple_popular_row696,efficacy,hit,post,1.0
llama3-8b,rome,ripple,ripple_popular_row696,ripple_compositional_i,hit,post,0.6666666666666666
llama3-8b,rome,ripple,ripple_popular_row641,efficacy,hit,pre,0.0
llama3-8b,rome,ripple,ripple_popular_row641,ripple_aliasing,hit,pre,0.0
llama3-8b,rome,ripple,ripple_popular_row641,efficacy,hit,post,1.0
llama3-8b,rome,ripple,ripple_popular_row641,ripple_aliasing,hit,post,1.0
llama3-8b,rome,ripple,ripple_popular_row705,efficacy,hit,pre,0.0
llama3-8b,rome,ripple,ripple_popular_row705,ripple_aliasing,hit,pre,0.0
llama3-8b,rome,ripple,ripple_popular_row705,ripple_relation_specificity,hit,pre,1.0
llama3-8b,rome,ripple,ripple_popular_row705,ripple_preservation,hit,pre,1.0
llama3-8b,rome,ripple,ripple_popular_row705,efficacy,hit,post,1.0
llama3-8b,rome,ripple,ripple_popular_row705,ripple_aliasing,hit,post,1.0
llama3-8b,rome,ripple,ripple_popular_row705,ripple_relation_specificity,hit,post,1.0
llama3-8b,rome,ripple,ripple_popular_row705,ripple_preservation,hit,post,0.0
llama3-8b,rome,ripple,ripple_popular_row614,efficacy,hit,pre,0.0
llama3-8b,rome,ripple,ripple_popular_row614,ripple_compositional_i,hit,pre,0.0
llama3-8b,rome,ripple,ripple_popular_row614,ripple_aliasing,hit,pre,0.0
llama3-8b,rome,ripple,ripple_popular_row614,ripple_relation_specificity,hit,pre,1.0
llama3-8b,rome,ripple,ripple_popular_row614,ripple_preservation,hit,pre,1.0
llama3-8b,rome,ripple,ripple_popular_row614,efficacy,hit,post,1.0
llama3-8b,rome,ripple,ripple_popular_row614,ripple_compositional_i,hit,post,1.0
llama3-8b,rome,ripple,ripple_popular_row614,ripple_aliasing,hit,post,0.15384615384615385
llama3-8b,rome,ripple,ripple_popular_row614,ripple_relation_specificity,hit,post,0.2
llama3-8b,rome,ripple,ripple_popular_row614,ripple_preservation,hit,post,0.0
llama3-8b,rome,ripple,ripple_popular_row874,efficacy,hit,pre,0.0
llama3-8b,rome,ripple,ripple_popular_row874,ripple_logical,hit,pre,0.0
llama3-8b,rome,ripple,ripple_popular_row874,ripple_compositional_i,hit,pre,1.0
llama3-8b,rome,ripple,ripple_popular_row874,ripple_aliasing,hit,pre,0.0
llama3-8b,rome,ripple,ripple_popular_row874,ripple_relation_specificity,hit,pre,1.0
llama3-8b,rome,ripple,ripple_popular_row874,efficacy,hit,post,1.0
llama3-8b,rome,ripple,ripple_popular_row874,ripple_logical,hit,post,0.0
llama3-8b,rome,ripple,ripple_popular_row874,ripple_compositional_i,hit,post,1.0
llama3-8b,rome,ripple,ripple_popular_row874,ripple_aliasing,hit,post,1.0
llama3-8b,rome,ripple,ripple_popular_row874,ripple_relation_specificity,hit,post,0.5
llama3-8b,rome,ripple,ripple_popular_row610,efficacy,hit,pre,0.0
llama3-8b,rome,ripple,ripple_popular_row610,ripple_compositional_i,hit,pre,0.0
llama3-8b,rome,ripple,ripple_popular_row610,ripple_aliasing,hit,pre,0.0
llama3-8b,rome,ripple,ripple_popular_row610,efficacy,hit,post,1.0
llama3-8b,rome,ripple,ripple_popular_row610,ripple_compositional_i,hit,post,1.0
llama3-8b,rome,ripple,ripple_popular_row610,ripple_aliasing,hit,post,0.3333333333333333
llama3-8b,rome,ripple,ripple_popular_row816,efficacy,hit,pre,0.0
llama3-8b,rome,ripple,ripple_popular_row816,ripple_aliasing,hit,pre,0.0
llama3-8b,rome,ripple,ripple_popular_row816,ripple_relation_specificity,hit,pre,1.0
llama3-8b,rome,ripple,ripple_popular_row816,efficacy,hit,post,1.0
llama3-8b,rome,ripple,ripple_popular_row816,ripple_aliasing,hit,post,0.5
llama3-8b,rome,ripple,ripple_popular_row816,ripple_relation_specificity,hit,post,0.5
llama3-8b,rome,ripple,ripple_popular_row717,efficacy,hit,pre,0.0
llama3-8b,rome,ripple,ripple_popular_row717,ripple_logical,hit,pre,0.0
llama3-8b,rome,ripple,ripple_popular_row717,ripple_compositional_i,hit,pre,0.0
llama3-8b,rome,ripple,ripple_popular_row717,ripple_compositional_ii,hit,pre,0.0
llama3-8b,rome,ripple,ripple_popular_row717,ripple_aliasing,hit,pre,0.0
llama3-8b,rome,ripple,ripple_popular_row717,ripple_relation_specificity,hit,pre,0.6666666666666666
llama3-8b,rome,ripple,ripple_popular_row717,efficacy,hit,post,1.0
llama3-8b,rome,ripple,ripple_popular_row717,ripple_logical,hit,post,0.0
llama3-8b,rome,ripple,ripple_popular_row717,ripple_compositional_i,hit,post,0.5
llama3-8b,rome,ripple,ripple_popular_row717,ripple_compositional_ii,hit,post,0.0
llama3-8b,rome,ripple,ripple_popular_row717,ripple_aliasing,hit,post,0.25
llama3-8b,rome,ripple,ripple_popular_row717,ripple_relation_specificity,hit,post,0.16666666666666666
llama3-8b,rome,ripple,ripple_popular_row836,efficacy,hit,pre,0.0
llama3-8b,rome,ripple,ripple_popular_row836,ripple_compositional_ii,hit,pre,0.0
llama3-8b,rome,ripple,ripple_popular_row836,ripple_aliasing,hit,pre,0.0
llama3-8b,rome,ripple,ripple_popular_row836,ripple_relation_specificity,hit,pre,1.0
llama3-8b,rome,ripple,ripple_popular_row836,efficacy,hit,post,1.0
llama3-8b,rome,ripple,ripple_popular_row836,ripple_compositional_ii,hit,post,0.0
llama3-8b,rome,ripple,ripple_popular_row836,ripple_aliasing,hit,post,0.7
llama3-8b,rome,ripple,ripple_popular_row836,ripple_relation_specificity,hit,post,0.2
llama3-8b,rome,ripple,ripple_popular_row719,efficacy,hit,pre,0.0
llama3-8b,rome,ripple,ripple_popular_row719,ripple_relation_specificity,hit,pre,1.0
llama3-8b,rome,ripple,ripple_popular_row719,ripple_preservation,hit,pre,1.0
llama3-8b,rome,ripple,ripple_popular_row719,efficacy,hit,post,1.0
llama3-8b,rome,ripple,ripple_popular_row719,ripple_relation_specificity,hit,post,1.0
llama3-8b,rome,ripple,ripple_popular_row719,ripple_preservation,hit,post,0.0
llama3-8b,rome,ripple,ripple_popular_row684,efficacy,hit,pre,0.0
llama3-8b,rome,ripple,ripple_popular_row684,ripple_aliasing,hit,pre,0.0
llama3-8b,rome,ripple,ripple_popular_row684,efficacy,hit,post,1.0
llama3-8b,rome,ripple,ripple_popular_row684,ripple_aliasing,hit,post,0.0
llama3-8b,rome,ripple,ripple_popular_row877,efficacy,hit,pre,0.0
llama3-8b,rome,ripple,ripple_popular_row877,ripple_aliasing,hit,pre,0.0
llama3-8b,rome,ripple,ripple_popular_row877,ripple_relation_specificity,hit,pre,1.0
llama3-8b,rome,ripple,ripple_popular_row877,efficacy,hit,post,1.0
llama3-8b,rome,ripple,ripple_popular_row877,ripple_aliasing,hit,post,1.0
llama3-8b,rome,ripple,ripple_popular_row877,ripple_relation_specificity,hit,post,0.0
llama3-8b,rome,ripple,ripple_popular_row763,efficacy,hit,pre,0.0
llama3-8b,rome,ripple,ripple_popular_row763,ripple_aliasing,hit,pre,0.0
llama3-8b,rome,ripple,ripple_popular_row763,ripple_relation_specificity,hit,pre,1.0
llama3-8b,rome,ripple,ripple_popular_row763,efficacy,hit,post,1.0
llama3-8b,rome,ripple,ripple_popular_row763,ripple_aliasing,hit,post,1.0
llama3-8b,rome,ripple,ripple_popular_row763,ripple_relation_specificity,hit,post,0.0
llama3-8b,rome,ripple,ripple_popular_row731,efficacy,hit,pre,0.0
llama3-8b,rome,ripple,ripple_popular_row731,ripple_aliasing,hit,pre,0.0
llama3-8b,rome,ripple,ripple_popular_row731,ripple_relation_specificity,hit,pre,1.0
llama3-8b,rome,ripple,ripple_popular_row731,efficacy,hit,post,1.0
llama3-8b,rome,ripple,ripple_popular_row731,ripple_aliasing,hit,post,1.0
llama3-8b,rome,ripple,ripple_popular_row731,ripple_relation_specificity,hit,post,0.5
llama3-8b,rome,ripple,ripple_popular_row799,efficacy,hit,pre,0.0
llama3-8b,rome,ripple,ripple_popular_row799,ripple_aliasing,hit,pre,0.0
llama3-8b,rome,ripple,ripple_popular_row799,ripple_relation_specificity,hit,pre,1.0
llama3-8b,rome,ripple,ripple_popular_row799,ripple_preservation,hit,pre,1.0
llama3-8b,rome,ripple,ripple_popular_row799,efficacy,hit,post,1.0
llama3-8b,rome,ripple,ripple_popular_row799,ripple_aliasing,hit,post,0.2
llama3-8b,rome,ripple,ripple_popular_row799,ripple_relation_specificity,hit,post,0.6
llama3-8b,rome,ripple,ripple_popular_row799,ripple_preservation,hit,post,0.0
llama3-8b,rome,ripple,ripple_popular_row880,efficacy,hit,pre,0.0
llama3-8b,rome,ripple,ripple_popular_row880,ripple_aliasing,hit,pre,0.0
llama3-8b,rome,ripple,ripple_popular_row880,ripple_relation_specificity,hit,pre,1.0
llama3-8b,rome,ripple,ripple_popular_row880,efficacy,hit,post,1.0
llama3-8b,rome,ripple,ripple_popular_row880,ripple_aliasing,hit,post,1.0
llama3-8b,rome,ripple,ripple_popular_row880,ripple_relation_specificity,hit,post,0.3333333333333333
llama3-8b,rome,ripple,ripple_popular_row680,efficacy,hit,pre,0.0
llama3-8b,rome,ripple,ripple_popular_row680,ripple_compositional_ii,hit,pre,0.0
llama3-8b,rome,ripple,ripple_popular_row680,ripple_aliasing,hit,pre,0.0
llama3-8b,rome,ripple,ripple_popular_row680,ripple_relation_specificity,hit,pre,1.0
llama3-8b,rome,ripple,ripple_popular_row680,efficacy,hit,post,1.0
llama3-8b,rome,ripple,ripple_popular_row680,ripple_compositional_ii,hit,post,0.0
llama3-8b,rome,ripple,ripple_popular_row680,ripple_aliasing,hit,post,1.0
llama3-8b,rome,ripple,ripple_popular_row680,ripple_relation_specificity,hit,post,0.125
llama3-8b,rome,ripple,ripple_popular_row737,efficacy,hit,pre,0.0
llama3-8b,rome,ripple,ripple_popular_row737,ripple_compositional_i,hit,pre,0.5
llama3-8b,rome,ripple,ripple_popular_row737,ripple_aliasing,hit,pre,0.0
llama3-8b,rome,ripple,ripple_popular_row737,ripple_relation_specificity,hit,pre,1.0
llama3-8b,rome,ripple,ripple_popular_row737,ripple_preservation,hit,pre,1.0
llama3-8b,rome,ripple,ripple_popular_row737,efficacy,hit,post,1.0
llama3-8b,rome,ripple,ripple_popular_row737,ripple_compositional_i,hit,post,0.0
llama3-8b,rome,ripple,ripple_popular_row737,ripple_aliasing,hit,post,0.0
llama3-8b,rome,ripple,ripple_popular_row737,ripple_relation_specificity,hit,post,0.0
llama3-8b,rome,ripple,ripple_popular_row737,ripple_preservation,hit,post,0.0
llama3-8b,rome,ripple,ripple_popular_row712,efficacy,hit,pre,0.0
llama3-8b,rome,ripple,ripple_popular_row712,ripple_aliasing,hit,pre,0.0
llama3-8b,rome,ripple,ripple_popular_row712,ripple_relation_specificity,hit,pre,1.0
llama3-8b,rome,ripple,ripple_popular_row712,efficacy,hit,post,1.0
llama3-8b,rome,ripple,ripple_popular_row712,ripple_aliasing,hit,post,0.4
llama3-8b,rome,ripple,ripple_popular_row712,ripple_relation_specificity,hit,post,0.0
llama3-8b,rome,ripple,ripple_popular_row789,efficacy,hit,pre,0.0
llama3-8b,rome,ripple,ripple_popular_row789,ripple_aliasing,hit,pre,0.0
llama3-8b,rome,ripple,ripple_popular_row789,ripple_relation_specificity,hit,pre,1.0
llama3-8b,rome,ripple,ripple_popular_row789,efficacy,hit,post,1.0
llama3-8b,rome,ripple,ripple_popular_row789,ripple_aliasing,hit,post,1.0
llama3-8b,rome,ripple,ripple_popular_row789,ripple_relation_specificity,hit,post,0.25
llama3-8b,rome,ripple,ripple_popular_row881,efficacy,hit,pre,0.0
llama3-8b,rome,ripple,ripple_popular_row881,ripple_logical,hit,pre,0.0
llama3-8b,rome,ripple,ripple_popular_row881,ripple_compositional_i,hit,pre,0.0
llama3-8b,rome,ripple,ripple_popular_row881,ripple_aliasing,hit,pre,0.0
llama3-8b,rome,ripple,ripple_popular_row881,ripple_relation_specificity,hit,pre,1.0
llama3-8b,rome,ripple,ripple_popular_row881,efficacy,hit,post,1.0
llama3-8b,rome,ripple,ripple_popular_row881,ripple_logical,hit,post,0.0
llama3-8b,rome,ripple,ripple_popular_row881,ripple_compositional_i,hit,post,0.0
llama3-8b,rome,ripple,ripple_popular_row881,ripple_aliasing,hit,post,0.5
llama3-8b,rome,ripple,ripple_popular_row881,ripple_relation_specificity,hit,post,0.3333333333333333
llama3-8b,rome,ripple,ripple_popular_row863,efficacy,hit,pre,0.0
llama3-8b,rome,ripple,ripple_popular_row863,ripple_aliasing,hit,pre,0.0
llama3-8b,rome,ripple,ripple_popular_row863,ripple_relation_specificity,hit,pre,1.0
llama3-8b,rome,ripple,ripple_popular_row863,efficacy,hit,post,1.0
llama3-8b,rome,ripple,ripple_popular_row863,ripple_aliasing,hit,post,1.0
llama3-8b,rome,ripple,ripple_popular_row863,ripple_relation_specificity,hit,post,0.5
llama3-8b,rome,ripple,ripple_popular_row873,efficacy,hit,pre,0.0
llama3-8b,rome,ripple,ripple_popular_row873,ripple_compositional_i,hit,pre,0.2
llama3-8b,rome,ripple,ripple_popular_row873,ripple_aliasing,hit,pre,0.0
llama3-8b,rome,ripple,ripple_popular_row873,ripple_relation_specificity,hit,pre,1.0
llama3-8b,rome,ripple,ripple_popular_row873,efficacy,hit,post,1.0
llama3-8b,rome,ripple,ripple_popular_row873,ripple_compositional_i,hit,post,0.8
llama3-8b,rome,ripple,ripple_popular_row873,ripple_aliasing,hit,post,1.0
llama3-8b,rome,ripple,ripple_popular_row873,ripple_relation_specificity,hit,post,0.6666666666666666
llama3-8b,rome,ripple,ripple_popular_row708,efficacy,hit,pre,0.0
llama3-8b,rome,ripple,ripple_popular_row708,ripple_compositional_ii,hit,pre,0.0
llama3-8b,rome,ripple,ripple_popular_row708,ripple_aliasing,hit,pre,0.0
llama3-8b,rome,ripple,ripple_popular_row708,ripple_relation_specificity,hit,pre,1.0
llama3-8b,rome,ripple,ripple_popular_row708,efficacy,hit,post,1.0
llama3-8b,rome,ripple,ripple_popular_row708,ripple_compositional_ii,hit,post,0.0
llama3-8b,rome,ripple,ripple_popular_row708,ripple_aliasing,hit,post,0.0
llama3-8b,rome,ripple,ripple_popular_row708,ripple_relation_specificity,hit,post,0.2
llama3-8b,rome,ripple,ripple_popular_row850,efficacy,hit,pre,0.0
llama3-8b,rome,ripple,ripple_popular_row850,ripple_relation_specificity,hit,pre,1.0
llama3-8b,rome,ripple,ripple_popular_row850,efficacy,hit,post,1.0
llama3-8b,rome,ripple,ripple_popular_row850,ripple_relation_specificity,hit,post,0.5
llama3-8b,rome,ripple,ripple_popular_row634,efficacy,hit,pre,0.0
llama3-8b,rome,ripple,ripple_popular_row634,ripple_aliasing,hit,pre,0.0
llama3-8b,rome,ripple,ripple_popular_row634,efficacy,hit,post,1.0
llama3-8b,rome,ripple,ripple_popular_row634,ripple_aliasing,hit,post,1.0
llama3-8b,rome,ripple,ripple_popular_row796,efficacy,hit,pre,0.0
llama3-8b,rome,ripple,ripple_popular_row796,ripple_relation_specificity,hit,pre,1.0
llama3-8b,rome,ripple,ripple_popular_row796,efficacy,hit,post,1.0
llama3-8b,rome,ripple,ripple_popular_row796,ripple_relation_specificity,hit,post,0.5
llama3-8b,rome,ripple,ripple_popular_row751,efficacy,hit,pre,0.0
llama3-8b,rome,ripple,ripple_popular_row751,ripple_logical,hit,pre,0.0
llama3-8b,rome,ripple,ripple_popular_row751,ripple_aliasing,hit,pre,0.0
llama3-8b,rome,ripple,ripple_popular_row751,ripple_relation_specificity,hit,pre,1.0
llama3-8b,rome,ripple,ripple_popular_row751,efficacy,hit,post,1.0
llama3-8b,rome,ripple,ripple_popular_row751,ripple_logical,hit,post,0.0
llama3-8b,rome,ripple,ripple_popular_row751,ripple_aliasing,hit,post,0.08333333333333333
llama3-8b,rome,ripple,ripple_popular_row751,ripple_relation_specificity,hit,post,0.0
llama3-8b,rome,ripple,ripple_popular_row871,efficacy,hit,pre,0.0
llama3-8b,rome,ripple,ripple_popular_row871,ripple_logical,hit,pre,0.0
llama3-8b,rome,ripple,ripple_popular_row871,efficacy,hit,post,1.0
llama3-8b,rome,ripple,ripple_popular_row871,ripple_logical,hit,post,0.0
llama3-8b,rome,ripple,ripple_popular_row746,efficacy,hit,pre,0.0
llama3-8b,rome,ripple,ripple_popular_row746,ripple_aliasing,hit,pre,0.0
llama3-8b,rome,ripple,ripple_popular_row746,ripple_relation_specificity,hit,pre,1.0
llama3-8b,rome,ripple,ripple_popular_row746,ripple_preservation,hit,pre,1.0
llama3-8b,rome,ripple,ripple_popular_row746,efficacy,hit,post,1.0
llama3-8b,rome,ripple,ripple_popular_row746,ripple_aliasing,hit,post,0.6666666666666666
llama3-8b,rome,ripple,ripple_popular_row746,ripple_relation_specificity,hit,post,0.0
llama3-8b,rome,ripple,ripple_popular_row746,ripple_preservation,hit,post,1.0
llama3-8b,rome,ripple,ripple_popular_row829,efficacy,hit,pre,0.0
llama3-8b,rome,ripple,ripple_popular_row829,ripple_aliasing,hit,pre,0.0
llama3-8b,rome,ripple,ripple_popular_row829,ripple_relation_specificity,hit,pre,1.0
llama3-8b,rome,ripple,ripple_popular_row829,efficacy,hit,post,1.0
llama3-8b,rome,ripple,ripple_popular_row829,ripple_aliasing,hit,post,1.0
llama3-8b,rome,ripple,ripple_popular_row829,ripple_relation_specificity,hit,post,0.3333333333333333
llama3-8b,rome,ripple,ripple_popular_row658,efficacy,hit,pre,0.0
llama3-8b,rome,ripple,ripple_popular_row658,ripple_logical,hit,pre,0.0
llama3-8b,rome,ripple,ripple_popular_row658,ripple_compositional_i,hit,pre,0.0
llama3-8b,rome,ripple,ripple_popular_row658,ripple_aliasing,hit,pre,0.0
llama3-8b,rome,ripple,ripple_popular_row658,efficacy,hit,post,1.0
llama3-8b,rome,ripple,ripple_popular_row658,ripple_logical,hit,post,0.5
llama3-8b,rome,ripple,ripple_popular_row658,ripple_compositional_i,hit,post,0.6666666666666666
llama3-8b,rome,ripple,ripple_popular_row658,ripple_aliasing,hit,post,0.0
llama3-8b,rome,ripple,ripple_popular_row884,efficacy,hit,pre,0.0
llama3-8b,rome,ripple,ripple_popular_row884,ripple_logical,hit,pre,0.0
llama3-8b,rome,ripple,ripple_popular_row884,ripple_compositional_i,hit,pre,0.0
llama3-8b,rome,ripple,ripple_popular_row884,ripple_compositional_ii,hit,pre,0.0
llama3-8b,rome,ripple,ripple_popular_row884,ripple_aliasing,hit,pre,0.0
llama3-8b,rome,ripple,ripple_popular_row884,ripple_relation_specificity,hit,pre,1.0
llama3-8b,rome,ripple,ripple_popular_row884,efficacy,hit,post,1.0
llama3-8b,rome,ripple,ripple_popular_row884,ripple_logical,hit,post,0.0
llama3-8b,rome,ripple,ripple_popular_row884,ripple_compositional_i,hit,post,0.25
llama3-8b,rome,ripple,ripple_popular_row884,ripple_compositional_ii,hit,post,0.0
llama3-8b,rome,ripple,ripple_popular_row884,ripple_aliasing,hit,post,0.625
llama3-8b,rome,ripple,ripple_popular_row884,ripple_relation_specificity,hit,post,0.16666666666666666
llama3-8b,rome,ripple,ripple_popular_row619,efficacy,hit,pre,0.0
llama3-8b,rome,ripple,ripple_popular_row619,ripple_compositional_i,hit,pre,0.0
llama3-8b,rome,ripple,ripple_popular_row619,ripple_aliasing,hit,pre,0.0
llama3-8b,rome,ripple,ripple_popular_row619,ripple_relation_specificity,hit,pre,1.0
llama3-8b,rome,ripple,ripple_popular_row619,efficacy,hit,post,1.0
llama3-8b,rome,ripple,ripple_popular_row619,ripple_compositional_i,hit,post,0.0
llama3-8b,rome,ripple,ripple_popular_row619,ripple_aliasing,hit,post,1.0
llama3-8b,rome,ripple,ripple_popular_row619,ripple_relation_specificity,hit,post,0.5
llama3-8b,rome,ripple,ripple_popular_row649,efficacy,hit,pre,0.0
llama3-8b,rome,ripple,ripple_popular_row649,ripple_logical,hit,pre,0.0
llama3-8b,rome,ripple,ripple_popular_row649,ripple_aliasing,hit,pre,0.0
llama3-8b,rome,ripple,ripple_popular_row649,efficacy,hit,post,1.0
llama3-8b,rome,ripple,ripple_popular_row649,ripple_logical,hit,post,0.0
llama3-8b,rome,ripple,ripple_popular_row649,ripple_aliasing,hit,post,0.0
llama3-8b,rome,ripple,ripple_popular_row688,efficacy,hit,pre,0.0
llama3-8b,rome,ripple,ripple_popular_row688,ripple_aliasing,hit,pre,0.0
llama3-8b,rome,ripple,ripple_popular_row688,ripple_relation_specificity,hit,pre,1.0
llama3-8b,rome,ripple,ripple_popular_row688,efficacy,hit,post,1.0
llama3-8b,rome,ripple,ripple_popular_row688,ripple_aliasing,hit,post,0.5
llama3-8b,rome,ripple,ripple_popular_row688,ripple_relation_specificity,hit,post,0.0
llama3-8b,rome,ripple,ripple_popular_row639,efficacy,hit,pre,0.0
llama3-8b,rome,ripple,ripple_popular_row639,ripple_aliasing,hit,pre,0.0
llama3-8b,rome,ripple,ripple_popular_row639,ripple_relation_specificity,hit,pre,1.0
llama3-8b,rome,ripple,ripple_popular_row639,efficacy,hit,post,1.0
llama3-8b,rome,ripple,ripple_popular_row639,ripple_aliasing,hit,post,1.0
llama3-8b,rome,ripple,ripple_popular_row639,ripple_relation_specificity,hit,post,0.5
llama3-8b,rome,ripple,ripple_popular_row665,efficacy,hit,pre,0.0
llama3-8b,rome,ripple,ripple_popular_row665,ripple_logical,hit,pre,0.0
llama3-8b,rome,ripple,ripple_popular_row665,efficacy,hit,post,1.0
llama3-8b,rome,ripple,ripple_popular_row665,ripple_logical,hit,post,0.0
llama3-8b,rome,ripple,ripple_popular_row801,efficacy,hit,pre,0.0
llama3-8b,rome,ripple,ripple_popular_row801,ripple_aliasing,hit,pre,0.0
llama3-8b,rome,ripple,ripple_popular_row801,efficacy,hit,post,1.0
llama3-8b,rome,ripple,ripple_popular_row801,ripple_aliasing,hit,post,1.0
llama3-8b,rome,ripple,ripple_popular_row601,efficacy,hit,pre,0.0
llama3-8b,rome,ripple,ripple_popular_row601,ripple_aliasing,hit,pre,0.0
llama3-8b,rome,ripple,ripple_popular_row601,ripple_relation_specificity,hit,pre,1.0
llama3-8b,rome,ripple,ripple_popular_row601,efficacy,hit,post,1.0
llama3-8b,rome,ripple,ripple_popular_row601,ripple_aliasing,hit,post,1.0
llama3-8b,rome,ripple,ripple_popular_row601,ripple_relation_specificity,hit,post,0.0
llama3-8b,rome,ripple,ripple_popular_row779,efficacy,hit,pre,0.0
llama3-8b,rome,ripple,ripple_popular_row779,ripple_logical,hit,pre,0.0
llama3-8b,rome,ripple,ripple_popular_row779,ripple_aliasing,hit,pre,0.0
llama3-8b,rome,ripple,ripple_popular_row779,efficacy,hit,post,0.0
llama3-8b,rome,ripple,ripple_popular_row779,ripple_logical,hit,post,0.0
llama3-8b,rome,ripple,ripple_popular_row779,ripple_aliasing,hit,post,0.0
llama3-8b,rome,ripple,ripple_popular_row817,efficacy,hit,pre,0.0
llama3-8b,rome,ripple,ripple_popular_row817,ripple_aliasing,hit,pre,0.0
llama3-8b,rome,ripple,ripple_popular_row817,ripple_relation_specificity,hit,pre,1.0
llama3-8b,rome,ripple,ripple_popular_row817,efficacy,hit,post,1.0
llama3-8b,rome,ripple,ripple_popular_row817,ripple_aliasing,hit,post,0.5
llama3-8b,rome,ripple,ripple_popular_row817,ripple_relation_specificity,hit,post,0.0
llama3-8b,rome,ripple,ripple_popular_row729,efficacy,hit,pre,0.0
llama3-8b,rome,ripple,ripple_popular_row729,ripple_aliasing,hit,pre,0.0
llama3-8b,rome,ripple,ripple_popular_row729,efficacy,hit,post,1.0
llama3-8b,rome,ripple,ripple_popular_row729,ripple_aliasing,hit,post,0.45454545454545453
llama3-8b,rome,ripple,ripple_popular_row720,efficacy,hit,pre,0.0
llama3-8b,rome,ripple,ripple_popular_row720,ripple_logical,hit,pre,0.0
llama3-8b,rome,ripple,ripple_popular_row720,ripple_aliasing,hit,pre,0.0
llama3-8b,rome,ripple,ripple_popular_row720,ripple_relation_specificity,hit,pre,1.0
llama3-8b,rome,ripple,ripple_popular_row720,efficacy,hit,post,1.0
llama3-8b,rome,ripple,ripple_popular_row720,ripple_logical,hit,post,0.0
llama3-8b,rome,ripple,ripple_popular_row720,ripple_aliasing,hit,post,0.0
llama3-8b,rome,ripple,ripple_popular_row720,ripple_relation_specificity,hit,post,0.2
llama3-8b,rome,ripple,ripple_popular_row632,efficacy,hit,pre,0.0
llama3-8b,rome,ripple,ripple_popular_row632,ripple_aliasing,hit,pre,0.0
llama3-8b,rome,ripple,ripple_popular_row632,ripple_relation_specificity,hit,pre,1.0
llama3-8b,rome,ripple,ripple_popular_row632,efficacy,hit,post,1.0
llama3-8b,rome,ripple,ripple_popular_row632,ripple_aliasing,hit,post,1.0
llama3-8b,rome,ripple,ripple_popular_row632,ripple_relation_specificity,hit,post,0.0
llama3-8b,rome,ripple,ripple_popular_row667,efficacy,hit,pre,0.0
llama3-8b,rome,ripple,ripple_popular_row667,ripple_compositional_ii,hit,pre,0.0
llama3-8b,rome,ripple,ripple_popular_row667,ripple_aliasing,hit,pre,0.0
llama3-8b,rome,ripple,ripple_popular_row667,ripple_relation_specificity,hit,pre,1.0
llama3-8b,rome,ripple,ripple_popular_row667,ripple_preservation,hit,pre,1.0
llama3-8b,rome,ripple,ripple_popular_row667,efficacy,hit,post,1.0
llama3-8b,rome,ripple,ripple_popular_row667,ripple_compositional_ii,hit,post,0.0
llama3-8b,rome,ripple,ripple_popular_row667,ripple_aliasing,hit,post,0.3333333333333333
llama3-8b,rome,ripple,ripple_popular_row667,ripple_relation_specificity,hit,post,1.0
llama3-8b,rome,ripple,ripple_popular_row667,ripple_preservation,hit,post,0.0
llama3-8b,rome,ripple,ripple_popular_row823,efficacy,hit,pre,0.0
llama3-8b,rome,ripple,ripple_popular_row823,ripple_aliasing,hit,pre,0.0
llama3-8b,rome,ripple,ripple_popular_row823,ripple_relation_specificity,hit,pre,1.0
llama3-8b,rome,ripple,ripple_popular_row823,efficacy,hit,post,1.0
llama3-8b,rome,ripple,ripple_popular_row823,ripple_aliasing,hit,post,1.0
llama3-8b,rome,ripple,ripple_popular_row823,ripple_relation_specificity,hit,post,1.0
llama3-8b,rome,ripple,ripple_popular_row703,efficacy,hit,pre,0.0
llama3-8b,rome,ripple,ripple_popular_row703,ripple_compositional_i,hit,pre,0.0
llama3-8b,rome,ripple,ripple_popular_row703,ripple_relation_specificity,hit,pre,1.0
llama3-8b,rome,ripple,ripple_popular_row703,efficacy,hit,post,1.0
llama3-8b,rome,ripple,ripple_popular_row703,ripple_compositional_i,hit,post,1.0
llama3-8b,rome,ripple,ripple_popular_row703,ripple_relation_specificity,hit,post,0.3333333333333333
llama3-8b,rome,ripple,ripple_popular_row774,efficacy,hit,pre,0.0
llama3-8b,rome,ripple,ripple_popular_row774,ripple_aliasing,hit,pre,0.0
llama3-8b,rome,ripple,ripple_popular_row774,ripple_relation_specificity,hit,pre,1.0
llama3-8b,rome,ripple,ripple_popular_row774,efficacy,hit,post,1.0
llama3-8b,rome,ripple,ripple_popular_row774,ripple_aliasing,hit,post,0.625
llama3-8b,rome,ripple,ripple_popular_row774,ripple_relation_specificity,hit,post,0.0
llama3-8b,rome,ripple,ripple_popular_row793,efficacy,hit,pre,0.0
llama3-8b,rome,ripple,ripple_popular_row793,ripple_logical,hit,pre,1.0
llama3-8b,rome,ripple,ripple_popular_row793,ripple_aliasing,hit,pre,0.0
llama3-8b,rome,ripple,ripple_popular_row793,ripple_relation_specificity,hit,pre,1.0
llama3-8b,rome,ripple,ripple_popular_row793,efficacy,hit,post,1.0
llama3-8b,rome,ripple,ripple_popular_row793,ripple_logical,hit,post,0.0
llama3-8b,rome,ripple,ripple_popular_row793,ripple_aliasing,hit,post,1.0
llama3-8b,rome,ripple,ripple_popular_row793,ripple_relation_specificity,hit,post,0.4
llama3-8b,rome,ripple,ripple_popular_row718,efficacy,hit,pre,0.0
llama3-8b,rome,ripple,ripple_popular_row718,ripple_aliasing,hit,pre,0.0
llama3-8b,rome,ripple,ripple_popular_row718,ripple_relation_specificity,hit,pre,1.0
llama3-8b,rome,ripple,ripple_popular_row718,efficacy,hit,post,1.0
llama3-8b,rome,ripple,ripple_popular_row718,ripple_aliasing,hit,post,0.5
llama3-8b,rome,ripple,ripple_popular_row718,ripple_relation_specificity,hit,post,0.0
llama3-8b,rome,ripple,ripple_popular_row759,efficacy,hit,pre,0.0
llama3-8b,rome,ripple,ripple_popular_row759,ripple_compositional_i,hit,pre,0.5
llama3-8b,rome,ripple,ripple_popular_row759,ripple_relation_specificity,hit,pre,1.0
llama3-8b,rome,ripple,ripple_popular_row759,efficacy,hit,post,1.0
llama3-8b,rome,ripple,ripple_popular_row759,ripple_compositional_i,hit,post,0.5
llama3-8b,rome,ripple,ripple_popular_row759,ripple_relation_specificity,hit,post,0.0
llama3-8b,rome,ripple,ripple_popular_row672,efficacy,hit,pre,0.0
llama3-8b,rome,ripple,ripple_popular_row672,ripple_logical,hit,pre,0.0
llama3-8b,rome,ripple,ripple_popular_row672,efficacy,hit,post,1.0
llama3-8b,rome,ripple,ripple_popular_row672,ripple_logical,hit,post,0.0
llama3-8b,rome,ripple,ripple_popular_row875,efficacy,hit,pre,0.0
llama3-8b,rome,ripple,ripple_popular_row875,ripple_relation_specificity,hit,pre,1.0
llama3-8b,rome,ripple,ripple_popular_row875,ripple_preservation,hit,pre,1.0
llama3-8b,rome,ripple,ripple_popular_row875,efficacy,hit,post,1.0
llama3-8b,rome,ripple,ripple_popular_row875,ripple_relation_specificity,hit,post,0.0
llama3-8b,rome,ripple,ripple_popular_row875,ripple_preservation,hit,post,0.0
llama3-8b,rome,ripple,ripple_popular_row645,efficacy,hit,pre,0.0
llama3-8b,rome,ripple,ripple_popular_row645,ripple_compositional_i,hit,pre,0.0
llama3-8b,rome,ripple,ripple_popular_row645,ripple_aliasing,hit,pre,0.0
llama3-8b,rome,ripple,ripple_popular_row645,ripple_relation_specificity,hit,pre,1.0
llama3-8b,rome,ripple,ripple_popular_row645,ripple_preservation,hit,pre,1.0
llama3-8b,rome,ripple,ripple_popular_row645,efficacy,hit,post,1.0
llama3-8b,rome,ripple,ripple_popular_row645,ripple_compositional_i,hit,post,0.25
llama3-8b,rome,ripple,ripple_popular_row645,ripple_aliasing,hit,post,0.0
llama3-8b,rome,ripple,ripple_popular_row645,ripple_relation_specificity,hit,post,0.2
llama3-8b,rome,ripple,ripple_popular_row645,ripple_preservation,hit,post,0.0
llama3-8b,rome,ripple,ripple_popular_row765,efficacy,hit,pre,0.0
llama3-8b,rome,ripple,ripple_popular_row765,ripple_compositional_ii,hit,pre,0.0
llama3-8b,rome,ripple,ripple_popular_row765,ripple_aliasing,hit,pre,0.0
llama3-8b,rome,ripple,ripple_popular_row765,ripple_relation_specificity,hit,pre,1.0
llama3-8b,rome,ripple,ripple_popular_row765,efficacy,hit,post,1.0
llama3-8b,rome,ripple,ripple_popular_row765,ripple_compositional_ii,hit,post,0.0
llama3-8b,rome,ripple,ripple_popular_row765,ripple_aliasing,hit,post,1.0
llama3-8b,rome,ripple,ripple_popular_row765,ripple_relation_specificity,hit,post,0.5
llama3-8b,rome,ripple,ripple_popular_row865,efficacy,hit,pre,0.0
llama3-8b,rome,ripple,ripple_popular_row865,ripple_logical,hit,pre,0.5
llama3-8b,rome,ripple,ripple_popular_row865,ripple_compositional_i,hit,pre,0.0
llama3-8b,rome,ripple,ripple_popular_row865,ripple_aliasing,hit,pre,0.0
llama3-8b,rome,ripple,ripple_popular_row865,ripple_relation_specificity,hit,pre,1.0
llama3-8b,rome,ripple,ripple_popular_row865,efficacy,hit,post,1.0
llama3-8b,rome,ripple,ripple_popular_row865,ripple_logical,hit,post,0.5
llama3-8b,rome,ripple,ripple_popular_row865,ripple_compositional_i,hit,post,0.0
llama3-8b,rome,ripple,ripple_popular_row865,ripple_aliasing,hit,post,0.0
llama3-8b,rome,ripple,ripple_popular_row865,ripple_relation_specificity,hit,post,0.0
llama3-8b,rome,ripple,ripple_popular_row689,efficacy,hit,pre,0.0
llama3-8b,rome,ripple,ripple_popular_row689,ripple_aliasing,hit,pre,0.0
llama3-8b,rome,ripple,ripple_popular_row689,ripple_relation_specificity,hit,pre,1.0
llama3-8b,rome,ripple,ripple_popular_row689,efficacy,hit,post,1.0
llama3-8b,rome,ripple,ripple_popular_row689,ripple_aliasing,hit,post,1.0
llama3-8b,rome,ripple,ripple_popular_row689,ripple_relation_specificity,hit,post,0.2
llama3-8b,rome,ripple,ripple_popular_row743,efficacy,hit,pre,0.0
llama3-8b,rome,ripple,ripple_popular_row743,ripple_aliasing,hit,pre,0.0
llama3-8b,rome,ripple,ripple_popular_row743,ripple_relation_specificity,hit,pre,1.0
llama3-8b,rome,ripple,ripple_popular_row743,efficacy,hit,post,1.0
llama3-8b,rome,ripple,ripple_popular_row743,ripple_aliasing,hit,post,0.0
llama3-8b,rome,ripple,ripple_popular_row743,ripple_relation_specificity,hit,post,0.0
llama3-8b,rome,ripple,ripple_popular_row676,efficacy,hit,pre,0.0
llama3-8b,rome,ripple,ripple_popular_row676,ripple_aliasing,hit,pre,0.0
llama3-8b,rome,ripple,ripple_popular_row676,ripple_relation_specificity,hit,pre,1.0
llama3-8b,rome,ripple,ripple_popular_row676,efficacy,hit,post,1.0
llama3-8b,rome,ripple,ripple_popular_row676,ripple_aliasing,hit,post,0.0
llama3-8b,rome,ripple,ripple_popular_row676,ripple_relation_specificity,hit,post,0.0
llama3-8b,rome,ripple,ripple_random_row1742,efficacy,hit,pre,0.0
llama3-8b,rome,ripple,ripple_random_row1742,ripple_aliasing,hit,pre,0.0
llama3-8b,rome,ripple,ripple_random_row1742,ripple_relation_specificity,hit,pre,1.0
llama3-8b,rome,ripple,ripple_random_row1742,efficacy,hit,post,1.0
llama3-8b,rome,ripple,ripple_random_row1742,ripple_aliasing,hit,post,0.0
llama3-8b,rome,ripple,ripple_random_row1742,ripple_relation_specificity,hit,post,1.0
llama3-8b,rome,ripple,ripple_random_row1584,efficacy,hit,pre,0.0
llama3-8b,rome,ripple,ripple_random_row1584,ripple_aliasing,hit,pre,0.0
llama3-8b,rome,ripple,ripple_random_row1584,efficacy,hit,post,1.0
llama3-8b,rome,ripple,ripple_random_row1584,ripple_aliasing,hit,post,0.0
llama3-8b,rome,ripple,ripple_random_row1799,efficacy,hit,pre,0.0
llama3-8b,rome,ripple,ripple_random_row1799,ripple_aliasing,hit,pre,0.0
llama3-8b,rome,ripple,ripple_random_row1799,efficacy,hit,post,1.0
llama3-8b,rome,ripple,ripple_random_row1799,ripple_aliasing,hit,post,1.0
llama3-8b,rome,ripple,ripple_random_row1627,efficacy,hit,pre,0.0
llama3-8b,rome,ripple,ripple_random_row1627,ripple_aliasing,hit,pre,0.0
llama3-8b,rome,ripple,ripple_random_row1627,ripple_relation_specificity,hit,pre,1.0
llama3-8b,rome,ripple,ripple_random_row1627,efficacy,hit,post,1.0
llama3-8b,rome,ripple,ripple_random_row1627,ripple_aliasing,hit,post,1.0
llama3-8b,rome,ripple,ripple_random_row1627,ripple_relation_specificity,hit,post,1.0
llama3-8b,rome,ripple,ripple_random_row1806,efficacy,hit,pre,0.0
llama3-8b,rome,ripple,ripple_random_row1806,ripple_aliasing,hit,pre,0.0
llama3-8b,rome,ripple,ripple_random_row1806,ripple_relation_specificity,hit,pre,1.0
llama3-8b,rome,ripple,ripple_random_row1806,efficacy,hit,post,0.0
llama3-8b,rome,ripple,ripple_random_row1806,ripple_aliasing,hit,post,1.0
llama3-8b,rome,ripple,ripple_random_row1806,ripple_relation_specificity,hit,post,1.0
llama3-8b,rome,ripple,ripple_random_row1724,efficacy,hit,pre,0.0
llama3-8b,rome,ripple,ripple_random_row1724,ripple_logical,hit,pre,0.0
llama3-8b,rome,ripple,ripple_random_row1724,ripple_aliasing,hit,pre,0.0
llama3-8b,rome,ripple,ripple_random_row1724,efficacy,hit,post,1.0
llama3-8b,rome,ripple,ripple_random_row1724,ripple_logical,hit,post,0.0
llama3-8b,rome,ripple,ripple_random_row1724,ripple_aliasing,hit,post,0.0
llama3-8b,rome,ripple,ripple_random_row1562,efficacy,hit,pre,0.0
llama3-8b,rome,ripple,ripple_random_row1562,ripple_aliasing,hit,pre,0.0
llama3-8b,rome,ripple,ripple_random_row1562,ripple_relation_specificity,hit,pre,1.0
llama3-8b,rome,ripple,ripple_random_row1562,efficacy,hit,post,1.0
llama3-8b,rome,ripple,ripple_random_row1562,ripple_aliasing,hit,post,0.5
llama3-8b,rome,ripple,ripple_random_row1562,ripple_relation_specificity,hit,post,0.6666666666666666
llama3-8b,rome,ripple,ripple_random_row1855,efficacy,hit,pre,0.0
llama3-8b,rome,ripple,ripple_random_row1855,ripple_aliasing,hit,pre,0.0
llama3-8b,rome,ripple,ripple_random_row1855,ripple_relation_specificity,hit,pre,1.0
llama3-8b,rome,ripple,ripple_random_row1855,efficacy,hit,post,1.0
llama3-8b,rome,ripple,ripple_random_row1855,ripple_aliasing,hit,post,0.5
llama3-8b,rome,ripple,ripple_random_row1855,ripple_relation_specificity,hit,post,1.0
llama3-8b,rome,ripple,ripple_random_row1823,efficacy,hit,pre,0.0
llama3-8b,rome,ripple,ripple_random_row1823,ripple_logical,hit,pre,0.0
llama3-8b,rome,ripple,ripple_random_row1823,ripple_compositional_i,hit,pre,0.0
llama3-8b,rome,ripple,ripple_random_row1823,ripple_aliasing,hit,pre,0.0
llama3-8b,rome,ripple,ripple_random_row1823,efficacy,hit,post,1.0
llama3-8b,rome,ripple,ripple_random_row1823,ripple_logical,hit,post,0.0
llama3-8b,rome,ripple,ripple_random_row1823,ripple_compositional_i,hit,post,0.0
llama3-8b,rome,ripple,ripple_random_row1823,ripple_aliasing,hit,post,0.0
llama3-8b,rome,ripple,ripple_random_row1765,efficacy,hit,pre,0.0
llama3-8b,rome,ripple,ripple_random_row1765,ripple_aliasing,hit,pre,0.0
llama3-8b,rome,ripple,ripple_random_row1765,efficacy,hit,post,1.0
llama3-8b,rome,ripple,ripple_random_row1765,ripple_aliasing,hit,post,1.0
llama3-8b,rome,ripple,ripple_random_row1916,efficacy,hit,pre,0.0
llama3-8b,rome,ripple,ripple_random_row1916,ripple_aliasing,hit,pre,0.0
llama3-8b,rome,ripple,ripple_random_row1916,efficacy,hit,post,1.0
llama3-8b,rome,ripple,ripple_random_row1916,ripple_aliasing,hit,post,1.0
llama3-8b,rome,ripple,ripple_random_row1593,efficacy,hit,pre,0.0
llama3-8b,rome,ripple,ripple_random_row1593,ripple_aliasing,hit,pre,0.0
llama3-8b,rome,ripple,ripple_random_row1593,ripple_relation_specificity,hit,pre,1.0
llama3-8b,rome,ripple,ripple_random_row1593,efficacy,hit,post,1.0
llama3-8b,rome,ripple,ripple_random_row1593,ripple_aliasing,hit,post,1.0
llama3-8b,rome,ripple,ripple_random_row1593,ripple_relation_specificity,hit,post,0.0
llama3-8b,rome,ripple,ripple_random_row1734,efficacy,hit,pre,0.0
llama3-8b,rome,ripple,ripple_random_row1734,ripple_relation_specificity,hit,pre,1.0
llama3-8b,rome,ripple,ripple_random_row1734,efficacy,hit,post,1.0
llama3-8b,rome,ripple,ripple_random_row1734,ripple_relation_specificity,hit,post,0.0
llama3-8b,rome,ripple,ripple_random_row1556,efficacy,hit,pre,0.0
llama3-8b,rome,ripple,ripple_random_row1556,ripple_aliasing,hit,pre,0.0
llama3-8b,rome,ripple,ripple_random_row1556,ripple_relation_specificity,hit,pre,1.0
llama3-8b,rome,ripple,ripple_random_row1556,efficacy,hit,post,1.0
llama3-8b,rome,ripple,ripple_random_row1556,ripple_aliasing,hit,post,0.0
llama3-8b,rome,ripple,ripple_random_row1556,ripple_relation_specificity,hit,post,0.3333333333333333
llama3-8b,rome,ripple,ripple_random_row1592,efficacy,hit,pre,0.0
llama3-8b,rome,ripple,ripple_random_row1592,ripple_aliasing,hit,pre,0.0
llama3-8b,rome,ripple,ripple_random_row1592,ripple_relation_specificity,hit,pre,1.0
llama3-8b,rome,ripple,ripple_random_row1592,efficacy,hit,post,1.0
llama3-8b,rome,ripple,ripple_random_row1592,ripple_aliasing,hit,post,1.0
llama3-8b,rome,ripple,ripple_random_row1592,ripple_relation_specificity,hit,post,1.0
llama3-8b,rome,ripple,ripple_random_row1843,efficacy,hit,pre,0.0
llama3-8b,rome,ripple,ripple_random_row1843,ripple_compositional_i,hit,pre,0.0
llama3-8b,rome,ripple,ripple_random_row1843,ripple_aliasing,hit,pre,0.0
llama3-8b,rome,ripple,ripple_random_row1843,efficacy,hit,post,1.0
llama3-8b,rome,ripple,ripple_random_row1843,ripple_compositional_i,hit,post,1.0
llama3-8b,rome,ripple,ripple_random_row1843,ripple_aliasing,hit,post,0.0
llama3-8b,rome,ripple,ripple_random_row1711,efficacy,hit,pre,0.0
llama3-8b,rome,ripple,ripple_random_row1711,ripple_compositional_i,hit,pre,0.0
llama3-8b,rome,ripple,ripple_random_row1711,ripple_aliasing,hit,pre,0.0
llama3-8b,rome,ripple,ripple_random_row1711,efficacy,hit,post,1.0
llama3-8b,rome,ripple,ripple_random_row1711,ripple_compositional_i,hit,post,0.0
llama3-8b,rome,ripple,ripple_random_row1711,ripple_aliasing,hit,post,0.0
llama3-8b,rome,ripple,ripple_random_row1553,efficacy,hit,pre,0.0
llama3-8b,rome,ripple,ripple_random_row1553,ripple_logical,hit,pre,1.0
llama3-8b,rome,ripple,ripple_random_row1553,ripple_compositional_i,hit,pre,0.0
llama3-8b,rome,ripple,ripple_random_row1553,ripple_aliasing,hit,pre,0.0
llama3-8b,rome,ripple,ripple_random_row1553,ripple_relation_specificity,hit,pre,1.0
llama3-8b,rome,ripple,ripple_random_row1553,efficacy,hit,post,1.0
llama3-8b,rome,ripple,ripple_random_row1553,ripple_logical,hit,post,0.0
llama3-8b,rome,ripple,ripple_random_row1553,ripple_compositional_i,hit,post,0.0
llama3-8b,rome,ripple,ripple_random_row1553,ripple_aliasing,hit,post,1.0
llama3-8b,rome,ripple,ripple_random_row1553,ripple_relation_specificity,hit,post,0.0
llama3-8b,rome,ripple,ripple_random_row1569,efficacy,hit,pre,0.0
llama3-8b,rome,ripple,ripple_random_row1569,ripple_aliasing,hit,pre,0.0
llama3-8b,rome,ripple,ripple_random_row1569,ripple_relation_specificity,hit,pre,1.0
llama3-8b,rome,ripple,ripple_random_row1569,efficacy,hit,post,1.0
llama3-8b,rome,ripple,ripple_random_row1569,ripple_aliasing,hit,post,1.0
llama3-8b,rome,ripple,ripple_random_row1569,ripple_relation_specificity,hit,post,0.0
llama3-8b,rome,ripple,ripple_random_row1883,efficacy,hit,pre,0.0
llama3-8b,rome,ripple,ripple_random_row1883,ripple_logical,hit,pre,0.0
llama3-8b,rome,ripple,ripple_random_row1883,ripple_aliasing,hit,pre,0.0
llama3-8b,rome,ripple,ripple_random_row1883,ripple_relation_specificity,hit,pre,1.0
llama3-8b,rome,ripple,ripple_random_row1883,efficacy,hit,post,1.0
llama3-8b,rome,ripple,ripple_random_row1883,ripple_logical,hit,post,0.0
llama3-8b,rome,ripple,ripple_random_row1883,ripple_aliasing,hit,post,1.0
llama3-8b,rome,ripple,ripple_random_row1883,ripple_relation_specificity,hit,post,1.0
llama3-8b,rome,ripple,ripple_random_row1910,efficacy,hit,pre,0.0
llama3-8b,rome,ripple,ripple_random_row1910,ripple_logical,hit,pre,0.0
llama3-8b,rome,ripple,ripple_random_row1910,ripple_compositional_i,hit,pre,0.0
llama3-8b,rome,ripple,ripple_random_row1910,ripple_aliasing,hit,pre,0.0
llama3-8b,rome,ripple,ripple_random_row1910,ripple_relation_specificity,hit,pre,1.0
llama3-8b,rome,ripple,ripple_random_row1910,efficacy,hit,post,0.0
llama3-8b,rome,ripple,ripple_random_row1910,ripple_logical,hit,post,0.0
llama3-8b,rome,ripple,ripple_random_row1910,ripple_compositional_i,hit,post,0.0
llama3-8b,rome,ripple,ripple_random_row1910,ripple_aliasing,hit,post,0.0
llama3-8b,rome,ripple,ripple_random_row1910,ripple_relation_specificity,hit,post,1.0
llama3-8b,rome,ripple,ripple_random_row1608,efficacy,hit,pre,0.0
llama3-8b,rome,ripple,ripple_random_row1608,ripple_aliasing,hit,pre,0.0
llama3-8b,rome,ripple,ripple_random_row1608,ripple_relation_specificity,hit,pre,1.0
llama3-8b,rome,ripple,ripple_random_row1608,efficacy,hit,post,1.0
llama3-8b,rome,ripple,ripple_random_row1608,ripple_aliasing,hit,post,1.0
llama3-8b,rome,ripple,ripple_random_row1608,ripple_relation_specificity,hit,post,0.0
llama3-8b,rome,ripple,ripple_random_row1527,efficacy,hit,pre,0.0
llama3-8b,rome,ripple,ripple_random_row1527,ripple_aliasing,hit,pre,0.0
llama3-8b,rome,ripple,ripple_random_row1527,ripple_relation_specificity,hit,pre,1.0
llama3-8b,rome,ripple,ripple_random_row1527,efficacy,hit,post,1.0
llama3-8b,rome,ripple,ripple_random_row1527,ripple_aliasing,hit,post,0.5
llama3-8b,rome,ripple,ripple_random_row1527,ripple_relation_specificity,hit,post,0.0
llama3-8b,rome,ripple,ripple_random_row1565,efficacy,hit,pre,0.0
llama3-8b,rome,ripple,ripple_random_row1565,ripple_aliasing,hit,pre,0.0
llama3-8b,rome,ripple,ripple_random_row1565,efficacy,hit,post,1.0
llama3-8b,rome,ripple,ripple_random_row1565,ripple_aliasing,hit,post,1.0
llama3-8b,rome,ripple,ripple_random_row1809,efficacy,hit,pre,0.0
llama3-8b,rome,ripple,ripple_random_row1809,ripple_compositional_i,hit,pre,0.0
llama3-8b,rome,ripple,ripple_random_row1809,ripple_aliasing,hit,pre,0.0
llama3-8b,rome,ripple,ripple_random_row1809,efficacy,hit,post,1.0
llama3-8b,rome,ripple,ripple_random_row1809,ripple_compositional_i,hit,post,0.0
llama3-8b,rome,ripple,ripple_random_row1809,ripple_aliasing,hit,post,1.0
llama3-8b,rome,ripple,ripple_random_row1536,efficacy,hit,pre,0.0
llama3-8b,rome,ripple,ripple_random_row1536,ripple_aliasing,hit,pre,0.0
llama3-8b,rome,ripple,ripple_random_row1536,efficacy,hit,post,1.0
llama3-8b,rome,ripple,ripple_random_row1536,ripple_aliasing,hit,post,1.0
llama3-8b,rome,ripple,ripple_random_row1629,efficacy,hit,pre,0.0
llama3-8b,rome,ripple,ripple_random_row1629,ripple_aliasing,hit,pre,0.0
llama3-8b,rome,ripple,ripple_random_row1629,efficacy,hit,post,1.0
llama3-8b,rome,ripple,ripple_random_row1629,ripple_aliasing,hit,post,1.0
llama3-8b,rome,ripple,ripple_random_row1528,efficacy,hit,pre,0.0
llama3-8b,rome,ripple,ripple_random_row1528,ripple_logical,hit,pre,0.0
llama3-8b,rome,ripple,ripple_random_row1528,ripple_aliasing,hit,pre,0.0
llama3-8b,rome,ripple,ripple_random_row1528,ripple_relation_specificity,hit,pre,1.0
llama3-8b,rome,ripple,ripple_random_row1528,efficacy,hit,post,1.0
llama3-8b,rome,ripple,ripple_random_row1528,ripple_logical,hit,post,0.0
llama3-8b,rome,ripple,ripple_random_row1528,ripple_aliasing,hit,post,0.0
llama3-8b,rome,ripple,ripple_random_row1528,ripple_relation_specificity,hit,post,1.0
llama3-8b,rome,ripple,ripple_random_row1529,efficacy,hit,pre,0.0
llama3-8b,rome,ripple,ripple_random_row1529,ripple_compositional_i,hit,pre,0.0
llama3-8b,rome,ripple,ripple_random_row1529,ripple_aliasing,hit,pre,0.0
llama3-8b,rome,ripple,ripple_random_row1529,efficacy,hit,post,1.0
llama3-8b,rome,ripple,ripple_random_row1529,ripple_compositional_i,hit,post,1.0
llama3-8b,rome,ripple,ripple_random_row1529,ripple_aliasing,hit,post,1.0
llama3-8b,rome,ripple,ripple_random_row1815,efficacy,hit,pre,0.0
llama3-8b,rome,ripple,ripple_random_row1815,ripple_aliasing,hit,pre,0.0
llama3-8b,rome,ripple,ripple_random_row1815,ripple_relation_specificity,hit,pre,1.0
llama3-8b,rome,ripple,ripple_random_row1815,efficacy,hit,post,1.0
llama3-8b,rome,ripple,ripple_random_row1815,ripple_aliasing,hit,post,1.0
llama3-8b,rome,ripple,ripple_random_row1815,ripple_relation_specificity,hit,post,0.0
llama3-8b,rome,ripple,ripple_random_row1675,efficacy,hit,pre,0.0
llama3-8b,rome,ripple,ripple_random_row1675,ripple_logical,hit,pre,0.0
llama3-8b,rome,ripple,ripple_random_row1675,ripple_compositional_i,hit,pre,0.0
llama3-8b,rome,ripple,ripple_random_row1675,ripple_aliasing,hit,pre,0.0
llama3-8b,rome,ripple,ripple_random_row1675,ripple_relation_specificity,hit,pre,1.0
llama3-8b,rome,ripple,ripple_random_row1675,efficacy,hit,post,1.0
llama3-8b,rome,ripple,ripple_random_row1675,ripple_logical,hit,post,0.0
llama3-8b,rome,ripple,ripple_random_row1675,ripple_compositional_i,hit,post,0.0
llama3-8b,rome,ripple,ripple_random_row1675,ripple_aliasing,hit,post,1.0
llama3-8b,rome,ripple,ripple_random_row1675,ripple_relation_specificity,hit,post,0.0
llama3-8b,rome,ripple,ripple_random_row1581,efficacy,hit,pre,0.0
llama3-8b,rome,ripple,ripple_random_row1581,ripple_logical,hit,pre,0.0
llama3-8b,rome,ripple,ripple_random_row1581,ripple_compositional_i,hit,pre,0.0
llama3-8b,rome,ripple,ripple_random_row1581,ripple_aliasing,hit,pre,0.0
llama3-8b,rome,ripple,ripple_random_row1581,ripple_relation_specificity,hit,pre,1.0
llama3-8b,rome,ripple,ripple_random_row1581,efficacy,hit,post,1.0
llama3-8b,rome,ripple,ripple_random_row1581,ripple_logical,hit,post,0.0
llama3-8b,rome,ripple,ripple_random_row1581,ripple_compositional_i,hit,post,0.0
llama3-8b,rome,ripple,ripple_random_row1581,ripple_aliasing,hit,post,1.0
llama3-8b,rome,ripple,ripple_random_row1581,ripple_relation_specificity,hit,post,0.25
llama3-8b,rome,ripple,ripple_random_row1728,efficacy,hit,pre,0.0
llama3-8b,rome,ripple,ripple_random_row1728,ripple_logical,hit,pre,0.0
llama3-8b,rome,ripple,ripple_random_row1728,ripple_aliasing,hit,pre,0.0
llama3-8b,rome,ripple,ripple_random_row1728,ripple_relation_specificity,hit,pre,1.0
llama3-8b,rome,ripple,ripple_random_row1728,efficacy,hit,post,1.0
llama3-8b,rome,ripple,ripple_random_row1728,ripple_logical,hit,post,0.0
llama3-8b,rome,ripple,ripple_random_row1728,ripple_aliasing,hit,post,1.0
llama3-8b,rome,ripple,ripple_random_row1728,ripple_relation_specificity,hit,post,0.0
llama3-8b,rome,ripple,ripple_random_row1609,efficacy,hit,pre,0.0
llama3-8b,rome,ripple,ripple_random_row1609,ripple_logical,hit,pre,0.0
llama3-8b,rome,ripple,ripple_random_row1609,ripple_compositional_i,hit,pre,0.0
llama3-8b,rome,ripple,ripple_random_row1609,ripple_aliasing,hit,pre,0.0
llama3-8b,rome,ripple,ripple_random_row1609,ripple_relation_specificity,hit,pre,1.0
llama3-8b,rome,ripple,ripple_random_row1609,efficacy,hit,post,1.0
llama3-8b,rome,ripple,ripple_random_row1609,ripple_logical,hit,post,0.0
llama3-8b,rome,ripple,ripple_random_row1609,ripple_compositional_i,hit,post,0.5
llama3-8b,rome,ripple,ripple_random_row1609,ripple_aliasing,hit,post,1.0
llama3-8b,rome,ripple,ripple_random_row1609,ripple_relation_specificity,hit,post,0.0
llama3-8b,rome,ripple,ripple_random_row1769,efficacy,hit,pre,0.0
llama3-8b,rome,ripple,ripple_random_row1769,ripple_logical,hit,pre,0.0
llama3-8b,rome,ripple,ripple_random_row1769,ripple_aliasing,hit,pre,0.0
llama3-8b,rome,ripple,ripple_random_row1769,efficacy,hit,post,1.0
llama3-8b,rome,ripple,ripple_random_row1769,ripple_logical,hit,post,0.0
llama3-8b,rome,ripple,ripple_random_row1769,ripple_aliasing,hit,post,1.0
llama3-8b,rome,ripple,ripple_random_row1721,efficacy,hit,pre,0.0
llama3-8b,rome,ripple,ripple_random_row1721,ripple_logical,hit,pre,0.0
llama3-8b,rome,ripple,ripple_random_row1721,ripple_aliasing,hit,pre,0.0
llama3-8b,rome,ripple,ripple_random_row1721,efficacy,hit,post,1.0
llama3-8b,rome,ripple,ripple_random_row1721,ripple_logical,hit,post,1.0
llama3-8b,rome,ripple,ripple_random_row1721,ripple_aliasing,hit,post,1.0
llama3-8b,rome,ripple,ripple_random_row1504,efficacy,hit,pre,0.0
llama3-8b,rome,ripple,ripple_random_row1504,ripple_aliasing,hit,pre,0.0
llama3-8b,rome,ripple,ripple_random_row1504,efficacy,hit,post,0.0
llama3-8b,rome,ripple,ripple_random_row1504,ripple_aliasing,hit,post,0.0
llama3-8b,rome,ripple,ripple_random_row1702,efficacy,hit,pre,0.0
llama3-8b,rome,ripple,ripple_random_row1702,ripple_compositional_i,hit,pre,0.0
llama3-8b,rome,ripple,ripple_random_row1702,ripple_aliasing,hit,pre,0.0
llama3-8b,rome,ripple,ripple_random_row1702,efficacy,hit,post,1.0
llama3-8b,rome,ripple,ripple_random_row1702,ripple_compositional_i,hit,post,0.0
llama3-8b,rome,ripple,ripple_random_row1702,ripple_aliasing,hit,post,0.0
llama3-8b,rome,ripple,ripple_random_row1912,efficacy,hit,pre,0.0
llama3-8b,rome,ripple,ripple_random_row1912,ripple_aliasing,hit,pre,0.0
llama3-8b,rome,ripple,ripple_random_row1912,efficacy,hit,post,1.0
llama3-8b,rome,ripple,ripple_random_row1912,ripple_aliasing,hit,post,1.0
llama3-8b,rome,ripple,ripple_random_row1686,efficacy,hit,pre,0.0
llama3-8b,rome,ripple,ripple_random_row1686,ripple_aliasing,hit,pre,0.0
llama3-8b,rome,ripple,ripple_random_row1686,efficacy,hit,post,1.0
llama3-8b,rome,ripple,ripple_random_row1686,ripple_aliasing,hit,post,1.0
llama3-8b,rome,ripple,ripple_random_row1747,efficacy,hit,pre,0.0
llama3-8b,rome,ripple,ripple_random_row1747,ripple_logical,hit,pre,1.0
llama3-8b,rome,ripple,ripple_random_row1747,ripple_aliasing,hit,pre,0.0
llama3-8b,rome,ripple,ripple_random_row1747,efficacy,hit,post,1.0
llama3-8b,rome,ripple,ripple_random_row1747,ripple_logical,hit,post,0.0
llama3-8b,rome,ripple,ripple_random_row1747,ripple_aliasing,hit,post,1.0
llama3-8b,rome,ripple,ripple_random_row1802,efficacy,hit,pre,0.0
llama3-8b,rome,ripple,ripple_random_row1802,ripple_compositional_i,hit,pre,0.0
llama3-8b,rome,ripple,ripple_random_row1802,ripple_aliasing,hit,pre,0.0
llama3-8b,rome,ripple,ripple_random_row1802,efficacy,hit,post,1.0
llama3-8b,rome,ripple,ripple_random_row1802,ripple_compositional_i,hit,post,0.5
llama3-8b,rome,ripple,ripple_random_row1802,ripple_aliasing,hit,post,0.0
llama3-8b,rome,ripple,ripple_random_row1759,efficacy,hit,pre,0.0
llama3-8b,rome,ripple,ripple_random_row1759,ripple_aliasing,hit,pre,0.0
llama3-8b,rome,ripple,ripple_random_row1759,efficacy,hit,post,1.0
llama3-8b,rome,ripple,ripple_random_row1759,ripple_aliasing,hit,post,0.0
llama3-8b,rome,ripple,ripple_random_row1893,efficacy,hit,pre,0.0
llama3-8b,rome,ripple,ripple_random_row1893,ripple_compositional_i,hit,pre,0.0
llama3-8b,rome,ripple,ripple_random_row1893,ripple_aliasing,hit,pre,0.0
llama3-8b,rome,ripple,ripple_random_row1893,efficacy,hit,post,1.0
llama3-8b,rome,ripple,ripple_random_row1893,ripple_compositional_i,hit,post,0.0
llama3-8b,rome,ripple,ripple_random_row1893,ripple_aliasing,hit,post,1.0
llama3-8b,rome,ripple,ripple_random_row1740,efficacy,hit,pre,0.0
llama3-8b,rome,ripple,ripple_random_row1740,ripple_aliasing,hit,pre,0.0
llama3-8b,rome,ripple,ripple_random_row1740,ripple_relation_specificity,hit,pre,1.0
llama3-8b,rome,ripple,ripple_random_row1740,efficacy,hit,post,0.0
llama3-8b,rome,ripple,ripple_random_row1740,ripple_aliasing,hit,post,0.0
llama3-8b,rome,ripple,ripple_random_row1740,ripple_relation_specificity,hit,post,0.5
llama3-8b,rome,ripple,ripple_random_row1659,efficacy,hit,pre,0.0
llama3-8b,rome,ripple,ripple_random_row1659,ripple_aliasing,hit,pre,0.0
llama3-8b,rome,ripple,ripple_random_row1659,ripple_relation_specificity,hit,pre,1.0
llama3-8b,rome,ripple,ripple_random_row1659,efficacy,hit,post,1.0
llama3-8b,rome,ripple,ripple_random_row1659,ripple_aliasing,hit,post,0.0
llama3-8b,rome,ripple,ripple_random_row1659,ripple_relation_specificity,hit,post,1.0
llama3-8b,rome,ripple,ripple_random_row1685,efficacy,hit,pre,0.0
llama3-8b,rome,ripple,ripple_random_row1685,ripple_logical,hit,pre,0.0
llama3-8b,rome,ripple,ripple_random_row1685,ripple_compositional_i,hit,pre,0.0
llama3-8b,rome,ripple,ripple_random_row1685,ripple_aliasing,hit,pre,0.0
llama3-8b,rome,ripple,ripple_random_row1685,efficacy,hit,post,1.0
llama3-8b,rome,ripple,ripple_random_row1685,ripple_logical,hit,post,0.0
llama3-8b,rome,ripple,ripple_random_row1685,ripple_compositional_i,hit,post,0.0
llama3-8b,rome,ripple,ripple_random_row1685,ripple_aliasing,hit,post,0.0
llama3-8b,rome,ripple,ripple_random_row1615,efficacy,hit,pre,0.0
llama3-8b,rome,ripple,ripple_random_row1615,ripple_aliasing,hit,pre,0.0
llama3-8b,rome,ripple,ripple_random_row1615,efficacy,hit,post,1.0
llama3-8b,rome,ripple,ripple_random_row1615,ripple_aliasing,hit,post,1.0
llama3-8b,rome,ripple,ripple_random_row1754,efficacy,hit,pre,0.0
llama3-8b,rome,ripple,ripple_random_row1754,ripple_logical,hit,pre,1.0
llama3-8b,rome,ripple,ripple_random_row1754,ripple_compositional_i,hit,pre,0.5
llama3-8b,rome,ripple,ripple_random_row1754,ripple_aliasing,hit,pre,0.0
llama3-8b,rome,ripple,ripple_random_row1754,efficacy,hit,post,1.0
llama3-8b,rome,ripple,ripple_random_row1754,ripple_logical,hit,post,1.0
llama3-8b,rome,ripple,ripple_random_row1754,ripple_compositional_i,hit,post,1.0
llama3-8b,rome,ripple,ripple_random_row1754,ripple_aliasing,hit,post,0.0
llama3-8b,rome,ripple,ripple_random_row1570,efficacy,hit,pre,0.0
llama3-8b,rome,ripple,ripple_random_row1570,ripple_logical,hit,pre,0.0
llama3-8b,rome,ripple,ripple_random_row1570,ripple_compositional_i,hit,pre,0.0
llama3-8b,rome,ripple,ripple_random_row1570,ripple_aliasing,hit,pre,0.0
llama3-8b,rome,ripple,ripple_random_row1570,ripple_relation_specificity,hit,pre,1.0
llama3-8b,rome,ripple,ripple_random_row1570,efficacy,hit,post,1.0
llama3-8b,rome,ripple,ripple_random_row1570,ripple_logical,hit,post,0.0
llama3-8b,rome,ripple,ripple_random_row1570,ripple_compositional_i,hit,post,0.0
llama3-8b,rome,ripple,ripple_random_row1570,ripple_aliasing,hit,post,1.0
llama3-8b,rome,ripple,ripple_random_row1570,ripple_relation_specificity,hit,post,1.0
llama3-8b,rome,ripple,ripple_random_row1905,efficacy,hit,pre,0.0
llama3-8b,rome,ripple,ripple_random_row1905,ripple_aliasing,hit,pre,0.0
llama3-8b,rome,ripple,ripple_random_row1905,ripple_relation_specificity,hit,pre,1.0
llama3-8b,rome,ripple,ripple_random_row1905,efficacy,hit,post,1.0
llama3-8b,rome,ripple,ripple_random_row1905,ripple_aliasing,hit,post,1.0
llama3-8b,rome,ripple,ripple_random_row1905,ripple_relation_specificity,hit,post,1.0
llama3-8b,rome,ripple,ripple_random_row1917,efficacy,hit,pre,0.0
llama3-8b,rome,ripple,ripple_random_row1917,ripple_aliasing,hit,pre,0.0
llama3-8b,rome,ripple,ripple_random_row1917,efficacy,hit,post,1.0
llama3-8b,rome,ripple,ripple_random_row1917,ripple_aliasing,hit,post,1.0
llama3-8b,rome,ripple,ripple_random_row1781,efficacy,hit,pre,0.0
llama3-8b,rome,ripple,ripple_random_row1781,ripple_aliasing,hit,pre,0.0
llama3-8b,rome,ripple,ripple_random_row1781,ripple_relation_specificity,hit,pre,1.0
llama3-8b,rome,ripple,ripple_random_row1781,efficacy,hit,post,1.0
llama3-8b,rome,ripple,ripple_random_row1781,ripple_aliasing,hit,post,1.0
llama3-8b,rome,ripple,ripple_random_row1781,ripple_relation_specificity,hit,post,1.0
llama3-8b,rome,ripple,ripple_random_row1603,efficacy,hit,pre,0.0
llama3-8b,rome,ripple,ripple_random_row1603,ripple_aliasing,hit,pre,0.0
llama3-8b,rome,ripple,ripple_random_row1603,efficacy,hit,post,1.0
llama3-8b,rome,ripple,ripple_random_row1603,ripple_aliasing,hit,post,0.0
llama3-8b,rome,ripple,ripple_random_row1751,efficacy,hit,pre,0.0
llama3-8b,rome,ripple,ripple_random_row1751,ripple_aliasing,hit,pre,0.0
llama3-8b,rome,ripple,ripple_random_row1751,efficacy,hit,post,1.0
llama3-8b,rome,ripple,ripple_random_row1751,ripple_aliasing,hit,post,0.0
llama3-8b,rome,ripple,ripple_random_row1899,efficacy,hit,pre,0.0
llama3-8b,rome,ripple,ripple_random_row1899,ripple_aliasing,hit,pre,0.0
llama3-8b,rome,ripple,ripple_random_row1899,efficacy,hit,post,1.0
llama3-8b,rome,ripple,ripple_random_row1899,ripple_aliasing,hit,post,1.0
llama3-8b,rome,ripple,ripple_random_row1890,efficacy,hit,pre,0.0
llama3-8b,rome,ripple,ripple_random_row1890,ripple_aliasing,hit,pre,0.0
llama3-8b,rome,ripple,ripple_random_row1890,efficacy,hit,post,1.0
llama3-8b,rome,ripple,ripple_random_row1890,ripple_aliasing,hit,post,1.0
llama3-8b,rome,ripple,ripple_random_row1636,efficacy,hit,pre,0.0
llama3-8b,rome,ripple,ripple_random_row1636,ripple_relation_specificity,hit,pre,1.0
llama3-8b,rome,ripple,ripple_random_row1636,efficacy,hit,post,1.0
llama3-8b,rome,ripple,ripple_random_row1636,ripple_relation_specificity,hit,post,0.0
llama3-8b,rome,ripple,ripple_random_row1684,efficacy,hit,pre,0.0
llama3-8b,rome,ripple,ripple_random_row1684,ripple_logical,hit,pre,0.3333333333333333
llama3-8b,rome,ripple,ripple_random_row1684,ripple_compositional_i,hit,pre,0.25
llama3-8b,rome,ripple,ripple_random_row1684,ripple_aliasing,hit,pre,0.0
llama3-8b,rome,ripple,ripple_random_row1684,efficacy,hit,post,1.0
llama3-8b,rome,ripple,ripple_random_row1684,ripple_logical,hit,post,1.0
llama3-8b,rome,ripple,ripple_random_row1684,ripple_compositional_i,hit,post,0.25
llama3-8b,rome,ripple,ripple_random_row1684,ripple_aliasing,hit,post,0.5
llama3-8b,rome,ripple,ripple_random_row1817,efficacy,hit,pre,0.0
llama3-8b,rome,ripple,ripple_random_row1817,ripple_aliasing,hit,pre,0.0
llama3-8b,rome,ripple,ripple_random_row1817,ripple_relation_specificity,hit,pre,1.0
llama3-8b,rome,ripple,ripple_random_row1817,efficacy,hit,post,1.0
llama3-8b,rome,ripple,ripple_random_row1817,ripple_aliasing,hit,post,0.5
llama3-8b,rome,ripple,ripple_random_row1817,ripple_relation_specificity,hit,post,0.0
llama3-8b,rome,ripple,ripple_random_row1896,efficacy,hit,pre,0.0
llama3-8b,rome,ripple,ripple_random_row1896,ripple_aliasing,hit,pre,0.0
llama3-8b,rome,ripple,ripple_random_row1896,efficacy,hit,post,1.0
llama3-8b,rome,ripple,ripple_random_row1896,ripple_aliasing,hit,post,0.0
llama3-8b,rome,ripple,ripple_random_row1845,efficacy,hit,pre,0.0
llama3-8b,rome,ripple,ripple_random_row1845,ripple_aliasing,hit,pre,0.0
llama3-8b,rome,ripple,ripple_random_row1845,efficacy,hit,post,1.0
llama3-8b,rome,ripple,ripple_random_row1845,ripple_aliasing,hit,post,1.0
llama3-8b,rome,ripple,ripple_random_row1688,efficacy,hit,pre,0.0
llama3-8b,rome,ripple,ripple_random_row1688,ripple_aliasing,hit,pre,0.0
llama3-8b,rome,ripple,ripple_random_row1688,efficacy,hit,post,1.0
llama3-8b,rome,ripple,ripple_random_row1688,ripple_aliasing,hit,post,1.0
llama3-8b,rome,ripple,ripple_random_row1903,efficacy,hit,pre,0.0
llama3-8b,rome,ripple,ripple_random_row1903,ripple_aliasing,hit,pre,0.0
llama3-8b,rome,ripple,ripple_random_row1903,ripple_relation_specificity,hit,pre,1.0
llama3-8b,rome,ripple,ripple_random_row1903,efficacy,hit,post,1.0
llama3-8b,rome,ripple,ripple_random_row1903,ripple_aliasing,hit,post,1.0
llama3-8b,rome,ripple,ripple_random_row1903,ripple_relation_specificity,hit,post,0.0
llama3-8b,rome,ripple,ripple_random_row1501,efficacy,hit,pre,0.0
llama3-8b,rome,ripple,ripple_random_row1501,ripple_aliasing,hit,pre,0.0
llama3-8b,rome,ripple,ripple_random_row1501,ripple_relation_specificity,hit,pre,1.0
llama3-8b,rome,ripple,ripple_random_row1501,efficacy,hit,post,1.0
llama3-8b,rome,ripple,ripple_random_row1501,ripple_aliasing,hit,post,1.0
llama3-8b,rome,ripple,ripple_random_row1501,ripple_relation_specificity,hit,post,0.0
llama3-8b,rome,ripple,ripple_random_row1637,efficacy,hit,pre,0.0
llama3-8b,rome,ripple,ripple_random_row1637,ripple_aliasing,hit,pre,0.0
llama3-8b,rome,ripple,ripple_random_row1637,efficacy,hit,post,1.0
llama3-8b,rome,ripple,ripple_random_row1637,ripple_aliasing,hit,post,1.0
llama3-8b,rome,ripple,ripple_random_row1834,efficacy,hit,pre,0.0
llama3-8b,rome,ripple,ripple_random_row1834,ripple_logical,hit,pre,0.0
llama3-8b,rome,ripple,ripple_random_row1834,ripple_aliasing,hit,pre,0.0
llama3-8b,rome,ripple,ripple_random_row1834,ripple_relation_specificity,hit,pre,1.0
llama3-8b,rome,ripple,ripple_random_row1834,efficacy,hit,post,1.0
llama3-8b,rome,ripple,ripple_random_row1834,ripple_logical,hit,post,0.0
llama3-8b,rome,ripple,ripple_random_row1834,ripple_aliasing,hit,post,0.6666666666666666
llama3-8b,rome,ripple,ripple_random_row1834,ripple_relation_specificity,hit,post,0.3333333333333333
llama3-8b,rome,ripple,ripple_random_row1522,efficacy,hit,pre,0.0
llama3-8b,rome,ripple,ripple_random_row1522,ripple_aliasing,hit,pre,0.0
llama3-8b,rome,ripple,ripple_random_row1522,efficacy,hit,post,1.0
llama3-8b,rome,ripple,ripple_random_row1522,ripple_aliasing,hit,post,1.0
llama3-8b,rome,ripple,ripple_random_row1568,efficacy,hit,pre,0.0
llama3-8b,rome,ripple,ripple_random_row1568,ripple_aliasing,hit,pre,0.0
llama3-8b,rome,ripple,ripple_random_row1568,efficacy,hit,post,1.0
llama3-8b,rome,ripple,ripple_random_row1568,ripple_aliasing,hit,post,1.0
llama3-8b,rome,ripple,ripple_random_row1872,efficacy,hit,pre,0.0
llama3-8b,rome,ripple,ripple_random_row1872,ripple_aliasing,hit,pre,0.0
llama3-8b,rome,ripple,ripple_random_row1872,efficacy,hit,post,1.0
llama3-8b,rome,ripple,ripple_random_row1872,ripple_aliasing,hit,post,0.0
llama3-8b,rome,ripple,ripple_random_row1846,efficacy,hit,pre,0.0
llama3-8b,rome,ripple,ripple_random_row1846,ripple_aliasing,hit,pre,0.0
llama3-8b,rome,ripple,ripple_random_row1846,ripple_relation_specificity,hit,pre,1.0
llama3-8b,rome,ripple,ripple_random_row1846,efficacy,hit,post,1.0
llama3-8b,rome,ripple,ripple_random_row1846,ripple_aliasing,hit,post,1.0
llama3-8b,rome,ripple,ripple_random_row1846,ripple_relation_specificity,hit,post,0.5
llama3-8b,rome,ripple,ripple_random_row1558,efficacy,hit,pre,0.0
llama3-8b,rome,ripple,ripple_random_row1558,ripple_aliasing,hit,pre,0.0
llama3-8b,rome,ripple,ripple_random_row1558,efficacy,hit,post,1.0
llama3-8b,rome,ripple,ripple_random_row1558,ripple_aliasing,hit,post,0.5
llama3-8b,rome,ripple,ripple_random_row1618,efficacy,hit,pre,0.0
llama3-8b,rome,ripple,ripple_random_row1618,ripple_aliasing,hit,pre,0.0
llama3-8b,rome,ripple,ripple_random_row1618,ripple_relation_specificity,hit,pre,1.0
llama3-8b,rome,ripple,ripple_random_row1618,efficacy,hit,post,1.0
llama3-8b,rome,ripple,ripple_random_row1618,ripple_aliasing,hit,post,1.0
llama3-8b,rome,ripple,ripple_random_row1618,ripple_relation_specificity,hit,post,0.0
llama3-8b,rome,ripple,ripple_random_row1720,efficacy,hit,pre,0.0
llama3-8b,rome,ripple,ripple_random_row1720,ripple_logical,hit,pre,0.0
llama3-8b,rome,ripple,ripple_random_row1720,ripple_compositional_i,hit,pre,0.0
llama3-8b,rome,ripple,ripple_random_row1720,ripple_aliasing,hit,pre,0.0
llama3-8b,rome,ripple,ripple_random_row1720,efficacy,hit,post,1.0
llama3-8b,rome,ripple,ripple_random_row1720,ripple_logical,hit,post,0.0
llama3-8b,rome,ripple,ripple_random_row1720,ripple_compositional_i,hit,post,0.0
llama3-8b,rome,ripple,ripple_random_row1720,ripple_aliasing,hit,post,1.0
llama3-8b,rome,ripple,ripple_random_row1795,efficacy,hit,pre,0.0
llama3-8b,rome,ripple,ripple_random_row1795,ripple_aliasing,hit,pre,0.0
llama3-8b,rome,ripple,ripple_random_row1795,efficacy,hit,post,1.0
llama3-8b,rome,ripple,ripple_random_row1795,ripple_aliasing,hit,post,1.0
llama3-8b,rome,ripple,ripple_random_row1650,efficacy,hit,pre,0.0
llama3-8b,rome,ripple,ripple_random_row1650,ripple_aliasing,hit,pre,0.0
llama3-8b,rome,ripple,ripple_random_row1650,efficacy,hit,post,1.0
llama3-8b,rome,ripple,ripple_random_row1650,ripple_aliasing,hit,post,0.5
llama3-8b,rome,ripple,ripple_random_row1692,efficacy,hit,pre,0.0
llama3-8b,rome,ripple,ripple_random_row1692,ripple_aliasing,hit,pre,0.0
llama3-8b,rome,ripple,ripple_random_row1692,ripple_relation_specificity,hit,pre,1.0
llama3-8b,rome,ripple,ripple_random_row1692,efficacy,hit,post,1.0
llama3-8b,rome,ripple,ripple_random_row1692,ripple_aliasing,hit,post,0.0
llama3-8b,rome,ripple,ripple_random_row1692,ripple_relation_specificity,hit,post,0.0
llama3-8b,rome,ripple,ripple_random_row1826,efficacy,hit,pre,0.0
llama3-8b,rome,ripple,ripple_random_row1826,ripple_aliasing,hit,pre,0.0
llama3-8b,rome,ripple,ripple_random_row1826,ripple_relation_specificity,hit,pre,1.0
llama3-8b,rome,ripple,ripple_random_row1826,efficacy,hit,post,1.0
llama3-8b,rome,ripple,ripple_random_row1826,ripple_aliasing,hit,post,1.0
llama3-8b,rome,ripple,ripple_random_row1826,ripple_relation_specificity,hit,post,1.0
llama3-8b,rome,ripple,ripple_random_row1526,efficacy,hit,pre,1.0
llama3-8b,rome,ripple,ripple_random_row1526,ripple_aliasing,hit,pre,1.0
llama3-8b,rome,ripple,ripple_random_row1526,efficacy,hit,post,1.0
llama3-8b,rome,ripple,ripple_random_row1526,ripple_aliasing,hit,post,1.0
llama3-8b,rome,ripple,ripple_random_row1836,efficacy,hit,pre,0.0
llama3-8b,rome,ripple,ripple_random_row1836,ripple_compositional_i,hit,pre,0.0
llama3-8b,rome,ripple,ripple_random_row1836,ripple_aliasing,hit,pre,0.0
llama3-8b,rome,ripple,ripple_random_row1836,efficacy,hit,post,1.0
llama3-8b,rome,ripple,ripple_random_row1836,ripple_compositional_i,hit,post,1.0
llama3-8b,rome,ripple,ripple_random_row1836,ripple_aliasing,hit,post,1.0
llama3-8b,rome,ripple,ripple_random_row1505,efficacy,hit,pre,0.0
llama3-8b,rome,ripple,ripple_random_row1505,ripple_aliasing,hit,pre,0.0
llama3-8b,rome,ripple,ripple_random_row1505,efficacy,hit,post,1.0
llama3-8b,rome,ripple,ripple_random_row1505,ripple_aliasing,hit,post,1.0
llama3-8b,rome,ripple,ripple_random_row1646,efficacy,hit,pre,0.0
llama3-8b,rome,ripple,ripple_random_row1646,ripple_logical,hit,pre,0.0
llama3-8b,rome,ripple,ripple_random_row1646,ripple_compositional_i,hit,pre,0.0
llama3-8b,rome,ripple,ripple_random_row1646,ripple_aliasing,hit,pre,0.0
llama3-8b,rome,ripple,ripple_random_row1646,efficacy,hit,post,1.0
llama3-8b,rome,ripple,ripple_random_row1646,ripple_logical,hit,post,0.5
llama3-8b,rome,ripple,ripple_random_row1646,ripple_compositional_i,hit,post,0.3333333333333333
llama3-8b,rome,ripple,ripple_random_row1646,ripple_aliasing,hit,post,1.0
llama3-8b,rome,ripple,ripple_random_row1709,efficacy,hit,pre,0.0
llama3-8b,rome,ripple,ripple_random_row1709,ripple_compositional_i,hit,pre,0.0
llama3-8b,rome,ripple,ripple_random_row1709,ripple_aliasing,hit,pre,0.0
llama3-8b,rome,ripple,ripple_random_row1709,efficacy,hit,post,1.0
llama3-8b,rome,ripple,ripple_random_row1709,ripple_compositional_i,hit,post,0.0
llama3-8b,rome,ripple,ripple_random_row1709,ripple_aliasing,hit,post,0.3333333333333333
llama3-8b,rome,ripple,ripple_random_row1814,efficacy,hit,pre,0.0
llama3-8b,rome,ripple,ripple_random_row1814,ripple_aliasing,hit,pre,0.0
llama3-8b,rome,ripple,ripple_random_row1814,efficacy,hit,post,1.0
llama3-8b,rome,ripple,ripple_random_row1814,ripple_aliasing,hit,post,0.3333333333333333
llama3-8b,rome,ripple,ripple_random_row1889,efficacy,hit,pre,0.0
llama3-8b,rome,ripple,ripple_random_row1889,ripple_aliasing,hit,pre,0.0
llama3-8b,rome,ripple,ripple_random_row1889,efficacy,hit,post,1.0
llama3-8b,rome,ripple,ripple_random_row1889,ripple_aliasing,hit,post,1.0
llama3-8b,rome,ripple,ripple_random_row1713,efficacy,hit,pre,0.0
llama3-8b,rome,ripple,ripple_random_row1713,ripple_aliasing,hit,pre,0.0
llama3-8b,rome,ripple,ripple_random_row1713,efficacy,hit,post,1.0
llama3-8b,rome,ripple,ripple_random_row1713,ripple_aliasing,hit,post,0.5
llama3-8b,rome,ripple,ripple_random_row1582,efficacy,hit,pre,0.0
llama3-8b,rome,ripple,ripple_random_row1582,ripple_aliasing,hit,pre,0.0
llama3-8b,rome,ripple,ripple_random_row1582,efficacy,hit,post,1.0
llama3-8b,rome,ripple,ripple_random_row1582,ripple_aliasing,hit,post,1.0
