model,method,bench,case,category,measure,phase,value
gpt2-xl,alphaedit,counterfact,11983,efficacy,success,pre,0.0
gpt2-xl,alphaedit,counterfact,11983,efficacy,diff,pre,-0.03565468776027049
gpt2-xl,alphaedit,counterfact,11983,efficacy,acc,pre,0.0
gpt2-xl,alphaedit,counterfact,11983,generalisation,success,pre,0.0
gpt2-xl,alphaedit,counterfact,11983,generalisation,diff,pre,-0.029315199454624997
gpt2-xl,alphaedit,counterfact,11983,generalisation,acc,pre,0.0
gpt2-xl,alphaedit,counterfact,11983,specificity,success,pre,0.1
gpt2-xl,alphaedit,counterfact,11983,specificity,diff,pre,-0.053060422747595745
gpt2-xl,alphaedit,counterfact,11983,specificity,acc,pre,0.1
gpt2-xl,alphaedit,counterfact,11983,target_close_neighbour,success,pre,0.9
gpt2-xl,alphaedit,counterfact,11983,target_close_neighbour,diff,pre,0.08293220752035592
gpt2-xl,alphaedit,counterfact,11983,target_close_neighbour,acc,pre,0.2
gpt2-xl,alphaedit,counterfact,11983,efficacy,success,post,1.0
gpt2-xl,alphaedit,counterfact,11983,efficacy,diff,post,0.9284685469663454
gpt2-xl,alphaedit,counterfact,11983,efficacy,acc,post,1.0
gpt2-xl,alphaedit,counterfact,11983,generalisation,success,post,1.0
gpt2-xl,alphaedit,counterfact,11983,generalisation,diff,post,0.5588673318951777
gpt2-xl,alphaedit,counterfact,11983,generalisation,acc,post,0.5
gpt2-xl,alphaedit,counterfact,11983,specificity,success,post,0.2
gpt2-xl,alphaedit,counterfact,11983,specificity,diff,post,-0.04344643286371397
gpt2-xl,alphaedit,counterfact,11983,specificity,acc,post,0.1
gpt2-xl,alphaedit,counterfact,11983,target_close_neighbour,success,post,1.0
gpt2-xl,alphaedit,counterfact,11983,target_close_neighbour,diff,post,0.12310732484601147
gpt2-xl,alphaedit,counterfact,11983,target_close_neighbour,acc,post,0.5
gpt2-xl,alphaedit,counterfact,13602,efficacy,success,pre,0.0
gpt2-xl,alphaedit,counterfact,13602,efficacy,diff,pre,-0.3437196922705103
gpt2-xl,alphaedit,counterfact,13602,efficacy,acc,pre,0.0
gpt2-xl,alphaedit,counterfact,13602,generalisation,success,pre,0.0
gpt2-xl,alphaedit,counterfact,13602,generalisation,diff,pre,-0.22245752272190797
gpt2-xl,alphaedit,counterfact,13602,generalisation,acc,pre,0.0
gpt2-xl,alphaedit,counterfact,13602,specificity,success,pre,0.1
gpt2-xl,alphaedit,counterfact,13602,specificity,diff,pre,-0.06374715831162822
gpt2-xl,alphaedit,counterfact,13602,specificity,acc,pre,0.2
gpt2-xl,alphaedit,counterfact,13602,target_close_neighbour,success,pre,0.2
gpt2-xl,alphaedit,counterfact,13602,target_close_neighbour,diff,pre,-0.03959248573738354
gpt2-xl,alphaedit,counterfact,13602,target_close_neighbour,acc,pre,0.0
gpt2-xl,alphaedit,counterfact,13602,efficacy,success,post,1.0
gpt2-xl,alphaedit,counterfact,13602,efficacy,diff,post,0.9955124845603165
gpt2-xl,alphaedit,counterfact,13602,efficacy,acc,post,1.0
gpt2-xl,alphaedit,counterfact,13602,generalisation,success,post,1.0
gpt2-xl,alphaedit,counterfact,13602,generalisation,diff,post,0.42535372109203473
gpt2-xl,alphaedit,counterfact,13602,generalisation,acc,post,0.5
gpt2-xl,alphaedit,counterfact,13602,specificity,success,post,0.1
gpt2-xl,alphaedit,counterfact,13602,specificity,diff,post,-0.0661497530095117
gpt2-xl,alphaedit,counterfact,13602,specificity,acc,post,0.2
gpt2-xl,alphaedit,counterfact,13602,target_close_neighbour,success,post,0.2
gpt2-xl,alphaedit,counterfact,13602,target_close_neighbour,diff,post,-0.04192892370203214
gpt2-xl,alphaedit,counterfact,13602,target_close_neighbour,acc,post,0.0
gpt2-xl,alphaedit,counterfact,15471,efficacy,success,pre,0.0
gpt2-xl,alphaedit,counterfact,15471,efficacy,diff,pre,-0.3657318186141431
gpt2-xl,alphaedit,counterfact,15471,efficacy,acc,pre,0.0
gpt2-xl,alphaedit,counterfact,15471,generalisation,success,pre,0.0
gpt2-xl,alphaedit,counterfact,15471,generalisation,diff,pre,-0.005283081947585409
gpt2-xl,alphaedit,counterfact,15471,generalisation,acc,pre,0.0
gpt2-xl,alphaedit,counterfact,15471,specificity,success,pre,0.2
gpt2-xl,alphaedit,counterfact,15471,specificity,diff,pre,0.005512395232580558
gpt2-xl,alphaedit,counterfact,15471,specificity,acc,pre,0.0
gpt2-xl,alphaedit,counterfact,15471,target_close_neighbour,success,pre,1.0
gpt2-xl,alphaedit,counterfact,15471,target_close_neighbour,diff,pre,0.2552497925216935
gpt2-xl,alphaedit,counterfact,15471,target_close_neighbour,acc,pre,0.3
gpt2-xl,alphaedit,counterfact,15471,efficacy,success,post,1.0
gpt2-xl,alphaedit,counterfact,15471,efficacy,diff,post,0.9909466636001176
gpt2-xl,alphaedit,counterfact,15471,efficacy,acc,post,1.0
gpt2-xl,alphaedit,counterfact,15471,generalisation,success,post,1.0
gpt2-xl,alphaedit,counterfact,15471,generalisation,diff,post,0.061577209158678904
gpt2-xl,alphaedit,counterfact,15471,generalisation,acc,post,0.0
gpt2-xl,alphaedit,counterfact,15471,specificity,success,post,0.6
gpt2-xl,alphaedit,counterfact,15471,specificity,diff,post,0.02937516713916851
gpt2-xl,alphaedit,counterfact,15471,specificity,acc,post,0.0
gpt2-xl,alphaedit,counterfact,15471,target_close_neighbour,success,post,1.0
gpt2-xl,alphaedit,counterfact,15471,target_close_neighbour,diff,post,0.263617482819277
gpt2-xl,alphaedit,counterfact,15471,target_close_neighbour,acc,post,0.3
gpt2-xl,alphaedit,counterfact,4190,efficacy,success,pre,0.0
gpt2-xl,alphaedit,counterfact,4190,efficacy,diff,pre,-0.0001472357942219095
gpt2-xl,alphaedit,counterfact,4190,efficacy,acc,pre,0.0
gpt2-xl,alphaedit,counterfact,4190,generalisation,success,pre,0.0
gpt2-xl,alphaedit,counterfact,4190,generalisation,diff,pre,-0.0023938588327926747
gpt2-xl,alphaedit,counterfact,4190,generalisation,acc,pre,0.0
gpt2-xl,alphaedit,counterfact,4190,specificity,success,pre,0.2
gpt2-xl,alphaedit,counterfact,4190,specificity,diff,pre,-0.00018885965733546909
gpt2-xl,alphaedit,counterfact,4190,specificity,acc,pre,0.0
gpt2-xl,alphaedit,counterfact,4190,target_close_neighbour,success,pre,0.8
gpt2-xl,alphaedit,counterfact,4190,target_close_neighbour,diff,pre,0.007420845398691353
gpt2-xl,alphaedit,counterfact,4190,target_close_neighbour,acc,pre,0.0
gpt2-xl,alphaedit,counterfact,4190,efficacy,success,post,1.0
gpt2-xl,alphaedit,counterfact,4190,efficacy,diff,post,0.9815415391476243
gpt2-xl,alphaedit,counterfact,4190,efficacy,acc,post,1.0
gpt2-xl,alphaedit,counterfact,4190,generalisation,success,post,1.0
gpt2-xl,alphaedit,counterfact,4190,generalisation,diff,post,0.324253843286377
gpt2-xl,alphaedit,counterfact,4190,generalisation,acc,post,0.5
gpt2-xl,alphaedit,counterfact,4190,specificity,success,post,0.2
gpt2-xl,alphaedit,counterfact,4190,specificity,diff,post,-0.00023474484667633644
gpt2-xl,alphaedit,counterfact,4190,specificity,acc,post,0.0
gpt2-xl,alphaedit,counterfact,4190,target_close_neighbour,success,post,0.8
gpt2-xl,alphaedit,counterfact,4190,target_close_neighbour,diff,post,0.009505730837317358
gpt2-xl,alphaedit,counterfact,4190,target_close_neighbour,acc,post,0.0
gpt2-xl,alphaedit,counterfact,2414,efficacy,success,pre,0.0
gpt2-xl,alphaedit,counterfact,2414,efficacy,diff,pre,-1.0947702925309163e-06
gpt2-xl,alphaedit,counterfact,2414,efficacy,acc,pre,0.0
gpt2-xl,alphaedit,counterfact,2414,generalisation,success,pre,0.0
gpt2-xl,alphaedit,counterfact,2414,generalisation,diff,pre,-0.00018400724620467088
gpt2-xl,alphaedit,counterfact,2414,generalisation,acc,pre,0.0
gpt2-xl,alphaedit,counterfact,2414,specificity,success,pre,0.7
gpt2-xl,alphaedit,counterfact,2414,specificity,diff,pre,0.00016071127775825418
gpt2-xl,alphaedit,counterfact,2414,specificity,acc,pre,0.0
gpt2-xl,alphaedit,counterfact,2414,target_close_neighbour,success,pre,0.9
gpt2-xl,alphaedit,counterfact,2414,target_close_neighbour,diff,pre,0.00022327334298635678
gpt2-xl,alphaedit,counterfact,2414,target_close_neighbour,acc,pre,0.0
gpt2-xl,alphaedit,counterfact,2414,efficacy,success,post,1.0
gpt2-xl,alphaedit,counterfact,2414,efficacy,diff,post,0.9978508233190089
gpt2-xl,alphaedit,counterfact,2414,efficacy,acc,post,1.0
gpt2-xl,alphaedit,counterfact,2414,generalisation,success,post,1.0
gpt2-xl,alphaedit,counterfact,2414,generalisation,diff,post,0.3901522986797057
gpt2-xl,alphaedit,counterfact,2414,generalisation,acc,post,0.5
gpt2-xl,alphaedit,counterfact,2414,specificity,success,post,0.7
gpt2-xl,alphaedit,counterfact,2414,specificity,diff,post,0.00018590744995763584
gpt2-xl,alphaedit,counterfact,2414,specificity,acc,post,0.0
gpt2-xl,alphaedit,counterfact,2414,target_close_neighbour,success,post,0.9
gpt2-xl,alphaedit,counterfact,2414,target_close_neighbour,diff,post,0.00024212379259755078
gpt2-xl,alphaedit,counterfact,2414,target_close_neighbour,acc,post,0.0
gpt2-xl,alphaedit,genie,screenwriter_825,efficacy,success,pre,1.0
gpt2-xl,alphaedit,genie,screenwriter_825,efficacy,diff,pre,0.15862127193183684
gpt2-xl,alphaedit,genie,screenwriter_825,efficacy,acc,pre,0.75
gpt2-xl,alphaedit,genie,screenwriter_825,paraphrase_1,success,pre,1.0
gpt2-xl,alphaedit,genie,screenwriter_825,paraphrase_1,diff,pre,0.14202286119522917
gpt2-xl,alphaedit,genie,screenwriter_825,paraphrase_1,acc,pre,0.75
gpt2-xl,alphaedit,genie,screenwriter_825,paraphrase_2,success,pre,1.0
gpt2-xl,alphaedit,genie,screenwriter_825,paraphrase_2,diff,pre,0.2037114227103598
gpt2-xl,alphaedit,genie,screenwriter_825,paraphrase_2,acc,pre,0.75
gpt2-xl,alphaedit,genie,screenwriter_825,paraphrase_3,success,pre,1.0
gpt2-xl,alphaedit,genie,screenwriter_825,paraphrase_3,diff,pre,0.1507151492873296
gpt2-xl,alphaedit,genie,screenwriter_825,paraphrase_3,acc,pre,0.75
gpt2-xl,alphaedit,genie,screenwriter_825,hop_1,success,pre,1.0
gpt2-xl,alphaedit,genie,screenwriter_825,hop_1,diff,pre,0.02688643249896003
gpt2-xl,alphaedit,genie,screenwriter_825,hop_1,acc,pre,0.6
gpt2-xl,alphaedit,genie,screenwriter_825,hop_2,success,pre,0.0
gpt2-xl,alphaedit,genie,screenwriter_825,hop_2,diff,pre,-0.0030083054411368486
gpt2-xl,alphaedit,genie,screenwriter_825,hop_2,acc,pre,0.0
gpt2-xl,alphaedit,genie,screenwriter_825,hop_3,success,pre,0.0
gpt2-xl,alphaedit,genie,screenwriter_825,hop_3,diff,pre,-0.22710440596671497
gpt2-xl,alphaedit,genie,screenwriter_825,hop_3,acc,pre,0.0
gpt2-xl,alphaedit,genie,screenwriter_825,abstract_2,hit,pre,0.0
gpt2-xl,alphaedit,genie,screenwriter_825,abstract_3,hit,pre,0.0
gpt2-xl,alphaedit,genie,screenwriter_825,efficacy,success,post,1.0
gpt2-xl,alphaedit,genie,screenwriter_825,efficacy,diff,post,0.9992316773846669
gpt2-xl,alphaedit,genie,screenwriter_825,efficacy,acc,post,1.0
gpt2-xl,alphaedit,genie,screenwriter_825,paraphrase_1,success,post,1.0
gpt2-xl,alphaedit,genie,screenwriter_825,paraphrase_1,diff,post,0.8854434287977515
gpt2-xl,alphaedit,genie,screenwriter_825,paraphrase_1,acc,post,1.0
gpt2-xl,alphaedit,genie,screenwriter_825,paraphrase_2,success,post,1.0
gpt2-xl,alphaedit,genie,screenwriter_825,paraphrase_2,diff,post,0.9901092905851473
gpt2-xl,alphaedit,genie,screenwriter_825,paraphrase_2,acc,post,1.0
gpt2-xl,alphaedit,genie,screenwriter_825,paraphrase_3,success,post,1.0
gpt2-xl,alphaedit,genie,screenwriter_825,paraphrase_3,diff,post,0.9672323647636493
gpt2-xl,alphaedit,genie,screenwriter_825,paraphrase_3,acc,post,1.0
gpt2-xl,alphaedit,genie,screenwriter_825,hop_1,success,post,1.0
gpt2-xl,alphaedit,genie,screenwriter_825,hop_1,diff,post,0.017945790233910852
gpt2-xl,alphaedit,genie,screenwriter_825,hop_1,acc,post,0.6
gpt2-xl,alphaedit,genie,screenwriter_825,hop_2,success,post,0.0
gpt2-xl,alphaedit,genie,screenwriter_825,hop_2,diff,post,-0.04404204463569815
gpt2-xl,alphaedit,genie,screenwriter_825,hop_2,acc,post,0.0
gpt2-xl,alphaedit,genie,screenwriter_825,hop_3,success,post,0.0
gpt2-xl,alphaedit,genie,screenwriter_825,hop_3,diff,post,-0.3553062648351943
gpt2-xl,alphaedit,genie,screenwriter_825,hop_3,acc,post,0.0
gpt2-xl,alphaedit,genie,screenwriter_825,abstract_2,hit,post,1.0
gpt2-xl,alphaedit,genie,screenwriter_825,abstract_3,hit,post,0.0
gpt2-xl,alphaedit,genie,award_received_772,efficacy,success,pre,0.0
gpt2-xl,alphaedit,genie,award_received_772,efficacy,diff,pre,-0.0915440721858099
gpt2-xl,alphaedit,genie,award_received_772,efficacy,acc,pre,0.36363636363636365
gpt2-xl,alphaedit,genie,award_received_772,paraphrase_1,success,pre,0.0
gpt2-xl,alphaedit,genie,award_received_772,paraphrase_1,diff,pre,-0.12699074134649113
gpt2-xl,alphaedit,genie,award_received_772,paraphrase_1,acc,pre,0.36363636363636365
gpt2-xl,alphaedit,genie,award_received_772,paraphrase_2,success,pre,0.0
gpt2-xl,alphaedit,genie,award_received_772,paraphrase_2,diff,pre,-0.11130852277683467
gpt2-xl,alphaedit,genie,award_received_772,paraphrase_2,acc,pre,0.36363636363636365
gpt2-xl,alphaedit,genie,award_received_772,paraphrase_3,success,pre,0.0
gpt2-xl,alphaedit,genie,award_received_772,paraphrase_3,diff,pre,-0.025087317372576228
gpt2-xl,alphaedit,genie,award_received_772,paraphrase_3,acc,pre,0.36363636363636365
gpt2-xl,alphaedit,genie,award_received_772,abstract_2,hit,pre,0.0
gpt2-xl,alphaedit,genie,award_received_772,abstract_3,hit,pre,0.0
gpt2-xl,alphaedit,genie,award_received_772,efficacy,success,post,1.0
gpt2-xl,alphaedit,genie,award_received_772,efficacy,diff,post,0.6069597683647218
gpt2-xl,alphaedit,genie,award_received_772,efficacy,acc,post,0.8181818181818182
gpt2-xl,alphaedit,genie,award_received_772,paraphrase_1,success,post,1.0
gpt2-xl,alphaedit,genie,award_received_772,paraphrase_1,diff,post,0.06343918248927384
gpt2-xl,alphaedit,genie,award_received_772,paraphrase_1,acc,post,0.5454545454545454
gpt2-xl,alphaedit,genie,award_received_772,paraphrase_2,success,post,1.0
gpt2-xl,alphaedit,genie,award_received_772,paraphrase_2,diff,post,0.16489432106787635
gpt2-xl,alphaedit,genie,award_received_772,paraphrase_2,acc,post,0.7272727272727273
gpt2-xl,alphaedit,genie,award_received_772,paraphrase_3,success,post,1.0
gpt2-xl,alphaedit,genie,award_received_772,paraphrase_3,diff,post,0.07142653389168868
gpt2-xl,alphaedit,genie,award_received_772,paraphrase_3,acc,post,0.7272727272727273
gpt2-xl,alphaedit,genie,award_received_772,abstract_2,hit,post,1.0
gpt2-xl,alphaedit,genie,award_received_772,abstract_3,hit,post,0.0
gpt2-xl,alphaedit,genie,screenwriter_548,efficacy,success,pre,1.0
gpt2-xl,alphaedit,genie,screenwriter_548,efficacy,diff,pre,0.09758109056603412
gpt2-xl,alphaedit,genie,screenwriter_548,efficacy,acc,pre,0.8
gpt2-xl,alphaedit,genie,screenwriter_548,paraphrase_1,success,pre,1.0
gpt2-xl,alphaedit,genie,screenwriter_548,paraphrase_1,diff,pre,0.17352857149907774
gpt2-xl,alphaedit,genie,screenwriter_548,paraphrase_1,acc,pre,0.8
gpt2-xl,alphaedit,genie,screenwriter_548,paraphrase_2,success,pre,1.0
gpt2-xl,alphaedit,genie,screenwriter_548,paraphrase_2,diff,pre,0.10840090627139014
gpt2-xl,alphaedit,genie,screenwriter_548,paraphrase_2,acc,pre,0.8
gpt2-xl,alphaedit,genie,screenwriter_548,paraphrase_3,success,pre,1.0
gpt2-xl,alphaedit,genie,screenwriter_548,paraphrase_3,diff,pre,0.10632744766863479
gpt2-xl,alphaedit,genie,screenwriter_548,paraphrase_3,acc,pre,0.8
gpt2-xl,alphaedit,genie,screenwriter_548,hop_1,success,pre,0.0
gpt2-xl,alphaedit,genie,screenwriter_548,hop_1,diff,pre,-0.026761068536952842
gpt2-xl,alphaedit,genie,screenwriter_548,hop_1,acc,pre,0.6666666666666666
gpt2-xl,alphaedit,genie,screenwriter_548,abstract_2,hit,pre,0.0
gpt2-xl,alphaedit,genie,screenwriter_548,abstract_3,hit,pre,0.0
gpt2-xl,alphaedit,genie,screenwriter_548,efficacy,success,post,1.0
gpt2-xl,alphaedit,genie,screenwriter_548,efficacy,diff,post,0.9900226441966561
gpt2-xl,alphaedit,genie,screenwriter_548,efficacy,acc,post,1.0
gpt2-xl,alphaedit,genie,screenwriter_548,paraphrase_1,success,post,1.0
gpt2-xl,alphaedit,genie,screenwriter_548,paraphrase_1,diff,post,0.8348567909336949
gpt2-xl,alphaedit,genie,screenwriter_548,paraphrase_1,acc,post,1.0
gpt2-xl,alphaedit,genie,screenwriter_548,paraphrase_2,success,post,1.0
gpt2-xl,alphaedit,genie,screenwriter_548,paraphrase_2,diff,post,0.6058623076304956
gpt2-xl,alphaedit,genie,screenwriter_548,paraphrase_2,acc,post,0.8
gpt2-xl,alphaedit,genie,screenwriter_548,paraphrase_3,success,post,1.0
gpt2-xl,alphaedit,genie,screenwriter_548,paraphrase_3,diff,post,0.4393596012099888
gpt2-xl,alphaedit,genie,screenwriter_548,paraphrase_3,acc,post,0.8
gpt2-xl,alphaedit,genie,screenwriter_548,hop_1,success,post,0.0
gpt2-xl,alphaedit,genie,screenwriter_548,hop_1,diff,post,-0.0036624756337174033
gpt2-xl,alphaedit,genie,screenwriter_548,hop_1,acc,post,0.6666666666666666
gpt2-xl,alphaedit,genie,screenwriter_548,abstract_2,hit,post,0.0
gpt2-xl,alphaedit,genie,screenwriter_548,abstract_3,hit,post,0.0
gpt2-xl,alphaedit,genie,production_company_3693,efficacy,success,pre,0.0
gpt2-xl,alphaedit,genie,production_company_3693,efficacy,diff,pre,-0.3313691690595645
gpt2-xl,alphaedit,genie,production_company_3693,efficacy,acc,pre,0.5
gpt2-xl,alphaedit,genie,production_company_3693,paraphrase_1,success,pre,0.0
gpt2-xl,alphaedit,genie,production_company_3693,paraphrase_1,diff,pre,-0.5579323852964133
gpt2-xl,alphaedit,genie,production_company_3693,paraphrase_1,acc,pre,0.5
gpt2-xl,alphaedit,genie,production_company_3693,paraphrase_2,success,pre,0.0
gpt2-xl,alphaedit,genie,production_company_3693,paraphrase_2,diff,pre,-0.6140169586084842
gpt2-xl,alphaedit,genie,production_company_3693,paraphrase_2,acc,pre,0.5
gpt2-xl,alphaedit,genie,production_company_3693,paraphrase_3,success,pre,0.0
gpt2-xl,alphaedit,genie,production_company_3693,paraphrase_3,diff,pre,-0.3269490654011746
gpt2-xl,alphaedit,genie,production_company_3693,paraphrase_3,acc,pre,0.5
gpt2-xl,alphaedit,genie,production_company_3693,hop_1,success,pre,1.0
gpt2-xl,alphaedit,genie,production_company_3693,hop_1,diff,pre,0.04642005859204189
gpt2-xl,alphaedit,genie,production_company_3693,hop_1,acc,pre,0.6666666666666666
gpt2-xl,alphaedit,genie,production_company_3693,abstract_1,success,pre,0.0
gpt2-xl,alphaedit,genie,production_company_3693,abstract_1,diff,pre,-0.5861042247276075
gpt2-xl,alphaedit,genie,production_company_3693,abstract_1,acc,pre,0.0
gpt2-xl,alphaedit,genie,production_company_3693,abstract_2,hit,pre,0.0
gpt2-xl,alphaedit,genie,production_company_3693,abstract_3,hit,pre,0.0
gpt2-xl,alphaedit,genie,production_company_3693,efficacy,success,post,1.0
gpt2-xl,alphaedit,genie,production_company_3693,efficacy,diff,post,0.9866749820932976
gpt2-xl,alphaedit,genie,production_company_3693,efficacy,acc,post,1.0
gpt2-xl,alphaedit,genie,production_company_3693,paraphrase_1,success,post,1.0
gpt2-xl,alphaedit,genie,production_company_3693,paraphrase_1,diff,post,0.9297975151253358
gpt2-xl,alphaedit,genie,production_company_3693,paraphrase_1,acc,post,1.0
gpt2-xl,alphaedit,genie,production_company_3693,paraphrase_2,success,post,1.0
gpt2-xl,alphaedit,genie,production_company_3693,paraphrase_2,diff,post,0.9468999689264568
gpt2-xl,alphaedit,genie,production_company_3693,paraphrase_2,acc,post,1.0
gpt2-xl,alphaedit,genie,production_company_3693,paraphrase_3,success,post,1.0
gpt2-xl,alphaedit,genie,production_company_3693,paraphrase_3,diff,post,0.9059404761541814
gpt2-xl,alphaedit,genie,production_company_3693,paraphrase_3,acc,post,1.0
gpt2-xl,alphaedit,genie,production_company_3693,hop_1,success,post,1.0
gpt2-xl,alphaedit,genie,production_company_3693,hop_1,diff,post,0.02261246694498038
gpt2-xl,alphaedit,genie,production_company_3693,hop_1,acc,post,0.6666666666666666
gpt2-xl,alphaedit,genie,production_company_3693,abstract_1,success,post,0.0
gpt2-xl,alphaedit,genie,production_company_3693,abstract_1,diff,post,-0.4910889679219646
gpt2-xl,alphaedit,genie,production_company_3693,abstract_1,acc,post,0.0
gpt2-xl,alphaedit,genie,production_company_3693,abstract_2,hit,post,1.0
gpt2-xl,alphaedit,genie,production_company_3693,abstract_3,hit,post,0.0
gpt2-xl,alphaedit,genie,country_4458,efficacy,success,pre,0.0
gpt2-xl,alphaedit,genie,country_4458,efficacy,diff,pre,-0.08263569845357104
gpt2-xl,alphaedit,genie,country_4458,efficacy,acc,pre,0.0
gpt2-xl,alphaedit,genie,country_4458,paraphrase_1,success,pre,0.0
gpt2-xl,alphaedit,genie,country_4458,paraphrase_1,diff,pre,-0.37027552436866545
gpt2-xl,alphaedit,genie,country_4458,paraphrase_1,acc,pre,0.0
gpt2-xl,alphaedit,genie,country_4458,paraphrase_2,success,pre,0.0
gpt2-xl,alphaedit,genie,country_4458,paraphrase_2,diff,pre,-0.00010580268843964793
gpt2-xl,alphaedit,genie,country_4458,paraphrase_2,acc,pre,0.0
gpt2-xl,alphaedit,genie,country_4458,paraphrase_3,success,pre,0.0
gpt2-xl,alphaedit,genie,country_4458,paraphrase_3,diff,pre,-0.3106928678897986
gpt2-xl,alphaedit,genie,country_4458,paraphrase_3,acc,pre,0.0
gpt2-xl,alphaedit,genie,country_4458,hop_1,success,pre,0.0
gpt2-xl,alphaedit,genie,country_4458,hop_1,diff,pre,-0.009106210820703913
gpt2-xl,alphaedit,genie,country_4458,hop_1,acc,pre,0.0
gpt2-xl,alphaedit,genie,country_4458,abstract_1,success,pre,1.0
gpt2-xl,alphaedit,genie,country_4458,abstract_1,diff,pre,0.04655074861691155
gpt2-xl,alphaedit,genie,country_4458,abstract_1,acc,pre,0.8571428571428571
gpt2-xl,alphaedit,genie,country_4458,abstract_2,hit,pre,0.0
gpt2-xl,alphaedit,genie,country_4458,abstract_3,hit,pre,0.0
gpt2-xl,alphaedit,genie,country_4458,efficacy,success,post,1.0
gpt2-xl,alphaedit,genie,country_4458,efficacy,diff,post,0.9918540353647385
gpt2-xl,alphaedit,genie,country_4458,efficacy,acc,post,1.0
gpt2-xl,alphaedit,genie,country_4458,paraphrase_1,success,post,1.0
gpt2-xl,alphaedit,genie,country_4458,paraphrase_1,diff,post,0.6652194230467166
gpt2-xl,alphaedit,genie,country_4458,paraphrase_1,acc,post,1.0
gpt2-xl,alphaedit,genie,country_4458,paraphrase_2,success,post,1.0
gpt2-xl,alphaedit,genie,country_4458,paraphrase_2,diff,post,0.001992903384683469
gpt2-xl,alphaedit,genie,country_4458,paraphrase_2,acc,post,0.0
gpt2-xl,alphaedit,genie,country_4458,paraphrase_3,success,post,1.0
gpt2-xl,alphaedit,genie,country_4458,paraphrase_3,diff,post,0.9940371302936009
gpt2-xl,alphaedit,genie,country_4458,paraphrase_3,acc,post,1.0
gpt2-xl,alphaedit,genie,country_4458,hop_1,success,post,1.0
gpt2-xl,alphaedit,genie,country_4458,hop_1,diff,post,0.01525481282898763
gpt2-xl,alphaedit,genie,country_4458,hop_1,acc,post,0.0
gpt2-xl,alphaedit,genie,country_4458,abstract_1,success,post,0.0
gpt2-xl,alphaedit,genie,country_4458,abstract_1,diff,post,-0.5285183818482566
gpt2-xl,alphaedit,genie,country_4458,abstract_1,acc,post,0.8571428571428571
gpt2-xl,alphaedit,genie,country_4458,abstract_2,hit,post,1.0
gpt2-xl,alphaedit,genie,country_4458,abstract_3,hit,post,0.0
gpt2-xl,alphaedit,mquake,2640,efficacy,success,pre,0.0
gpt2-xl,alphaedit,mquake,2640,efficacy,diff,pre,-0.4591030946337174
gpt2-xl,alphaedit,mquake,2640,efficacy,acc,pre,0.39166666666666666
gpt2-xl,alphaedit,mquake,2640,single_hop,success,pre,0.0
gpt2-xl,alphaedit,mquake,2640,single_hop,diff,pre,-0.06389404976630379
gpt2-xl,alphaedit,mquake,2640,single_hop,acc,pre,0.5583333333333333
gpt2-xl,alphaedit,mquake,2640,multihop,hit,pre,0.0
gpt2-xl,alphaedit,mquake,2640,efficacy,success,post,1.0
gpt2-xl,alphaedit,mquake,2640,efficacy,diff,post,0.9236144669927033
gpt2-xl,alphaedit,mquake,2640,efficacy,acc,post,1.0
gpt2-xl,alphaedit,mquake,2640,single_hop,success,post,1.0
gpt2-xl,alphaedit,mquake,2640,single_hop,diff,post,0.9543339604019533
gpt2-xl,alphaedit,mquake,2640,single_hop,acc,post,1.0
gpt2-xl,alphaedit,mquake,2640,multihop,hit,post,0.0
gpt2-xl,alphaedit,mquake,248,efficacy,success,pre,0.0
gpt2-xl,alphaedit,mquake,248,efficacy,diff,pre,-0.012447035637208115
gpt2-xl,alphaedit,mquake,248,efficacy,acc,pre,0.2222222222222222
gpt2-xl,alphaedit,mquake,248,single_hop,success,pre,0.0
gpt2-xl,alphaedit,mquake,248,single_hop,diff,pre,-0.012447035637208115
gpt2-xl,alphaedit,mquake,248,single_hop,acc,pre,0.1111111111111111
gpt2-xl,alphaedit,mquake,248,multihop,hit,pre,0.0
gpt2-xl,alphaedit,mquake,248,efficacy,success,post,1.0
gpt2-xl,alphaedit,mquake,248,efficacy,diff,post,0.4405707405903622
gpt2-xl,alphaedit,mquake,248,efficacy,acc,post,0.7777777777777778
gpt2-xl,alphaedit,mquake,248,single_hop,success,post,1.0
gpt2-xl,alphaedit,mquake,248,single_hop,diff,post,0.437151698945751
gpt2-xl,alphaedit,mquake,248,single_hop,acc,post,0.3888888888888889
gpt2-xl,alphaedit,mquake,248,multihop,hit,post,0.0
gpt2-xl,alphaedit,mquake,2121,efficacy,success,pre,1.0
gpt2-xl,alphaedit,mquake,2121,efficacy,diff,pre,0.040776061156685306
gpt2-xl,alphaedit,mquake,2121,efficacy,acc,pre,0.6666666666666666
gpt2-xl,alphaedit,mquake,2121,single_hop,success,pre,1.0
gpt2-xl,alphaedit,mquake,2121,single_hop,diff,pre,0.040776061156685306
gpt2-xl,alphaedit,mquake,2121,single_hop,acc,pre,0.7222222222222222
gpt2-xl,alphaedit,mquake,2121,multihop,hit,pre,0.0
gpt2-xl,alphaedit,mquake,2121,efficacy,success,post,1.0
gpt2-xl,alphaedit,mquake,2121,efficacy,diff,post,0.9905243505463767
gpt2-xl,alphaedit,mquake,2121,efficacy,acc,post,1.0
gpt2-xl,alphaedit,mquake,2121,single_hop,success,post,1.0
gpt2-xl,alphaedit,mquake,2121,single_hop,diff,post,0.9905243505463767
gpt2-xl,alphaedit,mquake,2121,single_hop,acc,post,0.7222222222222222
gpt2-xl,alphaedit,mquake,2121,multihop,hit,post,0.0
gpt2-xl,alphaedit,mquake,825,efficacy,success,pre,0.0
gpt2-xl,alphaedit,mquake,825,efficacy,diff,pre,-0.2943418673995905
gpt2-xl,alphaedit,mquake,825,efficacy,acc,pre,0.16666666666666666
gpt2-xl,alphaedit,mquake,825,single_hop,success,pre,0.0
gpt2-xl,alphaedit,mquake,825,single_hop,diff,pre,-0.2789840940823012
gpt2-xl,alphaedit,mquake,825,single_hop,acc,pre,0.16666666666666666
gpt2-xl,alphaedit,mquake,825,multihop,hit,pre,0.0
gpt2-xl,alphaedit,mquake,825,efficacy,success,post,1.0
gpt2-xl,alphaedit,mquake,825,efficacy,diff,post,0.9580780360874981
gpt2-xl,alphaedit,mquake,825,efficacy,acc,post,1.0
gpt2-xl,alphaedit,mquake,825,single_hop,success,post,1.0
gpt2-xl,alphaedit,mquake,825,single_hop,diff,post,0.9398477474711421
gpt2-xl,alphaedit,mquake,825,single_hop,acc,post,1.0
gpt2-xl,alphaedit,mquake,825,multihop,hit,post,0.0
gpt2-xl,alphaedit,mquake,2014,efficacy,success,pre,0.0
gpt2-xl,alphaedit,mquake,2014,efficacy,diff,pre,-0.07655971232967555
gpt2-xl,alphaedit,mquake,2014,efficacy,acc,pre,0.30952380952380953
gpt2-xl,alphaedit,mquake,2014,single_hop,success,pre,0.0
gpt2-xl,alphaedit,mquake,2014,single_hop,diff,pre,-0.07837771438379718
gpt2-xl,alphaedit,mquake,2014,single_hop,acc,pre,0.6168831168831169
gpt2-xl,alphaedit,mquake,2014,multihop,hit,pre,0.0
gpt2-xl,alphaedit,mquake,2014,efficacy,success,post,1.0
gpt2-xl,alphaedit,mquake,2014,efficacy,diff,post,0.9852389774908964
gpt2-xl,alphaedit,mquake,2014,efficacy,acc,post,1.0
gpt2-xl,alphaedit,mquake,2014,single_hop,success,post,1.0
gpt2-xl,alphaedit,mquake,2014,single_hop,diff,post,0.9732158819646539
gpt2-xl,alphaedit,mquake,2014,single_hop,acc,post,1.0
gpt2-xl,alphaedit,mquake,2014,multihop,hit,post,0.0
gpt2-xl,alphaedit,ripple,ripple_popular_row657,efficacy,hit,pre,0.0
gpt2-xl,alphaedit,ripple,ripple_popular_row657,ripple_relation_specificity,hit,pre,1.0
gpt2-xl,alphaedit,ripple,ripple_popular_row657,efficacy,hit,post,1.0
gpt2-xl,alphaedit,ripple,ripple_popular_row657,ripple_relation_specificity,hit,post,0.0
gpt2-xl,alphaedit,ripple,ripple_popular_row839,efficacy,hit,pre,0.0
gpt2-xl,alphaedit,ripple,ripple_popular_row839,efficacy,hit,post,1.0
gpt2-xl,alphaedit,ripple,ripple_popular_row792,efficacy,hit,pre,0.0
gpt2-xl,alphaedit,ripple,ripple_popular_row792,efficacy,hit,post,1.0
gpt2-xl,alphaedit,ripple,ripple_popular_row778,efficacy,hit,pre,0.0
gpt2-xl,alphaedit,ripple,ripple_popular_row778,ripple_logical,hit,pre,0.0
gpt2-xl,alphaedit,ripple,ripple_popular_row778,ripple_relation_specificity,hit,pre,1.0
gpt2-xl,alphaedit,ripple,ripple_popular_row778,efficacy,hit,post,1.0
gpt2-xl,alphaedit,ripple,ripple_popular_row778,ripple_logical,hit,post,0.0
gpt2-xl,alphaedit,ripple,ripple_popular_row778,ripple_relation_specificity,hit,post,0.0
gpt2-xl,alphaedit,ripple,ripple_popular_row846,efficacy,hit,pre,0.0
gpt2-xl,alphaedit,ripple,ripple_popular_row846,ripple_relation_specificity,hit,pre,1.0
gpt2-xl,alphaedit,ripple,ripple_popular_row846,efficacy,hit,post,1.0
gpt2-xl,alphaedit,ripple,ripple_popular_row846,ripple_relation_specificity,hit,post,0.0
gpt2-xl,alphaedit,ripple,ripple_random_row1742,efficacy,hit,pre,0.0
gpt2-xl,alphaedit,ripple,ripple_random_row1742,efficacy,hit,post,1.0
gpt2-xl,alphaedit,ripple,ripple_random_row1584,efficacy,hit,pre,0.0
gpt2-xl,alphaedit,ripple,ripple_random_row1584,efficacy,hit,post,1.0
gpt2-xl,alphaedit,ripple,ripple_random_row1799,efficacy,hit,pre,0.0
gpt2-xl,alphaedit,ripple,ripple_random_row1799,efficacy,hit,post,1.0
gpt2-xl,alphaedit,ripple,ripple_random_row1627,efficacy,hit,pre,0.0
gpt2-xl,alphaedit,ripple,ripple_random_row1627,efficacy,hit,post,0.0
gpt2-xl,alphaedit,ripple,ripple_random_row1806,efficacy,hit,pre,0.0
gpt2-xl,alphaedit,ripple,ripple_random_row1806,efficacy,hit,post,0.0
gpt2-xl,alphaedit,zsre,zsre_row18114,efficacy,success,pre,1.0
gpt2-xl,alphaedit,zsre,zsre_row18114,efficacy,diff,pre,0.0013489904607146578
gpt2-xl,alphaedit,zsre,zsre_row18114,efficacy,acc,pre,0.0
gpt2-xl,alphaedit,zsre,zsre_row18114,generalisation,success,pre,1.0
gpt2-xl,alphaedit,zsre,zsre_row18114,generalisation,diff,pre,0.007393608263029027
gpt2-xl,alphaedit,zsre,zsre_row18114,generalisation,acc,pre,0.5
gpt2-xl,alphaedit,zsre,zsre_row18114,specificity,success,pre,0.0
gpt2-xl,alphaedit,zsre,zsre_row18114,specificity,diff,pre,-0.003835267040342944
gpt2-xl,alphaedit,zsre,zsre_row18114,specificity,acc,pre,0.25
gpt2-xl,alphaedit,zsre,zsre_row18114,efficacy,success,post,1.0
gpt2-xl,alphaedit,zsre,zsre_row18114,efficacy,diff,post,0.9966378313902106
gpt2-xl,alphaedit,zsre,zsre_row18114,efficacy,acc,post,1.0
gpt2-xl,alphaedit,zsre,zsre_row18114,generalisation,success,post,1.0
gpt2-xl,alphaedit,zsre,zsre_row18114,generalisation,diff,post,0.9947340932532729
gpt2-xl,alphaedit,zsre,zsre_row18114,generalisation,acc,post,1.0
gpt2-xl,alphaedit,zsre,zsre_row18114,specificity,success,post,0.0
gpt2-xl,alphaedit,zsre,zsre_row18114,specificity,diff,post,-0.003972575213580968
gpt2-xl,alphaedit,zsre,zsre_row18114,specificity,acc,post,0.25
gpt2-xl,alphaedit,zsre,zsre_row10337,efficacy,success,pre,1.0
gpt2-xl,alphaedit,zsre,zsre_row10337,efficacy,diff,pre,0.008737059411089355
gpt2-xl,alphaedit,zsre,zsre_row10337,efficacy,acc,pre,0.3333333333333333
gpt2-xl,alphaedit,zsre,zsre_row10337,generalisation,success,pre,1.0
gpt2-xl,alphaedit,zsre,zsre_row10337,generalisation,diff,pre,0.0029590640572478514
gpt2-xl,alphaedit,zsre,zsre_row10337,generalisation,acc,pre,0.3333333333333333
gpt2-xl,alphaedit,zsre,zsre_row10337,specificity,success,pre,1.0
gpt2-xl,alphaedit,zsre,zsre_row10337,specificity,diff,pre,0.00013660588108589132
gpt2-xl,alphaedit,zsre,zsre_row10337,specificity,acc,pre,0.0
gpt2-xl,alphaedit,zsre,zsre_row10337,efficacy,success,post,1.0
gpt2-xl,alphaedit,zsre,zsre_row10337,efficacy,diff,post,0.9677551884270823
gpt2-xl,alphaedit,zsre,zsre_row10337,efficacy,acc,post,1.0
gpt2-xl,alphaedit,zsre,zsre_row10337,generalisation,success,post,1.0
gpt2-xl,alphaedit,zsre,zsre_row10337,generalisation,diff,post,0.9167549981889527
gpt2-xl,alphaedit,zsre,zsre_row10337,generalisation,acc,post,1.0
gpt2-xl,alphaedit,zsre,zsre_row10337,specificity,success,post,1.0
gpt2-xl,alphaedit,zsre,zsre_row10337,specificity,diff,post,0.00012832934914923063
gpt2-xl,alphaedit,zsre,zsre_row10337,specificity,acc,post,0.0
gpt2-xl,alphaedit,zsre,zsre_row11396,efficacy,success,pre,1.0
gpt2-xl,alphaedit,zsre,zsre_row11396,efficacy,diff,pre,0.15288347323089016
gpt2-xl,alphaedit,zsre,zsre_row11396,efficacy,acc,pre,0.6666666666666666
gpt2-xl,alphaedit,zsre,zsre_row11396,generalisation,success,pre,1.0
gpt2-xl,alphaedit,zsre,zsre_row11396,generalisation,diff,pre,0.16456620292618865
gpt2-xl,alphaedit,zsre,zsre_row11396,generalisation,acc,pre,0.6666666666666666
gpt2-xl,alphaedit,zsre,zsre_row11396,specificity,success,pre,0.0
gpt2-xl,alphaedit,zsre,zsre_row11396,specificity,diff,pre,-2.9790150548376524e-06
gpt2-xl,alphaedit,zsre,zsre_row11396,specificity,acc,pre,0.0
gpt2-xl,alphaedit,zsre,zsre_row11396,efficacy,success,post,1.0
gpt2-xl,alphaedit,zsre,zsre_row11396,efficacy,diff,post,0.40453198658331474
gpt2-xl,alphaedit,zsre,zsre_row11396,efficacy,acc,post,0.8333333333333334
gpt2-xl,alphaedit,zsre,zsre_row11396,generalisation,success,post,1.0
gpt2-xl,alphaedit,zsre,zsre_row11396,generalisation,diff,post,0.30721931093610205
gpt2-xl,alphaedit,zsre,zsre_row11396,generalisation,acc,post,0.8333333333333334
gpt2-xl,alphaedit,zsre,zsre_row11396,specificity,success,post,1.0
gpt2-xl,alphaedit,zsre,zsre_row11396,specificity,diff,post,3.533809733456336e-05
gpt2-xl,alphaedit,zsre,zsre_row11396,specificity,acc,post,0.0
gpt2-xl,alphaedit,zsre,zsre_row12562,efficacy,success,pre,1.0
gpt2-xl,alphaedit,zsre,zsre_row12562,efficacy,diff,pre,0.030931978149728298
gpt2-xl,alphaedit,zsre,zsre_row12562,efficacy,acc,pre,0.75
gpt2-xl,alphaedit,zsre,zsre_row12562,generalisation,success,pre,0.0
gpt2-xl,alphaedit,zsre,zsre_row12562,generalisation,diff,pre,-0.14700302399926818
gpt2-xl,alphaedit,zsre,zsre_row12562,generalisation,acc,pre,0.75
gpt2-xl,alphaedit,zsre,zsre_row12562,specificity,success,pre,0.0
gpt2-xl,alphaedit,zsre,zsre_row12562,specificity,diff,pre,-0.09575036893646345
gpt2-xl,alphaedit,zsre,zsre_row12562,specificity,acc,pre,0.5897435897435898
gpt2-xl,alphaedit,zsre,zsre_row12562,efficacy,success,post,1.0
gpt2-xl,alphaedit,zsre,zsre_row12562,efficacy,diff,post,0.3533749169931236
gpt2-xl,alphaedit,zsre,zsre_row12562,efficacy,acc,post,0.75
gpt2-xl,alphaedit,zsre,zsre_row12562,generalisation,success,post,1.0
gpt2-xl,alphaedit,zsre,zsre_row12562,generalisation,diff,post,0.014726860335253888
gpt2-xl,alphaedit,zsre,zsre_row12562,generalisation,acc,post,0.75
gpt2-xl,alphaedit,zsre,zsre_row12562,specificity,success,post,0.0
gpt2-xl,alphaedit,zsre,zsre_row12562,specificity,diff,post,-0.09595739684925202
gpt2-xl,alphaedit,zsre,zsre_row12562,specificity,acc,post,0.5897435897435898
gpt2-xl,alphaedit,zsre,zsre_row13330,efficacy,success,pre,1.0
gpt2-xl,alphaedit,zsre,zsre_row13330,efficacy,diff,pre,0.0011947509600241058
gpt2-xl,alphaedit,zsre,zsre_row13330,efficacy,acc,pre,0.5
gpt2-xl,alphaedit,zsre,zsre_row13330,generalisation,success,pre,1.0
gpt2-xl,alphaedit,zsre,zsre_row13330,generalisation,diff,pre,0.0022326564970318397
gpt2-xl,alphaedit,zsre,zsre_row13330,generalisation,acc,pre,0.5
gpt2-xl,alphaedit,zsre,zsre_row13330,specificity,success,pre,0.0
gpt2-xl,alphaedit,zsre,zsre_row13330,specificity,diff,pre,-0.1027604608026697
gpt2-xl,alphaedit,zsre,zsre_row13330,specificity,acc,pre,0.5584415584415584
gpt2-xl,alphaedit,zsre,zsre_row13330,efficacy,success,post,1.0
gpt2-xl,alphaedit,zsre,zsre_row13330,efficacy,diff,post,0.9895498716733833
gpt2-xl,alphaedit,zsre,zsre_row13330,efficacy,acc,post,1.0
gpt2-xl,alphaedit,zsre,zsre_row13330,generalisation,success,post,1.0
gpt2-xl,alphaedit,zsre,zsre_row13330,generalisation,diff,post,0.01776234039302973
gpt2-xl,alphaedit,zsre,zsre_row13330,generalisation,acc,post,0.5
gpt2-xl,alphaedit,zsre,zsre_row13330,specificity,success,post,0.0
gpt2-xl,alphaedit,zsre,zsre_row13330,specificity,diff,post,-0.10233112821777927
gpt2-xl,alphaedit,zsre,zsre_row13330,specificity,acc,post,0.5584415584415584
gpt2-xl,anyedit,counterfact,11983,efficacy,success,pre,0.0
gpt2-xl,anyedit,counterfact,11983,efficacy,diff,pre,-0.03565468776027049
gpt2-xl,anyedit,counterfact,11983,efficacy,acc,pre,0.0
gpt2-xl,anyedit,counterfact,11983,generalisation,success,pre,0.0
gpt2-xl,anyedit,counterfact,11983,generalisation,diff,pre,-0.029315199454624997
gpt2-xl,anyedit,counterfact,11983,generalisation,acc,pre,0.0
gpt2-xl,anyedit,counterfact,11983,specificity,success,pre,0.1
gpt2-xl,anyedit,counterfact,11983,specificity,diff,pre,-0.053060422747595745
gpt2-xl,anyedit,counterfact,11983,specificity,acc,pre,0.1
gpt2-xl,anyedit,counterfact,11983,target_close_neighbour,success,pre,0.9
gpt2-xl,anyedit,counterfact,11983,target_close_neighbour,diff,pre,0.08293220752035592
gpt2-xl,anyedit,counterfact,11983,target_close_neighbour,acc,pre,0.2
gpt2-xl,anyedit,counterfact,11983,efficacy,success,post,1.0
gpt2-xl,anyedit,counterfact,11983,efficacy,diff,post,0.9997021288871849
gpt2-xl,anyedit,counterfact,11983,efficacy,acc,post,1.0
gpt2-xl,anyedit,counterfact,11983,generalisation,success,post,0.5
gpt2-xl,anyedit,counterfact,11983,generalisation,diff,post,0.49009667451926553
gpt2-xl,anyedit,counterfact,11983,generalisation,acc,post,0.5
gpt2-xl,anyedit,counterfact,11983,specificity,success,post,0.7
gpt2-xl,anyedit,counterfact,11983,specificity,diff,post,0.5768861123958915
gpt2-xl,anyedit,counterfact,11983,specificity,acc,post,0.0
gpt2-xl,anyedit,counterfact,11983,target_close_neighbour,success,post,1.0
gpt2-xl,anyedit,counterfact,11983,target_close_neighbour,diff,post,0.5003505687716037
gpt2-xl,anyedit,counterfact,11983,target_close_neighbour,acc,post,0.8
gpt2-xl,anyedit,counterfact,13602,efficacy,success,pre,0.0
gpt2-xl,anyedit,counterfact,13602,efficacy,diff,pre,-0.3437196922705103
gpt2-xl,anyedit,counterfact,13602,efficacy,acc,pre,0.0
gpt2-xl,anyedit,counterfact,13602,generalisation,success,pre,0.0
gpt2-xl,anyedit,counterfact,13602,generalisation,diff,pre,-0.22245752272190797
gpt2-xl,anyedit,counterfact,13602,generalisation,acc,pre,0.0
gpt2-xl,anyedit,counterfact,13602,specificity,success,pre,0.1
gpt2-xl,anyedit,counterfact,13602,specificity,diff,pre,-0.06374715831162822
gpt2-xl,anyedit,counterfact,13602,specificity,acc,pre,0.2
gpt2-xl,anyedit,counterfact,13602,target_close_neighbour,success,pre,0.2
gpt2-xl,anyedit,counterfact,13602,target_close_neighbour,diff,pre,-0.03959248573738354
gpt2-xl,anyedit,counterfact,13602,target_close_neighbour,acc,pre,0.0
gpt2-xl,anyedit,counterfact,13602,efficacy,success,post,1.0
gpt2-xl,anyedit,counterfact,13602,efficacy,diff,post,0.937468103821384
gpt2-xl,anyedit,counterfact,13602,efficacy,acc,post,1.0
gpt2-xl,anyedit,counterfact,13602,generalisation,success,post,0.0
gpt2-xl,anyedit,counterfact,13602,generalisation,diff,post,-0.2063183261342683
gpt2-xl,anyedit,counterfact,13602,generalisation,acc,post,0.0
gpt2-xl,anyedit,counterfact,13602,specificity,success,post,0.2
gpt2-xl,anyedit,counterfact,13602,specificity,diff,post,0.05293316521625896
gpt2-xl,anyedit,counterfact,13602,specificity,acc,post,0.1
gpt2-xl,anyedit,counterfact,13602,target_close_neighbour,success,post,0.6
gpt2-xl,anyedit,counterfact,13602,target_close_neighbour,diff,post,0.30438035207736946
gpt2-xl,anyedit,counterfact,13602,target_close_neighbour,acc,post,0.3
gpt2-xl,anyedit,counterfact,15471,efficacy,success,pre,0.0
gpt2-xl,anyedit,counterfact,15471,efficacy,diff,pre,-0.3657318186141431
gpt2-xl,anyedit,counterfact,15471,efficacy,acc,pre,0.0
gpt2-xl,anyedit,counterfact,15471,generalisation,success,pre,0.0
gpt2-xl,anyedit,counterfact,15471,generalisation,diff,pre,-0.005283081947585409
gpt2-xl,anyedit,counterfact,15471,generalisation,acc,pre,0.0
gpt2-xl,anyedit,counterfact,15471,specificity,success,pre,0.2
gpt2-xl,anyedit,counterfact,15471,specificity,diff,pre,0.005512395232580558
gpt2-xl,anyedit,counterfact,15471,specificity,acc,pre,0.0
gpt2-xl,anyedit,counterfact,15471,target_close_neighbour,success,pre,1.0
gpt2-xl,anyedit,counterfact,15471,target_close_neighbour,diff,pre,0.2552497925216935
gpt2-xl,anyedit,counterfact,15471,target_close_neighbour,acc,pre,0.3
gpt2-xl,anyedit,counterfact,15471,efficacy,success,post,1.0
gpt2-xl,anyedit,counterfact,15471,efficacy,diff,post,0.9994349014969514
gpt2-xl,anyedit,counterfact,15471,efficacy,acc,post,1.0
gpt2-xl,anyedit,counterfact,15471,generalisation,success,post,0.0
gpt2-xl,anyedit,counterfact,15471,generalisation,diff,post,-0.005369785259473238
gpt2-xl,anyedit,counterfact,15471,generalisation,acc,post,0.0
gpt2-xl,anyedit,counterfact,15471,specificity,success,post,0.2
gpt2-xl,anyedit,counterfact,15471,specificity,diff,post,0.09696466062604495
gpt2-xl,anyedit,counterfact,15471,specificity,acc,post,0.0
gpt2-xl,anyedit,counterfact,15471,target_close_neighbour,success,post,1.0
gpt2-xl,anyedit,counterfact,15471,target_close_neighbour,diff,post,0.3096296732874324
gpt2-xl,anyedit,counterfact,15471,target_close_neighbour,acc,post,0.3
gpt2-xl,anyedit,counterfact,4190,efficacy,success,pre,0.0
gpt2-xl,anyedit,counterfact,4190,efficacy,diff,pre,-0.0001472357942219095
gpt2-xl,anyedit,counterfact,4190,efficacy,acc,pre,0.0
gpt2-xl,anyedit,counterfact,4190,generalisation,success,pre,0.0
gpt2-xl,anyedit,counterfact,4190,generalisation,diff,pre,-0.0023938588327926747
gpt2-xl,anyedit,counterfact,4190,generalisation,acc,pre,0.0
gpt2-xl,anyedit,counterfact,4190,specificity,success,pre,0.2
gpt2-xl,anyedit,counterfact,4190,specificity,diff,pre,-0.00018885965733546909
gpt2-xl,anyedit,counterfact,4190,specificity,acc,pre,0.0
gpt2-xl,anyedit,counterfact,4190,target_close_neighbour,success,pre,0.8
gpt2-xl,anyedit,counterfact,4190,target_close_neighbour,diff,pre,0.007420845398691353
gpt2-xl,anyedit,counterfact,4190,target_close_neighbour,acc,pre,0.0
gpt2-xl,anyedit,counterfact,4190,efficacy,success,post,1.0
gpt2-xl,anyedit,counterfact,4190,efficacy,diff,post,0.9795192131346946
gpt2-xl,anyedit,counterfact,4190,efficacy,acc,post,1.0
gpt2-xl,anyedit,counterfact,4190,generalisation,success,post,0.0
gpt2-xl,anyedit,counterfact,4190,generalisation,diff,post,-0.004013182391300458
gpt2-xl,anyedit,counterfact,4190,generalisation,acc,post,0.0
gpt2-xl,anyedit,counterfact,4190,specificity,success,post,0.5
gpt2-xl,anyedit,counterfact,4190,specificity,diff,post,0.28482022513810035
gpt2-xl,anyedit,counterfact,4190,specificity,acc,post,0.0
gpt2-xl,anyedit,counterfact,4190,target_close_neighbour,success,post,0.8
gpt2-xl,anyedit,counterfact,4190,target_close_neighbour,diff,post,0.008459904222097855
gpt2-xl,anyedit,counterfact,4190,target_close_neighbour,acc,post,0.0
gpt2-xl,anyedit,counterfact,2414,efficacy,success,pre,0.0
gpt2-xl,anyedit,counterfact,2414,efficacy,diff,pre,-1.0947702925309163e-06
gpt2-xl,anyedit,counterfact,2414,efficacy,acc,pre,0.0
gpt2-xl,anyedit,counterfact,2414,generalisation,success,pre,0.0
gpt2-xl,anyedit,counterfact,2414,generalisation,diff,pre,-0.00018400724620467088
gpt2-xl,anyedit,counterfact,2414,generalisation,acc,pre,0.0
gpt2-xl,anyedit,counterfact,2414,specificity,success,pre,0.7
gpt2-xl,anyedit,counterfact,2414,specificity,diff,pre,0.00016071127775825418
gpt2-xl,anyedit,counterfact,2414,specificity,acc,pre,0.0
gpt2-xl,anyedit,counterfact,2414,target_close_neighbour,success,pre,0.9
gpt2-xl,anyedit,counterfact,2414,target_close_neighbour,diff,pre,0.00022327334298635678
gpt2-xl,anyedit,counterfact,2414,target_close_neighbour,acc,pre,0.0
gpt2-xl,anyedit,counterfact,2414,efficacy,success,post,1.0
gpt2-xl,anyedit,counterfact,2414,efficacy,diff,post,0.0021908730321193474
gpt2-xl,anyedit,counterfact,2414,efficacy,acc,post,0.0
gpt2-xl,anyedit,counterfact,2414,generalisation,success,post,0.0
gpt2-xl,anyedit,counterfact,2414,generalisation,diff,post,-0.000317300338863547
gpt2-xl,anyedit,counterfact,2414,generalisation,acc,post,0.0
gpt2-xl,anyedit,counterfact,2414,specificity,success,post,0.9
gpt2-xl,anyedit,counterfact,2414,specificity,diff,post,0.00028578689187647735
gpt2-xl,anyedit,counterfact,2414,specificity,acc,post,0.0
gpt2-xl,anyedit,counterfact,2414,target_close_neighbour,success,post,1.0
gpt2-xl,anyedit,counterfact,2414,target_close_neighbour,diff,post,0.0004013699896306202
gpt2-xl,anyedit,counterfact,2414,target_close_neighbour,acc,post,0.0
gpt2-xl,anyedit,genie,screenwriter_825,efficacy,success,pre,1.0
gpt2-xl,anyedit,genie,screenwriter_825,efficacy,diff,pre,0.15862127193183684
gpt2-xl,anyedit,genie,screenwriter_825,efficacy,acc,pre,0.75
gpt2-xl,anyedit,genie,screenwriter_825,paraphrase_1,success,pre,1.0
gpt2-xl,anyedit,genie,screenwriter_825,paraphrase_1,diff,pre,0.14202286119522917
gpt2-xl,anyedit,genie,screenwriter_825,paraphrase_1,acc,pre,0.75
gpt2-xl,anyedit,genie,screenwriter_825,paraphrase_2,success,pre,1.0
gpt2-xl,anyedit,genie,screenwriter_825,paraphrase_2,diff,pre,0.2037114227103598
gpt2-xl,anyedit,genie,screenwriter_825,paraphrase_2,acc,pre,0.75
gpt2-xl,anyedit,genie,screenwriter_825,paraphrase_3,success,pre,1.0
gpt2-xl,anyedit,genie,screenwriter_825,paraphrase_3,diff,pre,0.1507151492873296
gpt2-xl,anyedit,genie,screenwriter_825,paraphrase_3,acc,pre,0.75
gpt2-xl,anyedit,genie,screenwriter_825,hop_1,success,pre,1.0
gpt2-xl,anyedit,genie,screenwriter_825,hop_1,diff,pre,0.02688643249896003
gpt2-xl,anyedit,genie,screenwriter_825,hop_1,acc,pre,0.6
gpt2-xl,anyedit,genie,screenwriter_825,hop_2,success,pre,0.0
gpt2-xl,anyedit,genie,screenwriter_825,hop_2,diff,pre,-0.0030083054411368486
gpt2-xl,anyedit,genie,screenwriter_825,hop_2,acc,pre,0.0
gpt2-xl,anyedit,genie,screenwriter_825,hop_3,success,pre,0.0
gpt2-xl,anyedit,genie,screenwriter_825,hop_3,diff,pre,-0.22710440596671497
gpt2-xl,anyedit,genie,screenwriter_825,hop_3,acc,pre,0.0
gpt2-xl,anyedit,genie,screenwriter_825,abstract_2,hit,pre,0.0
gpt2-xl,anyedit,genie,screenwriter_825,abstract_3,hit,pre,0.0
gpt2-xl,anyedit,genie,screenwriter_825,efficacy,success,post,1.0
gpt2-xl,anyedit,genie,screenwriter_825,efficacy,diff,post,0.7115696229380466
gpt2-xl,anyedit,genie,screenwriter_825,efficacy,acc,post,1.0
gpt2-xl,anyedit,genie,screenwriter_825,paraphrase_1,success,post,1.0
gpt2-xl,anyedit,genie,screenwriter_825,paraphrase_1,diff,post,0.15752659265110164
gpt2-xl,anyedit,genie,screenwriter_825,paraphrase_1,acc,post,0.75
gpt2-xl,anyedit,genie,screenwriter_825,paraphrase_2,success,post,1.0
gpt2-xl,anyedit,genie,screenwriter_825,paraphrase_2,diff,post,0.21168846585719456
gpt2-xl,anyedit,genie,screenwriter_825,paraphrase_2,acc,post,0.75
gpt2-xl,anyedit,genie,screenwriter_825,paraphrase_3,success,post,1.0
gpt2-xl,anyedit,genie,screenwriter_825,paraphrase_3,diff,post,0.16435150241608867
gpt2-xl,anyedit,genie,screenwriter_825,paraphrase_3,acc,post,0.75
gpt2-xl,anyedit,genie,screenwriter_825,hop_1,success,post,1.0
gpt2-xl,anyedit,genie,screenwriter_825,hop_1,diff,post,0.023925648364483607
gpt2-xl,anyedit,genie,screenwriter_825,hop_1,acc,post,0.6
gpt2-xl,anyedit,genie,screenwriter_825,hop_2,success,post,1.0
gpt2-xl,anyedit,genie,screenwriter_825,hop_2,diff,post,0.0006129754017881357
gpt2-xl,anyedit,genie,screenwriter_825,hop_2,acc,post,0.0
gpt2-xl,anyedit,genie,screenwriter_825,hop_3,success,post,0.0
gpt2-xl,anyedit,genie,screenwriter_825,hop_3,diff,post,-0.2492162122843933
gpt2-xl,anyedit,genie,screenwriter_825,hop_3,acc,post,1.0
gpt2-xl,anyedit,genie,screenwriter_825,abstract_2,hit,post,0.0
gpt2-xl,anyedit,genie,screenwriter_825,abstract_3,hit,post,0.0
gpt2-xl,anyedit,genie,award_received_772,efficacy,success,pre,0.0
gpt2-xl,anyedit,genie,award_received_772,efficacy,diff,pre,-0.0915440721858099
gpt2-xl,anyedit,genie,award_received_772,efficacy,acc,pre,0.36363636363636365
gpt2-xl,anyedit,genie,award_received_772,paraphrase_1,success,pre,0.0
gpt2-xl,anyedit,genie,award_received_772,paraphrase_1,diff,pre,-0.12699074134649113
gpt2-xl,anyedit,genie,award_received_772,paraphrase_1,acc,pre,0.36363636363636365
gpt2-xl,anyedit,genie,award_received_772,paraphrase_2,success,pre,0.0
gpt2-xl,anyedit,genie,award_received_772,paraphrase_2,diff,pre,-0.11130852277683467
gpt2-xl,anyedit,genie,award_received_772,paraphrase_2,acc,pre,0.36363636363636365
gpt2-xl,anyedit,genie,award_received_772,paraphrase_3,success,pre,0.0
gpt2-xl,anyedit,genie,award_received_772,paraphrase_3,diff,pre,-0.025087317372576228
gpt2-xl,anyedit,genie,award_received_772,paraphrase_3,acc,pre,0.36363636363636365
gpt2-xl,anyedit,genie,award_received_772,abstract_2,hit,pre,0.0
gpt2-xl,anyedit,genie,award_received_772,abstract_3,hit,pre,0.0
gpt2-xl,anyedit,genie,award_received_772,efficacy,success,post,0.0
gpt2-xl,anyedit,genie,award_received_772,efficacy,diff,post,-0.42858701555062495
gpt2-xl,anyedit,genie,award_received_772,efficacy,acc,post,0.45454545454545453
gpt2-xl,anyedit,genie,award_received_772,paraphrase_1,success,post,0.0
gpt2-xl,anyedit,genie,award_received_772,paraphrase_1,diff,post,-0.12955377847688276
gpt2-xl,anyedit,genie,award_received_772,paraphrase_1,acc,post,0.36363636363636365
gpt2-xl,anyedit,genie,award_received_772,paraphrase_2,success,post,0.0
gpt2-xl,anyedit,genie,award_received_772,paraphrase_2,diff,post,-0.1183213758696297
gpt2-xl,anyedit,genie,award_received_772,paraphrase_2,acc,post,0.36363636363636365
gpt2-xl,anyedit,genie,award_received_772,paraphrase_3,success,post,0.0
gpt2-xl,anyedit,genie,award_received_772,paraphrase_3,diff,post,-0.027715264456646824
gpt2-xl,anyedit,genie,award_received_772,paraphrase_3,acc,post,0.36363636363636365
gpt2-xl,anyedit,genie,award_received_772,abstract_2,hit,post,0.0
gpt2-xl,anyedit,genie,award_received_772,abstract_3,hit,post,0.0
gpt2-xl,anyedit,genie,screenwriter_548,efficacy,success,pre,1.0
gpt2-xl,anyedit,genie,screenwriter_548,efficacy,diff,pre,0.09758109056603412
gpt2-xl,anyedit,genie,screenwriter_548,efficacy,acc,pre,0.8
gpt2-xl,anyedit,genie,screenwriter_548,paraphrase_1,success,pre,1.0
gpt2-xl,anyedit,genie,screenwriter_548,paraphrase_1,diff,pre,0.17352857149907774
gpt2-xl,anyedit,genie,screenwriter_548,paraphrase_1,acc,pre,0.8
gpt2-xl,anyedit,genie,screenwriter_548,paraphrase_2,success,pre,1.0
gpt2-xl,anyedit,genie,screenwriter_548,paraphrase_2,diff,pre,0.10840090627139014
gpt2-xl,anyedit,genie,screenwriter_548,paraphrase_2,acc,pre,0.8
gpt2-xl,anyedit,genie,screenwriter_548,paraphrase_3,success,pre,1.0
gpt2-xl,anyedit,genie,screenwriter_548,paraphrase_3,diff,pre,0.10632744766863479
gpt2-xl,anyedit,genie,screenwriter_548,paraphrase_3,acc,pre,0.8
gpt2-xl,anyedit,genie,screenwriter_548,hop_1,success,pre,0.0
gpt2-xl,anyedit,genie,screenwriter_548,hop_1,diff,pre,-0.026761068536952842
gpt2-xl,anyedit,genie,screenwriter_548,hop_1,acc,pre,0.6666666666666666
gpt2-xl,anyedit,genie,screenwriter_548,abstract_2,hit,pre,0.0
gpt2-xl,anyedit,genie,screenwriter_548,abstract_3,hit,pre,0.0
gpt2-xl,anyedit,genie,screenwriter_548,efficacy,success,post,1.0
gpt2-xl,anyedit,genie,screenwriter_548,efficacy,diff,post,0.7787677881387227
gpt2-xl,anyedit,genie,screenwriter_548,efficacy,acc,post,1.0
gpt2-xl,anyedit,genie,screenwriter_548,paraphrase_1,success,post,1.0
gpt2-xl,anyedit,genie,screenwriter_548,paraphrase_1,diff,post,0.1872000282631906
gpt2-xl,anyedit,genie,screenwriter_548,paraphrase_1,acc,post,0.8
gpt2-xl,anyedit,genie,screenwriter_548,paraphrase_2,success,post,1.0
gpt2-xl,anyedit,genie,screenwriter_548,paraphrase_2,diff,post,0.10997657253858717
gpt2-xl,anyedit,genie,screenwriter_548,paraphrase_2,acc,post,0.8
gpt2-xl,anyedit,genie,screenwriter_548,paraphrase_3,success,post,1.0
gpt2-xl,anyedit,genie,screenwriter_548,paraphrase_3,diff,post,0.10946968976118335
gpt2-xl,anyedit,genie,screenwriter_548,paraphrase_3,acc,post,0.8
gpt2-xl,anyedit,genie,screenwriter_548,hop_1,success,post,0.0
gpt2-xl,anyedit,genie,screenwriter_548,hop_1,diff,post,-0.032911657157830135
gpt2-xl,anyedit,genie,screenwriter_548,hop_1,acc,post,0.6666666666666666
gpt2-xl,anyedit,genie,screenwriter_548,abstract_2,hit,post,0.0
gpt2-xl,anyedit,genie,screenwriter_548,abstract_3,hit,post,0.0
gpt2-xl,anyedit,genie,production_company_3693,efficacy,success,pre,0.0
gpt2-xl,anyedit,genie,production_company_3693,efficacy,diff,pre,-0.3313691690595645
gpt2-xl,anyedit,genie,production_company_3693,efficacy,acc,pre,0.5
gpt2-xl,anyedit,genie,production_company_3693,paraphrase_1,success,pre,0.0
gpt2-xl,anyedit,genie,production_company_3693,paraphrase_1,diff,pre,-0.5579323852964133
gpt2-xl,anyedit,genie,production_company_3693,paraphrase_1,acc,pre,0.5
gpt2-xl,anyedit,genie,production_company_3693,paraphrase_2,success,pre,0.0
gpt2-xl,anyedit,genie,production_company_3693,paraphrase_2,diff,pre,-0.6140169586084842
gpt2-xl,anyedit,genie,production_company_3693,paraphrase_2,acc,pre,0.5
gpt2-xl,anyedit,genie,production_company_3693,paraphrase_3,success,pre,0.0
gpt2-xl,anyedit,genie,production_company_3693,paraphrase_3,diff,pre,-0.3269490654011746
gpt2-xl,anyedit,genie,production_company_3693,paraphrase_3,acc,pre,0.5
gpt2-xl,anyedit,genie,production_company_3693,hop_1,success,pre,1.0
gpt2-xl,anyedit,genie,production_company_3693,hop_1,diff,pre,0.04642005859204189
gpt2-xl,anyedit,genie,production_company_3693,hop_1,acc,pre,0.6666666666666666
gpt2-xl,anyedit,genie,production_company_3693,abstract_1,success,pre,0.0
gpt2-xl,anyedit,genie,production_company_3693,abstract_1,diff,pre,-0.5861042247276075
gpt2-xl,anyedit,genie,production_company_3693,abstract_1,acc,pre,0.0
gpt2-xl,anyedit,genie,production_company_3693,abstract_2,hit,pre,0.0
gpt2-xl,anyedit,genie,production_company_3693,abstract_3,hit,pre,0.0
gpt2-xl,anyedit,genie,production_company_3693,efficacy,success,post,0.0
gpt2-xl,anyedit,genie,production_company_3693,efficacy,diff,post,-0.33476825972794444
gpt2-xl,anyedit,genie,production_company_3693,efficacy,acc,post,0.5
gpt2-xl,anyedit,genie,production_company_3693,paraphrase_1,success,post,0.0
gpt2-xl,anyedit,genie,production_company_3693,paraphrase_1,diff,post,-0.536238372742038
gpt2-xl,anyedit,genie,production_company_3693,paraphrase_1,acc,post,0.5
gpt2-xl,anyedit,genie,production_company_3693,paraphrase_2,success,post,0.0
gpt2-xl,anyedit,genie,production_company_3693,paraphrase_2,diff,post,-0.6005287658825538
gpt2-xl,anyedit,genie,production_company_3693,paraphrase_2,acc,post,0.5
gpt2-xl,anyedit,genie,production_company_3693,paraphrase_3,success,post,0.0
gpt2-xl,anyedit,genie,production_company_3693,paraphrase_3,diff,post,-0.333103274795575
gpt2-xl,anyedit,genie,production_company_3693,paraphrase_3,acc,post,0.5
gpt2-xl,anyedit,genie,production_company_3693,hop_1,success,post,1.0
gpt2-xl,anyedit,genie,production_company_3693,hop_1,diff,post,0.044486034424748536
gpt2-xl,anyedit,genie,production_company_3693,hop_1,acc,post,0.6666666666666666
gpt2-xl,anyedit,genie,production_company_3693,abstract_1,success,post,0.0
gpt2-xl,anyedit,genie,production_company_3693,abstract_1,diff,post,-0.5901839581870261
gpt2-xl,anyedit,genie,production_company_3693,abstract_1,acc,post,0.0
gpt2-xl,anyedit,genie,production_company_3693,abstract_2,hit,post,0.0
gpt2-xl,anyedit,genie,production_company_3693,abstract_3,hit,post,0.0
gpt2-xl,anyedit,genie,country_4458,efficacy,success,pre,0.0
gpt2-xl,anyedit,genie,country_4458,efficacy,diff,pre,-0.08263569845357104
gpt2-xl,anyedit,genie,country_4458,efficacy,acc,pre,0.0
gpt2-xl,anyedit,genie,country_4458,paraphrase_1,success,pre,0.0
gpt2-xl,anyedit,genie,country_4458,paraphrase_1,diff,pre,-0.37027552436866545
gpt2-xl,anyedit,genie,country_4458,paraphrase_1,acc,pre,0.0
gpt2-xl,anyedit,genie,country_4458,paraphrase_2,success,pre,0.0
gpt2-xl,anyedit,genie,country_4458,paraphrase_2,diff,pre,-0.00010580268843964793
gpt2-xl,anyedit,genie,country_4458,paraphrase_2,acc,pre,0.0
gpt2-xl,anyedit,genie,country_4458,paraphrase_3,success,pre,0.0
gpt2-xl,anyedit,genie,country_4458,paraphrase_3,diff,pre,-0.3106928678897986
gpt2-xl,anyedit,genie,country_4458,paraphrase_3,acc,pre,0.0
gpt2-xl,anyedit,genie,country_4458,hop_1,success,pre,0.0
gpt2-xl,anyedit,genie,country_4458,hop_1,diff,pre,-0.009106210820703913
gpt2-xl,anyedit,genie,country_4458,hop_1,acc,pre,0.0
gpt2-xl,anyedit,genie,country_4458,abstract_1,success,pre,1.0
gpt2-xl,anyedit,genie,country_4458,abstract_1,diff,pre,0.04655074861691155
gpt2-xl,anyedit,genie,country_4458,abstract_1,acc,pre,0.8571428571428571
gpt2-xl,anyedit,genie,country_4458,abstract_2,hit,pre,0.0
gpt2-xl,anyedit,genie,country_4458,abstract_3,hit,pre,0.0
gpt2-xl,anyedit,genie,country_4458,efficacy,success,post,1.0
gpt2-xl,anyedit,genie,country_4458,efficacy,diff,post,0.07829851641364613
gpt2-xl,anyedit,genie,country_4458,efficacy,acc,post,0.0
gpt2-xl,anyedit,genie,country_4458,paraphrase_1,success,post,0.0
gpt2-xl,anyedit,genie,country_4458,paraphrase_1,diff,post,-0.36632570371657747
gpt2-xl,anyedit,genie,country_4458,paraphrase_1,acc,post,0.0
gpt2-xl,anyedit,genie,country_4458,paraphrase_2,success,post,0.0
gpt2-xl,anyedit,genie,country_4458,paraphrase_2,diff,post,-0.00014545402746168364
gpt2-xl,anyedit,genie,country_4458,paraphrase_2,acc,post,0.0
gpt2-xl,anyedit,genie,country_4458,paraphrase_3,success,post,0.0
gpt2-xl,anyedit,genie,country_4458,paraphrase_3,diff,post,-0.28766630690164846
gpt2-xl,anyedit,genie,country_4458,paraphrase_3,acc,post,0.0
gpt2-xl,anyedit,genie,country_4458,hop_1,success,post,0.0
gpt2-xl,anyedit,genie,country_4458,hop_1,diff,post,-0.008747138168422274
gpt2-xl,anyedit,genie,country_4458,hop_1,acc,post,0.0
gpt2-xl,anyedit,genie,country_4458,abstract_1,success,post,1.0
gpt2-xl,anyedit,genie,country_4458,abstract_1,diff,post,0.05951051927398493
gpt2-xl,anyedit,genie,country_4458,abstract_1,acc,post,0.8571428571428571
gpt2-xl,anyedit,genie,country_4458,abstract_2,hit,post,0.0
gpt2-xl,anyedit,genie,country_4458,abstract_3,hit,post,0.0
gpt2-xl,anyedit,mquake,2640,efficacy,success,pre,0.0
gpt2-xl,anyedit,mquake,2640,efficacy,diff,pre,-0.4591030946337174
gpt2-xl,anyedit,mquake,2640,efficacy,acc,pre,0.39166666666666666
gpt2-xl,anyedit,mquake,2640,single_hop,success,pre,0.0
gpt2-xl,anyedit,mquake,2640,single_hop,diff,pre,-0.06389404976630379
gpt2-xl,anyedit,mquake,2640,single_hop,acc,pre,0.5583333333333333
gpt2-xl,anyedit,mquake,2640,multihop,hit,pre,0.0
gpt2-xl,anyedit,mquake,2640,efficacy,success,post,0.5
gpt2-xl,anyedit,mquake,2640,efficacy,diff,post,0.3268646919843501
gpt2-xl,anyedit,mquake,2640,efficacy,acc,post,0.725
gpt2-xl,anyedit,mquake,2640,single_hop,success,post,0.0
gpt2-xl,anyedit,mquake,2640,single_hop,diff,post,-0.005102078607874538
gpt2-xl,anyedit,mquake,2640,single_hop,acc,post,0.7666666666666666
gpt2-xl,anyedit,mquake,2640,multihop,hit,post,0.0
gpt2-xl,anyedit,mquake,248,efficacy,success,pre,0.0
gpt2-xl,anyedit,mquake,248,efficacy,diff,pre,-0.012447035637208115
gpt2-xl,anyedit,mquake,248,efficacy,acc,pre,0.2222222222222222
gpt2-xl,anyedit,mquake,248,single_hop,success,pre,0.0
gpt2-xl,anyedit,mquake,248,single_hop,diff,pre,-0.012447035637208115
gpt2-xl,anyedit,mquake,248,single_hop,acc,pre,0.1111111111111111
gpt2-xl,anyedit,mquake,248,multihop,hit,pre,0.0
gpt2-xl,anyedit,mquake,248,efficacy,success,post,1.0
gpt2-xl,anyedit,mquake,248,efficacy,diff,post,0.009531858194045964
gpt2-xl,anyedit,mquake,248,efficacy,acc,post,0.2222222222222222
gpt2-xl,anyedit,mquake,248,single_hop,success,post,1.0
gpt2-xl,anyedit,mquake,248,single_hop,diff,post,0.008539060037026727
gpt2-xl,anyedit,mquake,248,single_hop,acc,post,0.1111111111111111
gpt2-xl,anyedit,mquake,248,multihop,hit,post,0.0
gpt2-xl,anyedit,mquake,2121,efficacy,success,pre,1.0
gpt2-xl,anyedit,mquake,2121,efficacy,diff,pre,0.040776061156685306
gpt2-xl,anyedit,mquake,2121,efficacy,acc,pre,0.6666666666666666
gpt2-xl,anyedit,mquake,2121,single_hop,success,pre,1.0
gpt2-xl,anyedit,mquake,2121,single_hop,diff,pre,0.040776061156685306
gpt2-xl,anyedit,mquake,2121,single_hop,acc,pre,0.7222222222222222
gpt2-xl,anyedit,mquake,2121,multihop,hit,pre,0.0
gpt2-xl,anyedit,mquake,2121,efficacy,success,post,1.0
gpt2-xl,anyedit,mquake,2121,efficacy,diff,post,0.4855684538870503
gpt2-xl,anyedit,mquake,2121,efficacy,acc,post,0.7777777777777778
gpt2-xl,anyedit,mquake,2121,single_hop,success,post,1.0
gpt2-xl,anyedit,mquake,2121,single_hop,diff,post,0.4855684538870503
gpt2-xl,anyedit,mquake,2121,single_hop,acc,post,0.7592592592592592
gpt2-xl,anyedit,mquake,2121,multihop,hit,post,0.0
gpt2-xl,anyedit,mquake,825,efficacy,success,pre,0.0
gpt2-xl,anyedit,mquake,825,efficacy,diff,pre,-0.2943418673995905
gpt2-xl,anyedit,mquake,825,efficacy,acc,pre,0.16666666666666666
gpt2-xl,anyedit,mquake,825,single_hop,success,pre,0.0
gpt2-xl,anyedit,mquake,825,single_hop,diff,pre,-0.2789840940823012
gpt2-xl,anyedit,mquake,825,single_hop,acc,pre,0.16666666666666666
gpt2-xl,anyedit,mquake,825,multihop,hit,pre,0.0
gpt2-xl,anyedit,mquake,825,efficacy,success,post,1.0
gpt2-xl,anyedit,mquake,825,efficacy,diff,post,0.5084955776111534
gpt2-xl,anyedit,mquake,825,efficacy,acc,post,0.8333333333333333
gpt2-xl,anyedit,mquake,825,single_hop,success,post,1.0
gpt2-xl,anyedit,mquake,825,single_hop,diff,post,0.14088454912584833
gpt2-xl,anyedit,mquake,825,single_hop,acc,post,0.8333333333333333
gpt2-xl,anyedit,mquake,825,multihop,hit,post,0.0
gpt2-xl,anyedit,mquake,2014,efficacy,success,pre,0.0
gpt2-xl,anyedit,mquake,2014,efficacy,diff,pre,-0.07655971232967555
gpt2-xl,anyedit,mquake,2014,efficacy,acc,pre,0.30952380952380953
gpt2-xl,anyedit,mquake,2014,single_hop,success,pre,0.0
gpt2-xl,anyedit,mquake,2014,single_hop,diff,pre,-0.07837771438379718
gpt2-xl,anyedit,mquake,2014,single_hop,acc,pre,0.6168831168831169
gpt2-xl,anyedit,mquake,2014,multihop,hit,pre,0.0
gpt2-xl,anyedit,mquake,2014,efficacy,success,post,1.0
gpt2-xl,anyedit,mquake,2014,efficacy,diff,post,0.6659249191389084
gpt2-xl,anyedit,mquake,2014,efficacy,acc,post,0.9047619047619048
gpt2-xl,anyedit,mquake,2014,single_hop,success,post,1.0
gpt2-xl,anyedit,mquake,2014,single_hop,diff,post,0.19764552502477245
gpt2-xl,anyedit,mquake,2014,single_hop,acc,post,0.9523809523809524
gpt2-xl,anyedit,mquake,2014,multihop,hit,post,0.0
gpt2-xl,anyedit,ripple,ripple_popular_row657,efficacy,hit,pre,0.0
gpt2-xl,anyedit,ripple,ripple_popular_row657,ripple_relation_specificity,hit,pre,1.0
gpt2-xl,anyedit,ripple,ripple_popular_row657,efficacy,hit,post,0.0
gpt2-xl,anyedit,ripple,ripple_popular_row657,ripple_relation_specificity,hit,post,1.0
gpt2-xl,anyedit,ripple,ripple_popular_row839,efficacy,hit,pre,0.0
gpt2-xl,anyedit,ripple,ripple_popular_row839,efficacy,hit,post,0.0
gpt2-xl,anyedit,ripple,ripple_popular_row792,efficacy,hit,pre,0.0
gpt2-xl,anyedit,ripple,ripple_popular_row792,efficacy,hit,post,0.0
gpt2-xl,anyedit,ripple,ripple_popular_row778,efficacy,hit,pre,0.0
gpt2-xl,anyedit,ripple,ripple_popular_row778,ripple_logical,hit,pre,0.0
gpt2-xl,anyedit,ripple,ripple_popular_row778,ripple_relation_specificity,hit,pre,1.0
gpt2-xl,anyedit,ripple,ripple_popular_row778,efficacy,hit,post,0.0
gpt2-xl,anyedit,ripple,ripple_popular_row778,ripple_logical,hit,post,0.0
gpt2-xl,anyedit,ripple,ripple_popular_row778,ripple_relation_specificity,hit,post,1.0
gpt2-xl,anyedit,ripple,ripple_popular_row846,efficacy,hit,pre,0.0
gpt2-xl,anyedit,ripple,ripple_popular_row846,ripple_relation_specificity,hit,pre,1.0
gpt2-xl,anyedit,ripple,ripple_popular_row846,efficacy,hit,post,0.0
gpt2-xl,anyedit,ripple,ripple_popular_row846,ripple_relation_specificity,hit,post,0.5
gpt2-xl,anyedit,ripple,ripple_random_row1742,efficacy,hit,pre,0.0
gpt2-xl,anyedit,ripple,ripple_random_row1742,efficacy,hit,post,0.0
gpt2-xl,anyedit,ripple,ripple_random_row1584,efficacy,hit,pre,0.0
gpt2-xl,anyedit,ripple,ripple_random_row1584,efficacy,hit,post,1.0
gpt2-xl,anyedit,ripple,ripple_random_row1799,efficacy,hit,pre,0.0
gpt2-xl,anyedit,ripple,ripple_random_row1799,efficacy,hit,post,0.0
gpt2-xl,anyedit,ripple,ripple_random_row1627,efficacy,hit,pre,0.0
gpt2-xl,anyedit,ripple,ripple_random_row1627,efficacy,hit,post,0.0
gpt2-xl,anyedit,ripple,ripple_random_row1806,efficacy,hit,pre,0.0
gpt2-xl,anyedit,ripple,ripple_random_row1806,efficacy,hit,post,0.0
gpt2-xl,anyedit,zsre,zsre_row18114,efficacy,success,pre,1.0
gpt2-xl,anyedit,zsre,zsre_row18114,efficacy,diff,pre,0.0013489904607146578
gpt2-xl,anyedit,zsre,zsre_row18114,efficacy,acc,pre,0.0
gpt2-xl,anyedit,zsre,zsre_row18114,generalisation,success,pre,1.0
gpt2-xl,anyedit,zsre,zsre_row18114,generalisation,diff,pre,0.007393608263029027
gpt2-xl,anyedit,zsre,zsre_row18114,generalisation,acc,pre,0.5
gpt2-xl,anyedit,zsre,zsre_row18114,specificity,success,pre,0.0
gpt2-xl,anyedit,zsre,zsre_row18114,specificity,diff,pre,-0.003835267040342944
gpt2-xl,anyedit,zsre,zsre_row18114,specificity,acc,pre,0.25
gpt2-xl,anyedit,zsre,zsre_row18114,efficacy,success,post,1.0
gpt2-xl,anyedit,zsre,zsre_row18114,efficacy,diff,post,0.9353090187915587
gpt2-xl,anyedit,zsre,zsre_row18114,efficacy,acc,post,1.0
gpt2-xl,anyedit,zsre,zsre_row18114,generalisation,success,post,1.0
gpt2-xl,anyedit,zsre,zsre_row18114,generalisation,diff,post,0.0759695917500551
gpt2-xl,anyedit,zsre,zsre_row18114,generalisation,acc,post,0.5
gpt2-xl,anyedit,zsre,zsre_row18114,specificity,success,post,0.0
gpt2-xl,anyedit,zsre,zsre_row18114,specificity,diff,post,-0.003995415265962611
gpt2-xl,anyedit,zsre,zsre_row18114,specificity,acc,post,0.25
gpt2-xl,anyedit,zsre,zsre_row10337,efficacy,success,pre,1.0
gpt2-xl,anyedit,zsre,zsre_row10337,efficacy,diff,pre,0.008737059411089355
gpt2-xl,anyedit,zsre,zsre_row10337,efficacy,acc,pre,0.3333333333333333
gpt2-xl,anyedit,zsre,zsre_row10337,generalisation,success,pre,1.0
gpt2-xl,anyedit,zsre,zsre_row10337,generalisation,diff,pre,0.0029590640572478514
gpt2-xl,anyedit,zsre,zsre_row10337,generalisation,acc,pre,0.3333333333333333
gpt2-xl,anyedit,zsre,zsre_row10337,specificity,success,pre,1.0
gpt2-xl,anyedit,zsre,zsre_row10337,specificity,diff,pre,0.00013660588108589132
gpt2-xl,anyedit,zsre,zsre_row10337,specificity,acc,pre,0.0
gpt2-xl,anyedit,zsre,zsre_row10337,efficacy,success,post,1.0
gpt2-xl,anyedit,zsre,zsre_row10337,efficacy,diff,post,0.5293688273235759
gpt2-xl,anyedit,zsre,zsre_row10337,efficacy,acc,post,1.0
gpt2-xl,anyedit,zsre,zsre_row10337,generalisation,success,post,0.0
gpt2-xl,anyedit,zsre,zsre_row10337,generalisation,diff,post,-0.22046928730745188
gpt2-xl,anyedit,zsre,zsre_row10337,generalisation,acc,post,0.3333333333333333
gpt2-xl,anyedit,zsre,zsre_row10337,specificity,success,post,1.0
gpt2-xl,anyedit,zsre,zsre_row10337,specificity,diff,post,0.00011730567897381255
gpt2-xl,anyedit,zsre,zsre_row10337,specificity,acc,post,0.0
gpt2-xl,anyedit,zsre,zsre_row11396,efficacy,success,pre,1.0
gpt2-xl,anyedit,zsre,zsre_row11396,efficacy,diff,pre,0.15288347323089016
gpt2-xl,anyedit,zsre,zsre_row11396,efficacy,acc,pre,0.6666666666666666
gpt2-xl,anyedit,zsre,zsre_row11396,generalisation,success,pre,1.0
gpt2-xl,anyedit,zsre,zsre_row11396,generalisation,diff,pre,0.16456620292618865
gpt2-xl,anyedit,zsre,zsre_row11396,generalisation,acc,pre,0.6666666666666666
gpt2-xl,anyedit,zsre,zsre_row11396,specificity,success,pre,0.0
gpt2-xl,anyedit,zsre,zsre_row11396,specificity,diff,pre,-2.9790150548376524e-06
gpt2-xl,anyedit,zsre,zsre_row11396,specificity,acc,pre,0.0
gpt2-xl,anyedit,zsre,zsre_row11396,efficacy,success,post,1.0
gpt2-xl,anyedit,zsre,zsre_row11396,efficacy,diff,post,0.8682459696374007
gpt2-xl,anyedit,zsre,zsre_row11396,efficacy,acc,post,1.0
gpt2-xl,anyedit,zsre,zsre_row11396,generalisation,success,post,1.0
gpt2-xl,anyedit,zsre,zsre_row11396,generalisation,diff,post,0.3042396133632703
gpt2-xl,anyedit,zsre,zsre_row11396,generalisation,acc,post,0.8333333333333334
gpt2-xl,anyedit,zsre,zsre_row11396,specificity,success,post,1.0
gpt2-xl,anyedit,zsre,zsre_row11396,specificity,diff,post,2.1320831234831962e-05
gpt2-xl,anyedit,zsre,zsre_row11396,specificity,acc,post,0.0
gpt2-xl,anyedit,zsre,zsre_row12562,efficacy,success,pre,1.0
gpt2-xl,anyedit,zsre,zsre_row12562,efficacy,diff,pre,0.030931978149728298
gpt2-xl,anyedit,zsre,zsre_row12562,efficacy,acc,pre,0.75
gpt2-xl,anyedit,zsre,zsre_row12562,generalisation,success,pre,0.0
gpt2-xl,anyedit,zsre,zsre_row12562,generalisation,diff,pre,-0.14700302399926818
gpt2-xl,anyedit,zsre,zsre_row12562,generalisation,acc,pre,0.75
gpt2-xl,anyedit,zsre,zsre_row12562,specificity,success,pre,0.0
gpt2-xl,anyedit,zsre,zsre_row12562,specificity,diff,pre,-0.09575036893646345
gpt2-xl,anyedit,zsre,zsre_row12562,specificity,acc,pre,0.5897435897435898
gpt2-xl,anyedit,zsre,zsre_row12562,efficacy,success,post,1.0
gpt2-xl,anyedit,zsre,zsre_row12562,efficacy,diff,post,0.9301749525408117
gpt2-xl,anyedit,zsre,zsre_row12562,efficacy,acc,post,1.0
gpt2-xl,anyedit,zsre,zsre_row12562,generalisation,success,post,0.0
gpt2-xl,anyedit,zsre,zsre_row12562,generalisation,diff,post,-0.13089477015093393
gpt2-xl,anyedit,zsre,zsre_row12562,generalisation,acc,post,0.75
gpt2-xl,anyedit,zsre,zsre_row12562,specificity,success,post,0.0
gpt2-xl,anyedit,zsre,zsre_row12562,specificity,diff,post,-0.0956159586367622
gpt2-xl,anyedit,zsre,zsre_row12562,specificity,acc,post,0.5897435897435898
gpt2-xl,anyedit,zsre,zsre_row13330,efficacy,success,pre,1.0
gpt2-xl,anyedit,zsre,zsre_row13330,efficacy,diff,pre,0.0011947509600241058
gpt2-xl,anyedit,zsre,zsre_row13330,efficacy,acc,pre,0.5
gpt2-xl,anyedit,zsre,zsre_row13330,generalisation,success,pre,1.0
gpt2-xl,anyedit,zsre,zsre_row13330,generalisation,diff,pre,0.0022326564970318397
gpt2-xl,anyedit,zsre,zsre_row13330,generalisation,acc,pre,0.5
gpt2-xl,anyedit,zsre,zsre_row13330,specificity,success,pre,0.0
gpt2-xl,anyedit,zsre,zsre_row13330,specificity,diff,pre,-0.1027604608026697
gpt2-xl,anyedit,zsre,zsre_row13330,specificity,acc,pre,0.5584415584415584
gpt2-xl,anyedit,zsre,zsre_row13330,efficacy,success,post,1.0
gpt2-xl,anyedit,zsre,zsre_row13330,efficacy,diff,post,0.9945536344528134
gpt2-xl,anyedit,zsre,zsre_row13330,efficacy,acc,post,1.0
gpt2-xl,anyedit,zsre,zsre_row13330,generalisation,success,post,1.0
gpt2-xl,anyedit,zsre,zsre_row13330,generalisation,diff,post,0.002620953077262189
gpt2-xl,anyedit,zsre,zsre_row13330,generalisation,acc,post,0.5
gpt2-xl,anyedit,zsre,zsre_row13330,specificity,success,post,0.0
gpt2-xl,anyedit,zsre,zsre_row13330,specificity,diff,post,-0.10282137489996132
gpt2-xl,anyedit,zsre,zsre_row13330,specificity,acc,post,0.5584415584415584
gpt2-xl,grace,counterfact,11983,efficacy,success,pre,0.0
gpt2-xl,grace,counterfact,11983,efficacy,diff,pre,-0.03565468776027049
gpt2-xl,grace,counterfact,11983,efficacy,acc,pre,0.0
gpt2-xl,grace,counterfact,11983,generalisation,success,pre,0.0
gpt2-xl,grace,counterfact,11983,generalisation,diff,pre,-0.029315199454624997
gpt2-xl,grace,counterfact,11983,generalisation,acc,pre,0.0
gpt2-xl,grace,counterfact,11983,specificity,success,pre,0.1
gpt2-xl,grace,counterfact,11983,specificity,diff,pre,-0.053060422747595745
gpt2-xl,grace,counterfact,11983,specificity,acc,pre,0.1
gpt2-xl,grace,counterfact,11983,target_close_neighbour,success,pre,0.9
gpt2-xl,grace,counterfact,11983,target_close_neighbour,diff,pre,0.08293220752035592
gpt2-xl,grace,counterfact,11983,target_close_neighbour,acc,pre,0.2
gpt2-xl,grace,counterfact,11983,efficacy,success,post,1.0
gpt2-xl,grace,counterfact,11983,efficacy,diff,post,0.9994622721212115
gpt2-xl,grace,counterfact,11983,efficacy,acc,post,1.0
gpt2-xl,grace,counterfact,11983,generalisation,success,post,0.0
gpt2-xl,grace,counterfact,11983,generalisation,diff,post,-0.029315199454624997
gpt2-xl,grace,counterfact,11983,generalisation,acc,post,0.0
gpt2-xl,grace,counterfact,11983,specificity,success,post,0.2
gpt2-xl,grace,counterfact,11983,specificity,diff,post,0.050144592587184754
gpt2-xl,grace,counterfact,11983,specificity,acc,post,0.1
gpt2-xl,grace,counterfact,11983,target_close_neighbour,success,post,1.0
gpt2-xl,grace,counterfact,11983,target_close_neighbour,diff,post,0.18348562527397286
gpt2-xl,grace,counterfact,11983,target_close_neighbour,acc,post,0.3
gpt2-xl,grace,counterfact,13602,efficacy,success,pre,0.0
gpt2-xl,grace,counterfact,13602,efficacy,diff,pre,-0.3437196922705103
gpt2-xl,grace,counterfact,13602,efficacy,acc,pre,0.0
gpt2-xl,grace,counterfact,13602,generalisation,success,pre,0.0
gpt2-xl,grace,counterfact,13602,generalisation,diff,pre,-0.22245752272190797
gpt2-xl,grace,counterfact,13602,generalisation,acc,pre,0.0
gpt2-xl,grace,counterfact,13602,specificity,success,pre,0.1
gpt2-xl,grace,counterfact,13602,specificity,diff,pre,-0.06374715831162822
gpt2-xl,grace,counterfact,13602,specificity,acc,pre,0.2
gpt2-xl,grace,counterfact,13602,target_close_neighbour,success,pre,0.2
gpt2-xl,grace,counterfact,13602,target_close_neighbour,diff,pre,-0.03959248573738354
gpt2-xl,grace,counterfact,13602,target_close_neighbour,acc,pre,0.0
gpt2-xl,grace,counterfact,13602,efficacy,success,post,1.0
gpt2-xl,grace,counterfact,13602,efficacy,diff,post,0.9993933411387458
gpt2-xl,grace,counterfact,13602,efficacy,acc,post,1.0
gpt2-xl,grace,counterfact,13602,generalisation,success,post,0.0
gpt2-xl,grace,counterfact,13602,generalisation,diff,post,-0.22245752272190797
gpt2-xl,grace,counterfact,13602,generalisation,acc,post,0.0
gpt2-xl,grace,counterfact,13602,specificity,success,post,0.1
gpt2-xl,grace,counterfact,13602,specificity,diff,post,-0.06374715831162822
gpt2-xl,grace,counterfact,13602,specificity,acc,post,0.2
gpt2-xl,grace,counterfact,13602,target_close_neighbour,success,post,0.2
gpt2-xl,grace,counterfact,13602,target_close_neighbour,diff,post,-0.03959248573738354
gpt2-xl,grace,counterfact,13602,target_close_neighbour,acc,post,0.0
gpt2-xl,grace,counterfact,15471,efficacy,success,pre,0.0
gpt2-xl,grace,counterfact,15471,efficacy,diff,pre,-0.3657318186141431
gpt2-xl,grace,counterfact,15471,efficacy,acc,pre,0.0
gpt2-xl,grace,counterfact,15471,generalisation,success,pre,0.0
gpt2-xl,grace,counterfact,15471,generalisation,diff,pre,-0.005283081947585409
gpt2-xl,grace,counterfact,15471,generalisation,acc,pre,0.0
gpt2-xl,grace,counterfact,15471,specificity,success,pre,0.2
gpt2-xl,grace,counterfact,15471,specificity,diff,pre,0.005512395232580558
gpt2-xl,grace,counterfact,15471,specificity,acc,pre,0.0
gpt2-xl,grace,counterfact,15471,target_close_neighbour,success,pre,1.0
gpt2-xl,grace,counterfact,15471,target_close_neighbour,diff,pre,0.2552497925216935
gpt2-xl,grace,counterfact,15471,target_close_neighbour,acc,pre,0.3
gpt2-xl,grace,counterfact,15471,efficacy,success,post,1.0
gpt2-xl,grace,counterfact,15471,efficacy,diff,post,0.9999848604030648
gpt2-xl,grace,counterfact,15471,efficacy,acc,post,1.0
gpt2-xl,grace,counterfact,15471,generalisation,success,post,0.0
gpt2-xl,grace,counterfact,15471,generalisation,diff,post,-0.005283081947585409
gpt2-xl,grace,counterfact,15471,generalisation,acc,post,0.0
gpt2-xl,grace,counterfact,15471,specificity,success,post,0.2
gpt2-xl,grace,counterfact,15471,specificity,diff,post,0.005512395232580558
gpt2-xl,grace,counterfact,15471,specificity,acc,post,0.0
gpt2-xl,grace,counterfact,15471,target_close_neighbour,success,post,1.0
gpt2-xl,grace,counterfact,15471,target_close_neighbour,diff,post,0.2552497925216935
gpt2-xl,grace,counterfact,15471,target_close_neighbour,acc,post,0.3
gpt2-xl,grace,counterfact,4190,efficacy,success,pre,0.0
gpt2-xl,grace,counterfact,4190,efficacy,diff,pre,-0.0001472357942219095
gpt2-xl,grace,counterfact,4190,efficacy,acc,pre,0.0
gpt2-xl,grace,counterfact,4190,generalisation,success,pre,0.0
gpt2-xl,grace,counterfact,4190,generalisation,diff,pre,-0.0023938588327926747
gpt2-xl,grace,counterfact,4190,generalisation,acc,pre,0.0
gpt2-xl,grace,counterfact,4190,specificity,success,pre,0.2
gpt2-xl,grace,counterfact,4190,specificity,diff,pre,-0.00018885965733546909
gpt2-xl,grace,counterfact,4190,specificity,acc,pre,0.0
gpt2-xl,grace,counterfact,4190,target_close_neighbour,success,pre,0.8
gpt2-xl,grace,counterfact,4190,target_close_neighbour,diff,pre,0.007420845398691353
gpt2-xl,grace,counterfact,4190,target_close_neighbour,acc,pre,0.0
gpt2-xl,grace,counterfact,4190,efficacy,success,post,1.0
gpt2-xl,grace,counterfact,4190,efficacy,diff,post,0.9989169444520956
gpt2-xl,grace,counterfact,4190,efficacy,acc,post,1.0
gpt2-xl,grace,counterfact,4190,generalisation,success,post,0.0
gpt2-xl,grace,counterfact,4190,generalisation,diff,post,-0.0023938588327926747
gpt2-xl,grace,counterfact,4190,generalisation,acc,post,0.0
gpt2-xl,grace,counterfact,4190,specificity,success,post,0.2
gpt2-xl,grace,counterfact,4190,specificity,diff,post,-0.00018885965733546909
gpt2-xl,grace,counterfact,4190,specificity,acc,post,0.0
gpt2-xl,grace,counterfact,4190,target_close_neighbour,success,post,0.8
gpt2-xl,grace,counterfact,4190,target_close_neighbour,diff,post,0.007420845398691353
gpt2-xl,grace,counterfact,4190,target_close_neighbour,acc,post,0.0
gpt2-xl,grace,counterfact,2414,efficacy,success,pre,0.0
gpt2-xl,grace,counterfact,2414,efficacy,diff,pre,-1.0947702925309163e-06
gpt2-xl,grace,counterfact,2414,efficacy,acc,pre,0.0
gpt2-xl,grace,counterfact,2414,generalisation,success,pre,0.0
gpt2-xl,grace,counterfact,2414,generalisation,diff,pre,-0.00018400724620467088
gpt2-xl,grace,counterfact,2414,generalisation,acc,pre,0.0
gpt2-xl,grace,counterfact,2414,specificity,success,pre,0.7
gpt2-xl,grace,counterfact,2414,specificity,diff,pre,0.00016071127775825418
gpt2-xl,grace,counterfact,2414,specificity,acc,pre,0.0
gpt2-xl,grace,counterfact,2414,target_close_neighbour,success,pre,0.9
gpt2-xl,grace,counterfact,2414,target_close_neighbour,diff,pre,0.00022327334298635678
gpt2-xl,grace,counterfact,2414,target_close_neighbour,acc,pre,0.0
gpt2-xl,grace,counterfact,2414,efficacy,success,post,1.0
gpt2-xl,grace,counterfact,2414,efficacy,diff,post,0.9999604232963127
gpt2-xl,grace,counterfact,2414,efficacy,acc,post,1.0
gpt2-xl,grace,counterfact,2414,generalisation,success,post,0.0
gpt2-xl,grace,counterfact,2414,generalisation,diff,post,-0.00018400724620467088
gpt2-xl,grace,counterfact,2414,generalisation,acc,post,0.0
gpt2-xl,grace,counterfact,2414,specificity,success,post,0.7
gpt2-xl,grace,counterfact,2414,specificity,diff,post,0.00016071127775825418
gpt2-xl,grace,counterfact,2414,specificity,acc,post,0.0
gpt2-xl,grace,counterfact,2414,target_close_neighbour,success,post,0.9
gpt2-xl,grace,counterfact,2414,target_close_neighbour,diff,post,0.00022327334298635678
gpt2-xl,grace,counterfact,2414,target_close_neighbour,acc,post,0.0
gpt2-xl,grace,genie,screenwriter_825,efficacy,success,pre,1.0
gpt2-xl,grace,genie,screenwriter_825,efficacy,diff,pre,0.15862127193183684
gpt2-xl,grace,genie,screenwriter_825,efficacy,acc,pre,0.75
gpt2-xl,grace,genie,screenwriter_825,paraphrase_1,success,pre,1.0
gpt2-xl,grace,genie,screenwriter_825,paraphrase_1,diff,pre,0.14202286119522917
gpt2-xl,grace,genie,screenwriter_825,paraphrase_1,acc,pre,0.75
gpt2-xl,grace,genie,screenwriter_825,paraphrase_2,success,pre,1.0
gpt2-xl,grace,genie,screenwriter_825,paraphrase_2,diff,pre,0.2037114227103598
gpt2-xl,grace,genie,screenwriter_825,paraphrase_2,acc,pre,0.75
gpt2-xl,grace,genie,screenwriter_825,paraphrase_3,success,pre,1.0
gpt2-xl,grace,genie,screenwriter_825,paraphrase_3,diff,pre,0.1507151492873296
gpt2-xl,grace,genie,screenwriter_825,paraphrase_3,acc,pre,0.75
gpt2-xl,grace,genie,screenwriter_825,hop_1,success,pre,1.0
gpt2-xl,grace,genie,screenwriter_825,hop_1,diff,pre,0.02688643249896003
gpt2-xl,grace,genie,screenwriter_825,hop_1,acc,pre,0.6
gpt2-xl,grace,genie,screenwriter_825,hop_2,success,pre,0.0
gpt2-xl,grace,genie,screenwriter_825,hop_2,diff,pre,-0.0030083054411368486
gpt2-xl,grace,genie,screenwriter_825,hop_2,acc,pre,0.0
gpt2-xl,grace,genie,screenwriter_825,hop_3,success,pre,0.0
gpt2-xl,grace,genie,screenwriter_825,hop_3,diff,pre,-0.22710440596671497
gpt2-xl,grace,genie,screenwriter_825,hop_3,acc,pre,0.0
gpt2-xl,grace,genie,screenwriter_825,abstract_2,hit,pre,0.0
gpt2-xl,grace,genie,screenwriter_825,abstract_3,hit,pre,0.0
gpt2-xl,grace,genie,screenwriter_825,efficacy,success,post,1.0
gpt2-xl,grace,genie,screenwriter_825,efficacy,diff,post,0.9936372891279257
gpt2-xl,grace,genie,screenwriter_825,efficacy,acc,post,1.0
gpt2-xl,grace,genie,screenwriter_825,paraphrase_1,success,post,1.0
gpt2-xl,grace,genie,screenwriter_825,paraphrase_1,diff,post,0.14202286119522917
gpt2-xl,grace,genie,screenwriter_825,paraphrase_1,acc,post,0.75
gpt2-xl,grace,genie,screenwriter_825,paraphrase_2,success,post,1.0
gpt2-xl,grace,genie,screenwriter_825,paraphrase_2,diff,post,0.2037114227103598
gpt2-xl,grace,genie,screenwriter_825,paraphrase_2,acc,post,0.75
gpt2-xl,grace,genie,screenwriter_825,paraphrase_3,success,post,1.0
gpt2-xl,grace,genie,screenwriter_825,paraphrase_3,diff,post,0.1507151492873296
gpt2-xl,grace,genie,screenwriter_825,paraphrase_3,acc,post,0.75
gpt2-xl,grace,genie,screenwriter_825,hop_1,success,post,1.0
gpt2-xl,grace,genie,screenwriter_825,hop_1,diff,post,0.02688643249896003
gpt2-xl,grace,genie,screenwriter_825,hop_1,acc,post,0.6
gpt2-xl,grace,genie,screenwriter_825,hop_2,success,post,0.0
gpt2-xl,grace,genie,screenwriter_825,hop_2,diff,post,-0.0030083054411368486
gpt2-xl,grace,genie,screenwriter_825,hop_2,acc,post,0.0
gpt2-xl,grace,genie,screenwriter_825,hop_3,success,post,0.0
gpt2-xl,grace,genie,screenwriter_825,hop_3,diff,post,-0.22710440596671497
gpt2-xl,grace,genie,screenwriter_825,hop_3,acc,post,0.0
gpt2-xl,grace,genie,screenwriter_825,abstract_2,hit,post,0.0
gpt2-xl,grace,genie,screenwriter_825,abstract_3,hit,post,0.0
gpt2-xl,grace,genie,award_received_772,efficacy,success,pre,0.0
gpt2-xl,grace,genie,award_received_772,efficacy,diff,pre,-0.0915440721858099
gpt2-xl,grace,genie,award_received_772,efficacy,acc,pre,0.36363636363636365
gpt2-xl,grace,genie,award_received_772,paraphrase_1,success,pre,0.0
gpt2-xl,grace,genie,award_received_772,paraphrase_1,diff,pre,-0.12699074134649113
gpt2-xl,grace,genie,award_received_772,paraphrase_1,acc,pre,0.36363636363636365
gpt2-xl,grace,genie,award_received_772,paraphrase_2,success,pre,0.0
gpt2-xl,grace,genie,award_received_772,paraphrase_2,diff,pre,-0.11130852277683467
gpt2-xl,grace,genie,award_received_772,paraphrase_2,acc,pre,0.36363636363636365
gpt2-xl,grace,genie,award_received_772,paraphrase_3,success,pre,0.0
gpt2-xl,grace,genie,award_received_772,paraphrase_3,diff,pre,-0.025087317372576228
gpt2-xl,grace,genie,award_received_772,paraphrase_3,acc,pre,0.36363636363636365
gpt2-xl,grace,genie,award_received_772,abstract_2,hit,pre,0.0
gpt2-xl,grace,genie,award_received_772,abstract_3,hit,pre,0.0
gpt2-xl,grace,genie,award_received_772,efficacy,success,post,1.0
gpt2-xl,grace,genie,award_received_772,efficacy,diff,post,0.8240353623762988
gpt2-xl,grace,genie,award_received_772,efficacy,acc,post,1.0
gpt2-xl,grace,genie,award_received_772,paraphrase_1,success,post,0.0
gpt2-xl,grace,genie,award_received_772,paraphrase_1,diff,post,-0.12699074134649113
gpt2-xl,grace,genie,award_received_772,paraphrase_1,acc,post,0.36363636363636365
gpt2-xl,grace,genie,award_received_772,paraphrase_2,success,post,0.0
gpt2-xl,grace,genie,award_received_772,paraphrase_2,diff,post,-0.11130852277683467
gpt2-xl,grace,genie,award_received_772,paraphrase_2,acc,post,0.36363636363636365
gpt2-xl,grace,genie,award_received_772,paraphrase_3,success,post,0.0
gpt2-xl,grace,genie,award_received_772,paraphrase_3,diff,post,-0.025087317372576228
gpt2-xl,grace,genie,award_received_772,paraphrase_3,acc,post,0.36363636363636365
gpt2-xl,grace,genie,award_received_772,abstract_2,hit,post,0.0
gpt2-xl,grace,genie,award_received_772,abstract_3,hit,post,0.0
gpt2-xl,grace,genie,screenwriter_548,efficacy,success,pre,1.0
gpt2-xl,grace,genie,screenwriter_548,efficacy,diff,pre,0.09758109056603412
gpt2-xl,grace,genie,screenwriter_548,efficacy,acc,pre,0.8
gpt2-xl,grace,genie,screenwriter_548,paraphrase_1,success,pre,1.0
gpt2-xl,grace,genie,screenwriter_548,paraphrase_1,diff,pre,0.17352857149907774
gpt2-xl,grace,genie,screenwriter_548,paraphrase_1,acc,pre,0.8
gpt2-xl,grace,genie,screenwriter_548,paraphrase_2,success,pre,1.0
gpt2-xl,grace,genie,screenwriter_548,paraphrase_2,diff,pre,0.10840090627139014
gpt2-xl,grace,genie,screenwriter_548,paraphrase_2,acc,pre,0.8
gpt2-xl,grace,genie,screenwriter_548,paraphrase_3,success,pre,1.0
gpt2-xl,grace,genie,screenwriter_548,paraphrase_3,diff,pre,0.10632744766863479
gpt2-xl,grace,genie,screenwriter_548,paraphrase_3,acc,pre,0.8
gpt2-xl,grace,genie,screenwriter_548,hop_1,success,pre,0.0
gpt2-xl,grace,genie,screenwriter_548,hop_1,diff,pre,-0.026761068536952842
gpt2-xl,grace,genie,screenwriter_548,hop_1,acc,pre,0.6666666666666666
gpt2-xl,grace,genie,screenwriter_548,abstract_2,hit,pre,0.0
gpt2-xl,grace,genie,screenwriter_548,abstract_3,hit,pre,0.0
gpt2-xl,grace,genie,screenwriter_548,efficacy,success,post,1.0
gpt2-xl,grace,genie,screenwriter_548,efficacy,diff,post,0.9974511808401171
gpt2-xl,grace,genie,screenwriter_548,efficacy,acc,post,1.0
gpt2-xl,grace,genie,screenwriter_548,paraphrase_1,success,post,1.0
gpt2-xl,grace,genie,screenwriter_548,paraphrase_1,diff,post,0.17352857149907774
gpt2-xl,grace,genie,screenwriter_548,paraphrase_1,acc,post,0.8
gpt2-xl,grace,genie,screenwriter_548,paraphrase_2,success,post,1.0
gpt2-xl,grace,genie,screenwriter_548,paraphrase_2,diff,post,0.10840090627139014
gpt2-xl,grace,genie,screenwriter_548,paraphrase_2,acc,post,0.8
gpt2-xl,grace,genie,screenwriter_548,paraphrase_3,success,post,1.0
gpt2-xl,grace,genie,screenwriter_548,paraphrase_3,diff,post,0.10632744766863479
gpt2-xl,grace,genie,screenwriter_548,paraphrase_3,acc,post,0.8
gpt2-xl,grace,genie,screenwriter_548,hop_1,success,post,0.0
gpt2-xl,grace,genie,screenwriter_548,hop_1,diff,post,-0.026761068536952842
gpt2-xl,grace,genie,screenwriter_548,hop_1,acc,post,0.6666666666666666
gpt2-xl,grace,genie,screenwriter_548,abstract_2,hit,post,0.0
gpt2-xl,grace,genie,screenwriter_548,abstract_3,hit,post,0.0
gpt2-xl,grace,genie,production_company_3693,efficacy,success,pre,0.0
gpt2-xl,grace,genie,production_company_3693,efficacy,diff,pre,-0.3313691690595645
gpt2-xl,grace,genie,production_company_3693,efficacy,acc,pre,0.5
gpt2-xl,grace,genie,production_company_3693,paraphrase_1,success,pre,0.0
gpt2-xl,grace,genie,production_company_3693,paraphrase_1,diff,pre,-0.5579323852964133
gpt2-xl,grace,genie,production_company_3693,paraphrase_1,acc,pre,0.5
gpt2-xl,grace,genie,production_company_3693,paraphrase_2,success,pre,0.0
gpt2-xl,grace,genie,production_company_3693,paraphrase_2,diff,pre,-0.6140169586084842
gpt2-xl,grace,genie,production_company_3693,paraphrase_2,acc,pre,0.5
gpt2-xl,grace,genie,production_company_3693,paraphrase_3,success,pre,0.0
gpt2-xl,grace,genie,production_company_3693,paraphrase_3,diff,pre,-0.3269490654011746
gpt2-xl,grace,genie,production_company_3693,paraphrase_3,acc,pre,0.5
gpt2-xl,grace,genie,production_company_3693,hop_1,success,pre,1.0
gpt2-xl,grace,genie,production_company_3693,hop_1,diff,pre,0.04642005859204189
gpt2-xl,grace,genie,production_company_3693,hop_1,acc,pre,0.6666666666666666
gpt2-xl,grace,genie,production_company_3693,abstract_1,success,pre,0.0
gpt2-xl,grace,genie,production_company_3693,abstract_1,diff,pre,-0.5861042247276075
gpt2-xl,grace,genie,production_company_3693,abstract_1,acc,pre,0.0
gpt2-xl,grace,genie,production_company_3693,abstract_2,hit,pre,0.0
gpt2-xl,grace,genie,production_company_3693,abstract_3,hit,pre,0.0
gpt2-xl,grace,genie,production_company_3693,efficacy,success,post,1.0
gpt2-xl,grace,genie,production_company_3693,efficacy,diff,post,0.9486769564266847
gpt2-xl,grace,genie,production_company_3693,efficacy,acc,post,1.0
gpt2-xl,grace,genie,production_company_3693,paraphrase_1,success,post,0.0
gpt2-xl,grace,genie,production_company_3693,paraphrase_1,diff,post,-0.5579323852964133
gpt2-xl,grace,genie,production_company_3693,paraphrase_1,acc,post,0.5
gpt2-xl,grace,genie,production_company_3693,paraphrase_2,success,post,0.0
gpt2-xl,grace,genie,production_company_3693,paraphrase_2,diff,post,-0.6140169586084842
gpt2-xl,grace,genie,production_company_3693,paraphrase_2,acc,post,0.5
gpt2-xl,grace,genie,production_company_3693,paraphrase_3,success,post,0.0
gpt2-xl,grace,genie,production_company_3693,paraphrase_3,diff,post,-0.3269490654011746
gpt2-xl,grace,genie,production_company_3693,paraphrase_3,acc,post,0.5
gpt2-xl,grace,genie,production_company_3693,hop_1,success,post,1.0
gpt2-xl,grace,genie,production_company_3693,hop_1,diff,post,0.04642005859204189
gpt2-xl,grace,genie,production_company_3693,hop_1,acc,post,0.6666666666666666
gpt2-xl,grace,genie,production_company_3693,abstract_1,success,post,0.0
gpt2-xl,grace,genie,production_company_3693,abstract_1,diff,post,-0.5861042247276075
gpt2-xl,grace,genie,production_company_3693,abstract_1,acc,post,0.0
gpt2-xl,grace,genie,production_company_3693,abstract_2,hit,post,0.0
gpt2-xl,grace,genie,production_company_3693,abstract_3,hit,post,0.0
gpt2-xl,grace,genie,country_4458,efficacy,success,pre,0.0
gpt2-xl,grace,genie,country_4458,efficacy,diff,pre,-0.08263569845357104
gpt2-xl,grace,genie,country_4458,efficacy,acc,pre,0.0
gpt2-xl,grace,genie,country_4458,paraphrase_1,success,pre,0.0
gpt2-xl,grace,genie,country_4458,paraphrase_1,diff,pre,-0.37027552436866545
gpt2-xl,grace,genie,country_4458,paraphrase_1,acc,pre,0.0
gpt2-xl,grace,genie,country_4458,paraphrase_2,success,pre,0.0
gpt2-xl,grace,genie,country_4458,paraphrase_2,diff,pre,-0.00010580268843964793
gpt2-xl,grace,genie,country_4458,paraphrase_2,acc,pre,0.0
gpt2-xl,grace,genie,country_4458,paraphrase_3,success,pre,0.0
gpt2-xl,grace,genie,country_4458,paraphrase_3,diff,pre,-0.3106928678897986
gpt2-xl,grace,genie,country_4458,paraphrase_3,acc,pre,0.0
gpt2-xl,grace,genie,country_4458,hop_1,success,pre,0.0
gpt2-xl,grace,genie,country_4458,hop_1,diff,pre,-0.009106210820703913
gpt2-xl,grace,genie,country_4458,hop_1,acc,pre,0.0
gpt2-xl,grace,genie,country_4458,abstract_1,success,pre,1.0
gpt2-xl,grace,genie,country_4458,abstract_1,diff,pre,0.04655074861691155
gpt2-xl,grace,genie,country_4458,abstract_1,acc,pre,0.8571428571428571
gpt2-xl,grace,genie,country_4458,abstract_2,hit,pre,0.0
gpt2-xl,grace,genie,country_4458,abstract_3,hit,pre,0.0
gpt2-xl,grace,genie,country_4458,efficacy,success,post,1.0
gpt2-xl,grace,genie,country_4458,efficacy,diff,post,0.9984752377434349
gpt2-xl,grace,genie,country_4458,efficacy,acc,post,1.0
gpt2-xl,grace,genie,country_4458,paraphrase_1,success,post,0.0
gpt2-xl,grace,genie,country_4458,paraphrase_1,diff,post,-0.37027552436866545
gpt2-xl,grace,genie,country_4458,paraphrase_1,acc,post,0.0
gpt2-xl,grace,genie,country_4458,paraphrase_2,success,post,0.0
gpt2-xl,grace,genie,country_4458,paraphrase_2,diff,post,-0.00010580268843964793
gpt2-xl,grace,genie,country_4458,paraphrase_2,acc,post,0.0
gpt2-xl,grace,genie,country_4458,paraphrase_3,success,post,0.0
gpt2-xl,grace,genie,country_4458,paraphrase_3,diff,post,-0.3106928678897986
gpt2-xl,grace,genie,country_4458,paraphrase_3,acc,post,0.0
gpt2-xl,grace,genie,country_4458,hop_1,success,post,0.0
gpt2-xl,grace,genie,country_4458,hop_1,diff,post,-0.009106210820703913
gpt2-xl,grace,genie,country_4458,hop_1,acc,post,0.0
gpt2-xl,grace,genie,country_4458,abstract_1,success,post,1.0
gpt2-xl,grace,genie,country_4458,abstract_1,diff,post,0.04655074861691155
gpt2-xl,grace,genie,country_4458,abstract_1,acc,post,0.8571428571428571
gpt2-xl,grace,genie,country_4458,abstract_2,hit,post,0.0
gpt2-xl,grace,genie,country_4458,abstract_3,hit,post,0.0
gpt2-xl,grace,mquake,2640,efficacy,success,pre,0.0
gpt2-xl,grace,mquake,2640,efficacy,diff,pre,-0.4591030946337174
gpt2-xl,grace,mquake,2640,efficacy,acc,pre,0.39166666666666666
gpt2-xl,grace,mquake,2640,single_hop,success,pre,0.0
gpt2-xl,grace,mquake,2640,single_hop,diff,pre,-0.06389404976630379
gpt2-xl,grace,mquake,2640,single_hop,acc,pre,0.5583333333333333
gpt2-xl,grace,mquake,2640,multihop,hit,pre,0.0
gpt2-xl,grace,mquake,2640,efficacy,success,post,1.0
gpt2-xl,grace,mquake,2640,efficacy,diff,post,0.9296049450977888
gpt2-xl,grace,mquake,2640,efficacy,acc,post,1.0
gpt2-xl,grace,mquake,2640,single_hop,success,post,1.0
gpt2-xl,grace,mquake,2640,single_hop,diff,post,0.9796983825562968
gpt2-xl,grace,mquake,2640,single_hop,acc,post,1.0
gpt2-xl,grace,mquake,2640,multihop,hit,post,0.0
gpt2-xl,grace,mquake,248,efficacy,success,pre,0.0
gpt2-xl,grace,mquake,248,efficacy,diff,pre,-0.012447035637208115
gpt2-xl,grace,mquake,248,efficacy,acc,pre,0.2222222222222222
gpt2-xl,grace,mquake,248,single_hop,success,pre,0.0
gpt2-xl,grace,mquake,248,single_hop,diff,pre,-0.012447035637208115
gpt2-xl,grace,mquake,248,single_hop,acc,pre,0.1111111111111111
gpt2-xl,grace,mquake,248,multihop,hit,pre,0.0
gpt2-xl,grace,mquake,248,efficacy,success,post,1.0
gpt2-xl,grace,mquake,248,efficacy,diff,post,0.8715891961844154
gpt2-xl,grace,mquake,248,efficacy,acc,post,1.0
gpt2-xl,grace,mquake,248,single_hop,success,post,1.0
gpt2-xl,grace,mquake,248,single_hop,diff,post,0.8711163839130981
gpt2-xl,grace,mquake,248,single_hop,acc,post,0.5
gpt2-xl,grace,mquake,248,multihop,hit,post,0.0
gpt2-xl,grace,mquake,2121,efficacy,success,pre,1.0
gpt2-xl,grace,mquake,2121,efficacy,diff,pre,0.040776061156685306
gpt2-xl,grace,mquake,2121,efficacy,acc,pre,0.6666666666666666
gpt2-xl,grace,mquake,2121,single_hop,success,pre,1.0
gpt2-xl,grace,mquake,2121,single_hop,diff,pre,0.040776061156685306
gpt2-xl,grace,mquake,2121,single_hop,acc,pre,0.7222222222222222
gpt2-xl,grace,mquake,2121,multihop,hit,pre,0.0
gpt2-xl,grace,mquake,2121,efficacy,success,post,1.0
gpt2-xl,grace,mquake,2121,efficacy,diff,post,0.9893229120866386
gpt2-xl,grace,mquake,2121,efficacy,acc,post,1.0
gpt2-xl,grace,mquake,2121,single_hop,success,post,1.0
gpt2-xl,grace,mquake,2121,single_hop,diff,post,0.9893229120866386
gpt2-xl,grace,mquake,2121,single_hop,acc,post,0.8333333333333334
gpt2-xl,grace,mquake,2121,multihop,hit,post,0.0
gpt2-xl,grace,mquake,825,efficacy,success,pre,0.0
gpt2-xl,grace,mquake,825,efficacy,diff,pre,-0.2943418673995905
gpt2-xl,grace,mquake,825,efficacy,acc,pre,0.16666666666666666
gpt2-xl,grace,mquake,825,single_hop,success,pre,0.0
gpt2-xl,grace,mquake,825,single_hop,diff,pre,-0.2789840940823012
gpt2-xl,grace,mquake,825,single_hop,acc,pre,0.16666666666666666
gpt2-xl,grace,mquake,825,multihop,hit,pre,0.0
gpt2-xl,grace,mquake,825,efficacy,success,post,1.0
gpt2-xl,grace,mquake,825,efficacy,diff,post,0.9782661577451345
gpt2-xl,grace,mquake,825,efficacy,acc,post,1.0
gpt2-xl,grace,mquake,825,single_hop,success,post,1.0
gpt2-xl,grace,mquake,825,single_hop,diff,post,0.9590621568571666
gpt2-xl,grace,mquake,825,single_hop,acc,post,1.0
gpt2-xl,grace,mquake,825,multihop,hit,post,0.0
gpt2-xl,grace,mquake,2014,efficacy,success,pre,0.0
gpt2-xl,grace,mquake,2014,efficacy,diff,pre,-0.07655971232967555
gpt2-xl,grace,mquake,2014,efficacy,acc,pre,0.30952380952380953
gpt2-xl,grace,mquake,2014,single_hop,success,pre,0.0
gpt2-xl,grace,mquake,2014,single_hop,diff,pre,-0.07837771438379718
gpt2-xl,grace,mquake,2014,single_hop,acc,pre,0.6168831168831169
gpt2-xl,grace,mquake,2014,multihop,hit,pre,0.0
gpt2-xl,grace,mquake,2014,efficacy,success,post,1.0
gpt2-xl,grace,mquake,2014,efficacy,diff,post,0.9956084863006751
gpt2-xl,grace,mquake,2014,efficacy,acc,post,1.0
gpt2-xl,grace,mquake,2014,single_hop,success,post,1.0
gpt2-xl,grace,mquake,2014,single_hop,diff,post,0.9942503817358831
gpt2-xl,grace,mquake,2014,single_hop,acc,post,1.0
gpt2-xl,grace,mquake,2014,multihop,hit,post,0.0
gpt2-xl,grace,ripple,ripple_popular_row657,efficacy,hit,pre,0.0
gpt2-xl,grace,ripple,ripple_popular_row657,ripple_relation_specificity,hit,pre,1.0
gpt2-xl,grace,ripple,ripple_popular_row657,efficacy,hit,post,1.0
gpt2-xl,grace,ripple,ripple_popular_row657,ripple_relation_specificity,hit,post,1.0
gpt2-xl,grace,ripple,ripple_popular_row839,efficacy,hit,pre,0.0
gpt2-xl,grace,ripple,ripple_popular_row839,efficacy,hit,post,1.0
gpt2-xl,grace,ripple,ripple_popular_row792,efficacy,hit,pre,0.0
gpt2-xl,grace,ripple,ripple_popular_row792,efficacy,hit,post,1.0
gpt2-xl,grace,ripple,ripple_popular_row778,efficacy,hit,pre,0.0
gpt2-xl,grace,ripple,ripple_popular_row778,ripple_logical,hit,pre,0.0
gpt2-xl,grace,ripple,ripple_popular_row778,ripple_relation_specificity,hit,pre,1.0
gpt2-xl,grace,ripple,ripple_popular_row778,efficacy,hit,post,1.0
gpt2-xl,grace,ripple,ripple_popular_row778,ripple_logical,hit,post,0.0
gpt2-xl,grace,ripple,ripple_popular_row778,ripple_relation_specificity,hit,post,1.0
gpt2-xl,grace,ripple,ripple_popular_row846,efficacy,hit,pre,0.0
gpt2-xl,grace,ripple,ripple_popular_row846,ripple_relation_specificity,hit,pre,1.0
gpt2-xl,grace,ripple,ripple_popular_row846,efficacy,hit,post,1.0
gpt2-xl,grace,ripple,ripple_popular_row846,ripple_relation_specificity,hit,post,1.0
gpt2-xl,grace,ripple,ripple_random_row1742,efficacy,hit,pre,0.0
gpt2-xl,grace,ripple,ripple_random_row1742,efficacy,hit,post,1.0
gpt2-xl,grace,ripple,ripple_random_row1584,efficacy,hit,pre,0.0
gpt2-xl,grace,ripple,ripple_random_row1584,efficacy,hit,post,1.0
gpt2-xl,grace,ripple,ripple_random_row1799,efficacy,hit,pre,0.0
gpt2-xl,grace,ripple,ripple_random_row1799,efficacy,hit,post,1.0
gpt2-xl,grace,ripple,ripple_random_row1627,efficacy,hit,pre,0.0
gpt2-xl,grace,ripple,ripple_random_row1627,efficacy,hit,post,1.0
gpt2-xl,grace,ripple,ripple_random_row1806,efficacy,hit,pre,0.0
gpt2-xl,grace,ripple,ripple_random_row1806,efficacy,hit,post,0.0
gpt2-xl,grace,zsre,zsre_row18114,efficacy,success,pre,1.0
gpt2-xl,grace,zsre,zsre_row18114,efficacy,diff,pre,0.0013489904607146578
gpt2-xl,grace,zsre,zsre_row18114,efficacy,acc,pre,0.0
gpt2-xl,grace,zsre,zsre_row18114,generalisation,success,pre,1.0
gpt2-xl,grace,zsre,zsre_row18114,generalisation,diff,pre,0.007393608263029027
gpt2-xl,grace,zsre,zsre_row18114,generalisation,acc,pre,0.5
gpt2-xl,grace,zsre,zsre_row18114,specificity,success,pre,0.0
gpt2-xl,grace,zsre,zsre_row18114,specificity,diff,pre,-0.003835267040342944
gpt2-xl,grace,zsre,zsre_row18114,specificity,acc,pre,0.25
gpt2-xl,grace,zsre,zsre_row18114,efficacy,success,post,1.0
gpt2-xl,grace,zsre,zsre_row18114,efficacy,diff,post,0.9981663408606973
gpt2-xl,grace,zsre,zsre_row18114,efficacy,acc,post,1.0
gpt2-xl,grace,zsre,zsre_row18114,generalisation,success,post,1.0
gpt2-xl,grace,zsre,zsre_row18114,generalisation,diff,post,0.007393608263029027
gpt2-xl,grace,zsre,zsre_row18114,generalisation,acc,post,0.5
gpt2-xl,grace,zsre,zsre_row18114,specificity,success,post,0.0
gpt2-xl,grace,zsre,zsre_row18114,specificity,diff,post,-0.003835267040342944
gpt2-xl,grace,zsre,zsre_row18114,specificity,acc,post,0.25
gpt2-xl,grace,zsre,zsre_row10337,efficacy,success,pre,1.0
gpt2-xl,grace,zsre,zsre_row10337,efficacy,diff,pre,0.008737059411089355
gpt2-xl,grace,zsre,zsre_row10337,efficacy,acc,pre,0.3333333333333333
gpt2-xl,grace,zsre,zsre_row10337,generalisation,success,pre,1.0
gpt2-xl,grace,zsre,zsre_row10337,generalisation,diff,pre,0.0029590640572478514
gpt2-xl,grace,zsre,zsre_row10337,generalisation,acc,pre,0.3333333333333333
gpt2-xl,grace,zsre,zsre_row10337,specificity,success,pre,1.0
gpt2-xl,grace,zsre,zsre_row10337,specificity,diff,pre,0.00013660588108589132
gpt2-xl,grace,zsre,zsre_row10337,specificity,acc,pre,0.0
gpt2-xl,grace,zsre,zsre_row10337,efficacy,success,post,1.0
gpt2-xl,grace,zsre,zsre_row10337,efficacy,diff,post,0.9977236703176895
gpt2-xl,grace,zsre,zsre_row10337,efficacy,acc,post,1.0
gpt2-xl,grace,zsre,zsre_row10337,generalisation,success,post,1.0
gpt2-xl,grace,zsre,zsre_row10337,generalisation,diff,post,0.0029590640572478514
gpt2-xl,grace,zsre,zsre_row10337,generalisation,acc,post,0.3333333333333333
gpt2-xl,grace,zsre,zsre_row10337,specificity,success,post,1.0
gpt2-xl,grace,zsre,zsre_row10337,specificity,diff,post,0.00013660588108589132
gpt2-xl,grace,zsre,zsre_row10337,specificity,acc,post,0.0
gpt2-xl,grace,zsre,zsre_row11396,efficacy,success,pre,1.0
gpt2-xl,grace,zsre,zsre_row11396,efficacy,diff,pre,0.15288347323089016
gpt2-xl,grace,zsre,zsre_row11396,efficacy,acc,pre,0.6666666666666666
gpt2-xl,grace,zsre,zsre_row11396,generalisation,success,pre,1.0
gpt2-xl,grace,zsre,zsre_row11396,generalisation,diff,pre,0.16456620292618865
gpt2-xl,grace,zsre,zsre_row11396,generalisation,acc,pre,0.6666666666666666
gpt2-xl,grace,zsre,zsre_row11396,specificity,success,pre,0.0
gpt2-xl,grace,zsre,zsre_row11396,specificity,diff,pre,-2.9790150548376524e-06
gpt2-xl,grace,zsre,zsre_row11396,specificity,acc,pre,0.0
gpt2-xl,grace,zsre,zsre_row11396,efficacy,success,post,1.0
gpt2-xl,grace,zsre,zsre_row11396,efficacy,diff,post,0.9972108780743628
gpt2-xl,grace,zsre,zsre_row11396,efficacy,acc,post,1.0
gpt2-xl,grace,zsre,zsre_row11396,generalisation,success,post,1.0
gpt2-xl,grace,zsre,zsre_row11396,generalisation,diff,post,0.16456620292618865
gpt2-xl,grace,zsre,zsre_row11396,generalisation,acc,post,0.6666666666666666
gpt2-xl,grace,zsre,zsre_row11396,specificity,success,post,0.0
gpt2-xl,grace,zsre,zsre_row11396,specificity,diff,post,-2.9790150548376524e-06
gpt2-xl,grace,zsre,zsre_row11396,specificity,acc,post,0.0
gpt2-xl,grace,zsre,zsre_row12562,efficacy,success,pre,1.0
gpt2-xl,grace,zsre,zsre_row12562,efficacy,diff,pre,0.030931978149728298
gpt2-xl,grace,zsre,zsre_row12562,efficacy,acc,pre,0.75
gpt2-xl,grace,zsre,zsre_row12562,generalisation,success,pre,0.0
gpt2-xl,grace,zsre,zsre_row12562,generalisation,diff,pre,-0.14700302399926818
gpt2-xl,grace,zsre,zsre_row12562,generalisation,acc,pre,0.75
gpt2-xl,grace,zsre,zsre_row12562,specificity,success,pre,0.0
gpt2-xl,grace,zsre,zsre_row12562,specificity,diff,pre,-0.09575036893646345
gpt2-xl,grace,zsre,zsre_row12562,specificity,acc,pre,0.5897435897435898
gpt2-xl,grace,zsre,zsre_row12562,efficacy,success,post,1.0
gpt2-xl,grace,zsre,zsre_row12562,efficacy,diff,post,0.9408410527085674
gpt2-xl,grace,zsre,zsre_row12562,efficacy,acc,post,1.0
gpt2-xl,grace,zsre,zsre_row12562,generalisation,success,post,0.0
gpt2-xl,grace,zsre,zsre_row12562,generalisation,diff,post,-0.14700302399926818
gpt2-xl,grace,zsre,zsre_row12562,generalisation,acc,post,0.75
gpt2-xl,grace,zsre,zsre_row12562,specificity,success,post,0.0
gpt2-xl,grace,zsre,zsre_row12562,specificity,diff,post,-0.09575036893646345
gpt2-xl,grace,zsre,zsre_row12562,specificity,acc,post,0.5897435897435898
gpt2-xl,grace,zsre,zsre_row13330,efficacy,success,pre,1.0
gpt2-xl,grace,zsre,zsre_row13330,efficacy,diff,pre,0.0011947509600241058
gpt2-xl,grace,zsre,zsre_row13330,efficacy,acc,pre,0.5
gpt2-xl,grace,zsre,zsre_row13330,generalisation,success,pre,1.0
gpt2-xl,grace,zsre,zsre_row13330,generalisation,diff,pre,0.0022326564970318397
gpt2-xl,grace,zsre,zsre_row13330,generalisation,acc,pre,0.5
gpt2-xl,grace,zsre,zsre_row13330,specificity,success,pre,0.0
gpt2-xl,grace,zsre,zsre_row13330,specificity,diff,pre,-0.1027604608026697
gpt2-xl,grace,zsre,zsre_row13330,specificity,acc,pre,0.5584415584415584
gpt2-xl,grace,zsre,zsre_row13330,efficacy,success,post,1.0
gpt2-xl,grace,zsre,zsre_row13330,efficacy,diff,post,0.9966995292347095
gpt2-xl,grace,zsre,zsre_row13330,efficacy,acc,post,1.0
gpt2-xl,grace,zsre,zsre_row13330,generalisation,success,post,1.0
gpt2-xl,grace,zsre,zsre_row13330,generalisation,diff,post,0.0022326564970318397
gpt2-xl,grace,zsre,zsre_row13330,generalisation,acc,post,0.5
gpt2-xl,grace,zsre,zsre_row13330,specificity,success,post,0.0
gpt2-xl,grace,zsre,zsre_row13330,specificity,diff,post,-0.1027604608026697
gpt2-xl,grace,zsre,zsre_row13330,specificity,acc,post,0.5584415584415584
gpt2-xl,memit,counterfact,11983,efficacy,success,pre,0.0
gpt2-xl,memit,counterfact,11983,efficacy,diff,pre,-0.03565468776027049
gpt2-xl,memit,counterfact,11983,efficacy,acc,pre,0.0
gpt2-xl,memit,counterfact,11983,generalisation,success,pre,0.0
gpt2-xl,memit,counterfact,11983,generalisation,diff,pre,-0.029315199454624997
gpt2-xl,memit,counterfact,11983,generalisation,acc,pre,0.0
gpt2-xl,memit,counterfact,11983,specificity,success,pre,0.1
gpt2-xl,memit,counterfact,11983,specificity,diff,pre,-0.053060422747595745
gpt2-xl,memit,counterfact,11983,specificity,acc,pre,0.1
gpt2-xl,memit,counterfact,11983,target_close_neighbour,success,pre,0.9
gpt2-xl,memit,counterfact,11983,target_close_neighbour,diff,pre,0.08293220752035592
gpt2-xl,memit,counterfact,11983,target_close_neighbour,acc,pre,0.2
gpt2-xl,memit,counterfact,11983,efficacy,success,post,1.0
gpt2-xl,memit,counterfact,11983,efficacy,diff,post,0.9894360598931266
gpt2-xl,memit,counterfact,11983,efficacy,acc,post,1.0
gpt2-xl,memit,counterfact,11983,generalisation,success,post,1.0
gpt2-xl,memit,counterfact,11983,generalisation,diff,post,0.6288635520375707
gpt2-xl,memit,counterfact,11983,generalisation,acc,post,0.5
gpt2-xl,memit,counterfact,11983,specificity,success,post,0.2
gpt2-xl,memit,counterfact,11983,specificity,diff,post,-0.049495934118288926
gpt2-xl,memit,counterfact,11983,specificity,acc,post,0.1
gpt2-xl,memit,counterfact,11983,target_close_neighbour,success,post,0.9
gpt2-xl,memit,counterfact,11983,target_close_neighbour,diff,post,0.10041863999965239
gpt2-xl,memit,counterfact,11983,target_close_neighbour,acc,post,0.3
gpt2-xl,memit,counterfact,13602,efficacy,success,pre,0.0
gpt2-xl,memit,counterfact,13602,efficacy,diff,pre,-0.3437196922705103
gpt2-xl,memit,counterfact,13602,efficacy,acc,pre,0.0
gpt2-xl,memit,counterfact,13602,generalisation,success,pre,0.0
gpt2-xl,memit,counterfact,13602,generalisation,diff,pre,-0.22245752272190797
gpt2-xl,memit,counterfact,13602,generalisation,acc,pre,0.0
gpt2-xl,memit,counterfact,13602,specificity,success,pre,0.1
gpt2-xl,memit,counterfact,13602,specificity,diff,pre,-0.06374715831162822
gpt2-xl,memit,counterfact,13602,specificity,acc,pre,0.2
gpt2-xl,memit,counterfact,13602,target_close_neighbour,success,pre,0.2
gpt2-xl,memit,counterfact,13602,target_close_neighbour,diff,pre,-0.03959248573738354
gpt2-xl,memit,counterfact,13602,target_close_neighbour,acc,pre,0.0
gpt2-xl,memit,counterfact,13602,efficacy,success,post,1.0
gpt2-xl,memit,counterfact,13602,efficacy,diff,post,0.9829705410520464
gpt2-xl,memit,counterfact,13602,efficacy,acc,post,1.0
gpt2-xl,memit,counterfact,13602,generalisation,success,post,1.0
gpt2-xl,memit,counterfact,13602,generalisation,diff,post,0.3092127926571852
gpt2-xl,memit,counterfact,13602,generalisation,acc,post,0.5
gpt2-xl,memit,counterfact,13602,specificity,success,post,0.1
gpt2-xl,memit,counterfact,13602,specificity,diff,post,-0.0650492754080452
gpt2-xl,memit,counterfact,13602,specificity,acc,post,0.2
gpt2-xl,memit,counterfact,13602,target_close_neighbour,success,post,0.2
gpt2-xl,memit,counterfact,13602,target_close_neighbour,diff,post,-0.04305584488089548
gpt2-xl,memit,counterfact,13602,target_close_neighbour,acc,post,0.0
gpt2-xl,memit,counterfact,15471,efficacy,success,pre,0.0
gpt2-xl,memit,counterfact,15471,efficacy,diff,pre,-0.3657318186141431
gpt2-xl,memit,counterfact,15471,efficacy,acc,pre,0.0
gpt2-xl,memit,counterfact,15471,generalisation,success,pre,0.0
gpt2-xl,memit,counterfact,15471,generalisation,diff,pre,-0.005283081947585409
gpt2-xl,memit,counterfact,15471,generalisation,acc,pre,0.0
gpt2-xl,memit,counterfact,15471,specificity,success,pre,0.2
gpt2-xl,memit,counterfact,15471,specificity,diff,pre,0.005512395232580558
gpt2-xl,memit,counterfact,15471,specificity,acc,pre,0.0
gpt2-xl,memit,counterfact,15471,target_close_neighbour,success,pre,1.0
gpt2-xl,memit,counterfact,15471,target_close_neighbour,diff,pre,0.2552497925216935
gpt2-xl,memit,counterfact,15471,target_close_neighbour,acc,pre,0.3
gpt2-xl,memit,counterfact,15471,efficacy,success,post,1.0
gpt2-xl,memit,counterfact,15471,efficacy,diff,post,0.9928849407768849
gpt2-xl,memit,counterfact,15471,efficacy,acc,post,1.0
gpt2-xl,memit,counterfact,15471,generalisation,success,post,1.0
gpt2-xl,memit,counterfact,15471,generalisation,diff,post,0.027127402632037508
gpt2-xl,memit,counterfact,15471,generalisation,acc,post,0.0
gpt2-xl,memit,counterfact,15471,specificity,success,post,0.4
gpt2-xl,memit,counterfact,15471,specificity,diff,post,0.013402179247417958
gpt2-xl,memit,counterfact,15471,specificity,acc,post,0.0
gpt2-xl,memit,counterfact,15471,target_close_neighbour,success,post,1.0
gpt2-xl,memit,counterfact,15471,target_close_neighbour,diff,post,0.26061054561684804
gpt2-xl,memit,counterfact,15471,target_close_neighbour,acc,post,0.3
gpt2-xl,memit,counterfact,4190,efficacy,success,pre,0.0
gpt2-xl,memit,counterfact,4190,efficacy,diff,pre,-0.0001472357942219095
gpt2-xl,memit,counterfact,4190,efficacy,acc,pre,0.0
gpt2-xl,memit,counterfact,4190,generalisation,success,pre,0.0
gpt2-xl,memit,counterfact,4190,generalisation,diff,pre,-0.0023938588327926747
gpt2-xl,memit,counterfact,4190,generalisation,acc,pre,0.0
gpt2-xl,memit,counterfact,4190,specificity,success,pre,0.2
gpt2-xl,memit,counterfact,4190,specificity,diff,pre,-0.00018885965733546909
gpt2-xl,memit,counterfact,4190,specificity,acc,pre,0.0
gpt2-xl,memit,counterfact,4190,target_close_neighbour,success,pre,0.8
gpt2-xl,memit,counterfact,4190,target_close_neighbour,diff,pre,0.007420845398691353
gpt2-xl,memit,counterfact,4190,target_close_neighbour,acc,pre,0.0
gpt2-xl,memit,counterfact,4190,efficacy,success,post,1.0
gpt2-xl,memit,counterfact,4190,efficacy,diff,post,0.7881057974226685
gpt2-xl,memit,counterfact,4190,efficacy,acc,post,1.0
gpt2-xl,memit,counterfact,4190,generalisation,success,post,1.0
gpt2-xl,memit,counterfact,4190,generalisation,diff,post,0.19173650692199665
gpt2-xl,memit,counterfact,4190,generalisation,acc,post,0.5
gpt2-xl,memit,counterfact,4190,specificity,success,post,0.2
gpt2-xl,memit,counterfact,4190,specificity,diff,post,-0.00021235050597981286
gpt2-xl,memit,counterfact,4190,specificity,acc,post,0.0
gpt2-xl,memit,counterfact,4190,target_close_neighbour,success,post,0.8
gpt2-xl,memit,counterfact,4190,target_close_neighbour,diff,post,0.008604115778532853
gpt2-xl,memit,counterfact,4190,target_close_neighbour,acc,post,0.0
gpt2-xl,memit,counterfact,2414,efficacy,success,pre,0.0
gpt2-xl,memit,counterfact,2414,efficacy,diff,pre,-1.0947702925309163e-06
gpt2-xl,memit,counterfact,2414,efficacy,acc,pre,0.0
gpt2-xl,memit,counterfact,2414,generalisation,success,pre,0.0
gpt2-xl,memit,counterfact,2414,generalisation,diff,pre,-0.00018400724620467088
gpt2-xl,memit,counterfact,2414,generalisation,acc,pre,0.0
gpt2-xl,memit,counterfact,2414,specificity,success,pre,0.7
gpt2-xl,memit,counterfact,2414,specificity,diff,pre,0.00016071127775825418
gpt2-xl,memit,counterfact,2414,specificity,acc,pre,0.0
gpt2-xl,memit,counterfact,2414,target_close_neighbour,success,pre,0.9
gpt2-xl,memit,counterfact,2414,target_close_neighbour,diff,pre,0.00022327334298635678
gpt2-xl,memit,counterfact,2414,target_close_neighbour,acc,pre,0.0
gpt2-xl,memit,counterfact,2414,efficacy,success,post,1.0
gpt2-xl,memit,counterfact,2414,efficacy,diff,post,0.9343809052019181
gpt2-xl,memit,counterfact,2414,efficacy,acc,post,1.0
gpt2-xl,memit,counterfact,2414,generalisation,success,post,1.0
gpt2-xl,memit,counterfact,2414,generalisation,diff,post,0.09723312162970499
gpt2-xl,memit,counterfact,2414,generalisation,acc,post,0.5
gpt2-xl,memit,counterfact,2414,specificity,success,post,0.7
gpt2-xl,memit,counterfact,2414,specificity,diff,post,0.00017797227074673605
gpt2-xl,memit,counterfact,2414,specificity,acc,post,0.0
gpt2-xl,memit,counterfact,2414,target_close_neighbour,success,post,0.9
gpt2-xl,memit,counterfact,2414,target_close_neighbour,diff,post,0.00023325777348084213
gpt2-xl,memit,counterfact,2414,target_close_neighbour,acc,post,0.0
gpt2-xl,memit,genie,screenwriter_825,efficacy,success,pre,1.0
gpt2-xl,memit,genie,screenwriter_825,efficacy,diff,pre,0.15862127193183684
gpt2-xl,memit,genie,screenwriter_825,efficacy,acc,pre,0.75
gpt2-xl,memit,genie,screenwriter_825,paraphrase_1,success,pre,1.0
gpt2-xl,memit,genie,screenwriter_825,paraphrase_1,diff,pre,0.14202286119522917
gpt2-xl,memit,genie,screenwriter_825,paraphrase_1,acc,pre,0.75
gpt2-xl,memit,genie,screenwriter_825,paraphrase_2,success,pre,1.0
gpt2-xl,memit,genie,screenwriter_825,paraphrase_2,diff,pre,0.2037114227103598
gpt2-xl,memit,genie,screenwriter_825,paraphrase_2,acc,pre,0.75
gpt2-xl,memit,genie,screenwriter_825,paraphrase_3,success,pre,1.0
gpt2-xl,memit,genie,screenwriter_825,paraphrase_3,diff,pre,0.1507151492873296
gpt2-xl,memit,genie,screenwriter_825,paraphrase_3,acc,pre,0.75
gpt2-xl,memit,genie,screenwriter_825,hop_1,success,pre,1.0
gpt2-xl,memit,genie,screenwriter_825,hop_1,diff,pre,0.02688643249896003
gpt2-xl,memit,genie,screenwriter_825,hop_1,acc,pre,0.6
gpt2-xl,memit,genie,screenwriter_825,hop_2,success,pre,0.0
gpt2-xl,memit,genie,screenwriter_825,hop_2,diff,pre,-0.0030083054411368486
gpt2-xl,memit,genie,screenwriter_825,hop_2,acc,pre,0.0
gpt2-xl,memit,genie,screenwriter_825,hop_3,success,pre,0.0
gpt2-xl,memit,genie,screenwriter_825,hop_3,diff,pre,-0.22710440596671497
gpt2-xl,memit,genie,screenwriter_825,hop_3,acc,pre,0.0
gpt2-xl,memit,genie,screenwriter_825,abstract_2,hit,pre,0.0
gpt2-xl,memit,genie,screenwriter_825,abstract_3,hit,pre,0.0
gpt2-xl,memit,genie,screenwriter_825,efficacy,success,post,1.0
gpt2-xl,memit,genie,screenwriter_825,efficacy,diff,post,0.9972024582232817
gpt2-xl,memit,genie,screenwriter_825,efficacy,acc,post,1.0
gpt2-xl,memit,genie,screenwriter_825,paraphrase_1,success,post,1.0
gpt2-xl,memit,genie,screenwriter_825,paraphrase_1,diff,post,0.3278211344941232
gpt2-xl,memit,genie,screenwriter_825,paraphrase_1,acc,post,0.75
gpt2-xl,memit,genie,screenwriter_825,paraphrase_2,success,post,1.0
gpt2-xl,memit,genie,screenwriter_825,paraphrase_2,diff,post,0.7254466464288492
gpt2-xl,memit,genie,screenwriter_825,paraphrase_2,acc,post,1.0
gpt2-xl,memit,genie,screenwriter_825,paraphrase_3,success,post,1.0
gpt2-xl,memit,genie,screenwriter_825,paraphrase_3,diff,post,0.7410363470312853
gpt2-xl,memit,genie,screenwriter_825,paraphrase_3,acc,post,1.0
gpt2-xl,memit,genie,screenwriter_825,hop_1,success,post,1.0
gpt2-xl,memit,genie,screenwriter_825,hop_1,diff,post,0.026490625671984534
gpt2-xl,memit,genie,screenwriter_825,hop_1,acc,post,0.6
gpt2-xl,memit,genie,screenwriter_825,hop_2,success,post,0.0
gpt2-xl,memit,genie,screenwriter_825,hop_2,diff,post,-0.024921084659365905
gpt2-xl,memit,genie,screenwriter_825,hop_2,acc,post,0.0
gpt2-xl,memit,genie,screenwriter_825,hop_3,success,post,0.0
gpt2-xl,memit,genie,screenwriter_825,hop_3,diff,post,-0.33759661545215347
gpt2-xl,memit,genie,screenwriter_825,hop_3,acc,post,0.0
gpt2-xl,memit,genie,screenwriter_825,abstract_2,hit,post,0.0
gpt2-xl,memit,genie,screenwriter_825,abstract_3,hit,post,0.0
gpt2-xl,memit,genie,award_received_772,efficacy,success,pre,0.0
gpt2-xl,memit,genie,award_received_772,efficacy,diff,pre,-0.0915440721858099
gpt2-xl,memit,genie,award_received_772,efficacy,acc,pre,0.36363636363636365
gpt2-xl,memit,genie,award_received_772,paraphrase_1,success,pre,0.0
gpt2-xl,memit,genie,award_received_772,paraphrase_1,diff,pre,-0.12699074134649113
gpt2-xl,memit,genie,award_received_772,paraphrase_1,acc,pre,0.36363636363636365
gpt2-xl,memit,genie,award_received_772,paraphrase_2,success,pre,0.0
gpt2-xl,memit,genie,award_received_772,paraphrase_2,diff,pre,-0.11130852277683467
gpt2-xl,memit,genie,award_received_772,paraphrase_2,acc,pre,0.36363636363636365
gpt2-xl,memit,genie,award_received_772,paraphrase_3,success,pre,0.0
gpt2-xl,memit,genie,award_received_772,paraphrase_3,diff,pre,-0.025087317372576228
gpt2-xl,memit,genie,award_received_772,paraphrase_3,acc,pre,0.36363636363636365
gpt2-xl,memit,genie,award_received_772,abstract_2,hit,pre,0.0
gpt2-xl,memit,genie,award_received_772,abstract_3,hit,pre,0.0
gpt2-xl,memit,genie,award_received_772,efficacy,success,post,1.0
gpt2-xl,memit,genie,award_received_772,efficacy,diff,post,0.5144179111641844
gpt2-xl,memit,genie,award_received_772,efficacy,acc,post,0.8181818181818182
gpt2-xl,memit,genie,award_received_772,paraphrase_1,success,post,1.0
gpt2-xl,memit,genie,award_received_772,paraphrase_1,diff,post,0.040766357859170724
gpt2-xl,memit,genie,award_received_772,paraphrase_1,acc,post,0.5454545454545454
gpt2-xl,memit,genie,award_received_772,paraphrase_2,success,post,1.0
gpt2-xl,memit,genie,award_received_772,paraphrase_2,diff,post,0.204791319507837
gpt2-xl,memit,genie,award_received_772,paraphrase_2,acc,post,0.7272727272727273
gpt2-xl,memit,genie,award_received_772,paraphrase_3,success,post,1.0
gpt2-xl,memit,genie,award_received_772,paraphrase_3,diff,post,0.09139885406180233
gpt2-xl,memit,genie,award_received_772,paraphrase_3,acc,post,0.7272727272727273
gpt2-xl,memit,genie,award_received_772,abstract_2,hit,post,0.0
gpt2-xl,memit,genie,award_received_772,abstract_3,hit,post,0.0
gpt2-xl,memit,genie,screenwriter_548,efficacy,success,pre,1.0
gpt2-xl,memit,genie,screenwriter_548,efficacy,diff,pre,0.09758109056603412
gpt2-xl,memit,genie,screenwriter_548,efficacy,acc,pre,0.8
gpt2-xl,memit,genie,screenwriter_548,paraphrase_1,success,pre,1.0
gpt2-xl,memit,genie,screenwriter_548,paraphrase_1,diff,pre,0.17352857149907774
gpt2-xl,memit,genie,screenwriter_548,paraphrase_1,acc,pre,0.8
gpt2-xl,memit,genie,screenwriter_548,paraphrase_2,success,pre,1.0
gpt2-xl,memit,genie,screenwriter_548,paraphrase_2,diff,pre,0.10840090627139014
gpt2-xl,memit,genie,screenwriter_548,paraphrase_2,acc,pre,0.8
gpt2-xl,memit,genie,screenwriter_548,paraphrase_3,success,pre,1.0
gpt2-xl,memit,genie,screenwriter_548,paraphrase_3,diff,pre,0.10632744766863479
gpt2-xl,memit,genie,screenwriter_548,paraphrase_3,acc,pre,0.8
gpt2-xl,memit,genie,screenwriter_548,hop_1,success,pre,0.0
gpt2-xl,memit,genie,screenwriter_548,hop_1,diff,pre,-0.026761068536952842
gpt2-xl,memit,genie,screenwriter_548,hop_1,acc,pre,0.6666666666666666
gpt2-xl,memit,genie,screenwriter_548,abstract_2,hit,pre,0.0
gpt2-xl,memit,genie,screenwriter_548,abstract_3,hit,pre,0.0
gpt2-xl,memit,genie,screenwriter_548,efficacy,success,post,1.0
gpt2-xl,memit,genie,screenwriter_548,efficacy,diff,post,0.9978308252836695
gpt2-xl,memit,genie,screenwriter_548,efficacy,acc,post,1.0
gpt2-xl,memit,genie,screenwriter_548,paraphrase_1,success,post,1.0
gpt2-xl,memit,genie,screenwriter_548,paraphrase_1,diff,post,0.6594179981096038
gpt2-xl,memit,genie,screenwriter_548,paraphrase_1,acc,post,1.0
gpt2-xl,memit,genie,screenwriter_548,paraphrase_2,success,post,1.0
gpt2-xl,memit,genie,screenwriter_548,paraphrase_2,diff,post,0.48440635577393354
gpt2-xl,memit,genie,screenwriter_548,paraphrase_2,acc,post,0.8
gpt2-xl,memit,genie,screenwriter_548,paraphrase_3,success,post,1.0
gpt2-xl,memit,genie,screenwriter_548,paraphrase_3,diff,post,0.561130068379148
gpt2-xl,memit,genie,screenwriter_548,paraphrase_3,acc,post,0.8
gpt2-xl,memit,genie,screenwriter_548,hop_1,success,post,0.0
gpt2-xl,memit,genie,screenwriter_548,hop_1,diff,post,-0.007025637352908806
gpt2-xl,memit,genie,screenwriter_548,hop_1,acc,post,0.6666666666666666
gpt2-xl,memit,genie,screenwriter_548,abstract_2,hit,post,0.0
gpt2-xl,memit,genie,screenwriter_548,abstract_3,hit,post,0.0
gpt2-xl,memit,genie,production_company_3693,efficacy,success,pre,0.0
gpt2-xl,memit,genie,production_company_3693,efficacy,diff,pre,-0.3313691690595645
gpt2-xl,memit,genie,production_company_3693,efficacy,acc,pre,0.5
gpt2-xl,memit,genie,production_company_3693,paraphrase_1,success,pre,0.0
gpt2-xl,memit,genie,production_company_3693,paraphrase_1,diff,pre,-0.5579323852964133
gpt2-xl,memit,genie,production_company_3693,paraphrase_1,acc,pre,0.5
gpt2-xl,memit,genie,production_company_3693,paraphrase_2,success,pre,0.0
gpt2-xl,memit,genie,production_company_3693,paraphrase_2,diff,pre,-0.6140169586084842
gpt2-xl,memit,genie,production_company_3693,paraphrase_2,acc,pre,0.5
gpt2-xl,memit,genie,production_company_3693,paraphrase_3,success,pre,0.0
gpt2-xl,memit,genie,production_company_3693,paraphrase_3,diff,pre,-0.3269490654011746
gpt2-xl,memit,genie,production_company_3693,paraphrase_3,acc,pre,0.5
gpt2-xl,memit,genie,production_company_3693,hop_1,success,pre,1.0
gpt2-xl,memit,genie,production_company_3693,hop_1,diff,pre,0.04642005859204189
gpt2-xl,memit,genie,production_company_3693,hop_1,acc,pre,0.6666666666666666
gpt2-xl,memit,genie,production_company_3693,abstract_1,success,pre,0.0
gpt2-xl,memit,genie,production_company_3693,abstract_1,diff,pre,-0.5861042247276075
gpt2-xl,memit,genie,production_company_3693,abstract_1,acc,pre,0.0
gpt2-xl,memit,genie,production_company_3693,abstract_2,hit,pre,0.0
gpt2-xl,memit,genie,production_company_3693,abstract_3,hit,pre,0.0
gpt2-xl,memit,genie,production_company_3693,efficacy,success,post,1.0
gpt2-xl,memit,genie,production_company_3693,efficacy,diff,post,0.9031001235002087
gpt2-xl,memit,genie,production_company_3693,efficacy,acc,post,1.0
gpt2-xl,memit,genie,production_company_3693,paraphrase_1,success,post,1.0
gpt2-xl,memit,genie,production_company_3693,paraphrase_1,diff,post,0.06154441305243685
gpt2-xl,memit,genie,production_company_3693,paraphrase_1,acc,post,0.5
gpt2-xl,memit,genie,production_company_3693,paraphrase_2,success,post,0.0
gpt2-xl,memit,genie,production_company_3693,paraphrase_2,diff,post,-0.004127345283290701
gpt2-xl,memit,genie,production_company_3693,paraphrase_2,acc,post,0.5
gpt2-xl,memit,genie,production_company_3693,paraphrase_3,success,post,1.0
gpt2-xl,memit,genie,production_company_3693,paraphrase_3,diff,post,0.05273898861909668
gpt2-xl,memit,genie,production_company_3693,paraphrase_3,acc,post,0.5
gpt2-xl,memit,genie,production_company_3693,hop_1,success,post,1.0
gpt2-xl,memit,genie,production_company_3693,hop_1,diff,post,0.02441595800984072
gpt2-xl,memit,genie,production_company_3693,hop_1,acc,post,0.6666666666666666
gpt2-xl,memit,genie,production_company_3693,abstract_1,success,post,0.0
gpt2-xl,memit,genie,production_company_3693,abstract_1,diff,post,-0.5386753270336523
gpt2-xl,memit,genie,production_company_3693,abstract_1,acc,post,0.0
gpt2-xl,memit,genie,production_company_3693,abstract_2,hit,post,0.0
gpt2-xl,memit,genie,production_company_3693,abstract_3,hit,post,0.0
gpt2-xl,memit,genie,country_4458,efficacy,success,pre,0.0
gpt2-xl,memit,genie,country_4458,efficacy,diff,pre,-0.08263569845357104
gpt2-xl,memit,genie,country_4458,efficacy,acc,pre,0.0
gpt2-xl,memit,genie,country_4458,paraphrase_1,success,pre,0.0
gpt2-xl,memit,genie,country_4458,paraphrase_1,diff,pre,-0.37027552436866545
gpt2-xl,memit,genie,country_4458,paraphrase_1,acc,pre,0.0
gpt2-xl,memit,genie,country_4458,paraphrase_2,success,pre,0.0
gpt2-xl,memit,genie,country_4458,paraphrase_2,diff,pre,-0.00010580268843964793
gpt2-xl,memit,genie,country_4458,paraphrase_2,acc,pre,0.0
gpt2-xl,memit,genie,country_4458,paraphrase_3,success,pre,0.0
gpt2-xl,memit,genie,country_4458,paraphrase_3,diff,pre,-0.3106928678897986
gpt2-xl,memit,genie,country_4458,paraphrase_3,acc,pre,0.0
gpt2-xl,memit,genie,country_4458,hop_1,success,pre,0.0
gpt2-xl,memit,genie,country_4458,hop_1,diff,pre,-0.009106210820703913
gpt2-xl,memit,genie,country_4458,hop_1,acc,pre,0.0
gpt2-xl,memit,genie,country_4458,abstract_1,success,pre,1.0
gpt2-xl,memit,genie,country_4458,abstract_1,diff,pre,0.04655074861691155
gpt2-xl,memit,genie,country_4458,abstract_1,acc,pre,0.8571428571428571
gpt2-xl,memit,genie,country_4458,abstract_2,hit,pre,0.0
gpt2-xl,memit,genie,country_4458,abstract_3,hit,pre,0.0
gpt2-xl,memit,genie,country_4458,efficacy,success,post,1.0
gpt2-xl,memit,genie,country_4458,efficacy,diff,post,0.7168310751603374
gpt2-xl,memit,genie,country_4458,efficacy,acc,post,1.0
gpt2-xl,memit,genie,country_4458,paraphrase_1,success,post,0.0
gpt2-xl,memit,genie,country_4458,paraphrase_1,diff,post,-0.4153605326176306
gpt2-xl,memit,genie,country_4458,paraphrase_1,acc,post,0.0
gpt2-xl,memit,genie,country_4458,paraphrase_2,success,post,0.0
gpt2-xl,memit,genie,country_4458,paraphrase_2,diff,post,-0.00018515993782995677
gpt2-xl,memit,genie,country_4458,paraphrase_2,acc,post,0.0
gpt2-xl,memit,genie,country_4458,paraphrase_3,success,post,0.0
gpt2-xl,memit,genie,country_4458,paraphrase_3,diff,post,-0.3015306320591263
gpt2-xl,memit,genie,country_4458,paraphrase_3,acc,post,0.0
gpt2-xl,memit,genie,country_4458,hop_1,success,post,0.0
gpt2-xl,memit,genie,country_4458,hop_1,diff,post,-0.007940917083884336
gpt2-xl,memit,genie,country_4458,hop_1,acc,post,0.0
gpt2-xl,memit,genie,country_4458,abstract_1,success,post,1.0
gpt2-xl,memit,genie,country_4458,abstract_1,diff,post,0.011846087812153017
gpt2-xl,memit,genie,country_4458,abstract_1,acc,post,0.8571428571428571
gpt2-xl,memit,genie,country_4458,abstract_2,hit,post,0.0
gpt2-xl,memit,genie,country_4458,abstract_3,hit,post,0.0
gpt2-xl,memit,mquake,2640,efficacy,success,pre,0.0
gpt2-xl,memit,mquake,2640,efficacy,diff,pre,-0.4591030946337174
gpt2-xl,memit,mquake,2640,efficacy,acc,pre,0.39166666666666666
gpt2-xl,memit,mquake,2640,single_hop,success,pre,0.0
gpt2-xl,memit,mquake,2640,single_hop,diff,pre,-0.06389404976630379
gpt2-xl,memit,mquake,2640,single_hop,acc,pre,0.5583333333333333
gpt2-xl,memit,mquake,2640,multihop,hit,pre,0.0
gpt2-xl,memit,mquake,2640,efficacy,success,post,1.0
gpt2-xl,memit,mquake,2640,efficacy,diff,post,0.7805315705959828
gpt2-xl,memit,mquake,2640,efficacy,acc,post,1.0
gpt2-xl,memit,mquake,2640,single_hop,success,post,1.0
gpt2-xl,memit,mquake,2640,single_hop,diff,post,0.7155322373005626
gpt2-xl,memit,mquake,2640,single_hop,acc,post,1.0
gpt2-xl,memit,mquake,2640,multihop,hit,post,0.0
gpt2-xl,memit,mquake,248,efficacy,success,pre,0.0
gpt2-xl,memit,mquake,248,efficacy,diff,pre,-0.012447035637208115
gpt2-xl,memit,mquake,248,efficacy,acc,pre,0.2222222222222222
gpt2-xl,memit,mquake,248,single_hop,success,pre,0.0
gpt2-xl,memit,mquake,248,single_hop,diff,pre,-0.012447035637208115
gpt2-xl,memit,mquake,248,single_hop,acc,pre,0.1111111111111111
gpt2-xl,memit,mquake,248,multihop,hit,pre,0.0
gpt2-xl,memit,mquake,248,efficacy,success,post,1.0
gpt2-xl,memit,mquake,248,efficacy,diff,post,0.10894172060827159
gpt2-xl,memit,mquake,248,efficacy,acc,post,0.4444444444444444
gpt2-xl,memit,mquake,248,single_hop,success,post,1.0
gpt2-xl,memit,mquake,248,single_hop,diff,post,0.1089373584533612
gpt2-xl,memit,mquake,248,single_hop,acc,post,0.2222222222222222
gpt2-xl,memit,mquake,248,multihop,hit,post,0.0
gpt2-xl,memit,mquake,2121,efficacy,success,pre,1.0
gpt2-xl,memit,mquake,2121,efficacy,diff,pre,0.040776061156685306
gpt2-xl,memit,mquake,2121,efficacy,acc,pre,0.6666666666666666
gpt2-xl,memit,mquake,2121,single_hop,success,pre,1.0
gpt2-xl,memit,mquake,2121,single_hop,diff,pre,0.040776061156685306
gpt2-xl,memit,mquake,2121,single_hop,acc,pre,0.7222222222222222
gpt2-xl,memit,mquake,2121,multihop,hit,pre,0.0
gpt2-xl,memit,mquake,2121,efficacy,success,post,1.0
gpt2-xl,memit,mquake,2121,efficacy,diff,post,0.8409500342852462
gpt2-xl,memit,mquake,2121,efficacy,acc,post,1.0
gpt2-xl,memit,mquake,2121,single_hop,success,post,1.0
gpt2-xl,memit,mquake,2121,single_hop,diff,post,0.8409500342852462
gpt2-xl,memit,mquake,2121,single_hop,acc,post,0.8333333333333334
gpt2-xl,memit,mquake,2121,multihop,hit,post,0.0
gpt2-xl,memit,mquake,825,efficacy,success,pre,0.0
gpt2-xl,memit,mquake,825,efficacy,diff,pre,-0.2943418673995905
gpt2-xl,memit,mquake,825,efficacy,acc,pre,0.16666666666666666
gpt2-xl,memit,mquake,825,single_hop,success,pre,0.0
gpt2-xl,memit,mquake,825,single_hop,diff,pre,-0.2789840940823012
gpt2-xl,memit,mquake,825,single_hop,acc,pre,0.16666666666666666
gpt2-xl,memit,mquake,825,multihop,hit,pre,0.0
gpt2-xl,memit,mquake,825,efficacy,success,post,1.0
gpt2-xl,memit,mquake,825,efficacy,diff,post,0.5287485468396931
gpt2-xl,memit,mquake,825,efficacy,acc,post,0.8333333333333333
gpt2-xl,memit,mquake,825,single_hop,success,post,1.0
gpt2-xl,memit,mquake,825,single_hop,diff,post,0.8701819544953044
gpt2-xl,memit,mquake,825,single_hop,acc,post,0.8333333333333333
gpt2-xl,memit,mquake,825,multihop,hit,post,0.0
gpt2-xl,memit,mquake,2014,efficacy,success,pre,0.0
gpt2-xl,memit,mquake,2014,efficacy,diff,pre,-0.07655971232967555
gpt2-xl,memit,mquake,2014,efficacy,acc,pre,0.30952380952380953
gpt2-xl,memit,mquake,2014,single_hop,success,pre,0.0
gpt2-xl,memit,mquake,2014,single_hop,diff,pre,-0.07837771438379718
gpt2-xl,memit,mquake,2014,single_hop,acc,pre,0.6168831168831169
gpt2-xl,memit,mquake,2014,multihop,hit,pre,0.0
gpt2-xl,memit,mquake,2014,efficacy,success,post,1.0
gpt2-xl,memit,mquake,2014,efficacy,diff,post,0.6076031907145469
gpt2-xl,memit,mquake,2014,efficacy,acc,post,0.9166666666666666
gpt2-xl,memit,mquake,2014,single_hop,success,post,1.0
gpt2-xl,memit,mquake,2014,single_hop,diff,post,0.7172332899284184
gpt2-xl,memit,mquake,2014,single_hop,acc,post,0.9166666666666666
gpt2-xl,memit,mquake,2014,multihop,hit,post,0.0
gpt2-xl,memit,ripple,ripple_popular_row657,efficacy,hit,pre,0.0
gpt2-xl,memit,ripple,ripple_popular_row657,ripple_relation_specificity,hit,pre,1.0
gpt2-xl,memit,ripple,ripple_popular_row657,efficacy,hit,post,0.0
gpt2-xl,memit,ripple,ripple_popular_row657,ripple_relation_specificity,hit,post,1.0
gpt2-xl,memit,ripple,ripple_popular_row839,efficacy,hit,pre,0.0
gpt2-xl,memit,ripple,ripple_popular_row839,efficacy,hit,post,0.0
gpt2-xl,memit,ripple,ripple_popular_row792,efficacy,hit,pre,0.0
gpt2-xl,memit,ripple,ripple_popular_row792,efficacy,hit,post,0.0
gpt2-xl,memit,ripple,ripple_popular_row778,efficacy,hit,pre,0.0
gpt2-xl,memit,ripple,ripple_popular_row778,ripple_logical,hit,pre,0.0
gpt2-xl,memit,ripple,ripple_popular_row778,ripple_relation_specificity,hit,pre,1.0
gpt2-xl,memit,ripple,ripple_popular_row778,efficacy,hit,post,0.0
gpt2-xl,memit,ripple,ripple_popular_row778,ripple_logical,hit,post,0.0
gpt2-xl,memit,ripple,ripple_popular_row778,ripple_relation_specificity,hit,post,0.0
gpt2-xl,memit,ripple,ripple_popular_row846,efficacy,hit,pre,0.0
gpt2-xl,memit,ripple,ripple_popular_row846,ripple_relation_specificity,hit,pre,1.0
gpt2-xl,memit,ripple,ripple_popular_row846,efficacy,hit,post,1.0
gpt2-xl,memit,ripple,ripple_popular_row846,ripple_relation_specificity,hit,post,1.0
gpt2-xl,memit,ripple,ripple_random_row1742,efficacy,hit,pre,0.0
gpt2-xl,memit,ripple,ripple_random_row1742,efficacy,hit,post,0.0
gpt2-xl,memit,ripple,ripple_random_row1584,efficacy,hit,pre,0.0
gpt2-xl,memit,ripple,ripple_random_row1584,efficacy,hit,post,1.0
gpt2-xl,memit,ripple,ripple_random_row1799,efficacy,hit,pre,0.0
gpt2-xl,memit,ripple,ripple_random_row1799,efficacy,hit,post,1.0
gpt2-xl,memit,ripple,ripple_random_row1627,efficacy,hit,pre,0.0
gpt2-xl,memit,ripple,ripple_random_row1627,efficacy,hit,post,0.0
gpt2-xl,memit,ripple,ripple_random_row1806,efficacy,hit,pre,0.0
gpt2-xl,memit,ripple,ripple_random_row1806,efficacy,hit,post,0.0
gpt2-xl,memit,zsre,zsre_row18114,efficacy,success,pre,1.0
gpt2-xl,memit,zsre,zsre_row18114,efficacy,diff,pre,0.0013489904607146578
gpt2-xl,memit,zsre,zsre_row18114,efficacy,acc,pre,0.0
gpt2-xl,memit,zsre,zsre_row18114,generalisation,success,pre,1.0
gpt2-xl,memit,zsre,zsre_row18114,generalisation,diff,pre,0.007393608263029027
gpt2-xl,memit,zsre,zsre_row18114,generalisation,acc,pre,0.5
gpt2-xl,memit,zsre,zsre_row18114,specificity,success,pre,0.0
gpt2-xl,memit,zsre,zsre_row18114,specificity,diff,pre,-0.003835267040342944
gpt2-xl,memit,zsre,zsre_row18114,specificity,acc,pre,0.25
gpt2-xl,memit,zsre,zsre_row18114,efficacy,success,post,1.0
gpt2-xl,memit,zsre,zsre_row18114,efficacy,diff,post,0.9726062682346295
gpt2-xl,memit,zsre,zsre_row18114,efficacy,acc,post,1.0
gpt2-xl,memit,zsre,zsre_row18114,generalisation,success,post,1.0
gpt2-xl,memit,zsre,zsre_row18114,generalisation,diff,post,0.04319171083113676
gpt2-xl,memit,zsre,zsre_row18114,generalisation,acc,post,0.5
gpt2-xl,memit,zsre,zsre_row18114,specificity,success,post,0.0
gpt2-xl,memit,zsre,zsre_row18114,specificity,diff,post,-0.003945378520724393
gpt2-xl,memit,zsre,zsre_row18114,specificity,acc,post,0.25
gpt2-xl,memit,zsre,zsre_row10337,efficacy,success,pre,1.0
gpt2-xl,memit,zsre,zsre_row10337,efficacy,diff,pre,0.008737059411089355
gpt2-xl,memit,zsre,zsre_row10337,efficacy,acc,pre,0.3333333333333333
gpt2-xl,memit,zsre,zsre_row10337,generalisation,success,pre,1.0
gpt2-xl,memit,zsre,zsre_row10337,generalisation,diff,pre,0.0029590640572478514
gpt2-xl,memit,zsre,zsre_row10337,generalisation,acc,pre,0.3333333333333333
gpt2-xl,memit,zsre,zsre_row10337,specificity,success,pre,1.0
gpt2-xl,memit,zsre,zsre_row10337,specificity,diff,pre,0.00013660588108589132
gpt2-xl,memit,zsre,zsre_row10337,specificity,acc,pre,0.0
gpt2-xl,memit,zsre,zsre_row10337,efficacy,success,post,1.0
gpt2-xl,memit,zsre,zsre_row10337,efficacy,diff,post,0.025940590326599677
gpt2-xl,memit,zsre,zsre_row10337,efficacy,acc,post,0.6666666666666666
gpt2-xl,memit,zsre,zsre_row10337,generalisation,success,post,0.0
gpt2-xl,memit,zsre,zsre_row10337,generalisation,diff,post,-0.4546150109837669
gpt2-xl,memit,zsre,zsre_row10337,generalisation,acc,post,0.6666666666666666
gpt2-xl,memit,zsre,zsre_row10337,specificity,success,post,1.0
gpt2-xl,memit,zsre,zsre_row10337,specificity,diff,post,0.00013447144998666538
gpt2-xl,memit,zsre,zsre_row10337,specificity,acc,post,0.0
gpt2-xl,memit,zsre,zsre_row11396,efficacy,success,pre,1.0
gpt2-xl,memit,zsre,zsre_row11396,efficacy,diff,pre,0.15288347323089016
gpt2-xl,memit,zsre,zsre_row11396,efficacy,acc,pre,0.6666666666666666
gpt2-xl,memit,zsre,zsre_row11396,generalisation,success,pre,1.0
gpt2-xl,memit,zsre,zsre_row11396,generalisation,diff,pre,0.16456620292618865
gpt2-xl,memit,zsre,zsre_row11396,generalisation,acc,pre,0.6666666666666666
gpt2-xl,memit,zsre,zsre_row11396,specificity,success,pre,0.0
gpt2-xl,memit,zsre,zsre_row11396,specificity,diff,pre,-2.9790150548376524e-06
gpt2-xl,memit,zsre,zsre_row11396,specificity,acc,pre,0.0
gpt2-xl,memit,zsre,zsre_row11396,efficacy,success,post,1.0
gpt2-xl,memit,zsre,zsre_row11396,efficacy,diff,post,0.9457758662308494
gpt2-xl,memit,zsre,zsre_row11396,efficacy,acc,post,1.0
gpt2-xl,memit,zsre,zsre_row11396,generalisation,success,post,1.0
gpt2-xl,memit,zsre,zsre_row11396,generalisation,diff,post,0.6969552800341886
gpt2-xl,memit,zsre,zsre_row11396,generalisation,acc,post,0.8333333333333334
gpt2-xl,memit,zsre,zsre_row11396,specificity,success,post,1.0
gpt2-xl,memit,zsre,zsre_row11396,specificity,diff,post,2.925265092132629e-05
gpt2-xl,memit,zsre,zsre_row11396,specificity,acc,post,0.0
gpt2-xl,memit,zsre,zsre_row12562,efficacy,success,pre,1.0
gpt2-xl,memit,zsre,zsre_row12562,efficacy,diff,pre,0.030931978149728298
gpt2-xl,memit,zsre,zsre_row12562,efficacy,acc,pre,0.75
gpt2-xl,memit,zsre,zsre_row12562,generalisation,success,pre,0.0
gpt2-xl,memit,zsre,zsre_row12562,generalisation,diff,pre,-0.14700302399926818
gpt2-xl,memit,zsre,zsre_row12562,generalisation,acc,pre,0.75
gpt2-xl,memit,zsre,zsre_row12562,specificity,success,pre,0.0
gpt2-xl,memit,zsre,zsre_row12562,specificity,diff,pre,-0.09575036893646345
gpt2-xl,memit,zsre,zsre_row12562,specificity,acc,pre,0.5897435897435898
gpt2-xl,memit,zsre,zsre_row12562,efficacy,success,post,1.0
gpt2-xl,memit,zsre,zsre_row12562,efficacy,diff,post,0.7570429836979253
gpt2-xl,memit,zsre,zsre_row12562,efficacy,acc,post,1.0
gpt2-xl,memit,zsre,zsre_row12562,generalisation,success,post,0.0
gpt2-xl,memit,zsre,zsre_row12562,generalisation,diff,post,-0.13776108975357457
gpt2-xl,memit,zsre,zsre_row12562,generalisation,acc,post,0.75
gpt2-xl,memit,zsre,zsre_row12562,specificity,success,post,0.0
gpt2-xl,memit,zsre,zsre_row12562,specificity,diff,post,-0.09571869582675913
gpt2-xl,memit,zsre,zsre_row12562,specificity,acc,post,0.5897435897435898
gpt2-xl,memit,zsre,zsre_row13330,efficacy,success,pre,1.0
gpt2-xl,memit,zsre,zsre_row13330,efficacy,diff,pre,0.0011947509600241058
gpt2-xl,memit,zsre,zsre_row13330,efficacy,acc,pre,0.5
gpt2-xl,memit,zsre,zsre_row13330,generalisation,success,pre,1.0
gpt2-xl,memit,zsre,zsre_row13330,generalisation,diff,pre,0.0022326564970318397
gpt2-xl,memit,zsre,zsre_row13330,generalisation,acc,pre,0.5
gpt2-xl,memit,zsre,zsre_row13330,specificity,success,pre,0.0
gpt2-xl,memit,zsre,zsre_row13330,specificity,diff,pre,-0.1027604608026697
gpt2-xl,memit,zsre,zsre_row13330,specificity,acc,pre,0.5584415584415584
gpt2-xl,memit,zsre,zsre_row13330,efficacy,success,post,1.0
gpt2-xl,memit,zsre,zsre_row13330,efficacy,diff,post,0.18641642458550067
gpt2-xl,memit,zsre,zsre_row13330,efficacy,acc,post,0.5
gpt2-xl,memit,zsre,zsre_row13330,generalisation,success,post,1.0
gpt2-xl,memit,zsre,zsre_row13330,generalisation,diff,post,0.0040550487163015115
gpt2-xl,memit,zsre,zsre_row13330,generalisation,acc,post,0.5
gpt2-xl,memit,zsre,zsre_row13330,specificity,success,post,0.0
gpt2-xl,memit,zsre,zsre_row13330,specificity,diff,post,-0.10248938181268387
gpt2-xl,memit,zsre,zsre_row13330,specificity,acc,post,0.5584415584415584
gpt2-xl,remedi,counterfact,11983,efficacy,success,pre,0.0
gpt2-xl,remedi,counterfact,11983,efficacy,diff,pre,-0.03565468776027049
gpt2-xl,remedi,counterfact,11983,efficacy,acc,pre,0.0
gpt2-xl,remedi,counterfact,11983,generalisation,success,pre,0.0
gpt2-xl,remedi,counterfact,11983,generalisation,diff,pre,-0.029315199454624997
gpt2-xl,remedi,counterfact,11983,generalisation,acc,pre,0.0
gpt2-xl,remedi,counterfact,11983,specificity,success,pre,0.1
gpt2-xl,remedi,counterfact,11983,specificity,diff,pre,-0.053060422747595745
gpt2-xl,remedi,counterfact,11983,specificity,acc,pre,0.1
gpt2-xl,remedi,counterfact,11983,target_close_neighbour,success,pre,0.9
gpt2-xl,remedi,counterfact,11983,target_close_neighbour,diff,pre,0.08293220752035592
gpt2-xl,remedi,counterfact,11983,target_close_neighbour,acc,pre,0.2
gpt2-xl,remedi,counterfact,11983,efficacy,success,post,0.0
gpt2-xl,remedi,counterfact,11983,efficacy,diff,post,-0.0028203171251104282
gpt2-xl,remedi,counterfact,11983,efficacy,acc,post,0.0
gpt2-xl,remedi,counterfact,11983,generalisation,success,post,0.5
gpt2-xl,remedi,counterfact,11983,generalisation,diff,post,-0.01587782435600779
gpt2-xl,remedi,counterfact,11983,generalisation,acc,post,0.0
gpt2-xl,remedi,counterfact,11983,specificity,success,post,0.1
gpt2-xl,remedi,counterfact,11983,specificity,diff,post,-0.053060422747595745
gpt2-xl,remedi,counterfact,11983,specificity,acc,post,0.1
gpt2-xl,remedi,counterfact,11983,target_close_neighbour,success,post,0.9
gpt2-xl,remedi,counterfact,11983,target_close_neighbour,diff,post,0.08293220752035592
gpt2-xl,remedi,counterfact,11983,target_close_neighbour,acc,post,0.2
gpt2-xl,remedi,counterfact,13602,efficacy,success,pre,0.0
gpt2-xl,remedi,counterfact,13602,efficacy,diff,pre,-0.3437196922705103
gpt2-xl,remedi,counterfact,13602,efficacy,acc,pre,0.0
gpt2-xl,remedi,counterfact,13602,generalisation,success,pre,0.0
gpt2-xl,remedi,counterfact,13602,generalisation,diff,pre,-0.22245752272190797
gpt2-xl,remedi,counterfact,13602,generalisation,acc,pre,0.0
gpt2-xl,remedi,counterfact,13602,specificity,success,pre,0.1
gpt2-xl,remedi,counterfact,13602,specificity,diff,pre,-0.06374715831162822
gpt2-xl,remedi,counterfact,13602,specificity,acc,pre,0.2
gpt2-xl,remedi,counterfact,13602,target_close_neighbour,success,pre,0.2
gpt2-xl,remedi,counterfact,13602,target_close_neighbour,diff,pre,-0.03959248573738354
gpt2-xl,remedi,counterfact,13602,target_close_neighbour,acc,pre,0.0
gpt2-xl,remedi,counterfact,13602,efficacy,success,post,0.0
gpt2-xl,remedi,counterfact,13602,efficacy,diff,post,-0.34802292961711917
gpt2-xl,remedi,counterfact,13602,efficacy,acc,post,0.0
gpt2-xl,remedi,counterfact,13602,generalisation,success,post,0.0
gpt2-xl,remedi,counterfact,13602,generalisation,diff,post,-0.15673161626612095
gpt2-xl,remedi,counterfact,13602,generalisation,acc,post,0.0
gpt2-xl,remedi,counterfact,13602,specificity,success,post,0.1
gpt2-xl,remedi,counterfact,13602,specificity,diff,post,-0.06374715831162822
gpt2-xl,remedi,counterfact,13602,specificity,acc,post,0.2
gpt2-xl,remedi,counterfact,13602,target_close_neighbour,success,post,0.2
gpt2-xl,remedi,counterfact,13602,target_close_neighbour,diff,post,-0.03959248573738354
gpt2-xl,remedi,counterfact,13602,target_close_neighbour,acc,post,0.0
gpt2-xl,remedi,counterfact,15471,efficacy,success,pre,0.0
gpt2-xl,remedi,counterfact,15471,efficacy,diff,pre,-0.3657318186141431
gpt2-xl,remedi,counterfact,15471,efficacy,acc,pre,0.0
gpt2-xl,remedi,counterfact,15471,generalisation,success,pre,0.0
gpt2-xl,remedi,counterfact,15471,generalisation,diff,pre,-0.005283081947585409
gpt2-xl,remedi,counterfact,15471,generalisation,acc,pre,0.0
gpt2-xl,remedi,counterfact,15471,specificity,success,pre,0.2
gpt2-xl,remedi,counterfact,15471,specificity,diff,pre,0.005512395232580558
gpt2-xl,remedi,counterfact,15471,specificity,acc,pre,0.0
gpt2-xl,remedi,counterfact,15471,target_close_neighbour,success,pre,1.0
gpt2-xl,remedi,counterfact,15471,target_close_neighbour,diff,pre,0.2552497925216935
gpt2-xl,remedi,counterfact,15471,target_close_neighbour,acc,pre,0.3
gpt2-xl,remedi,counterfact,15471,efficacy,success,post,0.0
gpt2-xl,remedi,counterfact,15471,efficacy,diff,post,-0.3868363169601594
gpt2-xl,remedi,counterfact,15471,efficacy,acc,post,0.0
gpt2-xl,remedi,counterfact,15471,generalisation,success,post,0.0
gpt2-xl,remedi,counterfact,15471,generalisation,diff,post,-0.00482005556824167
gpt2-xl,remedi,counterfact,15471,generalisation,acc,post,0.0
gpt2-xl,remedi,counterfact,15471,specificity,success,post,0.2
gpt2-xl,remedi,counterfact,15471,specificity,diff,post,0.005512395232580558
gpt2-xl,remedi,counterfact,15471,specificity,acc,post,0.0
gpt2-xl,remedi,counterfact,15471,target_close_neighbour,success,post,1.0
gpt2-xl,remedi,counterfact,15471,target_close_neighbour,diff,post,0.2552497925216935
gpt2-xl,remedi,counterfact,15471,target_close_neighbour,acc,post,0.3
gpt2-xl,remedi,counterfact,4190,efficacy,success,pre,0.0
gpt2-xl,remedi,counterfact,4190,efficacy,diff,pre,-0.0001472357942219095
gpt2-xl,remedi,counterfact,4190,efficacy,acc,pre,0.0
gpt2-xl,remedi,counterfact,4190,generalisation,success,pre,0.0
gpt2-xl,remedi,counterfact,4190,generalisation,diff,pre,-0.0023938588327926747
gpt2-xl,remedi,counterfact,4190,generalisation,acc,pre,0.0
gpt2-xl,remedi,counterfact,4190,specificity,success,pre,0.2
gpt2-xl,remedi,counterfact,4190,specificity,diff,pre,-0.00018885965733546909
gpt2-xl,remedi,counterfact,4190,specificity,acc,pre,0.0
gpt2-xl,remedi,counterfact,4190,target_close_neighbour,success,pre,0.8
gpt2-xl,remedi,counterfact,4190,target_close_neighbour,diff,pre,0.007420845398691353
gpt2-xl,remedi,counterfact,4190,target_close_neighbour,acc,pre,0.0
gpt2-xl,remedi,counterfact,4190,efficacy,success,post,1.0
gpt2-xl,remedi,counterfact,4190,efficacy,diff,post,0.043461615637566606
gpt2-xl,remedi,counterfact,4190,efficacy,acc,post,0.0
gpt2-xl,remedi,counterfact,4190,generalisation,success,post,0.0
gpt2-xl,remedi,counterfact,4190,generalisation,diff,post,-0.03403417423610672
gpt2-xl,remedi,counterfact,4190,generalisation,acc,post,0.0
gpt2-xl,remedi,counterfact,4190,specificity,success,post,0.2
gpt2-xl,remedi,counterfact,4190,specificity,diff,post,-0.00018885965733546909
gpt2-xl,remedi,counterfact,4190,specificity,acc,post,0.0
gpt2-xl,remedi,counterfact,4190,target_close_neighbour,success,post,0.8
gpt2-xl,remedi,counterfact,4190,target_close_neighbour,diff,post,0.007420845398691353
gpt2-xl,remedi,counterfact,4190,target_close_neighbour,acc,post,0.0
gpt2-xl,remedi,counterfact,2414,efficacy,success,pre,0.0
gpt2-xl,remedi,counterfact,2414,efficacy,diff,pre,-1.0947702925309163e-06
gpt2-xl,remedi,counterfact,2414,efficacy,acc,pre,0.0
gpt2-xl,remedi,counterfact,2414,generalisation,success,pre,0.0
gpt2-xl,remedi,counterfact,2414,generalisation,diff,pre,-0.00018400724620467088
gpt2-xl,remedi,counterfact,2414,generalisation,acc,pre,0.0
gpt2-xl,remedi,counterfact,2414,specificity,success,pre,0.7
gpt2-xl,remedi,counterfact,2414,specificity,diff,pre,0.00016071127775825418
gpt2-xl,remedi,counterfact,2414,specificity,acc,pre,0.0
gpt2-xl,remedi,counterfact,2414,target_close_neighbour,success,pre,0.9
gpt2-xl,remedi,counterfact,2414,target_close_neighbour,diff,pre,0.00022327334298635678
gpt2-xl,remedi,counterfact,2414,target_close_neighbour,acc,pre,0.0
gpt2-xl,remedi,counterfact,2414,efficacy,success,post,1.0
gpt2-xl,remedi,counterfact,2414,efficacy,diff,post,1.3726372858564625e-05
gpt2-xl,remedi,counterfact,2414,efficacy,acc,post,0.0
gpt2-xl,remedi,counterfact,2414,generalisation,success,post,0.5
gpt2-xl,remedi,counterfact,2414,generalisation,diff,post,6.089021392566675e-06
gpt2-xl,remedi,counterfact,2414,generalisation,acc,post,0.0
gpt2-xl,remedi,counterfact,2414,specificity,success,post,0.7
gpt2-xl,remedi,counterfact,2414,specificity,diff,post,0.00016071127775825418
gpt2-xl,remedi,counterfact,2414,specificity,acc,post,0.0
gpt2-xl,remedi,counterfact,2414,target_close_neighbour,success,post,0.9
gpt2-xl,remedi,counterfact,2414,target_close_neighbour,diff,post,0.00022327334298635678
gpt2-xl,remedi,counterfact,2414,target_close_neighbour,acc,post,0.0
gpt2-xl,remedi,genie,screenwriter_825,efficacy,success,pre,1.0
gpt2-xl,remedi,genie,screenwriter_825,efficacy,diff,pre,0.15862127193183684
gpt2-xl,remedi,genie,screenwriter_825,efficacy,acc,pre,0.75
gpt2-xl,remedi,genie,screenwriter_825,paraphrase_1,success,pre,1.0
gpt2-xl,remedi,genie,screenwriter_825,paraphrase_1,diff,pre,0.14202286119522917
gpt2-xl,remedi,genie,screenwriter_825,paraphrase_1,acc,pre,0.75
gpt2-xl,remedi,genie,screenwriter_825,paraphrase_2,success,pre,1.0
gpt2-xl,remedi,genie,screenwriter_825,paraphrase_2,diff,pre,0.2037114227103598
gpt2-xl,remedi,genie,screenwriter_825,paraphrase_2,acc,pre,0.75
gpt2-xl,remedi,genie,screenwriter_825,paraphrase_3,success,pre,1.0
gpt2-xl,remedi,genie,screenwriter_825,paraphrase_3,diff,pre,0.1507151492873296
gpt2-xl,remedi,genie,screenwriter_825,paraphrase_3,acc,pre,0.75
gpt2-xl,remedi,genie,screenwriter_825,hop_1,success,pre,1.0
gpt2-xl,remedi,genie,screenwriter_825,hop_1,diff,pre,0.02688643249896003
gpt2-xl,remedi,genie,screenwriter_825,hop_1,acc,pre,0.6
gpt2-xl,remedi,genie,screenwriter_825,hop_2,success,pre,0.0
gpt2-xl,remedi,genie,screenwriter_825,hop_2,diff,pre,-0.0030083054411368486
gpt2-xl,remedi,genie,screenwriter_825,hop_2,acc,pre,0.0
gpt2-xl,remedi,genie,screenwriter_825,hop_3,success,pre,0.0
gpt2-xl,remedi,genie,screenwriter_825,hop_3,diff,pre,-0.22710440596671497
gpt2-xl,remedi,genie,screenwriter_825,hop_3,acc,pre,0.0
gpt2-xl,remedi,genie,screenwriter_825,abstract_2,hit,pre,0.0
gpt2-xl,remedi,genie,screenwriter_825,abstract_3,hit,pre,0.0
gpt2-xl,remedi,genie,screenwriter_825,efficacy,success,post,1.0
gpt2-xl,remedi,genie,screenwriter_825,efficacy,diff,post,0.11595108155606977
gpt2-xl,remedi,genie,screenwriter_825,efficacy,acc,post,0.5
gpt2-xl,remedi,genie,screenwriter_825,paraphrase_1,success,post,1.0
gpt2-xl,remedi,genie,screenwriter_825,paraphrase_1,diff,post,0.2205488863435518
gpt2-xl,remedi,genie,screenwriter_825,paraphrase_1,acc,post,0.5
gpt2-xl,remedi,genie,screenwriter_825,paraphrase_2,success,post,1.0
gpt2-xl,remedi,genie,screenwriter_825,paraphrase_2,diff,post,0.13520945206005716
gpt2-xl,remedi,genie,screenwriter_825,paraphrase_2,acc,post,0.5
gpt2-xl,remedi,genie,screenwriter_825,paraphrase_3,success,post,1.0
gpt2-xl,remedi,genie,screenwriter_825,paraphrase_3,diff,post,0.27884696540259535
gpt2-xl,remedi,genie,screenwriter_825,paraphrase_3,acc,post,0.5
gpt2-xl,remedi,genie,screenwriter_825,hop_1,success,post,1.0
gpt2-xl,remedi,genie,screenwriter_825,hop_1,diff,post,0.10533262163750845
gpt2-xl,remedi,genie,screenwriter_825,hop_1,acc,post,0.6
gpt2-xl,remedi,genie,screenwriter_825,hop_2,success,post,1.0
gpt2-xl,remedi,genie,screenwriter_825,hop_2,diff,post,0.7808559787598329
gpt2-xl,remedi,genie,screenwriter_825,hop_2,acc,post,1.0
gpt2-xl,remedi,genie,screenwriter_825,hop_3,success,post,1.0
gpt2-xl,remedi,genie,screenwriter_825,hop_3,diff,post,0.4975283125972681
gpt2-xl,remedi,genie,screenwriter_825,hop_3,acc,post,1.0
gpt2-xl,remedi,genie,screenwriter_825,abstract_2,hit,post,0.0
gpt2-xl,remedi,genie,screenwriter_825,abstract_3,hit,post,0.0
gpt2-xl,remedi,genie,award_received_772,efficacy,success,pre,0.0
gpt2-xl,remedi,genie,award_received_772,efficacy,diff,pre,-0.0915440721858099
gpt2-xl,remedi,genie,award_received_772,efficacy,acc,pre,0.36363636363636365
gpt2-xl,remedi,genie,award_received_772,paraphrase_1,success,pre,0.0
gpt2-xl,remedi,genie,award_received_772,paraphrase_1,diff,pre,-0.12699074134649113
gpt2-xl,remedi,genie,award_received_772,paraphrase_1,acc,pre,0.36363636363636365
gpt2-xl,remedi,genie,award_received_772,paraphrase_2,success,pre,0.0
gpt2-xl,remedi,genie,award_received_772,paraphrase_2,diff,pre,-0.11130852277683467
gpt2-xl,remedi,genie,award_received_772,paraphrase_2,acc,pre,0.36363636363636365
gpt2-xl,remedi,genie,award_received_772,paraphrase_3,success,pre,0.0
gpt2-xl,remedi,genie,award_received_772,paraphrase_3,diff,pre,-0.025087317372576228
gpt2-xl,remedi,genie,award_received_772,paraphrase_3,acc,pre,0.36363636363636365
gpt2-xl,remedi,genie,award_received_772,abstract_2,hit,pre,0.0
gpt2-xl,remedi,genie,award_received_772,abstract_3,hit,pre,0.0
gpt2-xl,remedi,genie,award_received_772,efficacy,success,post,0.0
gpt2-xl,remedi,genie,award_received_772,efficacy,diff,post,-0.18412977576524675
gpt2-xl,remedi,genie,award_received_772,efficacy,acc,post,0.2727272727272727
gpt2-xl,remedi,genie,award_received_772,paraphrase_1,success,post,0.0
gpt2-xl,remedi,genie,award_received_772,paraphrase_1,diff,post,-0.10173973991554781
gpt2-xl,remedi,genie,award_received_772,paraphrase_1,acc,post,0.36363636363636365
gpt2-xl,remedi,genie,award_received_772,paraphrase_2,success,post,0.0
gpt2-xl,remedi,genie,award_received_772,paraphrase_2,diff,post,-0.0662848149599811
gpt2-xl,remedi,genie,award_received_772,paraphrase_2,acc,post,0.36363636363636365
gpt2-xl,remedi,genie,award_received_772,paraphrase_3,success,post,0.0
gpt2-xl,remedi,genie,award_received_772,paraphrase_3,diff,post,-0.0400666015399318
gpt2-xl,remedi,genie,award_received_772,paraphrase_3,acc,post,0.36363636363636365
gpt2-xl,remedi,genie,award_received_772,abstract_2,hit,post,0.0
gpt2-xl,remedi,genie,award_received_772,abstract_3,hit,post,0.0
gpt2-xl,remedi,genie,screenwriter_548,efficacy,success,pre,1.0
gpt2-xl,remedi,genie,screenwriter_548,efficacy,diff,pre,0.09758109056603412
gpt2-xl,remedi,genie,screenwriter_548,efficacy,acc,pre,0.8
gpt2-xl,remedi,genie,screenwriter_548,paraphrase_1,success,pre,1.0
gpt2-xl,remedi,genie,screenwriter_548,paraphrase_1,diff,pre,0.17352857149907774
gpt2-xl,remedi,genie,screenwriter_548,paraphrase_1,acc,pre,0.8
gpt2-xl,remedi,genie,screenwriter_548,paraphrase_2,success,pre,1.0
gpt2-xl,remedi,genie,screenwriter_548,paraphrase_2,diff,pre,0.10840090627139014
gpt2-xl,remedi,genie,screenwriter_548,paraphrase_2,acc,pre,0.8
gpt2-xl,remedi,genie,screenwriter_548,paraphrase_3,success,pre,1.0
gpt2-xl,remedi,genie,screenwriter_548,paraphrase_3,diff,pre,0.10632744766863479
gpt2-xl,remedi,genie,screenwriter_548,paraphrase_3,acc,pre,0.8
gpt2-xl,remedi,genie,screenwriter_548,hop_1,success,pre,0.0
gpt2-xl,remedi,genie,screenwriter_548,hop_1,diff,pre,-0.026761068536952842
gpt2-xl,remedi,genie,screenwriter_548,hop_1,acc,pre,0.6666666666666666
gpt2-xl,remedi,genie,screenwriter_548,abstract_2,hit,pre,0.0
gpt2-xl,remedi,genie,screenwriter_548,abstract_3,hit,pre,0.0
gpt2-xl,remedi,genie,screenwriter_548,efficacy,success,post,1.0
gpt2-xl,remedi,genie,screenwriter_548,efficacy,diff,post,0.8970116528229568
gpt2-xl,remedi,genie,screenwriter_548,efficacy,acc,post,1.0
gpt2-xl,remedi,genie,screenwriter_548,paraphrase_1,success,post,1.0
gpt2-xl,remedi,genie,screenwriter_548,paraphrase_1,diff,post,0.6709664148836776
gpt2-xl,remedi,genie,screenwriter_548,paraphrase_1,acc,post,1.0
gpt2-xl,remedi,genie,screenwriter_548,paraphrase_2,success,post,1.0
gpt2-xl,remedi,genie,screenwriter_548,paraphrase_2,diff,post,0.3563900768358351
gpt2-xl,remedi,genie,screenwriter_548,paraphrase_2,acc,post,0.8
gpt2-xl,remedi,genie,screenwriter_548,paraphrase_3,success,post,1.0
gpt2-xl,remedi,genie,screenwriter_548,paraphrase_3,diff,post,0.3459684791769843
gpt2-xl,remedi,genie,screenwriter_548,paraphrase_3,acc,post,0.8
gpt2-xl,remedi,genie,screenwriter_548,hop_1,success,post,1.0
gpt2-xl,remedi,genie,screenwriter_548,hop_1,diff,post,0.008968081895105411
gpt2-xl,remedi,genie,screenwriter_548,hop_1,acc,post,0.6666666666666666
gpt2-xl,remedi,genie,screenwriter_548,abstract_2,hit,post,0.0
gpt2-xl,remedi,genie,screenwriter_548,abstract_3,hit,post,0.0
gpt2-xl,remedi,genie,production_company_3693,efficacy,success,pre,0.0
gpt2-xl,remedi,genie,production_company_3693,efficacy,diff,pre,-0.3313691690595645
gpt2-xl,remedi,genie,production_company_3693,efficacy,acc,pre,0.5
gpt2-xl,remedi,genie,production_company_3693,paraphrase_1,success,pre,0.0
gpt2-xl,remedi,genie,production_company_3693,paraphrase_1,diff,pre,-0.5579323852964133
gpt2-xl,remedi,genie,production_company_3693,paraphrase_1,acc,pre,0.5
gpt2-xl,remedi,genie,production_company_3693,paraphrase_2,success,pre,0.0
gpt2-xl,remedi,genie,production_company_3693,paraphrase_2,diff,pre,-0.6140169586084842
gpt2-xl,remedi,genie,production_company_3693,paraphrase_2,acc,pre,0.5
gpt2-xl,remedi,genie,production_company_3693,paraphrase_3,success,pre,0.0
gpt2-xl,remedi,genie,production_company_3693,paraphrase_3,diff,pre,-0.3269490654011746
gpt2-xl,remedi,genie,production_company_3693,paraphrase_3,acc,pre,0.5
gpt2-xl,remedi,genie,production_company_3693,hop_1,success,pre,1.0
gpt2-xl,remedi,genie,production_company_3693,hop_1,diff,pre,0.04642005859204189
gpt2-xl,remedi,genie,production_company_3693,hop_1,acc,pre,0.6666666666666666
gpt2-xl,remedi,genie,production_company_3693,abstract_1,success,pre,0.0
gpt2-xl,remedi,genie,production_company_3693,abstract_1,diff,pre,-0.5861042247276075
gpt2-xl,remedi,genie,production_company_3693,abstract_1,acc,pre,0.0
gpt2-xl,remedi,genie,production_company_3693,abstract_2,hit,pre,0.0
gpt2-xl,remedi,genie,production_company_3693,abstract_3,hit,pre,0.0
gpt2-xl,remedi,genie,production_company_3693,efficacy,success,post,0.0
gpt2-xl,remedi,genie,production_company_3693,efficacy,diff,post,-0.496947006197407
gpt2-xl,remedi,genie,production_company_3693,efficacy,acc,post,0.5
gpt2-xl,remedi,genie,production_company_3693,paraphrase_1,success,post,0.0
gpt2-xl,remedi,genie,production_company_3693,paraphrase_1,diff,post,-0.626840103315164
gpt2-xl,remedi,genie,production_company_3693,paraphrase_1,acc,post,0.5
gpt2-xl,remedi,genie,production_company_3693,paraphrase_2,success,post,0.0
gpt2-xl,remedi,genie,production_company_3693,paraphrase_2,diff,post,-0.41372962894643567
gpt2-xl,remedi,genie,production_company_3693,paraphrase_2,acc,post,0.5
gpt2-xl,remedi,genie,production_company_3693,paraphrase_3,success,post,0.0
gpt2-xl,remedi,genie,production_company_3693,paraphrase_3,diff,post,-0.5840704114338884
gpt2-xl,remedi,genie,production_company_3693,paraphrase_3,acc,post,0.5
gpt2-xl,remedi,genie,production_company_3693,hop_1,success,post,1.0
gpt2-xl,remedi,genie,production_company_3693,hop_1,diff,post,0.03978474888454307
gpt2-xl,remedi,genie,production_company_3693,hop_1,acc,post,0.6666666666666666
gpt2-xl,remedi,genie,production_company_3693,abstract_1,success,post,0.0
gpt2-xl,remedi,genie,production_company_3693,abstract_1,diff,post,-0.4789089416462351
gpt2-xl,remedi,genie,production_company_3693,abstract_1,acc,post,0.0
gpt2-xl,remedi,genie,production_company_3693,abstract_2,hit,post,0.0
gpt2-xl,remedi,genie,production_company_3693,abstract_3,hit,post,0.0
gpt2-xl,remedi,genie,country_4458,efficacy,success,pre,0.0
gpt2-xl,remedi,genie,country_4458,efficacy,diff,pre,-0.08263569845357104
gpt2-xl,remedi,genie,country_4458,efficacy,acc,pre,0.0
gpt2-xl,remedi,genie,country_4458,paraphrase_1,success,pre,0.0
gpt2-xl,remedi,genie,country_4458,paraphrase_1,diff,pre,-0.37027552436866545
gpt2-xl,remedi,genie,country_4458,paraphrase_1,acc,pre,0.0
gpt2-xl,remedi,genie,country_4458,paraphrase_2,success,pre,0.0
gpt2-xl,remedi,genie,country_4458,paraphrase_2,diff,pre,-0.00010580268843964793
gpt2-xl,remedi,genie,country_4458,paraphrase_2,acc,pre,0.0
gpt2-xl,remedi,genie,country_4458,paraphrase_3,success,pre,0.0
gpt2-xl,remedi,genie,country_4458,paraphrase_3,diff,pre,-0.3106928678897986
gpt2-xl,remedi,genie,country_4458,paraphrase_3,acc,pre,0.0
gpt2-xl,remedi,genie,country_4458,hop_1,success,pre,0.0
gpt2-xl,remedi,genie,country_4458,hop_1,diff,pre,-0.009106210820703913
gpt2-xl,remedi,genie,country_4458,hop_1,acc,pre,0.0
gpt2-xl,remedi,genie,country_4458,abstract_1,success,pre,1.0
gpt2-xl,remedi,genie,country_4458,abstract_1,diff,pre,0.04655074861691155
gpt2-xl,remedi,genie,country_4458,abstract_1,acc,pre,0.8571428571428571
gpt2-xl,remedi,genie,country_4458,abstract_2,hit,pre,0.0
gpt2-xl,remedi,genie,country_4458,abstract_3,hit,pre,0.0
gpt2-xl,remedi,genie,country_4458,efficacy,success,post,1.0
gpt2-xl,remedi,genie,country_4458,efficacy,diff,post,0.767637011072534
gpt2-xl,remedi,genie,country_4458,efficacy,acc,post,1.0
gpt2-xl,remedi,genie,country_4458,paraphrase_1,success,post,1.0
gpt2-xl,remedi,genie,country_4458,paraphrase_1,diff,post,0.17268540669642105
gpt2-xl,remedi,genie,country_4458,paraphrase_1,acc,post,1.0
gpt2-xl,remedi,genie,country_4458,paraphrase_2,success,post,1.0
gpt2-xl,remedi,genie,country_4458,paraphrase_2,diff,post,0.000666043784580706
gpt2-xl,remedi,genie,country_4458,paraphrase_2,acc,post,0.0
gpt2-xl,remedi,genie,country_4458,paraphrase_3,success,post,1.0
gpt2-xl,remedi,genie,country_4458,paraphrase_3,diff,post,0.7931838697403853
gpt2-xl,remedi,genie,country_4458,paraphrase_3,acc,post,1.0
gpt2-xl,remedi,genie,country_4458,hop_1,success,post,1.0
gpt2-xl,remedi,genie,country_4458,hop_1,diff,post,0.011404513019508946
gpt2-xl,remedi,genie,country_4458,hop_1,acc,post,0.0
gpt2-xl,remedi,genie,country_4458,abstract_1,success,post,1.0
gpt2-xl,remedi,genie,country_4458,abstract_1,diff,post,0.06792820236739627
gpt2-xl,remedi,genie,country_4458,abstract_1,acc,post,0.8571428571428571
gpt2-xl,remedi,genie,country_4458,abstract_2,hit,post,1.0
gpt2-xl,remedi,genie,country_4458,abstract_3,hit,post,1.0
gpt2-xl,remedi,mquake,2640,efficacy,success,pre,0.0
gpt2-xl,remedi,mquake,2640,efficacy,diff,pre,-0.4591030946337174
gpt2-xl,remedi,mquake,2640,efficacy,acc,pre,0.39166666666666666
gpt2-xl,remedi,mquake,2640,single_hop,success,pre,0.0
gpt2-xl,remedi,mquake,2640,single_hop,diff,pre,-0.06389404976630379
gpt2-xl,remedi,mquake,2640,single_hop,acc,pre,0.5583333333333333
gpt2-xl,remedi,mquake,2640,multihop,hit,pre,0.0
gpt2-xl,remedi,mquake,2640,efficacy,success,post,0.0
gpt2-xl,remedi,mquake,2640,efficacy,diff,post,-0.4615186379567993
gpt2-xl,remedi,mquake,2640,efficacy,acc,post,0.39166666666666666
gpt2-xl,remedi,mquake,2640,single_hop,success,post,0.0
gpt2-xl,remedi,mquake,2640,single_hop,diff,post,-0.07738462163367123
gpt2-xl,remedi,mquake,2640,single_hop,acc,post,0.5583333333333333
gpt2-xl,remedi,mquake,2640,multihop,hit,post,0.0
gpt2-xl,remedi,mquake,248,efficacy,success,pre,0.0
gpt2-xl,remedi,mquake,248,efficacy,diff,pre,-0.012447035637208115
gpt2-xl,remedi,mquake,248,efficacy,acc,pre,0.2222222222222222
gpt2-xl,remedi,mquake,248,single_hop,success,pre,0.0
gpt2-xl,remedi,mquake,248,single_hop,diff,pre,-0.012447035637208115
gpt2-xl,remedi,mquake,248,single_hop,acc,pre,0.1111111111111111
gpt2-xl,remedi,mquake,248,multihop,hit,pre,0.0
gpt2-xl,remedi,mquake,248,efficacy,success,post,0.0
gpt2-xl,remedi,mquake,248,efficacy,diff,post,-0.012281705247115275
gpt2-xl,remedi,mquake,248,efficacy,acc,post,0.2222222222222222
gpt2-xl,remedi,mquake,248,single_hop,success,post,0.0
gpt2-xl,remedi,mquake,248,single_hop,diff,post,-0.012281705247115275
gpt2-xl,remedi,mquake,248,single_hop,acc,post,0.1111111111111111
gpt2-xl,remedi,mquake,248,multihop,hit,post,0.0
gpt2-xl,remedi,mquake,2121,efficacy,success,pre,1.0
gpt2-xl,remedi,mquake,2121,efficacy,diff,pre,0.040776061156685306
gpt2-xl,remedi,mquake,2121,efficacy,acc,pre,0.6666666666666666
gpt2-xl,remedi,mquake,2121,single_hop,success,pre,1.0
gpt2-xl,remedi,mquake,2121,single_hop,diff,pre,0.040776061156685306
gpt2-xl,remedi,mquake,2121,single_hop,acc,pre,0.7222222222222222
gpt2-xl,remedi,mquake,2121,multihop,hit,pre,0.0
gpt2-xl,remedi,mquake,2121,efficacy,success,post,1.0
gpt2-xl,remedi,mquake,2121,efficacy,diff,post,0.054270067364223115
gpt2-xl,remedi,mquake,2121,efficacy,acc,post,0.6666666666666666
gpt2-xl,remedi,mquake,2121,single_hop,success,post,1.0
gpt2-xl,remedi,mquake,2121,single_hop,diff,post,0.054270067364223115
gpt2-xl,remedi,mquake,2121,single_hop,acc,post,0.7222222222222222
gpt2-xl,remedi,mquake,2121,multihop,hit,post,0.0
gpt2-xl,remedi,mquake,825,efficacy,success,pre,0.0
gpt2-xl,remedi,mquake,825,efficacy,diff,pre,-0.2943418673995905
gpt2-xl,remedi,mquake,825,efficacy,acc,pre,0.16666666666666666
gpt2-xl,remedi,mquake,825,single_hop,success,pre,0.0
gpt2-xl,remedi,mquake,825,single_hop,diff,pre,-0.2789840940823012
gpt2-xl,remedi,mquake,825,single_hop,acc,pre,0.16666666666666666
gpt2-xl,remedi,mquake,825,multihop,hit,pre,0.0
gpt2-xl,remedi,mquake,825,efficacy,success,post,0.0
gpt2-xl,remedi,mquake,825,efficacy,diff,post,-0.258349995497666
gpt2-xl,remedi,mquake,825,efficacy,acc,post,0.16666666666666666
gpt2-xl,remedi,mquake,825,single_hop,success,post,0.0
gpt2-xl,remedi,mquake,825,single_hop,diff,post,-0.18848428108331844
gpt2-xl,remedi,mquake,825,single_hop,acc,post,0.16666666666666666
gpt2-xl,remedi,mquake,825,multihop,hit,post,0.0
gpt2-xl,remedi,mquake,2014,efficacy,success,pre,0.0
gpt2-xl,remedi,mquake,2014,efficacy,diff,pre,-0.07655971232967555
gpt2-xl,remedi,mquake,2014,efficacy,acc,pre,0.30952380952380953
gpt2-xl,remedi,mquake,2014,single_hop,success,pre,0.0
gpt2-xl,remedi,mquake,2014,single_hop,diff,pre,-0.07837771438379718
gpt2-xl,remedi,mquake,2014,single_hop,acc,pre,0.6168831168831169
gpt2-xl,remedi,mquake,2014,multihop,hit,pre,0.0
gpt2-xl,remedi,mquake,2014,efficacy,success,post,0.0
gpt2-xl,remedi,mquake,2014,efficacy,diff,post,-0.05438792341376387
gpt2-xl,remedi,mquake,2014,efficacy,acc,post,0.30952380952380953
gpt2-xl,remedi,mquake,2014,single_hop,success,post,0.0
gpt2-xl,remedi,mquake,2014,single_hop,diff,post,-0.030384822606110223
gpt2-xl,remedi,mquake,2014,single_hop,acc,post,0.6168831168831169
gpt2-xl,remedi,mquake,2014,multihop,hit,post,0.0
gpt2-xl,remedi,ripple,ripple_popular_row657,efficacy,hit,pre,0.0
gpt2-xl,remedi,ripple,ripple_popular_row657,ripple_relation_specificity,hit,pre,1.0
gpt2-xl,remedi,ripple,ripple_popular_row657,efficacy,hit,post,0.0
gpt2-xl,remedi,ripple,ripple_popular_row657,ripple_relation_specificity,hit,post,1.0
gpt2-xl,remedi,ripple,ripple_popular_row839,efficacy,hit,pre,0.0
gpt2-xl,remedi,ripple,ripple_popular_row839,efficacy,hit,post,0.0
gpt2-xl,remedi,ripple,ripple_popular_row792,efficacy,hit,pre,0.0
gpt2-xl,remedi,ripple,ripple_popular_row792,efficacy,hit,post,0.0
gpt2-xl,remedi,ripple,ripple_popular_row778,efficacy,hit,pre,0.0
gpt2-xl,remedi,ripple,ripple_popular_row778,ripple_logical,hit,pre,0.0
gpt2-xl,remedi,ripple,ripple_popular_row778,ripple_relation_specificity,hit,pre,1.0
gpt2-xl,remedi,ripple,ripple_popular_row778,efficacy,hit,post,0.0
gpt2-xl,remedi,ripple,ripple_popular_row778,ripple_logical,hit,post,0.0
gpt2-xl,remedi,ripple,ripple_popular_row778,ripple_relation_specificity,hit,post,0.5
gpt2-xl,remedi,ripple,ripple_popular_row846,efficacy,hit,pre,0.0
gpt2-xl,remedi,ripple,ripple_popular_row846,ripple_relation_specificity,hit,pre,1.0
gpt2-xl,remedi,ripple,ripple_popular_row846,efficacy,hit,post,0.0
gpt2-xl,remedi,ripple,ripple_popular_row846,ripple_relation_specificity,hit,post,0.5
gpt2-xl,remedi,ripple,ripple_random_row1742,efficacy,hit,pre,0.0
gpt2-xl,remedi,ripple,ripple_random_row1742,efficacy,hit,post,0.0
gpt2-xl,remedi,ripple,ripple_random_row1584,efficacy,hit,pre,0.0
gpt2-xl,remedi,ripple,ripple_random_row1584,efficacy,hit,post,0.0
gpt2-xl,remedi,ripple,ripple_random_row1799,efficacy,hit,pre,0.0
gpt2-xl,remedi,ripple,ripple_random_row1799,efficacy,hit,post,0.0
gpt2-xl,remedi,ripple,ripple_random_row1627,efficacy,hit,pre,0.0
gpt2-xl,remedi,ripple,ripple_random_row1627,efficacy,hit,post,0.0
gpt2-xl,remedi,ripple,ripple_random_row1806,efficacy,hit,pre,0.0
gpt2-xl,remedi,ripple,ripple_random_row1806,efficacy,hit,post,0.0
gpt2-xl,remedi,zsre,zsre_row18114,efficacy,success,pre,1.0
gpt2-xl,remedi,zsre,zsre_row18114,efficacy,diff,pre,0.0013489904607146578
gpt2-xl,remedi,zsre,zsre_row18114,efficacy,acc,pre,0.0
gpt2-xl,remedi,zsre,zsre_row18114,generalisation,success,pre,1.0
gpt2-xl,remedi,zsre,zsre_row18114,generalisation,diff,pre,0.007393608263029027
gpt2-xl,remedi,zsre,zsre_row18114,generalisation,acc,pre,0.5
gpt2-xl,remedi,zsre,zsre_row18114,specificity,success,pre,0.0
gpt2-xl,remedi,zsre,zsre_row18114,specificity,diff,pre,-0.003835267040342944
gpt2-xl,remedi,zsre,zsre_row18114,specificity,acc,pre,0.25
gpt2-xl,remedi,zsre,zsre_row18114,efficacy,success,post,1.0
gpt2-xl,remedi,zsre,zsre_row18114,efficacy,diff,post,0.010297907416136155
gpt2-xl,remedi,zsre,zsre_row18114,efficacy,acc,post,0.5
gpt2-xl,remedi,zsre,zsre_row18114,generalisation,success,post,0.0
gpt2-xl,remedi,zsre,zsre_row18114,generalisation,diff,post,-0.028908082850422692
gpt2-xl,remedi,zsre,zsre_row18114,generalisation,acc,post,0.5
gpt2-xl,remedi,zsre,zsre_row18114,specificity,success,post,0.0
gpt2-xl,remedi,zsre,zsre_row18114,specificity,diff,post,-0.003835267040342944
gpt2-xl,remedi,zsre,zsre_row18114,specificity,acc,post,0.25
gpt2-xl,remedi,zsre,zsre_row10337,efficacy,success,pre,1.0
gpt2-xl,remedi,zsre,zsre_row10337,efficacy,diff,pre,0.008737059411089355
gpt2-xl,remedi,zsre,zsre_row10337,efficacy,acc,pre,0.3333333333333333
gpt2-xl,remedi,zsre,zsre_row10337,generalisation,success,pre,1.0
gpt2-xl,remedi,zsre,zsre_row10337,generalisation,diff,pre,0.0029590640572478514
gpt2-xl,remedi,zsre,zsre_row10337,generalisation,acc,pre,0.3333333333333333
gpt2-xl,remedi,zsre,zsre_row10337,specificity,success,pre,1.0
gpt2-xl,remedi,zsre,zsre_row10337,specificity,diff,pre,0.00013660588108589132
gpt2-xl,remedi,zsre,zsre_row10337,specificity,acc,pre,0.0
gpt2-xl,remedi,zsre,zsre_row10337,efficacy,success,post,0.0
gpt2-xl,remedi,zsre,zsre_row10337,efficacy,diff,post,-0.4066045748555718
gpt2-xl,remedi,zsre,zsre_row10337,efficacy,acc,post,0.3333333333333333
gpt2-xl,remedi,zsre,zsre_row10337,generalisation,success,post,0.0
gpt2-xl,remedi,zsre,zsre_row10337,generalisation,diff,post,-0.5332152759761529
gpt2-xl,remedi,zsre,zsre_row10337,generalisation,acc,post,0.3333333333333333
gpt2-xl,remedi,zsre,zsre_row10337,specificity,success,post,1.0
gpt2-xl,remedi,zsre,zsre_row10337,specificity,diff,post,0.00013660588108589132
gpt2-xl,remedi,zsre,zsre_row10337,specificity,acc,post,0.0
gpt2-xl,remedi,zsre,zsre_row11396,efficacy,success,pre,1.0
gpt2-xl,remedi,zsre,zsre_row11396,efficacy,diff,pre,0.15288347323089016
gpt2-xl,remedi,zsre,zsre_row11396,efficacy,acc,pre,0.6666666666666666
gpt2-xl,remedi,zsre,zsre_row11396,generalisation,success,pre,1.0
gpt2-xl,remedi,zsre,zsre_row11396,generalisation,diff,pre,0.16456620292618865
gpt2-xl,remedi,zsre,zsre_row11396,generalisation,acc,pre,0.6666666666666666
gpt2-xl,remedi,zsre,zsre_row11396,specificity,success,pre,0.0
gpt2-xl,remedi,zsre,zsre_row11396,specificity,diff,pre,-2.9790150548376524e-06
gpt2-xl,remedi,zsre,zsre_row11396,specificity,acc,pre,0.0
gpt2-xl,remedi,zsre,zsre_row11396,efficacy,success,post,1.0
gpt2-xl,remedi,zsre,zsre_row11396,efficacy,diff,post,0.18385395214896888
gpt2-xl,remedi,zsre,zsre_row11396,efficacy,acc,post,0.6666666666666666
gpt2-xl,remedi,zsre,zsre_row11396,generalisation,success,post,1.0
gpt2-xl,remedi,zsre,zsre_row11396,generalisation,diff,post,0.22700592565346742
gpt2-xl,remedi,zsre,zsre_row11396,generalisation,acc,post,0.6666666666666666
gpt2-xl,remedi,zsre,zsre_row11396,specificity,success,post,0.0
gpt2-xl,remedi,zsre,zsre_row11396,specificity,diff,post,-2.9790150548376524e-06
gpt2-xl,remedi,zsre,zsre_row11396,specificity,acc,post,0.0
gpt2-xl,remedi,zsre,zsre_row12562,efficacy,success,pre,1.0
gpt2-xl,remedi,zsre,zsre_row12562,efficacy,diff,pre,0.030931978149728298
gpt2-xl,remedi,zsre,zsre_row12562,efficacy,acc,pre,0.75
gpt2-xl,remedi,zsre,zsre_row12562,generalisation,success,pre,0.0
gpt2-xl,remedi,zsre,zsre_row12562,generalisation,diff,pre,-0.14700302399926818
gpt2-xl,remedi,zsre,zsre_row12562,generalisation,acc,pre,0.75
gpt2-xl,remedi,zsre,zsre_row12562,specificity,success,pre,0.0
gpt2-xl,remedi,zsre,zsre_row12562,specificity,diff,pre,-0.09575036893646345
gpt2-xl,remedi,zsre,zsre_row12562,specificity,acc,pre,0.5897435897435898
gpt2-xl,remedi,zsre,zsre_row12562,efficacy,success,post,0.0
gpt2-xl,remedi,zsre,zsre_row12562,efficacy,diff,post,-0.2076263731479011
gpt2-xl,remedi,zsre,zsre_row12562,efficacy,acc,post,0.75
gpt2-xl,remedi,zsre,zsre_row12562,generalisation,success,post,0.0
gpt2-xl,remedi,zsre,zsre_row12562,generalisation,diff,post,-0.22978198416287232
gpt2-xl,remedi,zsre,zsre_row12562,generalisation,acc,post,0.75
gpt2-xl,remedi,zsre,zsre_row12562,specificity,success,post,0.0
gpt2-xl,remedi,zsre,zsre_row12562,specificity,diff,post,-0.09575036893646345
gpt2-xl,remedi,zsre,zsre_row12562,specificity,acc,post,0.5897435897435898
gpt2-xl,remedi,zsre,zsre_row13330,efficacy,success,pre,1.0
gpt2-xl,remedi,zsre,zsre_row13330,efficacy,diff,pre,0.0011947509600241058
gpt2-xl,remedi,zsre,zsre_row13330,efficacy,acc,pre,0.5
gpt2-xl,remedi,zsre,zsre_row13330,generalisation,success,pre,1.0
gpt2-xl,remedi,zsre,zsre_row13330,generalisation,diff,pre,0.0022326564970318397
gpt2-xl,remedi,zsre,zsre_row13330,generalisation,acc,pre,0.5
gpt2-xl,remedi,zsre,zsre_row13330,specificity,success,pre,0.0
gpt2-xl,remedi,zsre,zsre_row13330,specificity,diff,pre,-0.1027604608026697
gpt2-xl,remedi,zsre,zsre_row13330,specificity,acc,pre,0.5584415584415584
gpt2-xl,remedi,zsre,zsre_row13330,efficacy,success,post,1.0
gpt2-xl,remedi,zsre,zsre_row13330,efficacy,diff,post,0.02469553505835279
gpt2-xl,remedi,zsre,zsre_row13330,efficacy,acc,post,0.5
gpt2-xl,remedi,zsre,zsre_row13330,generalisation,success,post,1.0
gpt2-xl,remedi,zsre,zsre_row13330,generalisation,diff,post,0.0022326564970318397
gpt2-xl,remedi,zsre,zsre_row13330,generalisation,acc,post,0.5
gpt2-xl,remedi,zsre,zsre_row13330,specificity,success,post,0.0
gpt2-xl,remedi,zsre,zsre_row13330,specificity,diff,post,-0.1027604608026697
gpt2-xl,remedi,zsre,zsre_row13330,specificity,acc,post,0.5584415584415584
gpt2-xl,rome,counterfact,11983,efficacy,success,pre,0.0
gpt2-xl,rome,counterfact,11983,efficacy,diff,pre,-0.03565468776027049
gpt2-xl,rome,counterfact,11983,efficacy,acc,pre,0.0
gpt2-xl,rome,counterfact,11983,generalisation,success,pre,0.0
gpt2-xl,rome,counterfact,11983,generalisation,diff,pre,-0.029315199454624997
gpt2-xl,rome,counterfact,11983,generalisation,acc,pre,0.0
gpt2-xl,rome,counterfact,11983,specificity,success,pre,0.1
gpt2-xl,rome,counterfact,11983,specificity,diff,pre,-0.053060422747595745
gpt2-xl,rome,counterfact,11983,specificity,acc,pre,0.1
gpt2-xl,rome,counterfact,11983,target_close_neighbour,success,pre,0.9
gpt2-xl,rome,counterfact,11983,target_close_neighbour,diff,pre,0.08293220752035592
gpt2-xl,rome,counterfact,11983,target_close_neighbour,acc,pre,0.2
gpt2-xl,rome,counterfact,11983,efficacy,success,post,1.0
gpt2-xl,rome,counterfact,11983,efficacy,diff,post,0.9977899195949667
gpt2-xl,rome,counterfact,11983,efficacy,acc,post,1.0
gpt2-xl,rome,counterfact,11983,generalisation,success,post,1.0
gpt2-xl,rome,counterfact,11983,generalisation,diff,post,0.740971004793582
gpt2-xl,rome,counterfact,11983,generalisation,acc,post,1.0
gpt2-xl,rome,counterfact,11983,specificity,success,post,0.2
gpt2-xl,rome,counterfact,11983,specificity,diff,post,-0.05215462438211704
gpt2-xl,rome,counterfact,11983,specificity,acc,post,0.1
gpt2-xl,rome,counterfact,11983,target_close_neighbour,success,post,0.9
gpt2-xl,rome,counterfact,11983,target_close_neighbour,diff,post,0.09798665753112412
gpt2-xl,rome,counterfact,11983,target_close_neighbour,acc,post,0.3
gpt2-xl,rome,counterfact,13602,efficacy,success,pre,0.0
gpt2-xl,rome,counterfact,13602,efficacy,diff,pre,-0.3437196922705103
gpt2-xl,rome,counterfact,13602,efficacy,acc,pre,0.0
gpt2-xl,rome,counterfact,13602,generalisation,success,pre,0.0
gpt2-xl,rome,counterfact,13602,generalisation,diff,pre,-0.22245752272190797
gpt2-xl,rome,counterfact,13602,generalisation,acc,pre,0.0
gpt2-xl,rome,counterfact,13602,specificity,success,pre,0.1
gpt2-xl,rome,counterfact,13602,specificity,diff,pre,-0.06374715831162822
gpt2-xl,rome,counterfact,13602,specificity,acc,pre,0.2
gpt2-xl,rome,counterfact,13602,target_close_neighbour,success,pre,0.2
gpt2-xl,rome,counterfact,13602,target_close_neighbour,diff,pre,-0.03959248573738354
gpt2-xl,rome,counterfact,13602,target_close_neighbour,acc,pre,0.0
gpt2-xl,rome,counterfact,13602,efficacy,success,post,1.0
gpt2-xl,rome,counterfact,13602,efficacy,diff,post,0.98652694442627
gpt2-xl,rome,counterfact,13602,efficacy,acc,post,1.0
gpt2-xl,rome,counterfact,13602,generalisation,success,post,1.0
gpt2-xl,rome,counterfact,13602,generalisation,diff,post,0.3377782077754176
gpt2-xl,rome,counterfact,13602,generalisation,acc,post,0.5
gpt2-xl,rome,counterfact,13602,specificity,success,post,0.1
gpt2-xl,rome,counterfact,13602,specificity,diff,post,-0.06358272585402017
gpt2-xl,rome,counterfact,13602,specificity,acc,post,0.2
gpt2-xl,rome,counterfact,13602,target_close_neighbour,success,post,0.2
gpt2-xl,rome,counterfact,13602,target_close_neighbour,diff,post,-0.03966349776673695
gpt2-xl,rome,counterfact,13602,target_close_neighbour,acc,post,0.0
gpt2-xl,rome,counterfact,15471,efficacy,success,pre,0.0
gpt2-xl,rome,counterfact,15471,efficacy,diff,pre,-0.3657318186141431
gpt2-xl,rome,counterfact,15471,efficacy,acc,pre,0.0
gpt2-xl,rome,counterfact,15471,generalisation,success,pre,0.0
gpt2-xl,rome,counterfact,15471,generalisation,diff,pre,-0.005283081947585409
gpt2-xl,rome,counterfact,15471,generalisation,acc,pre,0.0
gpt2-xl,rome,counterfact,15471,specificity,success,pre,0.2
gpt2-xl,rome,counterfact,15471,specificity,diff,pre,0.005512395232580558
gpt2-xl,rome,counterfact,15471,specificity,acc,pre,0.0
gpt2-xl,rome,counterfact,15471,target_close_neighbour,success,pre,1.0
gpt2-xl,rome,counterfact,15471,target_close_neighbour,diff,pre,0.2552497925216935
gpt2-xl,rome,counterfact,15471,target_close_neighbour,acc,pre,0.3
gpt2-xl,rome,counterfact,15471,efficacy,success,post,1.0
gpt2-xl,rome,counterfact,15471,efficacy,diff,post,0.9925986191236714
gpt2-xl,rome,counterfact,15471,efficacy,acc,post,1.0
gpt2-xl,rome,counterfact,15471,generalisation,success,post,1.0
gpt2-xl,rome,counterfact,15471,generalisation,diff,post,0.022567022154488997
gpt2-xl,rome,counterfact,15471,generalisation,acc,post,0.0
gpt2-xl,rome,counterfact,15471,specificity,success,post,0.3
gpt2-xl,rome,counterfact,15471,specificity,diff,post,0.010017814026371249
gpt2-xl,rome,counterfact,15471,specificity,acc,post,0.0
gpt2-xl,rome,counterfact,15471,target_close_neighbour,success,post,1.0
gpt2-xl,rome,counterfact,15471,target_close_neighbour,diff,post,0.26066731535819593
gpt2-xl,rome,counterfact,15471,target_close_neighbour,acc,post,0.3
gpt2-xl,rome,counterfact,4190,efficacy,success,pre,0.0
gpt2-xl,rome,counterfact,4190,efficacy,diff,pre,-0.0001472357942219095
gpt2-xl,rome,counterfact,4190,efficacy,acc,pre,0.0
gpt2-xl,rome,counterfact,4190,generalisation,success,pre,0.0
gpt2-xl,rome,counterfact,4190,generalisation,diff,pre,-0.0023938588327926747
gpt2-xl,rome,counterfact,4190,generalisation,acc,pre,0.0
gpt2-xl,rome,counterfact,4190,specificity,success,pre,0.2
gpt2-xl,rome,counterfact,4190,specificity,diff,pre,-0.00018885965733546909
gpt2-xl,rome,counterfact,4190,specificity,acc,pre,0.0
gpt2-xl,rome,counterfact,4190,target_close_neighbour,success,pre,0.8
gpt2-xl,rome,counterfact,4190,target_close_neighbour,diff,pre,0.007420845398691353
gpt2-xl,rome,counterfact,4190,target_close_neighbour,acc,pre,0.0
gpt2-xl,rome,counterfact,4190,efficacy,success,post,1.0
gpt2-xl,rome,counterfact,4190,efficacy,diff,post,0.9608434308185376
gpt2-xl,rome,counterfact,4190,efficacy,acc,post,1.0
gpt2-xl,rome,counterfact,4190,generalisation,success,post,1.0
gpt2-xl,rome,counterfact,4190,generalisation,diff,post,0.26667772753687874
gpt2-xl,rome,counterfact,4190,generalisation,acc,post,0.5
gpt2-xl,rome,counterfact,4190,specificity,success,post,0.2
gpt2-xl,rome,counterfact,4190,specificity,diff,post,-0.00018934110931599749
gpt2-xl,rome,counterfact,4190,specificity,acc,post,0.0
gpt2-xl,rome,counterfact,4190,target_close_neighbour,success,post,0.8
gpt2-xl,rome,counterfact,4190,target_close_neighbour,diff,post,0.009011165934315477
gpt2-xl,rome,counterfact,4190,target_close_neighbour,acc,post,0.0
gpt2-xl,rome,counterfact,2414,efficacy,success,pre,0.0
gpt2-xl,rome,counterfact,2414,efficacy,diff,pre,-1.0947702925309163e-06
gpt2-xl,rome,counterfact,2414,efficacy,acc,pre,0.0
gpt2-xl,rome,counterfact,2414,generalisation,success,pre,0.0
gpt2-xl,rome,counterfact,2414,generalisation,diff,pre,-0.00018400724620467088
gpt2-xl,rome,counterfact,2414,generalisation,acc,pre,0.0
gpt2-xl,rome,counterfact,2414,specificity,success,pre,0.7
gpt2-xl,rome,counterfact,2414,specificity,diff,pre,0.00016071127775825418
gpt2-xl,rome,counterfact,2414,specificity,acc,pre,0.0
gpt2-xl,rome,counterfact,2414,target_close_neighbour,success,pre,0.9
gpt2-xl,rome,counterfact,2414,target_close_neighbour,diff,pre,0.00022327334298635678
gpt2-xl,rome,counterfact,2414,target_close_neighbour,acc,pre,0.0
gpt2-xl,rome,counterfact,2414,efficacy,success,post,1.0
gpt2-xl,rome,counterfact,2414,efficacy,diff,post,0.9864813677137766
gpt2-xl,rome,counterfact,2414,efficacy,acc,post,1.0
gpt2-xl,rome,counterfact,2414,generalisation,success,post,1.0
gpt2-xl,rome,counterfact,2414,generalisation,diff,post,0.46440812253139185
gpt2-xl,rome,counterfact,2414,generalisation,acc,post,0.5
gpt2-xl,rome,counterfact,2414,specificity,success,post,0.7
gpt2-xl,rome,counterfact,2414,specificity,diff,post,0.00017860838913009476
gpt2-xl,rome,counterfact,2414,specificity,acc,post,0.0
gpt2-xl,rome,counterfact,2414,target_close_neighbour,success,post,0.9
gpt2-xl,rome,counterfact,2414,target_close_neighbour,diff,post,0.00024213086740507107
gpt2-xl,rome,counterfact,2414,target_close_neighbour,acc,post,0.0
gpt2-xl,rome,genie,screenwriter_825,efficacy,success,pre,1.0
gpt2-xl,rome,genie,screenwriter_825,efficacy,diff,pre,0.15862127193183684
gpt2-xl,rome,genie,screenwriter_825,efficacy,acc,pre,0.75
gpt2-xl,rome,genie,screenwriter_825,paraphrase_1,success,pre,1.0
gpt2-xl,rome,genie,screenwriter_825,paraphrase_1,diff,pre,0.14202286119522917
gpt2-xl,rome,genie,screenwriter_825,paraphrase_1,acc,pre,0.75
gpt2-xl,rome,genie,screenwriter_825,paraphrase_2,success,pre,1.0
gpt2-xl,rome,genie,screenwriter_825,paraphrase_2,diff,pre,0.2037114227103598
gpt2-xl,rome,genie,screenwriter_825,paraphrase_2,acc,pre,0.75
gpt2-xl,rome,genie,screenwriter_825,paraphrase_3,success,pre,1.0
gpt2-xl,rome,genie,screenwriter_825,paraphrase_3,diff,pre,0.1507151492873296
gpt2-xl,rome,genie,screenwriter_825,paraphrase_3,acc,pre,0.75
gpt2-xl,rome,genie,screenwriter_825,hop_1,success,pre,1.0
gpt2-xl,rome,genie,screenwriter_825,hop_1,diff,pre,0.02688643249896003
gpt2-xl,rome,genie,screenwriter_825,hop_1,acc,pre,0.6
gpt2-xl,rome,genie,screenwriter_825,hop_2,success,pre,0.0
gpt2-xl,rome,genie,screenwriter_825,hop_2,diff,pre,-0.0030083054411368486
gpt2-xl,rome,genie,screenwriter_825,hop_2,acc,pre,0.0
gpt2-xl,rome,genie,screenwriter_825,hop_3,success,pre,0.0
gpt2-xl,rome,genie,screenwriter_825,hop_3,diff,pre,-0.22710440596671497
gpt2-xl,rome,genie,screenwriter_825,hop_3,acc,pre,0.0
gpt2-xl,rome,genie,screenwriter_825,abstract_2,hit,pre,0.0
gpt2-xl,rome,genie,screenwriter_825,abstract_3,hit,pre,0.0
gpt2-xl,rome,genie,screenwriter_825,efficacy,success,post,1.0
gpt2-xl,rome,genie,screenwriter_825,efficacy,diff,post,0.999493383368807
gpt2-xl,rome,genie,screenwriter_825,efficacy,acc,post,1.0
gpt2-xl,rome,genie,screenwriter_825,paraphrase_1,success,post,1.0
gpt2-xl,rome,genie,screenwriter_825,paraphrase_1,diff,post,0.2196434953853748
gpt2-xl,rome,genie,screenwriter_825,paraphrase_1,acc,post,0.75
gpt2-xl,rome,genie,screenwriter_825,paraphrase_2,success,post,1.0
gpt2-xl,rome,genie,screenwriter_825,paraphrase_2,diff,post,0.5108122015387992
gpt2-xl,rome,genie,screenwriter_825,paraphrase_2,acc,post,0.75
gpt2-xl,rome,genie,screenwriter_825,paraphrase_3,success,post,1.0
gpt2-xl,rome,genie,screenwriter_825,paraphrase_3,diff,post,0.5762103303584
gpt2-xl,rome,genie,screenwriter_825,paraphrase_3,acc,post,1.0
gpt2-xl,rome,genie,screenwriter_825,hop_1,success,post,1.0
gpt2-xl,rome,genie,screenwriter_825,hop_1,diff,post,0.027270856687311357
gpt2-xl,rome,genie,screenwriter_825,hop_1,acc,post,0.6
gpt2-xl,rome,genie,screenwriter_825,hop_2,success,post,0.0
gpt2-xl,rome,genie,screenwriter_825,hop_2,diff,post,-0.016565193970708804
gpt2-xl,rome,genie,screenwriter_825,hop_2,acc,post,0.0
gpt2-xl,rome,genie,screenwriter_825,hop_3,success,post,0.0
gpt2-xl,rome,genie,screenwriter_825,hop_3,diff,post,-0.3049685220598019
gpt2-xl,rome,genie,screenwriter_825,hop_3,acc,post,0.0
gpt2-xl,rome,genie,screenwriter_825,abstract_2,hit,post,0.0
gpt2-xl,rome,genie,screenwriter_825,abstract_3,hit,post,0.0
gpt2-xl,rome,genie,award_received_772,efficacy,success,pre,0.0
gpt2-xl,rome,genie,award_received_772,efficacy,diff,pre,-0.0915440721858099
gpt2-xl,rome,genie,award_received_772,efficacy,acc,pre,0.36363636363636365
gpt2-xl,rome,genie,award_received_772,paraphrase_1,success,pre,0.0
gpt2-xl,rome,genie,award_received_772,paraphrase_1,diff,pre,-0.12699074134649113
gpt2-xl,rome,genie,award_received_772,paraphrase_1,acc,pre,0.36363636363636365
gpt2-xl,rome,genie,award_received_772,paraphrase_2,success,pre,0.0
gpt2-xl,rome,genie,award_received_772,paraphrase_2,diff,pre,-0.11130852277683467
gpt2-xl,rome,genie,award_received_772,paraphrase_2,acc,pre,0.36363636363636365
gpt2-xl,rome,genie,award_received_772,paraphrase_3,success,pre,0.0
gpt2-xl,rome,genie,award_received_772,paraphrase_3,diff,pre,-0.025087317372576228
gpt2-xl,rome,genie,award_received_772,paraphrase_3,acc,pre,0.36363636363636365
gpt2-xl,rome,genie,award_received_772,abstract_2,hit,pre,0.0
gpt2-xl,rome,genie,award_received_772,abstract_3,hit,pre,0.0
gpt2-xl,rome,genie,award_received_772,efficacy,success,post,1.0
gpt2-xl,rome,genie,award_received_772,efficacy,diff,post,0.980689471490121
gpt2-xl,rome,genie,award_received_772,efficacy,acc,post,1.0
gpt2-xl,rome,genie,award_received_772,paraphrase_1,success,post,1.0
gpt2-xl,rome,genie,award_received_772,paraphrase_1,diff,post,0.3762261776053073
gpt2-xl,rome,genie,award_received_772,paraphrase_1,acc,post,0.9090909090909091
gpt2-xl,rome,genie,award_received_772,paraphrase_2,success,post,1.0
gpt2-xl,rome,genie,award_received_772,paraphrase_2,diff,post,0.7422391957351936
gpt2-xl,rome,genie,award_received_772,paraphrase_2,acc,post,0.9090909090909091
gpt2-xl,rome,genie,award_received_772,paraphrase_3,success,post,1.0
gpt2-xl,rome,genie,award_received_772,paraphrase_3,diff,post,0.5865794454112518
gpt2-xl,rome,genie,award_received_772,paraphrase_3,acc,post,0.9090909090909091
gpt2-xl,rome,genie,award_received_772,abstract_2,hit,post,0.0
gpt2-xl,rome,genie,award_received_772,abstract_3,hit,post,0.0
gpt2-xl,rome,genie,screenwriter_548,efficacy,success,pre,1.0
gpt2-xl,rome,genie,screenwriter_548,efficacy,diff,pre,0.09758109056603412
gpt2-xl,rome,genie,screenwriter_548,efficacy,acc,pre,0.8
gpt2-xl,rome,genie,screenwriter_548,paraphrase_1,success,pre,1.0
gpt2-xl,rome,genie,screenwriter_548,paraphrase_1,diff,pre,0.17352857149907774
gpt2-xl,rome,genie,screenwriter_548,paraphrase_1,acc,pre,0.8
gpt2-xl,rome,genie,screenwriter_548,paraphrase_2,success,pre,1.0
gpt2-xl,rome,genie,screenwriter_548,paraphrase_2,diff,pre,0.10840090627139014
gpt2-xl,rome,genie,screenwriter_548,paraphrase_2,acc,pre,0.8
gpt2-xl,rome,genie,screenwriter_548,paraphrase_3,success,pre,1.0
gpt2-xl,rome,genie,screenwriter_548,paraphrase_3,diff,pre,0.10632744766863479
gpt2-xl,rome,genie,screenwriter_548,paraphrase_3,acc,pre,0.8
gpt2-xl,rome,genie,screenwriter_548,hop_1,success,pre,0.0
gpt2-xl,rome,genie,screenwriter_548,hop_1,diff,pre,-0.026761068536952842
gpt2-xl,rome,genie,screenwriter_548,hop_1,acc,pre,0.6666666666666666
gpt2-xl,rome,genie,screenwriter_548,abstract_2,hit,pre,0.0
gpt2-xl,rome,genie,screenwriter_548,abstract_3,hit,pre,0.0
gpt2-xl,rome,genie,screenwriter_548,efficacy,success,post,1.0
gpt2-xl,rome,genie,screenwriter_548,efficacy,diff,post,0.9995940960777883
gpt2-xl,rome,genie,screenwriter_548,efficacy,acc,post,1.0
gpt2-xl,rome,genie,screenwriter_548,paraphrase_1,success,post,1.0
gpt2-xl,rome,genie,screenwriter_548,paraphrase_1,diff,post,0.6143565545805445
gpt2-xl,rome,genie,screenwriter_548,paraphrase_1,acc,post,1.0
gpt2-xl,rome,genie,screenwriter_548,paraphrase_2,success,post,1.0
gpt2-xl,rome,genie,screenwriter_548,paraphrase_2,diff,post,0.586613767527752
gpt2-xl,rome,genie,screenwriter_548,paraphrase_2,acc,post,0.8
gpt2-xl,rome,genie,screenwriter_548,paraphrase_3,success,post,1.0
gpt2-xl,rome,genie,screenwriter_548,paraphrase_3,diff,post,0.6330413879507445
gpt2-xl,rome,genie,screenwriter_548,paraphrase_3,acc,post,0.8
gpt2-xl,rome,genie,screenwriter_548,hop_1,success,post,0.0
gpt2-xl,rome,genie,screenwriter_548,hop_1,diff,post,-0.002069953533523265
gpt2-xl,rome,genie,screenwriter_548,hop_1,acc,post,0.6666666666666666
gpt2-xl,rome,genie,screenwriter_548,abstract_2,hit,post,0.0
gpt2-xl,rome,genie,screenwriter_548,abstract_3,hit,post,0.0
gpt2-xl,rome,genie,production_company_3693,efficacy,success,pre,0.0
gpt2-xl,rome,genie,production_company_3693,efficacy,diff,pre,-0.3313691690595645
gpt2-xl,rome,genie,production_company_3693,efficacy,acc,pre,0.5
gpt2-xl,rome,genie,production_company_3693,paraphrase_1,success,pre,0.0
gpt2-xl,rome,genie,production_company_3693,paraphrase_1,diff,pre,-0.5579323852964133
gpt2-xl,rome,genie,production_company_3693,paraphrase_1,acc,pre,0.5
gpt2-xl,rome,genie,production_company_3693,paraphrase_2,success,pre,0.0
gpt2-xl,rome,genie,production_company_3693,paraphrase_2,diff,pre,-0.6140169586084842
gpt2-xl,rome,genie,production_company_3693,paraphrase_2,acc,pre,0.5
gpt2-xl,rome,genie,production_company_3693,paraphrase_3,success,pre,0.0
gpt2-xl,rome,genie,production_company_3693,paraphrase_3,diff,pre,-0.3269490654011746
gpt2-xl,rome,genie,production_company_3693,paraphrase_3,acc,pre,0.5
gpt2-xl,rome,genie,production_company_3693,hop_1,success,pre,1.0
gpt2-xl,rome,genie,production_company_3693,hop_1,diff,pre,0.04642005859204189
gpt2-xl,rome,genie,production_company_3693,hop_1,acc,pre,0.6666666666666666
gpt2-xl,rome,genie,production_company_3693,abstract_1,success,pre,0.0
gpt2-xl,rome,genie,production_company_3693,abstract_1,diff,pre,-0.5861042247276075
gpt2-xl,rome,genie,production_company_3693,abstract_1,acc,pre,0.0
gpt2-xl,rome,genie,production_company_3693,abstract_2,hit,pre,0.0
gpt2-xl,rome,genie,production_company_3693,abstract_3,hit,pre,0.0
gpt2-xl,rome,genie,production_company_3693,efficacy,success,post,1.0
gpt2-xl,rome,genie,production_company_3693,efficacy,diff,post,0.9936190209737419
gpt2-xl,rome,genie,production_company_3693,efficacy,acc,post,1.0
gpt2-xl,rome,genie,production_company_3693,paraphrase_1,success,post,1.0
gpt2-xl,rome,genie,production_company_3693,paraphrase_1,diff,post,0.26912035722514727
gpt2-xl,rome,genie,production_company_3693,paraphrase_1,acc,post,1.0
gpt2-xl,rome,genie,production_company_3693,paraphrase_2,success,post,1.0
gpt2-xl,rome,genie,production_company_3693,paraphrase_2,diff,post,0.2053921374584535
gpt2-xl,rome,genie,production_company_3693,paraphrase_2,acc,post,0.5
gpt2-xl,rome,genie,production_company_3693,paraphrase_3,success,post,1.0
gpt2-xl,rome,genie,production_company_3693,paraphrase_3,diff,post,0.501838315881622
gpt2-xl,rome,genie,production_company_3693,paraphrase_3,acc,post,1.0
gpt2-xl,rome,genie,production_company_3693,hop_1,success,post,1.0
gpt2-xl,rome,genie,production_company_3693,hop_1,diff,post,0.020823196242357758
gpt2-xl,rome,genie,production_company_3693,hop_1,acc,post,0.6666666666666666
gpt2-xl,rome,genie,production_company_3693,abstract_1,success,post,0.0
gpt2-xl,rome,genie,production_company_3693,abstract_1,diff,post,-0.5352508544957221
gpt2-xl,rome,genie,production_company_3693,abstract_1,acc,post,0.0
gpt2-xl,rome,genie,production_company_3693,abstract_2,hit,post,0.0
gpt2-xl,rome,genie,production_company_3693,abstract_3,hit,post,0.0
gpt2-xl,rome,genie,country_4458,efficacy,success,pre,0.0
gpt2-xl,rome,genie,country_4458,efficacy,diff,pre,-0.08263569845357104
gpt2-xl,rome,genie,country_4458,efficacy,acc,pre,0.0
gpt2-xl,rome,genie,country_4458,paraphrase_1,success,pre,0.0
gpt2-xl,rome,genie,country_4458,paraphrase_1,diff,pre,-0.37027552436866545
gpt2-xl,rome,genie,country_4458,paraphrase_1,acc,pre,0.0
gpt2-xl,rome,genie,country_4458,paraphrase_2,success,pre,0.0
gpt2-xl,rome,genie,country_4458,paraphrase_2,diff,pre,-0.00010580268843964793
gpt2-xl,rome,genie,country_4458,paraphrase_2,acc,pre,0.0
gpt2-xl,rome,genie,country_4458,paraphrase_3,success,pre,0.0
gpt2-xl,rome,genie,country_4458,paraphrase_3,diff,pre,-0.3106928678897986
gpt2-xl,rome,genie,country_4458,paraphrase_3,acc,pre,0.0
gpt2-xl,rome,genie,country_4458,hop_1,success,pre,0.0
gpt2-xl,rome,genie,country_4458,hop_1,diff,pre,-0.009106210820703913
gpt2-xl,rome,genie,country_4458,hop_1,acc,pre,0.0
gpt2-xl,rome,genie,country_4458,abstract_1,success,pre,1.0
gpt2-xl,rome,genie,country_4458,abstract_1,diff,pre,0.04655074861691155
gpt2-xl,rome,genie,country_4458,abstract_1,acc,pre,0.8571428571428571
gpt2-xl,rome,genie,country_4458,abstract_2,hit,pre,0.0
gpt2-xl,rome,genie,country_4458,abstract_3,hit,pre,0.0
gpt2-xl,rome,genie,country_4458,efficacy,success,post,1.0
gpt2-xl,rome,genie,country_4458,efficacy,diff,post,0.9978689661181018
gpt2-xl,rome,genie,country_4458,efficacy,acc,post,1.0
gpt2-xl,rome,genie,country_4458,paraphrase_1,success,post,0.0
gpt2-xl,rome,genie,country_4458,paraphrase_1,diff,post,-0.46554100965067824
gpt2-xl,rome,genie,country_4458,paraphrase_1,acc,post,0.0
gpt2-xl,rome,genie,country_4458,paraphrase_2,success,post,0.0
gpt2-xl,rome,genie,country_4458,paraphrase_2,diff,post,-0.001337498587141181
gpt2-xl,rome,genie,country_4458,paraphrase_2,acc,post,0.0
gpt2-xl,rome,genie,country_4458,paraphrase_3,success,post,0.0
gpt2-xl,rome,genie,country_4458,paraphrase_3,diff,post,-0.4919617043249947
gpt2-xl,rome,genie,country_4458,paraphrase_3,acc,post,0.0
gpt2-xl,rome,genie,country_4458,hop_1,success,post,0.0
gpt2-xl,rome,genie,country_4458,hop_1,diff,post,-0.008640153588451467
gpt2-xl,rome,genie,country_4458,hop_1,acc,post,0.0
gpt2-xl,rome,genie,country_4458,abstract_1,success,post,1.0
gpt2-xl,rome,genie,country_4458,abstract_1,diff,post,0.022824376315233874
gpt2-xl,rome,genie,country_4458,abstract_1,acc,post,0.8571428571428571
gpt2-xl,rome,genie,country_4458,abstract_2,hit,post,0.0
gpt2-xl,rome,genie,country_4458,abstract_3,hit,post,0.0
gpt2-xl,rome,mquake,2640,efficacy,success,pre,0.0
gpt2-xl,rome,mquake,2640,efficacy,diff,pre,-0.4591030946337174
gpt2-xl,rome,mquake,2640,efficacy,acc,pre,0.39166666666666666
gpt2-xl,rome,mquake,2640,single_hop,success,pre,0.0
gpt2-xl,rome,mquake,2640,single_hop,diff,pre,-0.06389404976630379
gpt2-xl,rome,mquake,2640,single_hop,acc,pre,0.5583333333333333
gpt2-xl,rome,mquake,2640,multihop,hit,pre,0.0
gpt2-xl,rome,mquake,2640,efficacy,success,post,1.0
gpt2-xl,rome,mquake,2640,efficacy,diff,post,0.9376938068727402
gpt2-xl,rome,mquake,2640,efficacy,acc,post,1.0
gpt2-xl,rome,mquake,2640,single_hop,success,post,1.0
gpt2-xl,rome,mquake,2640,single_hop,diff,post,0.9778752485375062
gpt2-xl,rome,mquake,2640,single_hop,acc,post,1.0
gpt2-xl,rome,mquake,2640,multihop,hit,post,0.0
gpt2-xl,rome,mquake,248,efficacy,success,pre,0.0
gpt2-xl,rome,mquake,248,efficacy,diff,pre,-0.012447035637208115
gpt2-xl,rome,mquake,248,efficacy,acc,pre,0.2222222222222222
gpt2-xl,rome,mquake,248,single_hop,success,pre,0.0
gpt2-xl,rome,mquake,248,single_hop,diff,pre,-0.012447035637208115
gpt2-xl,rome,mquake,248,single_hop,acc,pre,0.1111111111111111
gpt2-xl,rome,mquake,248,multihop,hit,pre,0.0
gpt2-xl,rome,mquake,248,efficacy,success,post,1.0
gpt2-xl,rome,mquake,248,efficacy,diff,post,0.4704296661712872
gpt2-xl,rome,mquake,248,efficacy,acc,post,0.8888888888888888
gpt2-xl,rome,mquake,248,single_hop,success,post,1.0
gpt2-xl,rome,mquake,248,single_hop,diff,post,0.4704296661712872
gpt2-xl,rome,mquake,248,single_hop,acc,post,0.4444444444444444
gpt2-xl,rome,mquake,248,multihop,hit,post,0.0
gpt2-xl,rome,mquake,2121,efficacy,success,pre,1.0
gpt2-xl,rome,mquake,2121,efficacy,diff,pre,0.040776061156685306
gpt2-xl,rome,mquake,2121,efficacy,acc,pre,0.6666666666666666
gpt2-xl,rome,mquake,2121,single_hop,success,pre,1.0
gpt2-xl,rome,mquake,2121,single_hop,diff,pre,0.040776061156685306
gpt2-xl,rome,mquake,2121,single_hop,acc,pre,0.7222222222222222
gpt2-xl,rome,mquake,2121,multihop,hit,pre,0.0
gpt2-xl,rome,mquake,2121,efficacy,success,post,1.0
gpt2-xl,rome,mquake,2121,efficacy,diff,post,0.6631985734496282
gpt2-xl,rome,mquake,2121,efficacy,acc,post,1.0
gpt2-xl,rome,mquake,2121,single_hop,success,post,1.0
gpt2-xl,rome,mquake,2121,single_hop,diff,post,0.6631985734496282
gpt2-xl,rome,mquake,2121,single_hop,acc,post,0.8333333333333334
gpt2-xl,rome,mquake,2121,multihop,hit,post,0.0
gpt2-xl,rome,mquake,825,efficacy,success,pre,0.0
gpt2-xl,rome,mquake,825,efficacy,diff,pre,-0.2943418673995905
gpt2-xl,rome,mquake,825,efficacy,acc,pre,0.16666666666666666
gpt2-xl,rome,mquake,825,single_hop,success,pre,0.0
gpt2-xl,rome,mquake,825,single_hop,diff,pre,-0.2789840940823012
gpt2-xl,rome,mquake,825,single_hop,acc,pre,0.16666666666666666
gpt2-xl,rome,mquake,825,multihop,hit,pre,0.0
gpt2-xl,rome,mquake,825,efficacy,success,post,1.0
gpt2-xl,rome,mquake,825,efficacy,diff,post,0.8566505599962391
gpt2-xl,rome,mquake,825,efficacy,acc,post,1.0
gpt2-xl,rome,mquake,825,single_hop,success,post,1.0
gpt2-xl,rome,mquake,825,single_hop,diff,post,0.8074477798852994
gpt2-xl,rome,mquake,825,single_hop,acc,post,1.0
gpt2-xl,rome,mquake,825,multihop,hit,post,0.0
gpt2-xl,rome,mquake,2014,efficacy,success,pre,0.0
gpt2-xl,rome,mquake,2014,efficacy,diff,pre,-0.07655971232967555
gpt2-xl,rome,mquake,2014,efficacy,acc,pre,0.30952380952380953
gpt2-xl,rome,mquake,2014,single_hop,success,pre,0.0
gpt2-xl,rome,mquake,2014,single_hop,diff,pre,-0.07837771438379718
gpt2-xl,rome,mquake,2014,single_hop,acc,pre,0.6168831168831169
gpt2-xl,rome,mquake,2014,multihop,hit,pre,0.0
gpt2-xl,rome,mquake,2014,efficacy,success,post,1.0
gpt2-xl,rome,mquake,2014,efficacy,diff,post,0.7891984336820053
gpt2-xl,rome,mquake,2014,efficacy,acc,post,0.9047619047619048
gpt2-xl,rome,mquake,2014,single_hop,success,post,1.0
gpt2-xl,rome,mquake,2014,single_hop,diff,post,0.41025596315020746
gpt2-xl,rome,mquake,2014,single_hop,acc,post,0.9523809523809524
gpt2-xl,rome,mquake,2014,multihop,hit,post,0.0
gpt2-xl,rome,ripple,ripple_popular_row657,efficacy,hit,pre,0.0
gpt2-xl,rome,ripple,ripple_popular_row657,ripple_relation_specificity,hit,pre,1.0
gpt2-xl,rome,ripple,ripple_popular_row657,efficacy,hit,post,1.0
gpt2-xl,rome,ripple,ripple_popular_row657,ripple_relation_specificity,hit,post,1.0
gpt2-xl,rome,ripple,ripple_popular_row839,efficacy,hit,pre,0.0
gpt2-xl,rome,ripple,ripple_popular_row839,efficacy,hit,post,1.0
gpt2-xl,rome,ripple,ripple_popular_row792,efficacy,hit,pre,0.0
gpt2-xl,rome,ripple,ripple_popular_row792,efficacy,hit,post,1.0
gpt2-xl,rome,ripple,ripple_popular_row778,efficacy,hit,pre,0.0
gpt2-xl,rome,ripple,ripple_popular_row778,ripple_logical,hit,pre,0.0
gpt2-xl,rome,ripple,ripple_popular_row778,ripple_relation_specificity,hit,pre,1.0
gpt2-xl,rome,ripple,ripple_popular_row778,efficacy,hit,post,1.0
gpt2-xl,rome,ripple,ripple_popular_row778,ripple_logical,hit,post,0.0
gpt2-xl,rome,ripple,ripple_popular_row778,ripple_relation_specificity,hit,post,0.0
gpt2-xl,rome,ripple,ripple_popular_row846,efficacy,hit,pre,0.0
gpt2-xl,rome,ripple,ripple_popular_row846,ripple_relation_specificity,hit,pre,1.0
gpt2-xl,rome,ripple,ripple_popular_row846,efficacy,hit,post,1.0
gpt2-xl,rome,ripple,ripple_popular_row846,ripple_relation_specificity,hit,post,1.0
gpt2-xl,rome,ripple,ripple_random_row1742,efficacy,hit,pre,0.0
gpt2-xl,rome,ripple,ripple_random_row1742,efficacy,hit,post,1.0
gpt2-xl,rome,ripple,ripple_random_row1584,efficacy,hit,pre,0.0
gpt2-xl,rome,ripple,ripple_random_row1584,efficacy,hit,post,1.0
gpt2-xl,rome,ripple,ripple_random_row1799,efficacy,hit,pre,0.0
gpt2-xl,rome,ripple,ripple_random_row1799,efficacy,hit,post,1.0
gpt2-xl,rome,ripple,ripple_random_row1627,efficacy,hit,pre,0.0
gpt2-xl,rome,ripple,ripple_random_row1627,efficacy,hit,post,1.0
gpt2-xl,rome,ripple,ripple_random_row1806,efficacy,hit,pre,0.0
gpt2-xl,rome,ripple,ripple_random_row1806,efficacy,hit,post,1.0
gpt2-xl,rome,zsre,zsre_row18114,efficacy,success,pre,1.0
gpt2-xl,rome,zsre,zsre_row18114,efficacy,diff,pre,0.0013489904607146578
gpt2-xl,rome,zsre,zsre_row18114,efficacy,acc,pre,0.0
gpt2-xl,rome,zsre,zsre_row18114,generalisation,success,pre,1.0
gpt2-xl,rome,zsre,zsre_row18114,generalisation,diff,pre,0.007393608263029027
gpt2-xl,rome,zsre,zsre_row18114,generalisation,acc,pre,0.5
gpt2-xl,rome,zsre,zsre_row18114,specificity,success,pre,0.0
gpt2-xl,rome,zsre,zsre_row18114,specificity,diff,pre,-0.003835267040342944
gpt2-xl,rome,zsre,zsre_row18114,specificity,acc,pre,0.25
gpt2-xl,rome,zsre,zsre_row18114,efficacy,success,post,1.0
gpt2-xl,rome,zsre,zsre_row18114,efficacy,diff,post,0.9975298570295336
gpt2-xl,rome,zsre,zsre_row18114,efficacy,acc,post,1.0
gpt2-xl,rome,zsre,zsre_row18114,generalisation,success,post,1.0
gpt2-xl,rome,zsre,zsre_row18114,generalisation,diff,post,0.019846399682521103
gpt2-xl,rome,zsre,zsre_row18114,generalisation,acc,post,0.5
gpt2-xl,rome,zsre,zsre_row18114,specificity,success,post,0.0
gpt2-xl,rome,zsre,zsre_row18114,specificity,diff,post,-0.003942109193454018
gpt2-xl,rome,zsre,zsre_row18114,specificity,acc,post,0.25
gpt2-xl,rome,zsre,zsre_row10337,efficacy,success,pre,1.0
gpt2-xl,rome,zsre,zsre_row10337,efficacy,diff,pre,0.008737059411089355
gpt2-xl,rome,zsre,zsre_row10337,efficacy,acc,pre,0.3333333333333333
gpt2-xl,rome,zsre,zsre_row10337,generalisation,success,pre,1.0
gpt2-xl,rome,zsre,zsre_row10337,generalisation,diff,pre,0.0029590640572478514
gpt2-xl,rome,zsre,zsre_row10337,generalisation,acc,pre,0.3333333333333333
gpt2-xl,rome,zsre,zsre_row10337,specificity,success,pre,1.0
gpt2-xl,rome,zsre,zsre_row10337,specificity,diff,pre,0.00013660588108589132
gpt2-xl,rome,zsre,zsre_row10337,specificity,acc,pre,0.0
gpt2-xl,rome,zsre,zsre_row10337,efficacy,success,post,1.0
gpt2-xl,rome,zsre,zsre_row10337,efficacy,diff,post,0.9757894255972015
gpt2-xl,rome,zsre,zsre_row10337,efficacy,acc,post,1.0
gpt2-xl,rome,zsre,zsre_row10337,generalisation,success,post,1.0
gpt2-xl,rome,zsre,zsre_row10337,generalisation,diff,post,0.9111710575278743
gpt2-xl,rome,zsre,zsre_row10337,generalisation,acc,post,1.0
gpt2-xl,rome,zsre,zsre_row10337,specificity,success,post,1.0
gpt2-xl,rome,zsre,zsre_row10337,specificity,diff,post,0.00013036603753216396
gpt2-xl,rome,zsre,zsre_row10337,specificity,acc,post,0.0
gpt2-xl,rome,zsre,zsre_row11396,efficacy,success,pre,1.0
gpt2-xl,rome,zsre,zsre_row11396,efficacy,diff,pre,0.15288347323089016
gpt2-xl,rome,zsre,zsre_row11396,efficacy,acc,pre,0.6666666666666666
gpt2-xl,rome,zsre,zsre_row11396,generalisation,success,pre,1.0
gpt2-xl,rome,zsre,zsre_row11396,generalisation,diff,pre,0.16456620292618865
gpt2-xl,rome,zsre,zsre_row11396,generalisation,acc,pre,0.6666666666666666
gpt2-xl,rome,zsre,zsre_row11396,specificity,success,pre,0.0
gpt2-xl,rome,zsre,zsre_row11396,specificity,diff,pre,-2.9790150548376524e-06
gpt2-xl,rome,zsre,zsre_row11396,specificity,acc,pre,0.0
gpt2-xl,rome,zsre,zsre_row11396,efficacy,success,post,1.0
gpt2-xl,rome,zsre,zsre_row11396,efficacy,diff,post,0.9970447976635072
gpt2-xl,rome,zsre,zsre_row11396,efficacy,acc,post,1.0
gpt2-xl,rome,zsre,zsre_row11396,generalisation,success,post,1.0
gpt2-xl,rome,zsre,zsre_row11396,generalisation,diff,post,0.9946760397311322
gpt2-xl,rome,zsre,zsre_row11396,generalisation,acc,post,1.0
gpt2-xl,rome,zsre,zsre_row11396,specificity,success,post,1.0
gpt2-xl,rome,zsre,zsre_row11396,specificity,diff,post,2.925265092132629e-05
gpt2-xl,rome,zsre,zsre_row11396,specificity,acc,post,0.0
gpt2-xl,rome,zsre,zsre_row12562,efficacy,success,pre,1.0
gpt2-xl,rome,zsre,zsre_row12562,efficacy,diff,pre,0.030931978149728298
gpt2-xl,rome,zsre,zsre_row12562,efficacy,acc,pre,0.75
gpt2-xl,rome,zsre,zsre_row12562,generalisation,success,pre,0.0
gpt2-xl,rome,zsre,zsre_row12562,generalisation,diff,pre,-0.14700302399926818
gpt2-xl,rome,zsre,zsre_row12562,generalisation,acc,pre,0.75
gpt2-xl,rome,zsre,zsre_row12562,specificity,success,pre,0.0
gpt2-xl,rome,zsre,zsre_row12562,specificity,diff,pre,-0.09575036893646345
gpt2-xl,rome,zsre,zsre_row12562,specificity,acc,pre,0.5897435897435898
gpt2-xl,rome,zsre,zsre_row12562,efficacy,success,post,1.0
gpt2-xl,rome,zsre,zsre_row12562,efficacy,diff,post,0.9136926348917698
gpt2-xl,rome,zsre,zsre_row12562,efficacy,acc,post,1.0
gpt2-xl,rome,zsre,zsre_row12562,generalisation,success,post,0.0
gpt2-xl,rome,zsre,zsre_row12562,generalisation,diff,post,-0.10137562270955364
gpt2-xl,rome,zsre,zsre_row12562,generalisation,acc,post,0.75
gpt2-xl,rome,zsre,zsre_row12562,specificity,success,post,0.0
gpt2-xl,rome,zsre,zsre_row12562,specificity,diff,post,-0.09594458912887781
gpt2-xl,rome,zsre,zsre_row12562,specificity,acc,post,0.5897435897435898
gpt2-xl,rome,zsre,zsre_row13330,efficacy,success,pre,1.0
gpt2-xl,rome,zsre,zsre_row13330,efficacy,diff,pre,0.0011947509600241058
gpt2-xl,rome,zsre,zsre_row13330,efficacy,acc,pre,0.5
gpt2-xl,rome,zsre,zsre_row13330,generalisation,success,pre,1.0
gpt2-xl,rome,zsre,zsre_row13330,generalisation,diff,pre,0.0022326564970318397
gpt2-xl,rome,zsre,zsre_row13330,generalisation,acc,pre,0.5
gpt2-xl,rome,zsre,zsre_row13330,specificity,success,pre,0.0
gpt2-xl,rome,zsre,zsre_row13330,specificity,diff,pre,-0.1027604608026697
gpt2-xl,rome,zsre,zsre_row13330,specificity,acc,pre,0.5584415584415584
gpt2-xl,rome,zsre,zsre_row13330,efficacy,success,post,1.0
gpt2-xl,rome,zsre,zsre_row13330,efficacy,diff,post,0.998095761457148
gpt2-xl,rome,zsre,zsre_row13330,efficacy,acc,post,1.0
gpt2-xl,rome,zsre,zsre_row13330,generalisation,success,post,1.0
gpt2-xl,rome,zsre,zsre_row13330,generalisation,diff,post,0.005926020943610134
gpt2-xl,rome,zsre,zsre_row13330,generalisation,acc,post,0.5
gpt2-xl,rome,zsre,zsre_row13330,specificity,success,post,0.0
gpt2-xl,rome,zsre,zsre_row13330,specificity,diff,post,-0.10259362182790176
gpt2-xl,rome,zsre,zsre_row13330,specificity,acc,post,0.5584415584415584
llama3-8b,alphaedit,counterfact,11983,efficacy,success,pre,0.0
llama3-8b,alphaedit,counterfact,11983,efficacy,diff,pre,-0.38056965488359984
llama3-8b,alphaedit,counterfact,11983,efficacy,acc,pre,0.0
llama3-8b,alphaedit,counterfact,11983,generalisation,success,pre,0.0
llama3-8b,alphaedit,counterfact,11983,generalisation,diff,pre,-0.30867411079036156
llama3-8b,alphaedit,counterfact,11983,generalisation,acc,pre,0.0
llama3-8b,alphaedit,counterfact,11983,specificity,success,pre,0.0
llama3-8b,alphaedit,counterfact,11983,specificity,diff,pre,-0.20202618826206736
llama3-8b,alphaedit,counterfact,11983,specificity,acc,pre,0.4
llama3-8b,alphaedit,counterfact,11983,target_close_neighbour,success,pre,1.0
llama3-8b,alphaedit,counterfact,11983,target_close_neighbour,diff,pre,0.4026577043117934
llama3-8b,alphaedit,counterfact,11983,target_close_neighbour,acc,pre,0.7
llama3-8b,alphaedit,counterfact,11983,efficacy,success,post,1.0
llama3-8b,alphaedit,counterfact,11983,efficacy,diff,post,0.8771922811758714
llama3-8b,alphaedit,counterfact,11983,efficacy,acc,post,1.0
llama3-8b,alphaedit,counterfact,11983,generalisation,success,post,1.0
llama3-8b,alphaedit,counterfact,11983,generalisation,diff,post,0.44734898577104854
llama3-8b,alphaedit,counterfact,11983,generalisation,acc,post,1.0
llama3-8b,alphaedit,counterfact,11983,specificity,success,post,0.1
llama3-8b,alphaedit,counterfact,11983,specificity,diff,post,-0.20984232293760535
llama3-8b,alphaedit,counterfact,11983,specificity,acc,post,0.4
llama3-8b,alphaedit,counterfact,11983,target_close_neighbour,success,post,1.0
llama3-8b,alphaedit,counterfact,11983,target_close_neighbour,diff,post,0.4364119203788501
llama3-8b,alphaedit,counterfact,11983,target_close_neighbour,acc,post,0.9
llama3-8b,alphaedit,counterfact,13602,efficacy,success,pre,0.0
llama3-8b,alphaedit,counterfact,13602,efficacy,diff,pre,-0.6155288905521212
llama3-8b,alphaedit,counterfact,13602,efficacy,acc,pre,0.0
llama3-8b,alphaedit,counterfact,13602,generalisation,success,pre,0.0
llama3-8b,alphaedit,counterfact,13602,generalisation,diff,pre,-0.41263120812886195
llama3-8b,alphaedit,counterfact,13602,generalisation,acc,pre,0.0
llama3-8b,alphaedit,counterfact,13602,specificity,success,pre,0.0
llama3-8b,alphaedit,counterfact,13602,specificity,diff,pre,-0.12217465330431618
llama3-8b,alphaedit,counterfact,13602,specificity,acc,pre,0.3
llama3-8b,alphaedit,counterfact,13602,target_close_neighbour,success,pre,0.6
llama3-8b,alphaedit,counterfact,13602,target_close_neighbour,diff,pre,0.005842643490883396
llama3-8b,alphaedit,counterfact,13602,target_close_neighbour,acc,pre,0.0
llama3-8b,alphaedit,counterfact,13602,efficacy,success,post,1.0
llama3-8b,alphaedit,counterfact,13602,efficacy,diff,post,0.9886387279331216
llama3-8b,alphaedit,counterfact,13602,efficacy,acc,post,1.0
llama3-8b,alphaedit,counterfact,13602,generalisation,success,post,1.0
llama3-8b,alphaedit,counterfact,13602,generalisation,diff,post,0.40861904511966585
llama3-8b,alphaedit,counterfact,13602,generalisation,acc,post,0.5
llama3-8b,alphaedit,counterfact,13602,specificity,success,post,0.0
llama3-8b,alphaedit,counterfact,13602,specificity,diff,post,-0.12079078359130924
llama3-8b,alphaedit,counterfact,13602,specificity,acc,post,0.3
llama3-8b,alphaedit,counterfact,13602,target_close_neighbour,success,post,0.6
llama3-8b,alphaedit,counterfact,13602,target_close_neighbour,diff,post,0.0064895468857276845
llama3-8b,alphaedit,counterfact,13602,target_close_neighbour,acc,post,0.0
llama3-8b,alphaedit,counterfact,15471,efficacy,success,pre,0.0
llama3-8b,alphaedit,counterfact,15471,efficacy,diff,pre,-0.6669175157751096
llama3-8b,alphaedit,counterfact,15471,efficacy,acc,pre,0.0
llama3-8b,alphaedit,counterfact,15471,generalisation,success,pre,0.0
llama3-8b,alphaedit,counterfact,15471,generalisation,diff,pre,-0.06229730567816152
llama3-8b,alphaedit,counterfact,15471,generalisation,acc,pre,0.0
llama3-8b,alphaedit,counterfact,15471,specificity,success,pre,0.0
llama3-8b,alphaedit,counterfact,15471,specificity,diff,pre,-0.1807563395595974
llama3-8b,alphaedit,counterfact,15471,specificity,acc,pre,0.1
llama3-8b,alphaedit,counterfact,15471,target_close_neighbour,success,pre,1.0
llama3-8b,alphaedit,counterfact,15471,target_close_neighbour,diff,pre,0.3055848213424487
llama3-8b,alphaedit,counterfact,15471,target_close_neighbour,acc,pre,0.3
llama3-8b,alphaedit,counterfact,15471,efficacy,success,post,1.0
llama3-8b,alphaedit,counterfact,15471,efficacy,diff,post,0.9466345227270666
llama3-8b,alphaedit,counterfact,15471,efficacy,acc,post,1.0
llama3-8b,alphaedit,counterfact,15471,generalisation,success,post,1.0
llama3-8b,alphaedit,counterfact,15471,generalisation,diff,post,0.0076589350139140725
llama3-8b,alphaedit,counterfact,15471,generalisation,acc,post,0.0
llama3-8b,alphaedit,counterfact,15471,specificity,success,post,0.0
llama3-8b,alphaedit,counterfact,15471,specificity,diff,post,-0.1415340426763962
llama3-8b,alphaedit,counterfact,15471,specificity,acc,post,0.1
llama3-8b,alphaedit,counterfact,15471,target_close_neighbour,success,post,1.0
llama3-8b,alphaedit,counterfact,15471,target_close_neighbour,diff,post,0.30618166260130203
llama3-8b,alphaedit,counterfact,15471,target_close_neighbour,acc,post,0.3
llama3-8b,alphaedit,counterfact,4190,efficacy,success,pre,0.0
llama3-8b,alphaedit,counterfact,4190,efficacy,diff,pre,-0.00022705900092201566
llama3-8b,alphaedit,counterfact,4190,efficacy,acc,pre,0.0
llama3-8b,alphaedit,counterfact,4190,generalisation,success,pre,0.0
llama3-8b,alphaedit,counterfact,4190,generalisation,diff,pre,-0.007124696624437538
llama3-8b,alphaedit,counterfact,4190,generalisation,acc,pre,0.0
llama3-8b,alphaedit,counterfact,4190,specificity,success,pre,0.2
llama3-8b,alphaedit,counterfact,4190,specificity,diff,pre,-0.012983911497050823
llama3-8b,alphaedit,counterfact,4190,specificity,acc,pre,0.0
llama3-8b,alphaedit,counterfact,4190,target_close_neighbour,success,pre,0.8
llama3-8b,alphaedit,counterfact,4190,target_close_neighbour,diff,pre,0.017374404549024988
llama3-8b,alphaedit,counterfact,4190,target_close_neighbour,acc,pre,0.0
llama3-8b,alphaedit,counterfact,4190,efficacy,success,post,1.0
llama3-8b,alphaedit,counterfact,4190,efficacy,diff,post,0.9993266871255923
llama3-8b,alphaedit,counterfact,4190,efficacy,acc,post,1.0
llama3-8b,alphaedit,counterfact,4190,generalisation,success,post,0.0
llama3-8b,alphaedit,counterfact,4190,generalisation,diff,post,-0.0294726972313326
llama3-8b,alphaedit,counterfact,4190,generalisation,acc,post,0.0
llama3-8b,alphaedit,counterfact,4190,specificity,success,post,0.2
llama3-8b,alphaedit,counterfact,4190,specificity,diff,post,-0.013781194625134299
llama3-8b,alphaedit,counterfact,4190,specificity,acc,post,0.0
llama3-8b,alphaedit,counterfact,4190,target_close_neighbour,success,post,0.8
llama3-8b,alphaedit,counterfact,4190,target_close_neighbour,diff,post,0.017778089441647778
llama3-8b,alphaedit,counterfact,4190,target_close_neighbour,acc,post,0.0
llama3-8b,alphaedit,counterfact,2414,efficacy,success,pre,0.0
llama3-8b,alphaedit,counterfact,2414,efficacy,diff,pre,-4.509402744198303e-05
llama3-8b,alphaedit,counterfact,2414,efficacy,acc,pre,0.0
llama3-8b,alphaedit,counterfact,2414,generalisation,success,pre,0.0
llama3-8b,alphaedit,counterfact,2414,generalisation,diff,pre,-0.0004828513395791846
llama3-8b,alphaedit,counterfact,2414,generalisation,acc,pre,0.0
llama3-8b,alphaedit,counterfact,2414,specificity,success,pre,0.0
llama3-8b,alphaedit,counterfact,2414,specificity,diff,pre,-0.001684303366971816
llama3-8b,alphaedit,counterfact,2414,specificity,acc,pre,0.0
llama3-8b,alphaedit,counterfact,2414,target_close_neighbour,success,pre,1.0
llama3-8b,alphaedit,counterfact,2414,target_close_neighbour,diff,pre,0.0013511752216636053
llama3-8b,alphaedit,counterfact,2414,target_close_neighbour,acc,pre,0.0
llama3-8b,alphaedit,counterfact,2414,efficacy,success,post,1.0
llama3-8b,alphaedit,counterfact,2414,efficacy,diff,post,0.9958276751278978
llama3-8b,alphaedit,counterfact,2414,efficacy,acc,post,1.0
llama3-8b,alphaedit,counterfact,2414,generalisation,success,post,0.0
llama3-8b,alphaedit,counterfact,2414,generalisation,diff,post,-0.0007532449178205913
llama3-8b,alphaedit,counterfact,2414,generalisation,acc,post,0.0
llama3-8b,alphaedit,counterfact,2414,specificity,success,post,0.0
llama3-8b,alphaedit,counterfact,2414,specificity,diff,post,-0.002049744735263162
llama3-8b,alphaedit,counterfact,2414,specificity,acc,post,0.0
llama3-8b,alphaedit,counterfact,2414,target_close_neighbour,success,post,1.0
llama3-8b,alphaedit,counterfact,2414,target_close_neighbour,diff,post,0.0013585831997753929
llama3-8b,alphaedit,counterfact,2414,target_close_neighbour,acc,post,0.0
llama3-8b,alphaedit,genie,narrative_location_456,efficacy,success,pre,0.0
llama3-8b,alphaedit,genie,narrative_location_456,efficacy,diff,pre,-0.08049360607663233
llama3-8b,alphaedit,genie,narrative_location_456,efficacy,acc,pre,0.3333333333333333
llama3-8b,alphaedit,genie,narrative_location_456,paraphrase_1,success,pre,0.0
llama3-8b,alphaedit,genie,narrative_location_456,paraphrase_1,diff,pre,-0.15969041131720813
llama3-8b,alphaedit,genie,narrative_location_456,paraphrase_1,acc,pre,0.5
llama3-8b,alphaedit,genie,narrative_location_456,paraphrase_2,success,pre,0.0
llama3-8b,alphaedit,genie,narrative_location_456,paraphrase_2,diff,pre,-0.1375444092252735
llama3-8b,alphaedit,genie,narrative_location_456,paraphrase_2,acc,pre,0.3333333333333333
llama3-8b,alphaedit,genie,narrative_location_456,paraphrase_3,success,pre,1.0
llama3-8b,alphaedit,genie,narrative_location_456,paraphrase_3,diff,pre,0.014269455807106191
llama3-8b,alphaedit,genie,narrative_location_456,paraphrase_3,acc,pre,0.3333333333333333
llama3-8b,alphaedit,genie,narrative_location_456,abstract_1,success,pre,1.0
llama3-8b,alphaedit,genie,narrative_location_456,abstract_1,diff,pre,0.005625066259197897
llama3-8b,alphaedit,genie,narrative_location_456,abstract_1,acc,pre,1.0
llama3-8b,alphaedit,genie,narrative_location_456,abstract_2,hit,pre,0.0
llama3-8b,alphaedit,genie,narrative_location_456,abstract_3,hit,pre,0.0
llama3-8b,alphaedit,genie,narrative_location_456,efficacy,success,post,1.0
llama3-8b,alphaedit,genie,narrative_location_456,efficacy,diff,post,0.9942483902480292
llama3-8b,alphaedit,genie,narrative_location_456,efficacy,acc,post,1.0
llama3-8b,alphaedit,genie,narrative_location_456,paraphrase_1,success,post,1.0
llama3-8b,alphaedit,genie,narrative_location_456,paraphrase_1,diff,post,0.9681616663514174
llama3-8b,alphaedit,genie,narrative_location_456,paraphrase_1,acc,post,1.0
llama3-8b,alphaedit,genie,narrative_location_456,paraphrase_2,success,post,1.0
llama3-8b,alphaedit,genie,narrative_location_456,paraphrase_2,diff,post,0.9702547171173105
llama3-8b,alphaedit,genie,narrative_location_456,paraphrase_2,acc,post,1.0
llama3-8b,alphaedit,genie,narrative_location_456,paraphrase_3,success,post,1.0
llama3-8b,alphaedit,genie,narrative_location_456,paraphrase_3,diff,post,0.9544740102337622
llama3-8b,alphaedit,genie,narrative_location_456,paraphrase_3,acc,post,1.0
llama3-8b,alphaedit,genie,narrative_location_456,abstract_1,success,post,0.0
llama3-8b,alphaedit,genie,narrative_location_456,abstract_1,diff,post,-0.0038109150485131082
llama3-8b,alphaedit,genie,narrative_location_456,abstract_1,acc,post,1.0
llama3-8b,alphaedit,genie,narrative_location_456,abstract_2,hit,post,1.0
llama3-8b,alphaedit,genie,narrative_location_456,abstract_3,hit,post,0.0
llama3-8b,alphaedit,genie,composer_4080,efficacy,success,pre,0.0
llama3-8b,alphaedit,genie,composer_4080,efficacy,diff,pre,-0.4007431940153939
llama3-8b,alphaedit,genie,composer_4080,efficacy,acc,pre,0.75
llama3-8b,alphaedit,genie,composer_4080,paraphrase_1,success,pre,0.0
llama3-8b,alphaedit,genie,composer_4080,paraphrase_1,diff,pre,-0.4439451228419754
llama3-8b,alphaedit,genie,composer_4080,paraphrase_1,acc,pre,0.75
llama3-8b,alphaedit,genie,composer_4080,paraphrase_2,success,pre,0.0
llama3-8b,alphaedit,genie,composer_4080,paraphrase_2,diff,pre,-0.6234903774266172
llama3-8b,alphaedit,genie,composer_4080,paraphrase_2,acc,pre,0.75
llama3-8b,alphaedit,genie,composer_4080,paraphrase_3,success,pre,0.0
llama3-8b,alphaedit,genie,composer_4080,paraphrase_3,diff,pre,-0.5726322610621903
llama3-8b,alphaedit,genie,composer_4080,paraphrase_3,acc,pre,0.75
llama3-8b,alphaedit,genie,composer_4080,abstract_1,success,pre,0.0
llama3-8b,alphaedit,genie,composer_4080,abstract_1,diff,pre,-0.2069999968667866
llama3-8b,alphaedit,genie,composer_4080,abstract_1,acc,pre,0.7142857142857143
llama3-8b,alphaedit,genie,composer_4080,abstract_2,hit,pre,0.0
llama3-8b,alphaedit,genie,composer_4080,abstract_3,hit,pre,0.0
llama3-8b,alphaedit,genie,composer_4080,efficacy,success,post,1.0
llama3-8b,alphaedit,genie,composer_4080,efficacy,diff,post,0.9955189730996669
llama3-8b,alphaedit,genie,composer_4080,efficacy,acc,post,1.0
llama3-8b,alphaedit,genie,composer_4080,paraphrase_1,success,post,1.0
llama3-8b,alphaedit,genie,composer_4080,paraphrase_1,diff,post,0.751684355568525
llama3-8b,alphaedit,genie,composer_4080,paraphrase_1,acc,post,1.0
llama3-8b,alphaedit,genie,composer_4080,paraphrase_2,success,post,1.0
llama3-8b,alphaedit,genie,composer_4080,paraphrase_2,diff,post,0.7026023715092536
llama3-8b,alphaedit,genie,composer_4080,paraphrase_2,acc,post,1.0
llama3-8b,alphaedit,genie,composer_4080,paraphrase_3,success,post,1.0
llama3-8b,alphaedit,genie,composer_4080,paraphrase_3,diff,post,0.9412235713513938
llama3-8b,alphaedit,genie,composer_4080,paraphrase_3,acc,post,1.0
llama3-8b,alphaedit,genie,composer_4080,abstract_1,success,post,0.0
llama3-8b,alphaedit,genie,composer_4080,abstract_1,diff,post,-0.21648117196324101
llama3-8b,alphaedit,genie,composer_4080,abstract_1,acc,post,0.7142857142857143
llama3-8b,alphaedit,genie,composer_4080,abstract_2,hit,post,0.0
llama3-8b,alphaedit,genie,composer_4080,abstract_3,hit,post,1.0
llama3-8b,alphaedit,genie,continent_5352,efficacy,success,pre,0.0
llama3-8b,alphaedit,genie,continent_5352,efficacy,diff,pre,-0.4872784388068407
llama3-8b,alphaedit,genie,continent_5352,efficacy,acc,pre,0.0
llama3-8b,alphaedit,genie,continent_5352,paraphrase_1,success,pre,0.0
llama3-8b,alphaedit,genie,continent_5352,paraphrase_1,diff,pre,-0.01330095428986822
llama3-8b,alphaedit,genie,continent_5352,paraphrase_1,acc,pre,0.0
llama3-8b,alphaedit,genie,continent_5352,paraphrase_2,success,pre,0.0
llama3-8b,alphaedit,genie,continent_5352,paraphrase_2,diff,pre,-0.5043399439706028
llama3-8b,alphaedit,genie,continent_5352,paraphrase_2,acc,pre,0.0
llama3-8b,alphaedit,genie,continent_5352,paraphrase_3,success,pre,0.0
llama3-8b,alphaedit,genie,continent_5352,paraphrase_3,diff,pre,-0.46093523760613775
llama3-8b,alphaedit,genie,continent_5352,paraphrase_3,acc,pre,0.0
llama3-8b,alphaedit,genie,continent_5352,abstract_1,success,pre,0.0
llama3-8b,alphaedit,genie,continent_5352,abstract_1,diff,pre,-0.08533904596058145
llama3-8b,alphaedit,genie,continent_5352,abstract_1,acc,pre,0.0
llama3-8b,alphaedit,genie,continent_5352,abstract_3,hit,pre,0.0
llama3-8b,alphaedit,genie,continent_5352,efficacy,success,post,1.0
llama3-8b,alphaedit,genie,continent_5352,efficacy,diff,post,0.9928652067837662
llama3-8b,alphaedit,genie,continent_5352,efficacy,acc,post,1.0
llama3-8b,alphaedit,genie,continent_5352,paraphrase_1,success,post,0.0
llama3-8b,alphaedit,genie,continent_5352,paraphrase_1,diff,post,-0.024523463183471143
llama3-8b,alphaedit,genie,continent_5352,paraphrase_1,acc,post,0.0
llama3-8b,alphaedit,genie,continent_5352,paraphrase_2,success,post,0.0
llama3-8b,alphaedit,genie,continent_5352,paraphrase_2,diff,post,-0.40271237317605635
llama3-8b,alphaedit,genie,continent_5352,paraphrase_2,acc,post,0.0
llama3-8b,alphaedit,genie,continent_5352,paraphrase_3,success,post,0.0
llama3-8b,alphaedit,genie,continent_5352,paraphrase_3,diff,post,-0.3358878227254933
llama3-8b,alphaedit,genie,continent_5352,paraphrase_3,acc,post,0.0
llama3-8b,alphaedit,genie,continent_5352,abstract_1,success,post,0.0
llama3-8b,alphaedit,genie,continent_5352,abstract_1,diff,post,-0.04997533664080342
llama3-8b,alphaedit,genie,continent_5352,abstract_1,acc,post,0.0
llama3-8b,alphaedit,genie,continent_5352,abstract_3,hit,post,0.0
llama3-8b,alphaedit,genie,composer_5053,efficacy,success,pre,0.0
llama3-8b,alphaedit,genie,composer_5053,efficacy,diff,pre,-0.6262752690472206
llama3-8b,alphaedit,genie,composer_5053,efficacy,acc,pre,0.6
llama3-8b,alphaedit,genie,composer_5053,paraphrase_1,success,pre,0.0
llama3-8b,alphaedit,genie,composer_5053,paraphrase_1,diff,pre,-0.7735601474700613
llama3-8b,alphaedit,genie,composer_5053,paraphrase_1,acc,pre,0.6
llama3-8b,alphaedit,genie,composer_5053,paraphrase_2,success,pre,0.0
llama3-8b,alphaedit,genie,composer_5053,paraphrase_2,diff,pre,-0.8395712227903709
llama3-8b,alphaedit,genie,composer_5053,paraphrase_2,acc,pre,0.6
llama3-8b,alphaedit,genie,composer_5053,paraphrase_3,success,pre,0.0
llama3-8b,alphaedit,genie,composer_5053,paraphrase_3,diff,pre,-0.6745106715201599
llama3-8b,alphaedit,genie,composer_5053,paraphrase_3,acc,pre,0.6
llama3-8b,alphaedit,genie,composer_5053,hop_1,success,pre,0.0
llama3-8b,alphaedit,genie,composer_5053,hop_1,diff,pre,-0.016315730675403005
llama3-8b,alphaedit,genie,composer_5053,hop_1,acc,pre,0.3333333333333333
llama3-8b,alphaedit,genie,composer_5053,abstract_1,success,pre,1.0
llama3-8b,alphaedit,genie,composer_5053,abstract_1,diff,pre,0.17073434639683638
llama3-8b,alphaedit,genie,composer_5053,abstract_1,acc,pre,1.0
llama3-8b,alphaedit,genie,composer_5053,abstract_2,hit,pre,0.0
llama3-8b,alphaedit,genie,composer_5053,abstract_3,hit,pre,0.0
llama3-8b,alphaedit,genie,composer_5053,efficacy,success,post,1.0
llama3-8b,alphaedit,genie,composer_5053,efficacy,diff,post,0.9379750853965519
llama3-8b,alphaedit,genie,composer_5053,efficacy,acc,post,1.0
llama3-8b,alphaedit,genie,composer_5053,paraphrase_1,success,post,0.0
llama3-8b,alphaedit,genie,composer_5053,paraphrase_1,diff,post,-0.02644244039489818
llama3-8b,alphaedit,genie,composer_5053,paraphrase_1,acc,post,0.8
llama3-8b,alphaedit,genie,composer_5053,paraphrase_2,success,post,0.0
llama3-8b,alphaedit,genie,composer_5053,paraphrase_2,diff,post,-0.07106780967325588
llama3-8b,alphaedit,genie,composer_5053,paraphrase_2,acc,post,0.8
llama3-8b,alphaedit,genie,composer_5053,paraphrase_3,success,post,1.0
llama3-8b,alphaedit,genie,composer_5053,paraphrase_3,diff,post,0.3747277116326172
llama3-8b,alphaedit,genie,composer_5053,paraphrase_3,acc,post,1.0
llama3-8b,alphaedit,genie,composer_5053,hop_1,success,post,1.0
llama3-8b,alphaedit,genie,composer_5053,hop_1,diff,post,0.05148807494099627
llama3-8b,alphaedit,genie,composer_5053,hop_1,acc,post,0.3333333333333333
llama3-8b,alphaedit,genie,composer_5053,abstract_1,success,post,1.0
llama3-8b,alphaedit,genie,composer_5053,abstract_1,diff,post,0.16175845936033972
llama3-8b,alphaedit,genie,composer_5053,abstract_1,acc,post,1.0
llama3-8b,alphaedit,genie,composer_5053,abstract_2,hit,post,0.0
llama3-8b,alphaedit,genie,composer_5053,abstract_3,hit,post,1.0
llama3-8b,alphaedit,genie,production_company_5845,efficacy,success,pre,1.0
llama3-8b,alphaedit,genie,production_company_5845,efficacy,diff,pre,0.00450089816100217
llama3-8b,alphaedit,genie,production_company_5845,efficacy,acc,pre,0.25
llama3-8b,alphaedit,genie,production_company_5845,paraphrase_1,success,pre,0.0
llama3-8b,alphaedit,genie,production_company_5845,paraphrase_1,diff,pre,-0.06637984662674981
llama3-8b,alphaedit,genie,production_company_5845,paraphrase_1,acc,pre,0.5
llama3-8b,alphaedit,genie,production_company_5845,paraphrase_2,success,pre,1.0
llama3-8b,alphaedit,genie,production_company_5845,paraphrase_2,diff,pre,0.02353977454782048
llama3-8b,alphaedit,genie,production_company_5845,paraphrase_2,acc,pre,0.5
llama3-8b,alphaedit,genie,production_company_5845,paraphrase_3,success,pre,1.0
llama3-8b,alphaedit,genie,production_company_5845,paraphrase_3,diff,pre,0.009470323305398848
llama3-8b,alphaedit,genie,production_company_5845,paraphrase_3,acc,pre,0.5
llama3-8b,alphaedit,genie,production_company_5845,abstract_2,hit,pre,0.0
llama3-8b,alphaedit,genie,production_company_5845,abstract_3,hit,pre,0.0
llama3-8b,alphaedit,genie,production_company_5845,efficacy,success,post,1.0
llama3-8b,alphaedit,genie,production_company_5845,efficacy,diff,post,0.7109982505143148
llama3-8b,alphaedit,genie,production_company_5845,efficacy,acc,post,1.0
llama3-8b,alphaedit,genie,production_company_5845,paraphrase_1,success,post,0.0
llama3-8b,alphaedit,genie,production_company_5845,paraphrase_1,diff,post,-0.024732524017950966
llama3-8b,alphaedit,genie,production_company_5845,paraphrase_1,acc,post,0.5
llama3-8b,alphaedit,genie,production_company_5845,paraphrase_2,success,post,1.0
llama3-8b,alphaedit,genie,production_company_5845,paraphrase_2,diff,post,0.031134707038945546
llama3-8b,alphaedit,genie,production_company_5845,paraphrase_2,acc,post,0.5
llama3-8b,alphaedit,genie,production_company_5845,paraphrase_3,success,post,1.0
llama3-8b,alphaedit,genie,production_company_5845,paraphrase_3,diff,post,0.019598650617089396
llama3-8b,alphaedit,genie,production_company_5845,paraphrase_3,acc,post,0.5
llama3-8b,alphaedit,genie,production_company_5845,abstract_2,hit,post,0.0
llama3-8b,alphaedit,genie,production_company_5845,abstract_3,hit,post,0.0
llama3-8b,alphaedit,mquake,2640,efficacy,success,pre,0.0
llama3-8b,alphaedit,mquake,2640,efficacy,diff,pre,-0.6316223117314133
llama3-8b,alphaedit,mquake,2640,efficacy,acc,pre,0.44166666666666665
llama3-8b,alphaedit,mquake,2640,single_hop,success,pre,0.0
llama3-8b,alphaedit,mquake,2640,single_hop,diff,pre,-0.37190057609253696
llama3-8b,alphaedit,mquake,2640,single_hop,acc,pre,0.6083333333333333
llama3-8b,alphaedit,mquake,2640,multihop,hit,pre,0.0
llama3-8b,alphaedit,mquake,2640,efficacy,success,post,0.5
llama3-8b,alphaedit,mquake,2640,efficacy,diff,post,0.15288313757139832
llama3-8b,alphaedit,mquake,2640,efficacy,acc,post,0.875
llama3-8b,alphaedit,mquake,2640,single_hop,success,post,1.0
llama3-8b,alphaedit,mquake,2640,single_hop,diff,post,0.7075523274882748
llama3-8b,alphaedit,mquake,2640,single_hop,acc,post,0.875
llama3-8b,alphaedit,mquake,2640,multihop,hit,post,0.0
llama3-8b,alphaedit,mquake,248,efficacy,success,pre,0.0
llama3-8b,alphaedit,mquake,248,efficacy,diff,pre,-0.24774936000060668
llama3-8b,alphaedit,mquake,248,efficacy,acc,pre,0.5555555555555556
llama3-8b,alphaedit,mquake,248,single_hop,success,pre,0.0
llama3-8b,alphaedit,mquake,248,single_hop,diff,pre,-0.5130771561580336
llama3-8b,alphaedit,mquake,248,single_hop,acc,pre,0.2777777777777778
llama3-8b,alphaedit,mquake,248,multihop,hit,pre,0.0
llama3-8b,alphaedit,mquake,248,efficacy,success,post,1.0
llama3-8b,alphaedit,mquake,248,efficacy,diff,post,0.9821155508102646
llama3-8b,alphaedit,mquake,248,efficacy,acc,post,1.0
llama3-8b,alphaedit,mquake,248,single_hop,success,post,1.0
llama3-8b,alphaedit,mquake,248,single_hop,diff,post,0.8478786998526324
llama3-8b,alphaedit,mquake,248,single_hop,acc,post,0.5
llama3-8b,alphaedit,mquake,248,multihop,hit,post,0.3333333333333333
llama3-8b,alphaedit,mquake,2121,efficacy,success,pre,0.0
llama3-8b,alphaedit,mquake,2121,efficacy,diff,pre,-0.8967147485639164
llama3-8b,alphaedit,mquake,2121,efficacy,acc,pre,0.5714285714285714
llama3-8b,alphaedit,mquake,2121,single_hop,success,pre,0.0
llama3-8b,alphaedit,mquake,2121,single_hop,diff,pre,-0.863439277800544
llama3-8b,alphaedit,mquake,2121,single_hop,acc,pre,0.8666666666666667
llama3-8b,alphaedit,mquake,2121,multihop,hit,pre,0.0
llama3-8b,alphaedit,mquake,2121,efficacy,success,post,1.0
llama3-8b,alphaedit,mquake,2121,efficacy,diff,post,0.4762083980949793
llama3-8b,alphaedit,mquake,2121,efficacy,acc,post,0.8571428571428571
llama3-8b,alphaedit,mquake,2121,single_hop,success,post,1.0
llama3-8b,alphaedit,mquake,2121,single_hop,diff,post,0.4762083980949793
llama3-8b,alphaedit,mquake,2121,single_hop,acc,post,0.9523809523809524
llama3-8b,alphaedit,mquake,2121,multihop,hit,post,0.0
llama3-8b,alphaedit,mquake,825,efficacy,success,pre,0.0
llama3-8b,alphaedit,mquake,825,efficacy,diff,pre,-0.7982558410463397
llama3-8b,alphaedit,mquake,825,efficacy,acc,pre,0.16666666666666666
llama3-8b,alphaedit,mquake,825,single_hop,success,pre,0.0
llama3-8b,alphaedit,mquake,825,single_hop,diff,pre,-0.9148615265718338
llama3-8b,alphaedit,mquake,825,single_hop,acc,pre,0.16666666666666666
llama3-8b,alphaedit,mquake,825,multihop,hit,pre,0.0
llama3-8b,alphaedit,mquake,825,efficacy,success,post,1.0
llama3-8b,alphaedit,mquake,825,efficacy,diff,post,0.5865734397186755
llama3-8b,alphaedit,mquake,825,efficacy,acc,post,1.0
llama3-8b,alphaedit,mquake,825,single_hop,success,post,1.0
llama3-8b,alphaedit,mquake,825,single_hop,diff,post,0.5443946145345847
llama3-8b,alphaedit,mquake,825,single_hop,acc,post,1.0
llama3-8b,alphaedit,mquake,825,multihop,hit,post,0.0
llama3-8b,alphaedit,mquake,2014,efficacy,success,pre,0.0
llama3-8b,alphaedit,mquake,2014,efficacy,diff,pre,-0.28405728879259157
llama3-8b,alphaedit,mquake,2014,efficacy,acc,pre,0.30952380952380953
llama3-8b,alphaedit,mquake,2014,single_hop,success,pre,0.0
llama3-8b,alphaedit,mquake,2014,single_hop,diff,pre,-0.31048232770598333
llama3-8b,alphaedit,mquake,2014,single_hop,acc,pre,0.5873015873015873
llama3-8b,alphaedit,mquake,2014,multihop,hit,pre,0.0
llama3-8b,alphaedit,mquake,2014,efficacy,success,post,0.6666666666666666
llama3-8b,alphaedit,mquake,2014,efficacy,diff,post,0.13958525457297397
llama3-8b,alphaedit,mquake,2014,efficacy,acc,post,0.4047619047619048
llama3-8b,alphaedit,mquake,2014,single_hop,success,post,1.0
llama3-8b,alphaedit,mquake,2014,single_hop,diff,post,0.5019255391867595
llama3-8b,alphaedit,mquake,2014,single_hop,acc,post,0.7666666666666666
llama3-8b,alphaedit,mquake,2014,multihop,hit,post,0.0
llama3-8b,alphaedit,ripple,ripple_popular_row657,efficacy,hit,pre,0.0
llama3-8b,alphaedit,ripple,ripple_popular_row657,ripple_relation_specificity,hit,pre,1.0
llama3-8b,alphaedit,ripple,ripple_popular_row657,efficacy,hit,post,0.0
llama3-8b,alphaedit,ripple,ripple_popular_row657,ripple_relation_specificity,hit,post,0.6
llama3-8b,alphaedit,ripple,ripple_popular_row839,efficacy,hit,pre,0.0
llama3-8b,alphaedit,ripple,ripple_popular_row839,ripple_relation_specificity,hit,pre,1.0
llama3-8b,alphaedit,ripple,ripple_popular_row839,efficacy,hit,post,0.0
llama3-8b,alphaedit,ripple,ripple_popular_row839,ripple_relation_specificity,hit,post,0.0
llama3-8b,alphaedit,ripple,ripple_popular_row792,efficacy,hit,pre,0.0
llama3-8b,alphaedit,ripple,ripple_popular_row792,ripple_compositional_i,hit,pre,0.0
llama3-8b,alphaedit,ripple,ripple_popular_row792,efficacy,hit,post,0.0
llama3-8b,alphaedit,ripple,ripple_popular_row792,ripple_compositional_i,hit,post,0.0
llama3-8b,alphaedit,ripple,ripple_popular_row778,efficacy,hit,pre,0.0
llama3-8b,alphaedit,ripple,ripple_popular_row778,ripple_logical,hit,pre,0.0
llama3-8b,alphaedit,ripple,ripple_popular_row778,ripple_compositional_i,hit,pre,0.0
llama3-8b,alphaedit,ripple,ripple_popular_row778,ripple_relation_specificity,hit,pre,1.0
llama3-8b,alphaedit,ripple,ripple_popular_row778,ripple_preservation,hit,pre,1.0
llama3-8b,alphaedit,ripple,ripple_popular_row778,efficacy,hit,post,1.0
llama3-8b,alphaedit,ripple,ripple_popular_row778,ripple_logical,hit,post,0.0
llama3-8b,alphaedit,ripple,ripple_popular_row778,ripple_compositional_i,hit,post,0.0
llama3-8b,alphaedit,ripple,ripple_popular_row778,ripple_relation_specificity,hit,post,0.5
llama3-8b,alphaedit,ripple,ripple_popular_row778,ripple_preservation,hit,post,0.0
llama3-8b,alphaedit,ripple,ripple_popular_row846,efficacy,hit,pre,0.0
llama3-8b,alphaedit,ripple,ripple_popular_row846,ripple_compositional_i,hit,pre,0.0
llama3-8b,alphaedit,ripple,ripple_popular_row846,ripple_relation_specificity,hit,pre,1.0
llama3-8b,alphaedit,ripple,ripple_popular_row846,ripple_preservation,hit,pre,1.0
llama3-8b,alphaedit,ripple,ripple_popular_row846,efficacy,hit,post,1.0
llama3-8b,alphaedit,ripple,ripple_popular_row846,ripple_compositional_i,hit,post,0.5
llama3-8b,alphaedit,ripple,ripple_popular_row846,ripple_relation_specificity,hit,post,0.5
llama3-8b,alphaedit,ripple,ripple_popular_row846,ripple_preservation,hit,post,0.0
llama3-8b,alphaedit,ripple,ripple_random_row1742,efficacy,hit,pre,0.0
llama3-8b,alphaedit,ripple,ripple_random_row1742,ripple_relation_specificity,hit,pre,1.0
llama3-8b,alphaedit,ripple,ripple_random_row1742,efficacy,hit,post,1.0
llama3-8b,alphaedit,ripple,ripple_random_row1742,ripple_relation_specificity,hit,post,1.0
llama3-8b,alphaedit,ripple,ripple_random_row1584,efficacy,hit,pre,0.0
llama3-8b,alphaedit,ripple,ripple_random_row1584,efficacy,hit,post,0.0
llama3-8b,alphaedit,ripple,ripple_random_row1799,efficacy,hit,pre,0.0
llama3-8b,alphaedit,ripple,ripple_random_row1799,efficacy,hit,post,1.0
llama3-8b,alphaedit,ripple,ripple_random_row1627,efficacy,hit,pre,0.0
llama3-8b,alphaedit,ripple,ripple_random_row1627,ripple_relation_specificity,hit,pre,1.0
llama3-8b,alphaedit,ripple,ripple_random_row1627,efficacy,hit,post,1.0
llama3-8b,alphaedit,ripple,ripple_random_row1627,ripple_relation_specificity,hit,post,1.0
llama3-8b,alphaedit,ripple,ripple_random_row1806,efficacy,hit,pre,0.0
llama3-8b,alphaedit,ripple,ripple_random_row1806,ripple_relation_specificity,hit,pre,1.0
llama3-8b,alphaedit,ripple,ripple_random_row1806,efficacy,hit,post,1.0
llama3-8b,alphaedit,ripple,ripple_random_row1806,ripple_relation_specificity,hit,post,1.0
llama3-8b,alphaedit,zsre,zsre_row18114,efficacy,success,pre,0.0
llama3-8b,alphaedit,zsre,zsre_row18114,efficacy,diff,pre,-0.004395026300653871
llama3-8b,alphaedit,zsre,zsre_row18114,efficacy,acc,pre,0.5
llama3-8b,alphaedit,zsre,zsre_row18114,generalisation,success,pre,0.0
llama3-8b,alphaedit,zsre,zsre_row18114,generalisation,diff,pre,-0.0016621961220674424
llama3-8b,alphaedit,zsre,zsre_row18114,generalisation,acc,pre,0.5
llama3-8b,alphaedit,zsre,zsre_row18114,specificity,success,pre,0.0
llama3-8b,alphaedit,zsre,zsre_row18114,specificity,diff,pre,-0.007592391619766185
llama3-8b,alphaedit,zsre,zsre_row18114,specificity,acc,pre,0.25
llama3-8b,alphaedit,zsre,zsre_row18114,efficacy,success,post,1.0
llama3-8b,alphaedit,zsre,zsre_row18114,efficacy,diff,post,0.9986581419351079
llama3-8b,alphaedit,zsre,zsre_row18114,efficacy,acc,post,1.0
llama3-8b,alphaedit,zsre,zsre_row18114,generalisation,success,post,1.0
llama3-8b,alphaedit,zsre,zsre_row18114,generalisation,diff,post,0.9804377187596435
llama3-8b,alphaedit,zsre,zsre_row18114,generalisation,acc,post,1.0
llama3-8b,alphaedit,zsre,zsre_row18114,specificity,success,post,0.0
llama3-8b,alphaedit,zsre,zsre_row18114,specificity,diff,post,-0.007536773871848739
llama3-8b,alphaedit,zsre,zsre_row18114,specificity,acc,post,0.25
llama3-8b,alphaedit,zsre,zsre_row10337,efficacy,success,pre,1.0
llama3-8b,alphaedit,zsre,zsre_row10337,efficacy,diff,pre,0.007788141020765143
llama3-8b,alphaedit,zsre,zsre_row10337,efficacy,acc,pre,0.3333333333333333
llama3-8b,alphaedit,zsre,zsre_row10337,generalisation,success,pre,0.0
llama3-8b,alphaedit,zsre,zsre_row10337,generalisation,diff,pre,-0.011987947567869042
llama3-8b,alphaedit,zsre,zsre_row10337,generalisation,acc,pre,0.3333333333333333
llama3-8b,alphaedit,zsre,zsre_row10337,specificity,success,pre,1.0
llama3-8b,alphaedit,zsre,zsre_row10337,specificity,diff,pre,0.00014157568813410727
llama3-8b,alphaedit,zsre,zsre_row10337,specificity,acc,pre,0.0
llama3-8b,alphaedit,zsre,zsre_row10337,efficacy,success,post,1.0
llama3-8b,alphaedit,zsre,zsre_row10337,efficacy,diff,post,0.9624254749848506
llama3-8b,alphaedit,zsre,zsre_row10337,efficacy,acc,post,1.0
llama3-8b,alphaedit,zsre,zsre_row10337,generalisation,success,post,1.0
llama3-8b,alphaedit,zsre,zsre_row10337,generalisation,diff,post,0.29215661091539363
llama3-8b,alphaedit,zsre,zsre_row10337,generalisation,acc,post,1.0
llama3-8b,alphaedit,zsre,zsre_row10337,specificity,success,post,1.0
llama3-8b,alphaedit,zsre,zsre_row10337,specificity,diff,post,0.00014679944161413345
llama3-8b,alphaedit,zsre,zsre_row10337,specificity,acc,post,0.0
llama3-8b,alphaedit,zsre,zsre_row11396,efficacy,success,pre,1.0
llama3-8b,alphaedit,zsre,zsre_row11396,efficacy,diff,pre,0.13924220132368065
llama3-8b,alphaedit,zsre,zsre_row11396,efficacy,acc,pre,0.8
llama3-8b,alphaedit,zsre,zsre_row11396,generalisation,success,pre,1.0
llama3-8b,alphaedit,zsre,zsre_row11396,generalisation,diff,pre,0.13661925513677772
llama3-8b,alphaedit,zsre,zsre_row11396,generalisation,acc,pre,0.6
llama3-8b,alphaedit,zsre,zsre_row11396,specificity,success,pre,0.0
llama3-8b,alphaedit,zsre,zsre_row11396,specificity,diff,pre,-0.043698839669367204
llama3-8b,alphaedit,zsre,zsre_row11396,specificity,acc,pre,0.3333333333333333
llama3-8b,alphaedit,zsre,zsre_row11396,efficacy,success,post,1.0
llama3-8b,alphaedit,zsre,zsre_row11396,efficacy,diff,post,0.9434475297306918
llama3-8b,alphaedit,zsre,zsre_row11396,efficacy,acc,post,1.0
llama3-8b,alphaedit,zsre,zsre_row11396,generalisation,success,post,1.0
llama3-8b,alphaedit,zsre,zsre_row11396,generalisation,diff,post,0.5050848515910372
llama3-8b,alphaedit,zsre,zsre_row11396,generalisation,acc,post,0.8
llama3-8b,alphaedit,zsre,zsre_row11396,specificity,success,post,0.0
llama3-8b,alphaedit,zsre,zsre_row11396,specificity,diff,post,-0.04532218638873976
llama3-8b,alphaedit,zsre,zsre_row11396,specificity,acc,post,0.3333333333333333
llama3-8b,alphaedit,zsre,zsre_row12562,efficacy,success,pre,0.0
llama3-8b,alphaedit,zsre,zsre_row12562,efficacy,diff,pre,-0.1182631082477501
llama3-8b,alphaedit,zsre,zsre_row12562,efficacy,acc,pre,0.5
llama3-8b,alphaedit,zsre,zsre_row12562,generalisation,success,pre,0.0
llama3-8b,alphaedit,zsre,zsre_row12562,generalisation,diff,pre,-0.24669185020226614
llama3-8b,alphaedit,zsre,zsre_row12562,generalisation,acc,pre,0.5
llama3-8b,alphaedit,zsre,zsre_row12562,specificity,success,pre,0.0
llama3-8b,alphaedit,zsre,zsre_row12562,specificity,diff,pre,-0.21400219461509531
llama3-8b,alphaedit,zsre,zsre_row12562,specificity,acc,pre,0.6666666666666666
llama3-8b,alphaedit,zsre,zsre_row12562,efficacy,success,post,1.0
llama3-8b,alphaedit,zsre,zsre_row12562,efficacy,diff,post,0.7924562046882467
llama3-8b,alphaedit,zsre,zsre_row12562,efficacy,acc,post,1.0
llama3-8b,alphaedit,zsre,zsre_row12562,generalisation,success,post,0.0
llama3-8b,alphaedit,zsre,zsre_row12562,generalisation,diff,post,-0.10384264713662206
llama3-8b,alphaedit,zsre,zsre_row12562,generalisation,acc,post,0.75
llama3-8b,alphaedit,zsre,zsre_row12562,specificity,success,post,0.0
llama3-8b,alphaedit,zsre,zsre_row12562,specificity,diff,post,-0.21445440878634317
llama3-8b,alphaedit,zsre,zsre_row12562,specificity,acc,post,0.6666666666666666
llama3-8b,alphaedit,zsre,zsre_row13330,efficacy,success,pre,0.0
llama3-8b,alphaedit,zsre,zsre_row13330,efficacy,diff,pre,-0.00040008784079834873
llama3-8b,alphaedit,zsre,zsre_row13330,efficacy,acc,pre,0.0
llama3-8b,alphaedit,zsre,zsre_row13330,generalisation,success,pre,0.0
llama3-8b,alphaedit,zsre,zsre_row13330,generalisation,diff,pre,-8.680629223848009e-05
llama3-8b,alphaedit,zsre,zsre_row13330,generalisation,acc,pre,0.0
llama3-8b,alphaedit,zsre,zsre_row13330,specificity,success,pre,0.0
llama3-8b,alphaedit,zsre,zsre_row13330,specificity,diff,pre,-0.3684221921493258
llama3-8b,alphaedit,zsre,zsre_row13330,specificity,acc,pre,0.8
llama3-8b,alphaedit,zsre,zsre_row13330,efficacy,success,post,1.0
llama3-8b,alphaedit,zsre,zsre_row13330,efficacy,diff,post,0.06660362777651636
llama3-8b,alphaedit,zsre,zsre_row13330,efficacy,acc,post,0.0
llama3-8b,alphaedit,zsre,zsre_row13330,generalisation,success,post,0.0
llama3-8b,alphaedit,zsre,zsre_row13330,generalisation,diff,post,-6.586949607515651e-05
llama3-8b,alphaedit,zsre,zsre_row13330,generalisation,acc,post,0.0
llama3-8b,alphaedit,zsre,zsre_row13330,specificity,success,post,0.0
llama3-8b,alphaedit,zsre,zsre_row13330,specificity,diff,post,-0.3678531281268489
llama3-8b,alphaedit,zsre,zsre_row13330,specificity,acc,post,0.8
llama3-8b,anyedit,counterfact,11983,efficacy,success,pre,0.0
llama3-8b,anyedit,counterfact,11983,efficacy,diff,pre,-0.38056965488359984
llama3-8b,anyedit,counterfact,11983,efficacy,acc,pre,0.0
llama3-8b,anyedit,counterfact,11983,generalisation,success,pre,0.0
llama3-8b,anyedit,counterfact,11983,generalisation,diff,pre,-0.30867411079036156
llama3-8b,anyedit,counterfact,11983,generalisation,acc,pre,0.0
llama3-8b,anyedit,counterfact,11983,specificity,success,pre,0.0
llama3-8b,anyedit,counterfact,11983,specificity,diff,pre,-0.20202618826206736
llama3-8b,anyedit,counterfact,11983,specificity,acc,pre,0.4
llama3-8b,anyedit,counterfact,11983,target_close_neighbour,success,pre,1.0
llama3-8b,anyedit,counterfact,11983,target_close_neighbour,diff,pre,0.4026577043117934
llama3-8b,anyedit,counterfact,11983,target_close_neighbour,acc,pre,0.7
llama3-8b,anyedit,counterfact,11983,efficacy,success,post,1.0
llama3-8b,anyedit,counterfact,11983,efficacy,diff,post,0.9990191290645836
llama3-8b,anyedit,counterfact,11983,efficacy,acc,post,1.0
llama3-8b,anyedit,counterfact,11983,generalisation,success,post,0.5
llama3-8b,anyedit,counterfact,11983,generalisation,diff,post,0.24333644823239736
llama3-8b,anyedit,counterfact,11983,generalisation,acc,post,0.5
llama3-8b,anyedit,counterfact,11983,specificity,success,post,0.6
llama3-8b,anyedit,counterfact,11983,specificity,diff,post,0.4791939908016869
llama3-8b,anyedit,counterfact,11983,specificity,acc,post,0.2
llama3-8b,anyedit,counterfact,11983,target_close_neighbour,success,post,1.0
llama3-8b,anyedit,counterfact,11983,target_close_neighbour,diff,post,0.7757026664385357
llama3-8b,anyedit,counterfact,11983,target_close_neighbour,acc,post,1.0
llama3-8b,anyedit,counterfact,13602,efficacy,success,pre,0.0
llama3-8b,anyedit,counterfact,13602,efficacy,diff,pre,-0.6155288905521212
llama3-8b,anyedit,counterfact,13602,efficacy,acc,pre,0.0
llama3-8b,anyedit,counterfact,13602,generalisation,success,pre,0.0
llama3-8b,anyedit,counterfact,13602,generalisation,diff,pre,-0.41263120812886195
llama3-8b,anyedit,counterfact,13602,generalisation,acc,pre,0.0
llama3-8b,anyedit,counterfact,13602,specificity,success,pre,0.0
llama3-8b,anyedit,counterfact,13602,specificity,diff,pre,-0.12217465330431618
llama3-8b,anyedit,counterfact,13602,specificity,acc,pre,0.3
llama3-8b,anyedit,counterfact,13602,target_close_neighbour,success,pre,0.6
llama3-8b,anyedit,counterfact,13602,target_close_neighbour,diff,pre,0.005842643490883396
llama3-8b,anyedit,counterfact,13602,target_close_neighbour,acc,pre,0.0
llama3-8b,anyedit,counterfact,13602,efficacy,success,post,1.0
llama3-8b,anyedit,counterfact,13602,efficacy,diff,post,0.9973946281557657
llama3-8b,anyedit,counterfact,13602,efficacy,acc,post,1.0
llama3-8b,anyedit,counterfact,13602,generalisation,success,post,0.0
llama3-8b,anyedit,counterfact,13602,generalisation,diff,post,-0.39833026419202994
llama3-8b,anyedit,counterfact,13602,generalisation,acc,post,0.0
llama3-8b,anyedit,counterfact,13602,specificity,success,post,0.1
llama3-8b,anyedit,counterfact,13602,specificity,diff,post,-0.09103140122461098
llama3-8b,anyedit,counterfact,13602,specificity,acc,post,0.3
llama3-8b,anyedit,counterfact,13602,target_close_neighbour,success,post,0.7
llama3-8b,anyedit,counterfact,13602,target_close_neighbour,diff,post,0.04744614421911604
llama3-8b,anyedit,counterfact,13602,target_close_neighbour,acc,post,0.1
llama3-8b,anyedit,counterfact,15471,efficacy,success,pre,0.0
llama3-8b,anyedit,counterfact,15471,efficacy,diff,pre,-0.6669175157751096
llama3-8b,anyedit,counterfact,15471,efficacy,acc,pre,0.0
llama3-8b,anyedit,counterfact,15471,generalisation,success,pre,0.0
llama3-8b,anyedit,counterfact,15471,generalisation,diff,pre,-0.06229730567816152
llama3-8b,anyedit,counterfact,15471,generalisation,acc,pre,0.0
llama3-8b,anyedit,counterfact,15471,specificity,success,pre,0.0
llama3-8b,anyedit,counterfact,15471,specificity,diff,pre,-0.1807563395595974
llama3-8b,anyedit,counterfact,15471,specificity,acc,pre,0.1
llama3-8b,anyedit,counterfact,15471,target_close_neighbour,success,pre,1.0
llama3-8b,anyedit,counterfact,15471,target_close_neighbour,diff,pre,0.3055848213424487
llama3-8b,anyedit,counterfact,15471,target_close_neighbour,acc,pre,0.3
llama3-8b,anyedit,counterfact,15471,efficacy,success,post,1.0
llama3-8b,anyedit,counterfact,15471,efficacy,diff,post,0.9997631633060958
llama3-8b,anyedit,counterfact,15471,efficacy,acc,post,1.0
llama3-8b,anyedit,counterfact,15471,generalisation,success,post,0.0
llama3-8b,anyedit,counterfact,15471,generalisation,diff,post,-0.07195231029192382
llama3-8b,anyedit,counterfact,15471,generalisation,acc,post,0.0
llama3-8b,anyedit,counterfact,15471,specificity,success,post,0.1
llama3-8b,anyedit,counterfact,15471,specificity,diff,post,-0.0019206962216339232
llama3-8b,anyedit,counterfact,15471,specificity,acc,post,0.0
llama3-8b,anyedit,counterfact,15471,target_close_neighbour,success,post,1.0
llama3-8b,anyedit,counterfact,15471,target_close_neighbour,diff,post,0.31498851322345034
llama3-8b,anyedit,counterfact,15471,target_close_neighbour,acc,post,0.3
llama3-8b,anyedit,counterfact,4190,efficacy,success,pre,0.0
llama3-8b,anyedit,counterfact,4190,efficacy,diff,pre,-0.00022705900092201566
llama3-8b,anyedit,counterfact,4190,efficacy,acc,pre,0.0
llama3-8b,anyedit,counterfact,4190,generalisation,success,pre,0.0
llama3-8b,anyedit,counterfact,4190,generalisation,diff,pre,-0.007124696624437538
llama3-8b,anyedit,counterfact,4190,generalisation,acc,pre,0.0
llama3-8b,anyedit,counterfact,4190,specificity,success,pre,0.2
llama3-8b,anyedit,counterfact,4190,specificity,diff,pre,-0.012983911497050823
llama3-8b,anyedit,counterfact,4190,specificity,acc,pre,0.0
llama3-8b,anyedit,counterfact,4190,target_close_neighbour,success,pre,0.8
llama3-8b,anyedit,counterfact,4190,target_close_neighbour,diff,pre,0.017374404549024988
llama3-8b,anyedit,counterfact,4190,target_close_neighbour,acc,pre,0.0
llama3-8b,anyedit,counterfact,4190,efficacy,success,post,1.0
llama3-8b,anyedit,counterfact,4190,efficacy,diff,post,0.9947772584971962
llama3-8b,anyedit,counterfact,4190,efficacy,acc,post,1.0
llama3-8b,anyedit,counterfact,4190,generalisation,success,post,0.0
llama3-8b,anyedit,counterfact,4190,generalisation,diff,post,-0.007105953978392572
llama3-8b,anyedit,counterfact,4190,generalisation,acc,post,0.0
llama3-8b,anyedit,counterfact,4190,specificity,success,post,0.4
llama3-8b,anyedit,counterfact,4190,specificity,diff,post,-0.012506165236577934
llama3-8b,anyedit,counterfact,4190,specificity,acc,post,0.0
llama3-8b,anyedit,counterfact,4190,target_close_neighbour,success,post,0.8
llama3-8b,anyedit,counterfact,4190,target_close_neighbour,diff,post,0.015109571848027876
llama3-8b,anyedit,counterfact,4190,target_close_neighbour,acc,post,0.0
llama3-8b,anyedit,counterfact,2414,efficacy,success,pre,0.0
llama3-8b,anyedit,counterfact,2414,efficacy,diff,pre,-4.509402744198303e-05
llama3-8b,anyedit,counterfact,2414,efficacy,acc,pre,0.0
llama3-8b,anyedit,counterfact,2414,generalisation,success,pre,0.0
llama3-8b,anyedit,counterfact,2414,generalisation,diff,pre,-0.0004828513395791846
llama3-8b,anyedit,counterfact,2414,generalisation,acc,pre,0.0
llama3-8b,anyedit,counterfact,2414,specificity,success,pre,0.0
llama3-8b,anyedit,counterfact,2414,specificity,diff,pre,-0.001684303366971816
llama3-8b,anyedit,counterfact,2414,specificity,acc,pre,0.0
llama3-8b,anyedit,counterfact,2414,target_close_neighbour,success,pre,1.0
llama3-8b,anyedit,counterfact,2414,target_close_neighbour,diff,pre,0.0013511752216636053
llama3-8b,anyedit,counterfact,2414,target_close_neighbour,acc,pre,0.0
llama3-8b,anyedit,counterfact,2414,efficacy,success,post,1.0
llama3-8b,anyedit,counterfact,2414,efficacy,diff,post,0.9935364178578079
llama3-8b,anyedit,counterfact,2414,efficacy,acc,post,1.0
llama3-8b,anyedit,counterfact,2414,generalisation,success,post,0.0
llama3-8b,anyedit,counterfact,2414,generalisation,diff,post,-0.008147611253203369
llama3-8b,anyedit,counterfact,2414,generalisation,acc,post,0.0
llama3-8b,anyedit,counterfact,2414,specificity,success,post,0.0
llama3-8b,anyedit,counterfact,2414,specificity,diff,post,-0.005035364057628602
llama3-8b,anyedit,counterfact,2414,specificity,acc,post,0.0
llama3-8b,anyedit,counterfact,2414,target_close_neighbour,success,post,1.0
llama3-8b,anyedit,counterfact,2414,target_close_neighbour,diff,post,0.0015637464987105023
llama3-8b,anyedit,counterfact,2414,target_close_neighbour,acc,post,0.0
llama3-8b,anyedit,genie,narrative_location_456,efficacy,success,pre,0.0
llama3-8b,anyedit,genie,narrative_location_456,efficacy,diff,pre,-0.08049360607663233
llama3-8b,anyedit,genie,narrative_location_456,efficacy,acc,pre,0.3333333333333333
llama3-8b,anyedit,genie,narrative_location_456,paraphrase_1,success,pre,0.0
llama3-8b,anyedit,genie,narrative_location_456,paraphrase_1,diff,pre,-0.15969041131720813
llama3-8b,anyedit,genie,narrative_location_456,paraphrase_1,acc,pre,0.5
llama3-8b,anyedit,genie,narrative_location_456,paraphrase_2,success,pre,0.0
llama3-8b,anyedit,genie,narrative_location_456,paraphrase_2,diff,pre,-0.1375444092252735
llama3-8b,anyedit,genie,narrative_location_456,paraphrase_2,acc,pre,0.3333333333333333
llama3-8b,anyedit,genie,narrative_location_456,paraphrase_3,success,pre,1.0
llama3-8b,anyedit,genie,narrative_location_456,paraphrase_3,diff,pre,0.014269455807106191
llama3-8b,anyedit,genie,narrative_location_456,paraphrase_3,acc,pre,0.3333333333333333
llama3-8b,anyedit,genie,narrative_location_456,abstract_1,success,pre,1.0
llama3-8b,anyedit,genie,narrative_location_456,abstract_1,diff,pre,0.005625066259197897
llama3-8b,anyedit,genie,narrative_location_456,abstract_1,acc,pre,1.0
llama3-8b,anyedit,genie,narrative_location_456,abstract_2,hit,pre,0.0
llama3-8b,anyedit,genie,narrative_location_456,abstract_3,hit,pre,0.0
llama3-8b,anyedit,genie,narrative_location_456,efficacy,success,post,1.0
llama3-8b,anyedit,genie,narrative_location_456,efficacy,diff,post,0.983495834303609
llama3-8b,anyedit,genie,narrative_location_456,efficacy,acc,post,1.0
llama3-8b,anyedit,genie,narrative_location_456,paraphrase_1,success,post,0.0
llama3-8b,anyedit,genie,narrative_location_456,paraphrase_1,diff,post,-0.4200269524321778
llama3-8b,anyedit,genie,narrative_location_456,paraphrase_1,acc,post,0.6666666666666666
llama3-8b,anyedit,genie,narrative_location_456,paraphrase_2,success,post,0.0
llama3-8b,anyedit,genie,narrative_location_456,paraphrase_2,diff,post,-0.0065780791677276795
llama3-8b,anyedit,genie,narrative_location_456,paraphrase_2,acc,post,0.6666666666666666
llama3-8b,anyedit,genie,narrative_location_456,paraphrase_3,success,post,1.0
llama3-8b,anyedit,genie,narrative_location_456,paraphrase_3,diff,post,0.07535989682562601
llama3-8b,anyedit,genie,narrative_location_456,paraphrase_3,acc,post,0.6666666666666666
llama3-8b,anyedit,genie,narrative_location_456,abstract_1,success,post,1.0
llama3-8b,anyedit,genie,narrative_location_456,abstract_1,diff,post,0.028629038879163016
llama3-8b,anyedit,genie,narrative_location_456,abstract_1,acc,post,1.0
llama3-8b,anyedit,genie,narrative_location_456,abstract_2,hit,post,0.0
llama3-8b,anyedit,genie,narrative_location_456,abstract_3,hit,post,0.0
llama3-8b,anyedit,genie,composer_4080,efficacy,success,pre,0.0
llama3-8b,anyedit,genie,composer_4080,efficacy,diff,pre,-0.4007431940153939
llama3-8b,anyedit,genie,composer_4080,efficacy,acc,pre,0.75
llama3-8b,anyedit,genie,composer_4080,paraphrase_1,success,pre,0.0
llama3-8b,anyedit,genie,composer_4080,paraphrase_1,diff,pre,-0.4439451228419754
llama3-8b,anyedit,genie,composer_4080,paraphrase_1,acc,pre,0.75
llama3-8b,anyedit,genie,composer_4080,paraphrase_2,success,pre,0.0
llama3-8b,anyedit,genie,composer_4080,paraphrase_2,diff,pre,-0.6234903774266172
llama3-8b,anyedit,genie,composer_4080,paraphrase_2,acc,pre,0.75
llama3-8b,anyedit,genie,composer_4080,paraphrase_3,success,pre,0.0
llama3-8b,anyedit,genie,composer_4080,paraphrase_3,diff,pre,-0.5726322610621903
llama3-8b,anyedit,genie,composer_4080,paraphrase_3,acc,pre,0.75
llama3-8b,anyedit,genie,composer_4080,abstract_1,success,pre,0.0
llama3-8b,anyedit,genie,composer_4080,abstract_1,diff,pre,-0.2069999968667866
llama3-8b,anyedit,genie,composer_4080,abstract_1,acc,pre,0.7142857142857143
llama3-8b,anyedit,genie,composer_4080,abstract_2,hit,pre,0.0
llama3-8b,anyedit,genie,composer_4080,abstract_3,hit,pre,0.0
llama3-8b,anyedit,genie,composer_4080,efficacy,success,post,1.0
llama3-8b,anyedit,genie,composer_4080,efficacy,diff,post,0.9973231952898417
llama3-8b,anyedit,genie,composer_4080,efficacy,acc,post,1.0
llama3-8b,anyedit,genie,composer_4080,paraphrase_1,success,post,0.0
llama3-8b,anyedit,genie,composer_4080,paraphrase_1,diff,post,-0.36929595765852036
llama3-8b,anyedit,genie,composer_4080,paraphrase_1,acc,post,0.75
llama3-8b,anyedit,genie,composer_4080,paraphrase_2,success,post,0.0
llama3-8b,anyedit,genie,composer_4080,paraphrase_2,diff,post,-0.6376066173574872
llama3-8b,anyedit,genie,composer_4080,paraphrase_2,acc,post,0.75
llama3-8b,anyedit,genie,composer_4080,paraphrase_3,success,post,0.0
llama3-8b,anyedit,genie,composer_4080,paraphrase_3,diff,post,-0.5218835166573408
llama3-8b,anyedit,genie,composer_4080,paraphrase_3,acc,post,0.75
llama3-8b,anyedit,genie,composer_4080,abstract_1,success,post,0.0
llama3-8b,anyedit,genie,composer_4080,abstract_1,diff,post,-0.2181917852266091
llama3-8b,anyedit,genie,composer_4080,abstract_1,acc,post,0.7142857142857143
llama3-8b,anyedit,genie,composer_4080,abstract_2,hit,post,0.0
llama3-8b,anyedit,genie,composer_4080,abstract_3,hit,post,0.0
llama3-8b,anyedit,genie,continent_5352,efficacy,success,pre,0.0
llama3-8b,anyedit,genie,continent_5352,efficacy,diff,pre,-0.4872784388068407
llama3-8b,anyedit,genie,continent_5352,efficacy,acc,pre,0.0
llama3-8b,anyedit,genie,continent_5352,paraphrase_1,success,pre,0.0
llama3-8b,anyedit,genie,continent_5352,paraphrase_1,diff,pre,-0.01330095428986822
llama3-8b,anyedit,genie,continent_5352,paraphrase_1,acc,pre,0.0
llama3-8b,anyedit,genie,continent_5352,paraphrase_2,success,pre,0.0
llama3-8b,anyedit,genie,continent_5352,paraphrase_2,diff,pre,-0.5043399439706028
llama3-8b,anyedit,genie,continent_5352,paraphrase_2,acc,pre,0.0
llama3-8b,anyedit,genie,continent_5352,paraphrase_3,success,pre,0.0
llama3-8b,anyedit,genie,continent_5352,paraphrase_3,diff,pre,-0.46093523760613775
llama3-8b,anyedit,genie,continent_5352,paraphrase_3,acc,pre,0.0
llama3-8b,anyedit,genie,continent_5352,abstract_1,success,pre,0.0
llama3-8b,anyedit,genie,continent_5352,abstract_1,diff,pre,-0.08533904596058145
llama3-8b,anyedit,genie,continent_5352,abstract_1,acc,pre,0.0
llama3-8b,anyedit,genie,continent_5352,abstract_3,hit,pre,0.0
llama3-8b,anyedit,genie,continent_5352,efficacy,success,post,1.0
llama3-8b,anyedit,genie,continent_5352,efficacy,diff,post,0.9998392038836167
llama3-8b,anyedit,genie,continent_5352,efficacy,acc,post,1.0
llama3-8b,anyedit,genie,continent_5352,paraphrase_1,success,post,0.0
llama3-8b,anyedit,genie,continent_5352,paraphrase_1,diff,post,-0.019026164517269132
llama3-8b,anyedit,genie,continent_5352,paraphrase_1,acc,post,0.0
llama3-8b,anyedit,genie,continent_5352,paraphrase_2,success,post,0.0
llama3-8b,anyedit,genie,continent_5352,paraphrase_2,diff,post,-0.4818617246483603
llama3-8b,anyedit,genie,continent_5352,paraphrase_2,acc,post,0.0
llama3-8b,anyedit,genie,continent_5352,paraphrase_3,success,post,0.0
llama3-8b,anyedit,genie,continent_5352,paraphrase_3,diff,post,-0.43239449112501777
llama3-8b,anyedit,genie,continent_5352,paraphrase_3,acc,post,0.0
llama3-8b,anyedit,genie,continent_5352,abstract_1,success,post,0.0
llama3-8b,anyedit,genie,continent_5352,abstract_1,diff,post,-0.08989413857063282
llama3-8b,anyedit,genie,continent_5352,abstract_1,acc,post,0.0
llama3-8b,anyedit,genie,continent_5352,abstract_3,hit,post,0.0
llama3-8b,anyedit,genie,composer_5053,efficacy,success,pre,0.0
llama3-8b,anyedit,genie,composer_5053,efficacy,diff,pre,-0.6262752690472206
llama3-8b,anyedit,genie,composer_5053,efficacy,acc,pre,0.6
llama3-8b,anyedit,genie,composer_5053,paraphrase_1,success,pre,0.0
llama3-8b,anyedit,genie,composer_5053,paraphrase_1,diff,pre,-0.7735601474700613
llama3-8b,anyedit,genie,composer_5053,paraphrase_1,acc,pre,0.6
llama3-8b,anyedit,genie,composer_5053,paraphrase_2,success,pre,0.0
llama3-8b,anyedit,genie,composer_5053,paraphrase_2,diff,pre,-0.8395712227903709
llama3-8b,anyedit,genie,composer_5053,paraphrase_2,acc,pre,0.6
llama3-8b,anyedit,genie,composer_5053,paraphrase_3,success,pre,0.0
llama3-8b,anyedit,genie,composer_5053,paraphrase_3,diff,pre,-0.6745106715201599
llama3-8b,anyedit,genie,composer_5053,paraphrase_3,acc,pre,0.6
llama3-8b,anyedit,genie,composer_5053,hop_1,success,pre,0.0
llama3-8b,anyedit,genie,composer_5053,hop_1,diff,pre,-0.016315730675403005
llama3-8b,anyedit,genie,composer_5053,hop_1,acc,pre,0.3333333333333333
llama3-8b,anyedit,genie,composer_5053,abstract_1,success,pre,1.0
llama3-8b,anyedit,genie,composer_5053,abstract_1,diff,pre,0.17073434639683638
llama3-8b,anyedit,genie,composer_5053,abstract_1,acc,pre,1.0
llama3-8b,anyedit,genie,composer_5053,abstract_2,hit,pre,0.0
llama3-8b,anyedit,genie,composer_5053,abstract_3,hit,pre,0.0
llama3-8b,anyedit,genie,composer_5053,efficacy,success,post,1.0
llama3-8b,anyedit,genie,composer_5053,efficacy,diff,post,0.9084246023697787
llama3-8b,anyedit,genie,composer_5053,efficacy,acc,post,1.0
llama3-8b,anyedit,genie,composer_5053,paraphrase_1,success,post,0.0
llama3-8b,anyedit,genie,composer_5053,paraphrase_1,diff,post,-0.6306944226874003
llama3-8b,anyedit,genie,composer_5053,paraphrase_1,acc,post,0.8
llama3-8b,anyedit,genie,composer_5053,paraphrase_2,success,post,0.0
llama3-8b,anyedit,genie,composer_5053,paraphrase_2,diff,post,-0.8066127998396874
llama3-8b,anyedit,genie,composer_5053,paraphrase_2,acc,post,0.8
llama3-8b,anyedit,genie,composer_5053,paraphrase_3,success,post,0.0
llama3-8b,anyedit,genie,composer_5053,paraphrase_3,diff,post,-0.6483963064178868
llama3-8b,anyedit,genie,composer_5053,paraphrase_3,acc,post,0.8
llama3-8b,anyedit,genie,composer_5053,hop_1,success,post,1.0
llama3-8b,anyedit,genie,composer_5053,hop_1,diff,post,0.011350877980105374
llama3-8b,anyedit,genie,composer_5053,hop_1,acc,post,0.3333333333333333
llama3-8b,anyedit,genie,composer_5053,abstract_1,success,post,1.0
llama3-8b,anyedit,genie,composer_5053,abstract_1,diff,post,0.12266886199710669
llama3-8b,anyedit,genie,composer_5053,abstract_1,acc,post,0.8
llama3-8b,anyedit,genie,composer_5053,abstract_2,hit,post,0.0
llama3-8b,anyedit,genie,composer_5053,abstract_3,hit,post,0.0
llama3-8b,anyedit,genie,production_company_5845,efficacy,success,pre,1.0
llama3-8b,anyedit,genie,production_company_5845,efficacy,diff,pre,0.00450089816100217
llama3-8b,anyedit,genie,production_company_5845,efficacy,acc,pre,0.25
llama3-8b,anyedit,genie,production_company_5845,paraphrase_1,success,pre,0.0
llama3-8b,anyedit,genie,production_company_5845,paraphrase_1,diff,pre,-0.06637984662674981
llama3-8b,anyedit,genie,production_company_5845,paraphrase_1,acc,pre,0.5
llama3-8b,anyedit,genie,production_company_5845,paraphrase_2,success,pre,1.0
llama3-8b,anyedit,genie,production_company_5845,paraphrase_2,diff,pre,0.02353977454782048
llama3-8b,anyedit,genie,production_company_5845,paraphrase_2,acc,pre,0.5
llama3-8b,anyedit,genie,production_company_5845,paraphrase_3,success,pre,1.0
llama3-8b,anyedit,genie,production_company_5845,paraphrase_3,diff,pre,0.009470323305398848
llama3-8b,anyedit,genie,production_company_5845,paraphrase_3,acc,pre,0.5
llama3-8b,anyedit,genie,production_company_5845,abstract_2,hit,pre,0.0
llama3-8b,anyedit,genie,production_company_5845,abstract_3,hit,pre,0.0
llama3-8b,anyedit,genie,production_company_5845,efficacy,success,post,1.0
llama3-8b,anyedit,genie,production_company_5845,efficacy,diff,post,0.989277900781454
llama3-8b,anyedit,genie,production_company_5845,efficacy,acc,post,1.0
llama3-8b,anyedit,genie,production_company_5845,paraphrase_1,success,post,0.0
llama3-8b,anyedit,genie,production_company_5845,paraphrase_1,diff,post,-0.025949545188276843
llama3-8b,anyedit,genie,production_company_5845,paraphrase_1,acc,post,0.75
llama3-8b,anyedit,genie,production_company_5845,paraphrase_2,success,post,1.0
llama3-8b,anyedit,genie,production_company_5845,paraphrase_2,diff,post,0.028530167597633847
llama3-8b,anyedit,genie,production_company_5845,paraphrase_2,acc,post,0.5
llama3-8b,anyedit,genie,production_company_5845,paraphrase_3,success,post,1.0
llama3-8b,anyedit,genie,production_company_5845,paraphrase_3,diff,post,0.01677858705168641
llama3-8b,anyedit,genie,production_company_5845,paraphrase_3,acc,post,0.5
llama3-8b,anyedit,genie,production_company_5845,abstract_2,hit,post,0.0
llama3-8b,anyedit,genie,production_company_5845,abstract_3,hit,post,0.0
llama3-8b,anyedit,mquake,2640,efficacy,success,pre,0.0
llama3-8b,anyedit,mquake,2640,efficacy,diff,pre,-0.6316223117314133
llama3-8b,anyedit,mquake,2640,efficacy,acc,pre,0.44166666666666665
llama3-8b,anyedit,mquake,2640,single_hop,success,pre,0.0
llama3-8b,anyedit,mquake,2640,single_hop,diff,pre,-0.37190057609253696
llama3-8b,anyedit,mquake,2640,single_hop,acc,pre,0.6083333333333333
llama3-8b,anyedit,mquake,2640,multihop,hit,pre,0.0
llama3-8b,anyedit,mquake,2640,efficacy,success,post,1.0
llama3-8b,anyedit,mquake,2640,efficacy,diff,post,0.9397940934619216
llama3-8b,anyedit,mquake,2640,efficacy,acc,post,1.0
llama3-8b,anyedit,mquake,2640,single_hop,success,post,1.0
llama3-8b,anyedit,mquake,2640,single_hop,diff,post,0.8905109556647949
llama3-8b,anyedit,mquake,2640,single_hop,acc,post,1.0
llama3-8b,anyedit,mquake,2640,multihop,hit,post,0.0
llama3-8b,anyedit,mquake,248,efficacy,success,pre,0.0
llama3-8b,anyedit,mquake,248,efficacy,diff,pre,-0.24774936000060668
llama3-8b,anyedit,mquake,248,efficacy,acc,pre,0.5555555555555556
llama3-8b,anyedit,mquake,248,single_hop,success,pre,0.0
llama3-8b,anyedit,mquake,248,single_hop,diff,pre,-0.5130771561580336
llama3-8b,anyedit,mquake,248,single_hop,acc,pre,0.2777777777777778
llama3-8b,anyedit,mquake,248,multihop,hit,pre,0.0
llama3-8b,anyedit,mquake,248,efficacy,success,post,1.0
llama3-8b,anyedit,mquake,248,efficacy,diff,post,0.9857821626556817
llama3-8b,anyedit,mquake,248,efficacy,acc,post,1.0
llama3-8b,anyedit,mquake,248,single_hop,success,post,1.0
llama3-8b,anyedit,mquake,248,single_hop,diff,post,0.8367030011444176
llama3-8b,anyedit,mquake,248,single_hop,acc,post,0.5
llama3-8b,anyedit,mquake,248,multihop,hit,post,0.0
llama3-8b,anyedit,mquake,2121,efficacy,success,pre,0.0
llama3-8b,anyedit,mquake,2121,efficacy,diff,pre,-0.8967147485639164
llama3-8b,anyedit,mquake,2121,efficacy,acc,pre,0.5714285714285714
llama3-8b,anyedit,mquake,2121,single_hop,success,pre,0.0
llama3-8b,anyedit,mquake,2121,single_hop,diff,pre,-0.863439277800544
llama3-8b,anyedit,mquake,2121,single_hop,acc,pre,0.8666666666666667
llama3-8b,anyedit,mquake,2121,multihop,hit,pre,0.0
llama3-8b,anyedit,mquake,2121,efficacy,success,post,1.0
llama3-8b,anyedit,mquake,2121,efficacy,diff,post,0.9936595091167343
llama3-8b,anyedit,mquake,2121,efficacy,acc,post,1.0
llama3-8b,anyedit,mquake,2121,single_hop,success,post,1.0
llama3-8b,anyedit,mquake,2121,single_hop,diff,post,0.9936595091167343
llama3-8b,anyedit,mquake,2121,single_hop,acc,post,1.0
llama3-8b,anyedit,mquake,2121,multihop,hit,post,0.0
llama3-8b,anyedit,mquake,825,efficacy,success,pre,0.0
llama3-8b,anyedit,mquake,825,efficacy,diff,pre,-0.7982558410463397
llama3-8b,anyedit,mquake,825,efficacy,acc,pre,0.16666666666666666
llama3-8b,anyedit,mquake,825,single_hop,success,pre,0.0
llama3-8b,anyedit,mquake,825,single_hop,diff,pre,-0.9148615265718338
llama3-8b,anyedit,mquake,825,single_hop,acc,pre,0.16666666666666666
llama3-8b,anyedit,mquake,825,multihop,hit,pre,0.0
llama3-8b,anyedit,mquake,825,efficacy,success,post,1.0
llama3-8b,anyedit,mquake,825,efficacy,diff,post,0.7212697398677237
llama3-8b,anyedit,mquake,825,efficacy,acc,post,1.0
llama3-8b,anyedit,mquake,825,single_hop,success,post,1.0
llama3-8b,anyedit,mquake,825,single_hop,diff,post,0.35154716711082235
llama3-8b,anyedit,mquake,825,single_hop,acc,post,1.0
llama3-8b,anyedit,mquake,825,multihop,hit,post,0.0
llama3-8b,anyedit,mquake,2014,efficacy,success,pre,0.0
llama3-8b,anyedit,mquake,2014,efficacy,diff,pre,-0.28405728879259157
llama3-8b,anyedit,mquake,2014,efficacy,acc,pre,0.30952380952380953
llama3-8b,anyedit,mquake,2014,single_hop,success,pre,0.0
llama3-8b,anyedit,mquake,2014,single_hop,diff,pre,-0.31048232770598333
llama3-8b,anyedit,mquake,2014,single_hop,acc,pre,0.5873015873015873
llama3-8b,anyedit,mquake,2014,multihop,hit,pre,0.0
llama3-8b,anyedit,mquake,2014,efficacy,success,post,1.0
llama3-8b,anyedit,mquake,2014,efficacy,diff,post,0.9966267529463732
llama3-8b,anyedit,mquake,2014,efficacy,acc,post,1.0
llama3-8b,anyedit,mquake,2014,single_hop,success,post,1.0
llama3-8b,anyedit,mquake,2014,single_hop,diff,post,0.9922408222461309
llama3-8b,anyedit,mquake,2014,single_hop,acc,post,1.0
llama3-8b,anyedit,mquake,2014,multihop,hit,post,0.0
llama3-8b,anyedit,ripple,ripple_popular_row657,efficacy,hit,pre,0.0
llama3-8b,anyedit,ripple,ripple_popular_row657,ripple_relation_specificity,hit,pre,1.0
llama3-8b,anyedit,ripple,ripple_popular_row657,efficacy,hit,post,1.0
llama3-8b,anyedit,ripple,ripple_popular_row657,ripple_relation_specificity,hit,post,0.8
llama3-8b,anyedit,ripple,ripple_popular_row839,efficacy,hit,pre,0.0
llama3-8b,anyedit,ripple,ripple_popular_row839,ripple_relation_specificity,hit,pre,1.0
llama3-8b,anyedit,ripple,ripple_popular_row839,efficacy,hit,post,1.0
llama3-8b,anyedit,ripple,ripple_popular_row839,ripple_relation_specificity,hit,post,1.0
llama3-8b,anyedit,ripple,ripple_popular_row792,efficacy,hit,pre,0.0
llama3-8b,anyedit,ripple,ripple_popular_row792,ripple_compositional_i,hit,pre,0.0
llama3-8b,anyedit,ripple,ripple_popular_row792,efficacy,hit,post,1.0
llama3-8b,anyedit,ripple,ripple_popular_row792,ripple_compositional_i,hit,post,0.0
llama3-8b,anyedit,ripple,ripple_popular_row778,efficacy,hit,pre,0.0
llama3-8b,anyedit,ripple,ripple_popular_row778,ripple_logical,hit,pre,0.0
llama3-8b,anyedit,ripple,ripple_popular_row778,ripple_compositional_i,hit,pre,0.0
llama3-8b,anyedit,ripple,ripple_popular_row778,ripple_relation_specificity,hit,pre,1.0
llama3-8b,anyedit,ripple,ripple_popular_row778,ripple_preservation,hit,pre,1.0
llama3-8b,anyedit,ripple,ripple_popular_row778,efficacy,hit,post,1.0
llama3-8b,anyedit,ripple,ripple_popular_row778,ripple_logical,hit,post,0.0
llama3-8b,anyedit,ripple,ripple_popular_row778,ripple_compositional_i,hit,post,0.0
llama3-8b,anyedit,ripple,ripple_popular_row778,ripple_relation_specificity,hit,post,0.375
llama3-8b,anyedit,ripple,ripple_popular_row778,ripple_preservation,hit,post,0.0
llama3-8b,anyedit,ripple,ripple_popular_row846,efficacy,hit,pre,0.0
llama3-8b,anyedit,ripple,ripple_popular_row846,ripple_compositional_i,hit,pre,0.0
llama3-8b,anyedit,ripple,ripple_popular_row846,ripple_relation_specificity,hit,pre,1.0
llama3-8b,anyedit,ripple,ripple_popular_row846,ripple_preservation,hit,pre,1.0
llama3-8b,anyedit,ripple,ripple_popular_row846,efficacy,hit,post,1.0
llama3-8b,anyedit,ripple,ripple_popular_row846,ripple_compositional_i,hit,post,0.5
llama3-8b,anyedit,ripple,ripple_popular_row846,ripple_relation_specificity,hit,post,1.0
llama3-8b,anyedit,ripple,ripple_popular_row846,ripple_preservation,hit,post,0.0
llama3-8b,anyedit,ripple,ripple_random_row1742,efficacy,hit,pre,0.0
llama3-8b,anyedit,ripple,ripple_random_row1742,ripple_relation_specificity,hit,pre,1.0
llama3-8b,anyedit,ripple,ripple_random_row1742,efficacy,hit,post,1.0
llama3-8b,anyedit,ripple,ripple_random_row1742,ripple_relation_specificity,hit,post,1.0
llama3-8b,anyedit,ripple,ripple_random_row1584,efficacy,hit,pre,0.0
llama3-8b,anyedit,ripple,ripple_random_row1584,efficacy,hit,post,1.0
llama3-8b,anyedit,ripple,ripple_random_row1799,efficacy,hit,pre,0.0
llama3-8b,anyedit,ripple,ripple_random_row1799,efficacy,hit,post,0.0
llama3-8b,anyedit,ripple,ripple_random_row1627,efficacy,hit,pre,0.0
llama3-8b,anyedit,ripple,ripple_random_row1627,ripple_relation_specificity,hit,pre,1.0
llama3-8b,anyedit,ripple,ripple_random_row1627,efficacy,hit,post,1.0
llama3-8b,anyedit,ripple,ripple_random_row1627,ripple_relation_specificity,hit,post,1.0
llama3-8b,anyedit,ripple,ripple_random_row1806,efficacy,hit,pre,0.0
llama3-8b,anyedit,ripple,ripple_random_row1806,ripple_relation_specificity,hit,pre,1.0
llama3-8b,anyedit,ripple,ripple_random_row1806,efficacy,hit,post,1.0
llama3-8b,anyedit,ripple,ripple_random_row1806,ripple_relation_specificity,hit,post,1.0
llama3-8b,anyedit,zsre,zsre_row18114,efficacy,success,pre,0.0
llama3-8b,anyedit,zsre,zsre_row18114,efficacy,diff,pre,-0.004395026300653871
llama3-8b,anyedit,zsre,zsre_row18114,efficacy,acc,pre,0.5
llama3-8b,anyedit,zsre,zsre_row18114,generalisation,success,pre,0.0
llama3-8b,anyedit,zsre,zsre_row18114,generalisation,diff,pre,-0.0016621961220674424
llama3-8b,anyedit,zsre,zsre_row18114,generalisation,acc,pre,0.5
llama3-8b,anyedit,zsre,zsre_row18114,specificity,success,pre,0.0
llama3-8b,anyedit,zsre,zsre_row18114,specificity,diff,pre,-0.007592391619766185
llama3-8b,anyedit,zsre,zsre_row18114,specificity,acc,pre,0.25
llama3-8b,anyedit,zsre,zsre_row18114,efficacy,success,post,1.0
llama3-8b,anyedit,zsre,zsre_row18114,efficacy,diff,post,0.9991925438403103
llama3-8b,anyedit,zsre,zsre_row18114,efficacy,acc,post,1.0
llama3-8b,anyedit,zsre,zsre_row18114,generalisation,success,post,1.0
llama3-8b,anyedit,zsre,zsre_row18114,generalisation,diff,post,0.24312978383549586
llama3-8b,anyedit,zsre,zsre_row18114,generalisation,acc,post,1.0
llama3-8b,anyedit,zsre,zsre_row18114,specificity,success,post,0.0
llama3-8b,anyedit,zsre,zsre_row18114,specificity,diff,post,-0.007412818532799684
llama3-8b,anyedit,zsre,zsre_row18114,specificity,acc,post,0.25
llama3-8b,anyedit,zsre,zsre_row10337,efficacy,success,pre,1.0
llama3-8b,anyedit,zsre,zsre_row10337,efficacy,diff,pre,0.007788141020765143
llama3-8b,anyedit,zsre,zsre_row10337,efficacy,acc,pre,0.3333333333333333
llama3-8b,anyedit,zsre,zsre_row10337,generalisation,success,pre,0.0
llama3-8b,anyedit,zsre,zsre_row10337,generalisation,diff,pre,-0.011987947567869042
llama3-8b,anyedit,zsre,zsre_row10337,generalisation,acc,pre,0.3333333333333333
llama3-8b,anyedit,zsre,zsre_row10337,specificity,success,pre,1.0
llama3-8b,anyedit,zsre,zsre_row10337,specificity,diff,pre,0.00014157568813410727
llama3-8b,anyedit,zsre,zsre_row10337,specificity,acc,pre,0.0
llama3-8b,anyedit,zsre,zsre_row10337,efficacy,success,post,1.0
llama3-8b,anyedit,zsre,zsre_row10337,efficacy,diff,post,0.9729122062274442
llama3-8b,anyedit,zsre,zsre_row10337,efficacy,acc,post,1.0
llama3-8b,anyedit,zsre,zsre_row10337,generalisation,success,post,0.0
llama3-8b,anyedit,zsre,zsre_row10337,generalisation,diff,post,-0.35711893828279595
llama3-8b,anyedit,zsre,zsre_row10337,generalisation,acc,post,0.3333333333333333
llama3-8b,anyedit,zsre,zsre_row10337,specificity,success,post,1.0
llama3-8b,anyedit,zsre,zsre_row10337,specificity,diff,post,0.00014488372027126627
llama3-8b,anyedit,zsre,zsre_row10337,specificity,acc,post,0.0
llama3-8b,anyedit,zsre,zsre_row11396,efficacy,success,pre,1.0
llama3-8b,anyedit,zsre,zsre_row11396,efficacy,diff,pre,0.13924220132368065
llama3-8b,anyedit,zsre,zsre_row11396,efficacy,acc,pre,0.8
llama3-8b,anyedit,zsre,zsre_row11396,generalisation,success,pre,1.0
llama3-8b,anyedit,zsre,zsre_row11396,generalisation,diff,pre,0.13661925513677772
llama3-8b,anyedit,zsre,zsre_row11396,generalisation,acc,pre,0.6
llama3-8b,anyedit,zsre,zsre_row11396,specificity,success,pre,0.0
llama3-8b,anyedit,zsre,zsre_row11396,specificity,diff,pre,-0.043698839669367204
llama3-8b,anyedit,zsre,zsre_row11396,specificity,acc,pre,0.3333333333333333
llama3-8b,anyedit,zsre,zsre_row11396,efficacy,success,post,1.0
llama3-8b,anyedit,zsre,zsre_row11396,efficacy,diff,post,0.9676520604198956
llama3-8b,anyedit,zsre,zsre_row11396,efficacy,acc,post,1.0
llama3-8b,anyedit,zsre,zsre_row11396,generalisation,success,post,1.0
llama3-8b,anyedit,zsre,zsre_row11396,generalisation,diff,post,0.38019905792210495
llama3-8b,anyedit,zsre,zsre_row11396,generalisation,acc,post,0.8
llama3-8b,anyedit,zsre,zsre_row11396,specificity,success,post,0.0
llama3-8b,anyedit,zsre,zsre_row11396,specificity,diff,post,-0.042996061120018865
llama3-8b,anyedit,zsre,zsre_row11396,specificity,acc,post,0.3333333333333333
llama3-8b,anyedit,zsre,zsre_row12562,efficacy,success,pre,0.0
llama3-8b,anyedit,zsre,zsre_row12562,efficacy,diff,pre,-0.1182631082477501
llama3-8b,anyedit,zsre,zsre_row12562,efficacy,acc,pre,0.5
llama3-8b,anyedit,zsre,zsre_row12562,generalisation,success,pre,0.0
llama3-8b,anyedit,zsre,zsre_row12562,generalisation,diff,pre,-0.24669185020226614
llama3-8b,anyedit,zsre,zsre_row12562,generalisation,acc,pre,0.5
llama3-8b,anyedit,zsre,zsre_row12562,specificity,success,pre,0.0
llama3-8b,anyedit,zsre,zsre_row12562,specificity,diff,pre,-0.21400219461509531
llama3-8b,anyedit,zsre,zsre_row12562,specificity,acc,pre,0.6666666666666666
llama3-8b,anyedit,zsre,zsre_row12562,efficacy,success,post,1.0
llama3-8b,anyedit,zsre,zsre_row12562,efficacy,diff,post,0.8849181372418223
llama3-8b,anyedit,zsre,zsre_row12562,efficacy,acc,post,1.0
llama3-8b,anyedit,zsre,zsre_row12562,generalisation,success,post,0.0
llama3-8b,anyedit,zsre,zsre_row12562,generalisation,diff,post,-0.23843360475773254
llama3-8b,anyedit,zsre,zsre_row12562,generalisation,acc,post,0.75
llama3-8b,anyedit,zsre,zsre_row12562,specificity,success,post,0.0
llama3-8b,anyedit,zsre,zsre_row12562,specificity,diff,post,-0.21499276473912518
llama3-8b,anyedit,zsre,zsre_row12562,specificity,acc,post,0.6666666666666666
llama3-8b,anyedit,zsre,zsre_row13330,efficacy,success,pre,0.0
llama3-8b,anyedit,zsre,zsre_row13330,efficacy,diff,pre,-0.00040008784079834873
llama3-8b,anyedit,zsre,zsre_row13330,efficacy,acc,pre,0.0
llama3-8b,anyedit,zsre,zsre_row13330,generalisation,success,pre,0.0
llama3-8b,anyedit,zsre,zsre_row13330,generalisation,diff,pre,-8.680629223848009e-05
llama3-8b,anyedit,zsre,zsre_row13330,generalisation,acc,pre,0.0
llama3-8b,anyedit,zsre,zsre_row13330,specificity,success,pre,0.0
llama3-8b,anyedit,zsre,zsre_row13330,specificity,diff,pre,-0.3684221921493258
llama3-8b,anyedit,zsre,zsre_row13330,specificity,acc,pre,0.8
llama3-8b,anyedit,zsre,zsre_row13330,efficacy,success,post,1.0
llama3-8b,anyedit,zsre,zsre_row13330,efficacy,diff,post,0.9971917172023534
llama3-8b,anyedit,zsre,zsre_row13330,efficacy,acc,post,1.0
llama3-8b,anyedit,zsre,zsre_row13330,generalisation,success,post,0.0
llama3-8b,anyedit,zsre,zsre_row13330,generalisation,diff,post,-1.98205637740288e-05
llama3-8b,anyedit,zsre,zsre_row13330,generalisation,acc,post,0.0
llama3-8b,anyedit,zsre,zsre_row13330,specificity,success,post,0.0
llama3-8b,anyedit,zsre,zsre_row13330,specificity,diff,post,-0.3656420222421938
llama3-8b,anyedit,zsre,zsre_row13330,specificity,acc,post,0.8
llama3-8b,grace,counterfact,11983,efficacy,success,pre,0.0
llama3-8b,grace,counterfact,11983,efficacy,diff,pre,-0.38056965488359984
llama3-8b,grace,counterfact,11983,efficacy,acc,pre,0.0
llama3-8b,grace,counterfact,11983,generalisation,success,pre,0.0
llama3-8b,grace,counterfact,11983,generalisation,diff,pre,-0.30867411079036156
llama3-8b,grace,counterfact,11983,generalisation,acc,pre,0.0
llama3-8b,grace,counterfact,11983,specificity,success,pre,0.0
llama3-8b,grace,counterfact,11983,specificity,diff,pre,-0.20202618826206736
llama3-8b,grace,counterfact,11983,specificity,acc,pre,0.4
llama3-8b,grace,counterfact,11983,target_close_neighbour,success,pre,1.0
llama3-8b,grace,counterfact,11983,target_close_neighbour,diff,pre,0.4026577043117934
llama3-8b,grace,counterfact,11983,target_close_neighbour,acc,pre,0.7
llama3-8b,grace,counterfact,11983,efficacy,success,post,1.0
llama3-8b,grace,counterfact,11983,efficacy,diff,post,0.9999998807907176
llama3-8b,grace,counterfact,11983,efficacy,acc,post,1.0
llama3-8b,grace,counterfact,11983,generalisation,success,post,0.0
llama3-8b,grace,counterfact,11983,generalisation,diff,post,-0.30867411079036156
llama3-8b,grace,counterfact,11983,generalisation,acc,post,0.0
llama3-8b,grace,counterfact,11983,specificity,success,post,0.0
llama3-8b,grace,counterfact,11983,specificity,diff,post,-0.20202618826206736
llama3-8b,grace,counterfact,11983,specificity,acc,post,0.4
llama3-8b,grace,counterfact,11983,target_close_neighbour,success,post,1.0
llama3-8b,grace,counterfact,11983,target_close_neighbour,diff,post,0.4026577043117934
llama3-8b,grace,counterfact,11983,target_close_neighbour,acc,post,0.7
llama3-8b,grace,counterfact,13602,efficacy,success,pre,0.0
llama3-8b,grace,counterfact,13602,efficacy,diff,pre,-0.6155288905521212
llama3-8b,grace,counterfact,13602,efficacy,acc,pre,0.0
llama3-8b,grace,counterfact,13602,generalisation,success,pre,0.0
llama3-8b,grace,counterfact,13602,generalisation,diff,pre,-0.41263120812886195
llama3-8b,grace,counterfact,13602,generalisation,acc,pre,0.0
llama3-8b,grace,counterfact,13602,specificity,success,pre,0.0
llama3-8b,grace,counterfact,13602,specificity,diff,pre,-0.12217465330431618
llama3-8b,grace,counterfact,13602,specificity,acc,pre,0.3
llama3-8b,grace,counterfact,13602,target_close_neighbour,success,pre,0.6
llama3-8b,grace,counterfact,13602,target_close_neighbour,diff,pre,0.005842643490883396
llama3-8b,grace,counterfact,13602,target_close_neighbour,acc,pre,0.0
llama3-8b,grace,counterfact,13602,efficacy,success,post,1.0
llama3-8b,grace,counterfact,13602,efficacy,diff,post,1.0
llama3-8b,grace,counterfact,13602,efficacy,acc,post,1.0
llama3-8b,grace,counterfact,13602,generalisation,success,post,0.0
llama3-8b,grace,counterfact,13602,generalisation,diff,post,-0.41263120812886195
llama3-8b,grace,counterfact,13602,generalisation,acc,post,0.0
llama3-8b,grace,counterfact,13602,specificity,success,post,0.0
llama3-8b,grace,counterfact,13602,specificity,diff,post,-0.12217465330431618
llama3-8b,grace,counterfact,13602,specificity,acc,post,0.3
llama3-8b,grace,counterfact,13602,target_close_neighbour,success,post,0.6
llama3-8b,grace,counterfact,13602,target_close_neighbour,diff,post,0.005842643490883396
llama3-8b,grace,counterfact,13602,target_close_neighbour,acc,post,0.0
llama3-8b,grace,counterfact,15471,efficacy,success,pre,0.0
llama3-8b,grace,counterfact,15471,efficacy,diff,pre,-0.6669175157751096
llama3-8b,grace,counterfact,15471,efficacy,acc,pre,0.0
llama3-8b,grace,counterfact,15471,generalisation,success,pre,0.0
llama3-8b,grace,counterfact,15471,generalisation,diff,pre,-0.06229730567816152
llama3-8b,grace,counterfact,15471,generalisation,acc,pre,0.0
llama3-8b,grace,counterfact,15471,specificity,success,pre,0.0
llama3-8b,grace,counterfact,15471,specificity,diff,pre,-0.1807563395595974
llama3-8b,grace,counterfact,15471,specificity,acc,pre,0.1
llama3-8b,grace,counterfact,15471,target_close_neighbour,success,pre,1.0
llama3-8b,grace,counterfact,15471,target_close_neighbour,diff,pre,0.3055848213424487
llama3-8b,grace,counterfact,15471,target_close_neighbour,acc,pre,0.3
llama3-8b,grace,counterfact,15471,efficacy,success,post,1.0
llama3-8b,grace,counterfact,15471,efficacy,diff,post,0.9999921322178408
llama3-8b,grace,counterfact,15471,efficacy,acc,post,1.0
llama3-8b,grace,counterfact,15471,generalisation,success,post,0.0
llama3-8b,grace,counterfact,15471,generalisation,diff,post,-0.06229730567816152
llama3-8b,grace,counterfact,15471,generalisation,acc,post,0.0
llama3-8b,grace,counterfact,15471,specificity,success,post,0.0
llama3-8b,grace,counterfact,15471,specificity,diff,post,-0.1807563395595974
llama3-8b,grace,counterfact,15471,specificity,acc,post,0.1
llama3-8b,grace,counterfact,15471,target_close_neighbour,success,post,1.0
llama3-8b,grace,counterfact,15471,target_close_neighbour,diff,post,0.3055848213424487
llama3-8b,grace,counterfact,15471,target_close_neighbour,acc,post,0.3
llama3-8b,grace,counterfact,4190,efficacy,success,pre,0.0
llama3-8b,grace,counterfact,4190,efficacy,diff,pre,-0.00022705900092201566
llama3-8b,grace,counterfact,4190,efficacy,acc,pre,0.0
llama3-8b,grace,counterfact,4190,generalisation,success,pre,0.0
llama3-8b,grace,counterfact,4190,generalisation,diff,pre,-0.007124696624437538
llama3-8b,grace,counterfact,4190,generalisation,acc,pre,0.0
llama3-8b,grace,counterfact,4190,specificity,success,pre,0.2
llama3-8b,grace,counterfact,4190,specificity,diff,pre,-0.012983911497050823
llama3-8b,grace,counterfact,4190,specificity,acc,pre,0.0
llama3-8b,grace,counterfact,4190,target_close_neighbour,success,pre,0.8
llama3-8b,grace,counterfact,4190,target_close_neighbour,diff,pre,0.017374404549024988
llama3-8b,grace,counterfact,4190,target_close_neighbour,acc,pre,0.0
llama3-8b,grace,counterfact,4190,efficacy,success,post,1.0
llama3-8b,grace,counterfact,4190,efficacy,diff,post,0.9984676669177495
llama3-8b,grace,counterfact,4190,efficacy,acc,post,1.0
llama3-8b,grace,counterfact,4190,generalisation,success,post,0.0
llama3-8b,grace,counterfact,4190,generalisation,diff,post,-0.007124696624437538
llama3-8b,grace,counterfact,4190,generalisation,acc,post,0.0
llama3-8b,grace,counterfact,4190,specificity,success,post,0.2
llama3-8b,grace,counterfact,4190,specificity,diff,post,-0.012983911497050823
llama3-8b,grace,counterfact,4190,specificity,acc,post,0.0
llama3-8b,grace,counterfact,4190,target_close_neighbour,success,post,0.8
llama3-8b,grace,counterfact,4190,target_close_neighbour,diff,post,0.017374404549024988
llama3-8b,grace,counterfact,4190,target_close_neighbour,acc,post,0.0
llama3-8b,grace,counterfact,2414,efficacy,success,pre,0.0
llama3-8b,grace,counterfact,2414,efficacy,diff,pre,-4.509402744198303e-05
llama3-8b,grace,counterfact,2414,efficacy,acc,pre,0.0
llama3-8b,grace,counterfact,2414,generalisation,success,pre,0.0
llama3-8b,grace,counterfact,2414,generalisation,diff,pre,-0.0004828513395791846
llama3-8b,grace,counterfact,2414,generalisation,acc,pre,0.0
llama3-8b,grace,counterfact,2414,specificity,success,pre,0.0
llama3-8b,grace,counterfact,2414,specificity,diff,pre,-0.001684303366971816
llama3-8b,grace,counterfact,2414,specificity,acc,pre,0.0
llama3-8b,grace,counterfact,2414,target_close_neighbour,success,pre,1.0
llama3-8b,grace,counterfact,2414,target_close_neighbour,diff,pre,0.0013511752216636053
llama3-8b,grace,counterfact,2414,target_close_neighbour,acc,pre,0.0
llama3-8b,grace,counterfact,2414,efficacy,success,post,1.0
llama3-8b,grace,counterfact,2414,efficacy,diff,post,0.9999952316397867
llama3-8b,grace,counterfact,2414,efficacy,acc,post,1.0
llama3-8b,grace,counterfact,2414,generalisation,success,post,0.0
llama3-8b,grace,counterfact,2414,generalisation,diff,post,-0.0004828513395791846
llama3-8b,grace,counterfact,2414,generalisation,acc,post,0.0
llama3-8b,grace,counterfact,2414,specificity,success,post,0.0
llama3-8b,grace,counterfact,2414,specificity,diff,post,-0.001684303366971816
llama3-8b,grace,counterfact,2414,specificity,acc,post,0.0
llama3-8b,grace,counterfact,2414,target_close_neighbour,success,post,1.0
llama3-8b,grace,counterfact,2414,target_close_neighbour,diff,post,0.0013511752216636053
llama3-8b,grace,counterfact,2414,target_close_neighbour,acc,post,0.0
llama3-8b,grace,genie,narrative_location_456,efficacy,success,pre,0.0
llama3-8b,grace,genie,narrative_location_456,efficacy,diff,pre,-0.08049360607663233
llama3-8b,grace,genie,narrative_location_456,efficacy,acc,pre,0.3333333333333333
llama3-8b,grace,genie,narrative_location_456,paraphrase_1,success,pre,0.0
llama3-8b,grace,genie,narrative_location_456,paraphrase_1,diff,pre,-0.15969041131720813
llama3-8b,grace,genie,narrative_location_456,paraphrase_1,acc,pre,0.5
llama3-8b,grace,genie,narrative_location_456,paraphrase_2,success,pre,0.0
llama3-8b,grace,genie,narrative_location_456,paraphrase_2,diff,pre,-0.1375444092252735
llama3-8b,grace,genie,narrative_location_456,paraphrase_2,acc,pre,0.3333333333333333
llama3-8b,grace,genie,narrative_location_456,paraphrase_3,success,pre,1.0
llama3-8b,grace,genie,narrative_location_456,paraphrase_3,diff,pre,0.014269455807106191
llama3-8b,grace,genie,narrative_location_456,paraphrase_3,acc,pre,0.3333333333333333
llama3-8b,grace,genie,narrative_location_456,abstract_1,success,pre,1.0
llama3-8b,grace,genie,narrative_location_456,abstract_1,diff,pre,0.005625066259197897
llama3-8b,grace,genie,narrative_location_456,abstract_1,acc,pre,1.0
llama3-8b,grace,genie,narrative_location_456,abstract_2,hit,pre,0.0
llama3-8b,grace,genie,narrative_location_456,abstract_3,hit,pre,0.0
llama3-8b,grace,genie,narrative_location_456,efficacy,success,post,1.0
llama3-8b,grace,genie,narrative_location_456,efficacy,diff,post,0.9940485738252467
llama3-8b,grace,genie,narrative_location_456,efficacy,acc,post,1.0
llama3-8b,grace,genie,narrative_location_456,paraphrase_1,success,post,0.0
llama3-8b,grace,genie,narrative_location_456,paraphrase_1,diff,post,-0.15969041131720813
llama3-8b,grace,genie,narrative_location_456,paraphrase_1,acc,post,0.5
llama3-8b,grace,genie,narrative_location_456,paraphrase_2,success,post,0.0
llama3-8b,grace,genie,narrative_location_456,paraphrase_2,diff,post,-0.1375444092252735
llama3-8b,grace,genie,narrative_location_456,paraphrase_2,acc,post,0.3333333333333333
llama3-8b,grace,genie,narrative_location_456,paraphrase_3,success,post,1.0
llama3-8b,grace,genie,narrative_location_456,paraphrase_3,diff,post,0.014269455807106191
llama3-8b,grace,genie,narrative_location_456,paraphrase_3,acc,post,0.3333333333333333
llama3-8b,grace,genie,narrative_location_456,abstract_1,success,post,1.0
llama3-8b,grace,genie,narrative_location_456,abstract_1,diff,post,0.005625066259197897
llama3-8b,grace,genie,narrative_location_456,abstract_1,acc,post,1.0
llama3-8b,grace,genie,narrative_location_456,abstract_2,hit,post,0.0
llama3-8b,grace,genie,narrative_location_456,abstract_3,hit,post,0.0
llama3-8b,grace,genie,composer_4080,efficacy,success,pre,0.0
llama3-8b,grace,genie,composer_4080,efficacy,diff,pre,-0.4007431940153939
llama3-8b,grace,genie,composer_4080,efficacy,acc,pre,0.75
llama3-8b,grace,genie,composer_4080,paraphrase_1,success,pre,0.0
llama3-8b,grace,genie,composer_4080,paraphrase_1,diff,pre,-0.4439451228419754
llama3-8b,grace,genie,composer_4080,paraphrase_1,acc,pre,0.75
llama3-8b,grace,genie,composer_4080,paraphrase_2,success,pre,0.0
llama3-8b,grace,genie,composer_4080,paraphrase_2,diff,pre,-0.6234903774266172
llama3-8b,grace,genie,composer_4080,paraphrase_2,acc,pre,0.75
llama3-8b,grace,genie,composer_4080,paraphrase_3,success,pre,0.0
llama3-8b,grace,genie,composer_4080,paraphrase_3,diff,pre,-0.5726322610621903
llama3-8b,grace,genie,composer_4080,paraphrase_3,acc,pre,0.75
llama3-8b,grace,genie,composer_4080,abstract_1,success,pre,0.0
llama3-8b,grace,genie,composer_4080,abstract_1,diff,pre,-0.2069999968667866
llama3-8b,grace,genie,composer_4080,abstract_1,acc,pre,0.7142857142857143
llama3-8b,grace,genie,composer_4080,abstract_2,hit,pre,0.0
llama3-8b,grace,genie,composer_4080,abstract_3,hit,pre,0.0
llama3-8b,grace,genie,composer_4080,efficacy,success,post,1.0
llama3-8b,grace,genie,composer_4080,efficacy,diff,post,0.9865977974527772
llama3-8b,grace,genie,composer_4080,efficacy,acc,post,1.0
llama3-8b,grace,genie,composer_4080,paraphrase_1,success,post,0.0
llama3-8b,grace,genie,composer_4080,paraphrase_1,diff,post,-0.4439451228419754
llama3-8b,grace,genie,composer_4080,paraphrase_1,acc,post,0.75
llama3-8b,grace,genie,composer_4080,paraphrase_2,success,post,0.0
llama3-8b,grace,genie,composer_4080,paraphrase_2,diff,post,-0.6234903774266172
llama3-8b,grace,genie,composer_4080,paraphrase_2,acc,post,0.75
llama3-8b,grace,genie,composer_4080,paraphrase_3,success,post,0.0
llama3-8b,grace,genie,composer_4080,paraphrase_3,diff,post,-0.5726322610621903
llama3-8b,grace,genie,composer_4080,paraphrase_3,acc,post,0.75
llama3-8b,grace,genie,composer_4080,abstract_1,success,post,0.0
llama3-8b,grace,genie,composer_4080,abstract_1,diff,post,-0.2069999968667866
llama3-8b,grace,genie,composer_4080,abstract_1,acc,post,0.7142857142857143
llama3-8b,grace,genie,composer_4080,abstract_2,hit,post,0.0
llama3-8b,grace,genie,composer_4080,abstract_3,hit,post,0.0
llama3-8b,grace,genie,continent_5352,efficacy,success,pre,0.0
llama3-8b,grace,genie,continent_5352,efficacy,diff,pre,-0.4872784388068407
llama3-8b,grace,genie,continent_5352,efficacy,acc,pre,0.0
llama3-8b,grace,genie,continent_5352,paraphrase_1,success,pre,0.0
llama3-8b,grace,genie,continent_5352,paraphrase_1,diff,pre,-0.01330095428986822
llama3-8b,grace,genie,continent_5352,paraphrase_1,acc,pre,0.0
llama3-8b,grace,genie,continent_5352,paraphrase_2,success,pre,0.0
llama3-8b,grace,genie,continent_5352,paraphrase_2,diff,pre,-0.5043399439706028
llama3-8b,grace,genie,continent_5352,paraphrase_2,acc,pre,0.0
llama3-8b,grace,genie,continent_5352,paraphrase_3,success,pre,0.0
llama3-8b,grace,genie,continent_5352,paraphrase_3,diff,pre,-0.46093523760613775
llama3-8b,grace,genie,continent_5352,paraphrase_3,acc,pre,0.0
llama3-8b,grace,genie,continent_5352,abstract_1,success,pre,0.0
llama3-8b,grace,genie,continent_5352,abstract_1,diff,pre,-0.08533904596058145
llama3-8b,grace,genie,continent_5352,abstract_1,acc,pre,0.0
llama3-8b,grace,genie,continent_5352,abstract_3,hit,pre,0.0
llama3-8b,grace,genie,continent_5352,efficacy,success,post,1.0
llama3-8b,grace,genie,continent_5352,efficacy,diff,post,0.9914564971047909
llama3-8b,grace,genie,continent_5352,efficacy,acc,post,1.0
llama3-8b,grace,genie,continent_5352,paraphrase_1,success,post,0.0
llama3-8b,grace,genie,continent_5352,paraphrase_1,diff,post,-0.01330095428986822
llama3-8b,grace,genie,continent_5352,paraphrase_1,acc,post,0.0
llama3-8b,grace,genie,continent_5352,paraphrase_2,success,post,0.0
llama3-8b,grace,genie,continent_5352,paraphrase_2,diff,post,-0.5043399439706028
llama3-8b,grace,genie,continent_5352,paraphrase_2,acc,post,0.0
llama3-8b,grace,genie,continent_5352,paraphrase_3,success,post,0.0
llama3-8b,grace,genie,continent_5352,paraphrase_3,diff,post,-0.46093523760613775
llama3-8b,grace,genie,continent_5352,paraphrase_3,acc,post,0.0
llama3-8b,grace,genie,continent_5352,abstract_1,success,post,0.0
llama3-8b,grace,genie,continent_5352,abstract_1,diff,post,-0.08533904596058145
llama3-8b,grace,genie,continent_5352,abstract_1,acc,post,0.0
llama3-8b,grace,genie,continent_5352,abstract_3,hit,post,0.0
llama3-8b,grace,genie,composer_5053,efficacy,success,pre,0.0
llama3-8b,grace,genie,composer_5053,efficacy,diff,pre,-0.6262752690472206
llama3-8b,grace,genie,composer_5053,efficacy,acc,pre,0.6
llama3-8b,grace,genie,composer_5053,paraphrase_1,success,pre,0.0
llama3-8b,grace,genie,composer_5053,paraphrase_1,diff,pre,-0.7735601474700613
llama3-8b,grace,genie,composer_5053,paraphrase_1,acc,pre,0.6
llama3-8b,grace,genie,composer_5053,paraphrase_2,success,pre,0.0
llama3-8b,grace,genie,composer_5053,paraphrase_2,diff,pre,-0.8395712227903709
llama3-8b,grace,genie,composer_5053,paraphrase_2,acc,pre,0.6
llama3-8b,grace,genie,composer_5053,paraphrase_3,success,pre,0.0
llama3-8b,grace,genie,composer_5053,paraphrase_3,diff,pre,-0.6745106715201599
llama3-8b,grace,genie,composer_5053,paraphrase_3,acc,pre,0.6
llama3-8b,grace,genie,composer_5053,hop_1,success,pre,0.0
llama3-8b,grace,genie,composer_5053,hop_1,diff,pre,-0.016315730675403005
llama3-8b,grace,genie,composer_5053,hop_1,acc,pre,0.3333333333333333
llama3-8b,grace,genie,composer_5053,abstract_1,success,pre,1.0
llama3-8b,grace,genie,composer_5053,abstract_1,diff,pre,0.17073434639683638
llama3-8b,grace,genie,composer_5053,abstract_1,acc,pre,1.0
llama3-8b,grace,genie,composer_5053,abstract_2,hit,pre,0.0
llama3-8b,grace,genie,composer_5053,abstract_3,hit,pre,0.0
llama3-8b,grace,genie,composer_5053,efficacy,success,post,1.0
llama3-8b,grace,genie,composer_5053,efficacy,diff,post,0.9917703016140168
llama3-8b,grace,genie,composer_5053,efficacy,acc,post,1.0
llama3-8b,grace,genie,composer_5053,paraphrase_1,success,post,0.0
llama3-8b,grace,genie,composer_5053,paraphrase_1,diff,post,-0.7735601474700613
llama3-8b,grace,genie,composer_5053,paraphrase_1,acc,post,0.6
llama3-8b,grace,genie,composer_5053,paraphrase_2,success,post,0.0
llama3-8b,grace,genie,composer_5053,paraphrase_2,diff,post,-0.8395712227903709
llama3-8b,grace,genie,composer_5053,paraphrase_2,acc,post,0.6
llama3-8b,grace,genie,composer_5053,paraphrase_3,success,post,0.0
llama3-8b,grace,genie,composer_5053,paraphrase_3,diff,post,-0.6745106715201599
llama3-8b,grace,genie,composer_5053,paraphrase_3,acc,post,0.6
llama3-8b,grace,genie,composer_5053,hop_1,success,post,0.0
llama3-8b,grace,genie,composer_5053,hop_1,diff,post,-0.016315730675403005
llama3-8b,grace,genie,composer_5053,hop_1,acc,post,0.3333333333333333
llama3-8b,grace,genie,composer_5053,abstract_1,success,post,1.0
llama3-8b,grace,genie,composer_5053,abstract_1,diff,post,0.17073434639683638
llama3-8b,grace,genie,composer_5053,abstract_1,acc,post,1.0
llama3-8b,grace,genie,composer_5053,abstract_2,hit,post,0.0
llama3-8b,grace,genie,composer_5053,abstract_3,hit,post,0.0
llama3-8b,grace,genie,production_company_5845,efficacy,success,pre,1.0
llama3-8b,grace,genie,production_company_5845,efficacy,diff,pre,0.00450089816100217
llama3-8b,grace,genie,production_company_5845,efficacy,acc,pre,0.25
llama3-8b,grace,genie,production_company_5845,paraphrase_1,success,pre,0.0
llama3-8b,grace,genie,production_company_5845,paraphrase_1,diff,pre,-0.06637984662674981
llama3-8b,grace,genie,production_company_5845,paraphrase_1,acc,pre,0.5
llama3-8b,grace,genie,production_company_5845,paraphrase_2,success,pre,1.0
llama3-8b,grace,genie,production_company_5845,paraphrase_2,diff,pre,0.02353977454782048
llama3-8b,grace,genie,production_company_5845,paraphrase_2,acc,pre,0.5
llama3-8b,grace,genie,production_company_5845,paraphrase_3,success,pre,1.0
llama3-8b,grace,genie,production_company_5845,paraphrase_3,diff,pre,0.009470323305398848
llama3-8b,grace,genie,production_company_5845,paraphrase_3,acc,pre,0.5
llama3-8b,grace,genie,production_company_5845,abstract_2,hit,pre,0.0
llama3-8b,grace,genie,production_company_5845,abstract_3,hit,pre,0.0
llama3-8b,grace,genie,production_company_5845,efficacy,success,post,1.0
llama3-8b,grace,genie,production_company_5845,efficacy,diff,post,0.9978293812935373
llama3-8b,grace,genie,production_company_5845,efficacy,acc,post,1.0
llama3-8b,grace,genie,production_company_5845,paraphrase_1,success,post,0.0
llama3-8b,grace,genie,production_company_5845,paraphrase_1,diff,post,-0.06637984662674981
llama3-8b,grace,genie,production_company_5845,paraphrase_1,acc,post,0.5
llama3-8b,grace,genie,production_company_5845,paraphrase_2,success,post,1.0
llama3-8b,grace,genie,production_company_5845,paraphrase_2,diff,post,0.02353977454782048
llama3-8b,grace,genie,production_company_5845,paraphrase_2,acc,post,0.5
llama3-8b,grace,genie,production_company_5845,paraphrase_3,success,post,1.0
llama3-8b,grace,genie,production_company_5845,paraphrase_3,diff,post,0.009470323305398848
llama3-8b,grace,genie,production_company_5845,paraphrase_3,acc,post,0.5
llama3-8b,grace,genie,production_company_5845,abstract_2,hit,post,0.0
llama3-8b,grace,genie,production_company_5845,abstract_3,hit,post,0.0
llama3-8b,grace,mquake,2640,efficacy,success,pre,0.0
llama3-8b,grace,mquake,2640,efficacy,diff,pre,-0.6316223117314133
llama3-8b,grace,mquake,2640,efficacy,acc,pre,0.44166666666666665
llama3-8b,grace,mquake,2640,single_hop,success,pre,0.0
llama3-8b,grace,mquake,2640,single_hop,diff,pre,-0.37190057609253696
llama3-8b,grace,mquake,2640,single_hop,acc,pre,0.6083333333333333
llama3-8b,grace,mquake,2640,multihop,hit,pre,0.0
llama3-8b,grace,mquake,2640,efficacy,success,post,0.75
llama3-8b,grace,mquake,2640,efficacy,diff,post,0.5264228236468369
llama3-8b,grace,mquake,2640,efficacy,acc,post,0.9166666666666666
llama3-8b,grace,mquake,2640,single_hop,success,post,1.0
llama3-8b,grace,mquake,2640,single_hop,diff,post,0.8737416156705293
llama3-8b,grace,mquake,2640,single_hop,acc,post,0.9166666666666666
llama3-8b,grace,mquake,2640,multihop,hit,post,0.0
llama3-8b,grace,mquake,248,efficacy,success,pre,0.0
llama3-8b,grace,mquake,248,efficacy,diff,pre,-0.24774936000060668
llama3-8b,grace,mquake,248,efficacy,acc,pre,0.5555555555555556
llama3-8b,grace,mquake,248,single_hop,success,pre,0.0
llama3-8b,grace,mquake,248,single_hop,diff,pre,-0.5130771561580336
llama3-8b,grace,mquake,248,single_hop,acc,pre,0.2777777777777778
llama3-8b,grace,mquake,248,multihop,hit,pre,0.0
llama3-8b,grace,mquake,248,efficacy,success,post,1.0
llama3-8b,grace,mquake,248,efficacy,diff,post,0.5498680189840961
llama3-8b,grace,mquake,248,efficacy,acc,post,0.8888888888888888
llama3-8b,grace,mquake,248,single_hop,success,post,1.0
llama3-8b,grace,mquake,248,single_hop,diff,post,0.5274134438328716
llama3-8b,grace,mquake,248,single_hop,acc,post,0.4444444444444444
llama3-8b,grace,mquake,248,multihop,hit,post,0.0
llama3-8b,grace,mquake,2121,efficacy,success,pre,0.0
llama3-8b,grace,mquake,2121,efficacy,diff,pre,-0.8967147485639164
llama3-8b,grace,mquake,2121,efficacy,acc,pre,0.5714285714285714
llama3-8b,grace,mquake,2121,single_hop,success,pre,0.0
llama3-8b,grace,mquake,2121,single_hop,diff,pre,-0.863439277800544
llama3-8b,grace,mquake,2121,single_hop,acc,pre,0.8666666666666667
llama3-8b,grace,mquake,2121,multihop,hit,pre,0.0
llama3-8b,grace,mquake,2121,efficacy,success,post,1.0
llama3-8b,grace,mquake,2121,efficacy,diff,post,0.95189415879184
llama3-8b,grace,mquake,2121,efficacy,acc,post,1.0
llama3-8b,grace,mquake,2121,single_hop,success,post,1.0
llama3-8b,grace,mquake,2121,single_hop,diff,post,0.95189415879184
llama3-8b,grace,mquake,2121,single_hop,acc,post,1.0
llama3-8b,grace,mquake,2121,multihop,hit,post,0.0
llama3-8b,grace,mquake,825,efficacy,success,pre,0.0
llama3-8b,grace,mquake,825,efficacy,diff,pre,-0.7982558410463397
llama3-8b,grace,mquake,825,efficacy,acc,pre,0.16666666666666666
llama3-8b,grace,mquake,825,single_hop,success,pre,0.0
llama3-8b,grace,mquake,825,single_hop,diff,pre,-0.9148615265718338
llama3-8b,grace,mquake,825,single_hop,acc,pre,0.16666666666666666
llama3-8b,grace,mquake,825,multihop,hit,pre,0.0
llama3-8b,grace,mquake,825,efficacy,success,post,1.0
llama3-8b,grace,mquake,825,efficacy,diff,post,0.9750237357624252
llama3-8b,grace,mquake,825,efficacy,acc,post,1.0
llama3-8b,grace,mquake,825,single_hop,success,post,1.0
llama3-8b,grace,mquake,825,single_hop,diff,post,0.9888054323394692
llama3-8b,grace,mquake,825,single_hop,acc,post,1.0
llama3-8b,grace,mquake,825,multihop,hit,post,0.0
llama3-8b,grace,mquake,2014,efficacy,success,pre,0.0
llama3-8b,grace,mquake,2014,efficacy,diff,pre,-0.28405728879259157
llama3-8b,grace,mquake,2014,efficacy,acc,pre,0.30952380952380953
llama3-8b,grace,mquake,2014,single_hop,success,pre,0.0
llama3-8b,grace,mquake,2014,single_hop,diff,pre,-0.31048232770598333
llama3-8b,grace,mquake,2014,single_hop,acc,pre,0.5873015873015873
llama3-8b,grace,mquake,2014,multihop,hit,pre,0.0
llama3-8b,grace,mquake,2014,efficacy,success,post,1.0
llama3-8b,grace,mquake,2014,efficacy,diff,post,0.8893901852272373
llama3-8b,grace,mquake,2014,efficacy,acc,post,1.0
llama3-8b,grace,mquake,2014,single_hop,success,post,1.0
llama3-8b,grace,mquake,2014,single_hop,diff,post,0.7010620928555235
llama3-8b,grace,mquake,2014,single_hop,acc,post,1.0
llama3-8b,grace,mquake,2014,multihop,hit,post,0.0
llama3-8b,grace,ripple,ripple_popular_row657,efficacy,hit,pre,0.0
llama3-8b,grace,ripple,ripple_popular_row657,ripple_relation_specificity,hit,pre,1.0
llama3-8b,grace,ripple,ripple_popular_row657,efficacy,hit,post,1.0
llama3-8b,grace,ripple,ripple_popular_row657,ripple_relation_specificity,hit,post,1.0
llama3-8b,grace,ripple,ripple_popular_row839,efficacy,hit,pre,0.0
llama3-8b,grace,ripple,ripple_popular_row839,ripple_relation_specificity,hit,pre,1.0
llama3-8b,grace,ripple,ripple_popular_row839,efficacy,hit,post,1.0
llama3-8b,grace,ripple,ripple_popular_row839,ripple_relation_specificity,hit,post,1.0
llama3-8b,grace,ripple,ripple_popular_row792,efficacy,hit,pre,0.0
llama3-8b,grace,ripple,ripple_popular_row792,ripple_compositional_i,hit,pre,0.0
llama3-8b,grace,ripple,ripple_popular_row792,efficacy,hit,post,1.0
llama3-8b,grace,ripple,ripple_popular_row792,ripple_compositional_i,hit,post,0.0
llama3-8b,grace,ripple,ripple_popular_row778,efficacy,hit,pre,0.0
llama3-8b,grace,ripple,ripple_popular_row778,ripple_logical,hit,pre,0.0
llama3-8b,grace,ripple,ripple_popular_row778,ripple_compositional_i,hit,pre,0.0
llama3-8b,grace,ripple,ripple_popular_row778,ripple_relation_specificity,hit,pre,1.0
llama3-8b,grace,ripple,ripple_popular_row778,ripple_preservation,hit,pre,1.0
llama3-8b,grace,ripple,ripple_popular_row778,efficacy,hit,post,1.0
llama3-8b,grace,ripple,ripple_popular_row778,ripple_logical,hit,post,0.0
llama3-8b,grace,ripple,ripple_popular_row778,ripple_compositional_i,hit,post,0.0
llama3-8b,grace,ripple,ripple_popular_row778,ripple_relation_specificity,hit,post,1.0
llama3-8b,grace,ripple,ripple_popular_row778,ripple_preservation,hit,post,1.0
llama3-8b,grace,ripple,ripple_popular_row846,efficacy,hit,pre,0.0
llama3-8b,grace,ripple,ripple_popular_row846,ripple_compositional_i,hit,pre,0.0
llama3-8b,grace,ripple,ripple_popular_row846,ripple_relation_specificity,hit,pre,1.0
llama3-8b,grace,ripple,ripple_popular_row846,ripple_preservation,hit,pre,1.0
llama3-8b,grace,ripple,ripple_popular_row846,efficacy,hit,post,1.0
llama3-8b,grace,ripple,ripple_popular_row846,ripple_compositional_i,hit,post,0.0
llama3-8b,grace,ripple,ripple_popular_row846,ripple_relation_specificity,hit,post,1.0
llama3-8b,grace,ripple,ripple_popular_row846,ripple_preservation,hit,post,1.0
llama3-8b,grace,ripple,ripple_random_row1742,efficacy,hit,pre,0.0
llama3-8b,grace,ripple,ripple_random_row1742,ripple_relation_specificity,hit,pre,1.0
llama3-8b,grace,ripple,ripple_random_row1742,efficacy,hit,post,1.0
llama3-8b,grace,ripple,ripple_random_row1742,ripple_relation_specificity,hit,post,1.0
llama3-8b,grace,ripple,ripple_random_row1584,efficacy,hit,pre,0.0
llama3-8b,grace,ripple,ripple_random_row1584,efficacy,hit,post,1.0
llama3-8b,grace,ripple,ripple_random_row1799,efficacy,hit,pre,0.0
llama3-8b,grace,ripple,ripple_random_row1799,efficacy,hit,post,0.0
llama3-8b,grace,ripple,ripple_random_row1627,efficacy,hit,pre,0.0
llama3-8b,grace,ripple,ripple_random_row1627,ripple_relation_specificity,hit,pre,1.0
llama3-8b,grace,ripple,ripple_random_row1627,efficacy,hit,post,1.0
llama3-8b,grace,ripple,ripple_random_row1627,ripple_relation_specificity,hit,post,1.0
llama3-8b,grace,ripple,ripple_random_row1806,efficacy,hit,pre,0.0
llama3-8b,grace,ripple,ripple_random_row1806,ripple_relation_specificity,hit,pre,1.0
llama3-8b,grace,ripple,ripple_random_row1806,efficacy,hit,post,1.0
llama3-8b,grace,ripple,ripple_random_row1806,ripple_relation_specificity,hit,post,1.0
llama3-8b,grace,zsre,zsre_row18114,efficacy,success,pre,0.0
llama3-8b,grace,zsre,zsre_row18114,efficacy,diff,pre,-0.004395026300653871
llama3-8b,grace,zsre,zsre_row18114,efficacy,acc,pre,0.5
llama3-8b,grace,zsre,zsre_row18114,generalisation,success,pre,0.0
llama3-8b,grace,zsre,zsre_row18114,generalisation,diff,pre,-0.0016621961220674424
llama3-8b,grace,zsre,zsre_row18114,generalisation,acc,pre,0.5
llama3-8b,grace,zsre,zsre_row18114,specificity,success,pre,0.0
llama3-8b,grace,zsre,zsre_row18114,specificity,diff,pre,-0.007592391619766185
llama3-8b,grace,zsre,zsre_row18114,specificity,acc,pre,0.25
llama3-8b,grace,zsre,zsre_row18114,efficacy,success,post,1.0
llama3-8b,grace,zsre,zsre_row18114,efficacy,diff,post,0.9682652484213854
llama3-8b,grace,zsre,zsre_row18114,efficacy,acc,post,1.0
llama3-8b,grace,zsre,zsre_row18114,generalisation,success,post,0.0
llama3-8b,grace,zsre,zsre_row18114,generalisation,diff,post,-0.0016621961220674424
llama3-8b,grace,zsre,zsre_row18114,generalisation,acc,post,0.5
llama3-8b,grace,zsre,zsre_row18114,specificity,success,post,0.0
llama3-8b,grace,zsre,zsre_row18114,specificity,diff,post,-0.007592391619766185
llama3-8b,grace,zsre,zsre_row18114,specificity,acc,post,0.25
llama3-8b,grace,zsre,zsre_row10337,efficacy,success,pre,1.0
llama3-8b,grace,zsre,zsre_row10337,efficacy,diff,pre,0.007788141020765143
llama3-8b,grace,zsre,zsre_row10337,efficacy,acc,pre,0.3333333333333333
llama3-8b,grace,zsre,zsre_row10337,generalisation,success,pre,0.0
llama3-8b,grace,zsre,zsre_row10337,generalisation,diff,pre,-0.011987947567869042
llama3-8b,grace,zsre,zsre_row10337,generalisation,acc,pre,0.3333333333333333
llama3-8b,grace,zsre,zsre_row10337,specificity,success,pre,1.0
llama3-8b,grace,zsre,zsre_row10337,specificity,diff,pre,0.00014157568813410727
llama3-8b,grace,zsre,zsre_row10337,specificity,acc,pre,0.0
llama3-8b,grace,zsre,zsre_row10337,efficacy,success,post,1.0
llama3-8b,grace,zsre,zsre_row10337,efficacy,diff,post,0.9687600915837684
llama3-8b,grace,zsre,zsre_row10337,efficacy,acc,post,1.0
llama3-8b,grace,zsre,zsre_row10337,generalisation,success,post,0.0
llama3-8b,grace,zsre,zsre_row10337,generalisation,diff,post,-0.011987947567869042
llama3-8b,grace,zsre,zsre_row10337,generalisation,acc,post,0.3333333333333333
llama3-8b,grace,zsre,zsre_row10337,specificity,success,post,1.0
llama3-8b,grace,zsre,zsre_row10337,specificity,diff,post,0.00014157568813410727
llama3-8b,grace,zsre,zsre_row10337,specificity,acc,post,0.0
llama3-8b,grace,zsre,zsre_row11396,efficacy,success,pre,1.0
llama3-8b,grace,zsre,zsre_row11396,efficacy,diff,pre,0.13924220132368065
llama3-8b,grace,zsre,zsre_row11396,efficacy,acc,pre,0.8
llama3-8b,grace,zsre,zsre_row11396,generalisation,success,pre,1.0
llama3-8b,grace,zsre,zsre_row11396,generalisation,diff,pre,0.13661925513677772
llama3-8b,grace,zsre,zsre_row11396,generalisation,acc,pre,0.6
llama3-8b,grace,zsre,zsre_row11396,specificity,success,pre,0.0
llama3-8b,grace,zsre,zsre_row11396,specificity,diff,pre,-0.043698839669367204
llama3-8b,grace,zsre,zsre_row11396,specificity,acc,pre,0.3333333333333333
llama3-8b,grace,zsre,zsre_row11396,efficacy,success,post,1.0
llama3-8b,grace,zsre,zsre_row11396,efficacy,diff,post,0.9987697517574953
llama3-8b,grace,zsre,zsre_row11396,efficacy,acc,post,1.0
llama3-8b,grace,zsre,zsre_row11396,generalisation,success,post,1.0
llama3-8b,grace,zsre,zsre_row11396,generalisation,diff,post,0.13661925513677772
llama3-8b,grace,zsre,zsre_row11396,generalisation,acc,post,0.6
llama3-8b,grace,zsre,zsre_row11396,specificity,success,post,0.0
llama3-8b,grace,zsre,zsre_row11396,specificity,diff,post,-0.043698839669367204
llama3-8b,grace,zsre,zsre_row11396,specificity,acc,post,0.3333333333333333
llama3-8b,grace,zsre,zsre_row12562,efficacy,success,pre,0.0
llama3-8b,grace,zsre,zsre_row12562,efficacy,diff,pre,-0.1182631082477501
llama3-8b,grace,zsre,zsre_row12562,efficacy,acc,pre,0.5
llama3-8b,grace,zsre,zsre_row12562,generalisation,success,pre,0.0
llama3-8b,grace,zsre,zsre_row12562,generalisation,diff,pre,-0.24669185020226614
llama3-8b,grace,zsre,zsre_row12562,generalisation,acc,pre,0.5
llama3-8b,grace,zsre,zsre_row12562,specificity,success,pre,0.0
llama3-8b,grace,zsre,zsre_row12562,specificity,diff,pre,-0.21400219461509531
llama3-8b,grace,zsre,zsre_row12562,specificity,acc,pre,0.6666666666666666
llama3-8b,grace,zsre,zsre_row12562,efficacy,success,post,1.0
llama3-8b,grace,zsre,zsre_row12562,efficacy,diff,post,0.9803801212754464
llama3-8b,grace,zsre,zsre_row12562,efficacy,acc,post,1.0
llama3-8b,grace,zsre,zsre_row12562,generalisation,success,post,0.0
llama3-8b,grace,zsre,zsre_row12562,generalisation,diff,post,-0.24669185020226614
llama3-8b,grace,zsre,zsre_row12562,generalisation,acc,post,0.5
llama3-8b,grace,zsre,zsre_row12562,specificity,success,post,0.0
llama3-8b,grace,zsre,zsre_row12562,specificity,diff,post,-0.21400219461509531
llama3-8b,grace,zsre,zsre_row12562,specificity,acc,post,0.6666666666666666
llama3-8b,grace,zsre,zsre_row13330,efficacy,success,pre,0.0
llama3-8b,grace,zsre,zsre_row13330,efficacy,diff,pre,-0.00040008784079834873
llama3-8b,grace,zsre,zsre_row13330,efficacy,acc,pre,0.0
llama3-8b,grace,zsre,zsre_row13330,generalisation,success,pre,0.0
llama3-8b,grace,zsre,zsre_row13330,generalisation,diff,pre,-8.680629223848009e-05
llama3-8b,grace,zsre,zsre_row13330,generalisation,acc,pre,0.0
llama3-8b,grace,zsre,zsre_row13330,specificity,success,pre,0.0
llama3-8b,grace,zsre,zsre_row13330,specificity,diff,pre,-0.3684221921493258
llama3-8b,grace,zsre,zsre_row13330,specificity,acc,pre,0.8
llama3-8b,grace,zsre,zsre_row13330,efficacy,success,post,1.0
llama3-8b,grace,zsre,zsre_row13330,efficacy,diff,post,1.0
llama3-8b,grace,zsre,zsre_row13330,efficacy,acc,post,1.0
llama3-8b,grace,zsre,zsre_row13330,generalisation,success,post,0.0
llama3-8b,grace,zsre,zsre_row13330,generalisation,diff,post,-8.680629223848009e-05
llama3-8b,grace,zsre,zsre_row13330,generalisation,acc,post,0.0
llama3-8b,grace,zsre,zsre_row13330,specificity,success,post,0.0
llama3-8b,grace,zsre,zsre_row13330,specificity,diff,post,-0.3684221921493258
llama3-8b,grace,zsre,zsre_row13330,specificity,acc,post,0.8
llama3-8b,memit,counterfact,11983,efficacy,success,pre,0.0
llama3-8b,memit,counterfact,11983,efficacy,diff,pre,-0.38056965488359984
llama3-8b,memit,counterfact,11983,efficacy,acc,pre,0.0
llama3-8b,memit,counterfact,11983,generalisation,success,pre,0.0
llama3-8b,memit,counterfact,11983,generalisation,diff,pre,-0.30867411079036156
llama3-8b,memit,counterfact,11983,generalisation,acc,pre,0.0
llama3-8b,memit,counterfact,11983,specificity,success,pre,0.0
llama3-8b,memit,counterfact,11983,specificity,diff,pre,-0.20202618826206736
llama3-8b,memit,counterfact,11983,specificity,acc,pre,0.4
llama3-8b,memit,counterfact,11983,target_close_neighbour,success,pre,1.0
llama3-8b,memit,counterfact,11983,target_close_neighbour,diff,pre,0.4026577043117934
llama3-8b,memit,counterfact,11983,target_close_neighbour,acc,pre,0.7
llama3-8b,memit,counterfact,11983,efficacy,success,post,1.0
llama3-8b,memit,counterfact,11983,efficacy,diff,post,0.8807201951870769
llama3-8b,memit,counterfact,11983,efficacy,acc,post,1.0
llama3-8b,memit,counterfact,11983,generalisation,success,post,1.0
llama3-8b,memit,counterfact,11983,generalisation,diff,post,0.5233702006718803
llama3-8b,memit,counterfact,11983,generalisation,acc,post,1.0
llama3-8b,memit,counterfact,11983,specificity,success,post,0.1
llama3-8b,memit,counterfact,11983,specificity,diff,post,-0.21292645031228696
llama3-8b,memit,counterfact,11983,specificity,acc,post,0.4
llama3-8b,memit,counterfact,11983,target_close_neighbour,success,post,1.0
llama3-8b,memit,counterfact,11983,target_close_neighbour,diff,post,0.43810595580631084
llama3-8b,memit,counterfact,11983,target_close_neighbour,acc,post,0.9
llama3-8b,memit,counterfact,13602,efficacy,success,pre,0.0
llama3-8b,memit,counterfact,13602,efficacy,diff,pre,-0.6155288905521212
llama3-8b,memit,counterfact,13602,efficacy,acc,pre,0.0
llama3-8b,memit,counterfact,13602,generalisation,success,pre,0.0
llama3-8b,memit,counterfact,13602,generalisation,diff,pre,-0.41263120812886195
llama3-8b,memit,counterfact,13602,generalisation,acc,pre,0.0
llama3-8b,memit,counterfact,13602,specificity,success,pre,0.0
llama3-8b,memit,counterfact,13602,specificity,diff,pre,-0.12217465330431618
llama3-8b,memit,counterfact,13602,specificity,acc,pre,0.3
llama3-8b,memit,counterfact,13602,target_close_neighbour,success,pre,0.6
llama3-8b,memit,counterfact,13602,target_close_neighbour,diff,pre,0.005842643490883396
llama3-8b,memit,counterfact,13602,target_close_neighbour,acc,pre,0.0
llama3-8b,memit,counterfact,13602,efficacy,success,post,1.0
llama3-8b,memit,counterfact,13602,efficacy,diff,post,0.9976403828741542
llama3-8b,memit,counterfact,13602,efficacy,acc,post,1.0
llama3-8b,memit,counterfact,13602,generalisation,success,post,1.0
llama3-8b,memit,counterfact,13602,generalisation,diff,post,0.45286501718236627
llama3-8b,memit,counterfact,13602,generalisation,acc,post,0.5
llama3-8b,memit,counterfact,13602,specificity,success,post,0.0
llama3-8b,memit,counterfact,13602,specificity,diff,post,-0.12007681690517838
llama3-8b,memit,counterfact,13602,specificity,acc,post,0.3
llama3-8b,memit,counterfact,13602,target_close_neighbour,success,post,0.6
llama3-8b,memit,counterfact,13602,target_close_neighbour,diff,post,0.0060077111513818
llama3-8b,memit,counterfact,13602,target_close_neighbour,acc,post,0.0
llama3-8b,memit,counterfact,15471,efficacy,success,pre,0.0
llama3-8b,memit,counterfact,15471,efficacy,diff,pre,-0.6669175157751096
llama3-8b,memit,counterfact,15471,efficacy,acc,pre,0.0
llama3-8b,memit,counterfact,15471,generalisation,success,pre,0.0
llama3-8b,memit,counterfact,15471,generalisation,diff,pre,-0.06229730567816152
llama3-8b,memit,counterfact,15471,generalisation,acc,pre,0.0
llama3-8b,memit,counterfact,15471,specificity,success,pre,0.0
llama3-8b,memit,counterfact,15471,specificity,diff,pre,-0.1807563395595974
llama3-8b,memit,counterfact,15471,specificity,acc,pre,0.1
llama3-8b,memit,counterfact,15471,target_close_neighbour,success,pre,1.0
llama3-8b,memit,counterfact,15471,target_close_neighbour,diff,pre,0.3055848213424487
llama3-8b,memit,counterfact,15471,target_close_neighbour,acc,pre,0.3
llama3-8b,memit,counterfact,15471,efficacy,success,post,1.0
llama3-8b,memit,counterfact,15471,efficacy,diff,post,0.9559182966706207
llama3-8b,memit,counterfact,15471,efficacy,acc,post,1.0
llama3-8b,memit,counterfact,15471,generalisation,success,post,1.0
llama3-8b,memit,counterfact,15471,generalisation,diff,post,0.0078010363368755265
llama3-8b,memit,counterfact,15471,generalisation,acc,post,0.0
llama3-8b,memit,counterfact,15471,specificity,success,post,0.1
llama3-8b,memit,counterfact,15471,specificity,diff,post,-0.13441549797438382
llama3-8b,memit,counterfact,15471,specificity,acc,post,0.1
llama3-8b,memit,counterfact,15471,target_close_neighbour,success,post,1.0
llama3-8b,memit,counterfact,15471,target_close_neighbour,diff,post,0.30629936970519106
llama3-8b,memit,counterfact,15471,target_close_neighbour,acc,post,0.3
llama3-8b,memit,counterfact,4190,efficacy,success,pre,0.0
llama3-8b,memit,counterfact,4190,efficacy,diff,pre,-0.00022705900092201566
llama3-8b,memit,counterfact,4190,efficacy,acc,pre,0.0
llama3-8b,memit,counterfact,4190,generalisation,success,pre,0.0
llama3-8b,memit,counterfact,4190,generalisation,diff,pre,-0.007124696624437538
llama3-8b,memit,counterfact,4190,generalisation,acc,pre,0.0
llama3-8b,memit,counterfact,4190,specificity,success,pre,0.2
llama3-8b,memit,counterfact,4190,specificity,diff,pre,-0.012983911497050823
llama3-8b,memit,counterfact,4190,specificity,acc,pre,0.0
llama3-8b,memit,counterfact,4190,target_close_neighbour,success,pre,0.8
llama3-8b,memit,counterfact,4190,target_close_neighbour,diff,pre,0.017374404549024988
llama3-8b,memit,counterfact,4190,target_close_neighbour,acc,pre,0.0
llama3-8b,memit,counterfact,4190,efficacy,success,post,1.0
llama3-8b,memit,counterfact,4190,efficacy,diff,post,0.9987071683399814
llama3-8b,memit,counterfact,4190,efficacy,acc,post,1.0
llama3-8b,memit,counterfact,4190,generalisation,success,post,0.0
llama3-8b,memit,counterfact,4190,generalisation,diff,post,-0.01398120564719677
llama3-8b,memit,counterfact,4190,generalisation,acc,post,0.0
llama3-8b,memit,counterfact,4190,specificity,success,post,0.2
llama3-8b,memit,counterfact,4190,specificity,diff,post,-0.0141092519969989
llama3-8b,memit,counterfact,4190,specificity,acc,post,0.0
llama3-8b,memit,counterfact,4190,target_close_neighbour,success,post,0.8
llama3-8b,memit,counterfact,4190,target_close_neighbour,diff,post,0.01801246087637771
llama3-8b,memit,counterfact,4190,target_close_neighbour,acc,post,0.0
llama3-8b,memit,counterfact,2414,efficacy,success,pre,0.0
llama3-8b,memit,counterfact,2414,efficacy,diff,pre,-4.509402744198303e-05
llama3-8b,memit,counterfact,2414,efficacy,acc,pre,0.0
llama3-8b,memit,counterfact,2414,generalisation,success,pre,0.0
llama3-8b,memit,counterfact,2414,generalisation,diff,pre,-0.0004828513395791846
llama3-8b,memit,counterfact,2414,generalisation,acc,pre,0.0
llama3-8b,memit,counterfact,2414,specificity,success,pre,0.0
llama3-8b,memit,counterfact,2414,specificity,diff,pre,-0.001684303366971816
llama3-8b,memit,counterfact,2414,specificity,acc,pre,0.0
llama3-8b,memit,counterfact,2414,target_close_neighbour,success,pre,1.0
llama3-8b,memit,counterfact,2414,target_close_neighbour,diff,pre,0.0013511752216636053
llama3-8b,memit,counterfact,2414,target_close_neighbour,acc,pre,0.0
llama3-8b,memit,counterfact,2414,efficacy,success,post,1.0
llama3-8b,memit,counterfact,2414,efficacy,diff,post,0.9992335397147196
llama3-8b,memit,counterfact,2414,efficacy,acc,post,1.0
llama3-8b,memit,counterfact,2414,generalisation,success,post,1.0
llama3-8b,memit,counterfact,2414,generalisation,diff,post,0.0014526561965125086
llama3-8b,memit,counterfact,2414,generalisation,acc,post,0.0
llama3-8b,memit,counterfact,2414,specificity,success,post,0.0
llama3-8b,memit,counterfact,2414,specificity,diff,post,-0.0019107629687458861
llama3-8b,memit,counterfact,2414,specificity,acc,post,0.0
llama3-8b,memit,counterfact,2414,target_close_neighbour,success,post,1.0
llama3-8b,memit,counterfact,2414,target_close_neighbour,diff,post,0.0013553597374583687
llama3-8b,memit,counterfact,2414,target_close_neighbour,acc,post,0.0
llama3-8b,memit,genie,narrative_location_456,efficacy,success,pre,0.0
llama3-8b,memit,genie,narrative_location_456,efficacy,diff,pre,-0.08049360607663233
llama3-8b,memit,genie,narrative_location_456,efficacy,acc,pre,0.3333333333333333
llama3-8b,memit,genie,narrative_location_456,paraphrase_1,success,pre,0.0
llama3-8b,memit,genie,narrative_location_456,paraphrase_1,diff,pre,-0.15969041131720813
llama3-8b,memit,genie,narrative_location_456,paraphrase_1,acc,pre,0.5
llama3-8b,memit,genie,narrative_location_456,paraphrase_2,success,pre,0.0
llama3-8b,memit,genie,narrative_location_456,paraphrase_2,diff,pre,-0.1375444092252735
llama3-8b,memit,genie,narrative_location_456,paraphrase_2,acc,pre,0.3333333333333333
llama3-8b,memit,genie,narrative_location_456,paraphrase_3,success,pre,1.0
llama3-8b,memit,genie,narrative_location_456,paraphrase_3,diff,pre,0.014269455807106191
llama3-8b,memit,genie,narrative_location_456,paraphrase_3,acc,pre,0.3333333333333333
llama3-8b,memit,genie,narrative_location_456,abstract_1,success,pre,1.0
llama3-8b,memit,genie,narrative_location_456,abstract_1,diff,pre,0.005625066259197897
llama3-8b,memit,genie,narrative_location_456,abstract_1,acc,pre,1.0
llama3-8b,memit,genie,narrative_location_456,abstract_2,hit,pre,0.0
llama3-8b,memit,genie,narrative_location_456,abstract_3,hit,pre,0.0
llama3-8b,memit,genie,narrative_location_456,efficacy,success,post,1.0
llama3-8b,memit,genie,narrative_location_456,efficacy,diff,post,0.9967177563053543
llama3-8b,memit,genie,narrative_location_456,efficacy,acc,post,1.0
llama3-8b,memit,genie,narrative_location_456,paraphrase_1,success,post,1.0
llama3-8b,memit,genie,narrative_location_456,paraphrase_1,diff,post,0.9228923924344358
llama3-8b,memit,genie,narrative_location_456,paraphrase_1,acc,post,1.0
llama3-8b,memit,genie,narrative_location_456,paraphrase_2,success,post,1.0
llama3-8b,memit,genie,narrative_location_456,paraphrase_2,diff,post,0.8946945626729361
llama3-8b,memit,genie,narrative_location_456,paraphrase_2,acc,post,1.0
llama3-8b,memit,genie,narrative_location_456,paraphrase_3,success,post,1.0
llama3-8b,memit,genie,narrative_location_456,paraphrase_3,diff,post,0.5259299279846168
llama3-8b,memit,genie,narrative_location_456,paraphrase_3,acc,post,0.8333333333333334
llama3-8b,memit,genie,narrative_location_456,abstract_1,success,post,1.0
llama3-8b,memit,genie,narrative_location_456,abstract_1,diff,post,0.015340298975613564
llama3-8b,memit,genie,narrative_location_456,abstract_1,acc,post,1.0
llama3-8b,memit,genie,narrative_location_456,abstract_2,hit,post,1.0
llama3-8b,memit,genie,narrative_location_456,abstract_3,hit,post,0.0
llama3-8b,memit,genie,composer_4080,efficacy,success,pre,0.0
llama3-8b,memit,genie,composer_4080,efficacy,diff,pre,-0.4007431940153939
llama3-8b,memit,genie,composer_4080,efficacy,acc,pre,0.75
llama3-8b,memit,genie,composer_4080,paraphrase_1,success,pre,0.0
llama3-8b,memit,genie,composer_4080,paraphrase_1,diff,pre,-0.4439451228419754
llama3-8b,memit,genie,composer_4080,paraphrase_1,acc,pre,0.75
llama3-8b,memit,genie,composer_4080,paraphrase_2,success,pre,0.0
llama3-8b,memit,genie,composer_4080,paraphrase_2,diff,pre,-0.6234903774266172
llama3-8b,memit,genie,composer_4080,paraphrase_2,acc,pre,0.75
llama3-8b,memit,genie,composer_4080,paraphrase_3,success,pre,0.0
llama3-8b,memit,genie,composer_4080,paraphrase_3,diff,pre,-0.5726322610621903
llama3-8b,memit,genie,composer_4080,paraphrase_3,acc,pre,0.75
llama3-8b,memit,genie,composer_4080,abstract_1,success,pre,0.0
llama3-8b,memit,genie,composer_4080,abstract_1,diff,pre,-0.2069999968667866
llama3-8b,memit,genie,composer_4080,abstract_1,acc,pre,0.7142857142857143
llama3-8b,memit,genie,composer_4080,abstract_2,hit,pre,0.0
llama3-8b,memit,genie,composer_4080,abstract_3,hit,pre,0.0
llama3-8b,memit,genie,composer_4080,efficacy,success,post,1.0
llama3-8b,memit,genie,composer_4080,efficacy,diff,post,0.9996410096091999
llama3-8b,memit,genie,composer_4080,efficacy,acc,post,1.0
llama3-8b,memit,genie,composer_4080,paraphrase_1,success,post,1.0
llama3-8b,memit,genie,composer_4080,paraphrase_1,diff,post,0.8138840954194281
llama3-8b,memit,genie,composer_4080,paraphrase_1,acc,post,1.0
llama3-8b,memit,genie,composer_4080,paraphrase_2,success,post,1.0
llama3-8b,memit,genie,composer_4080,paraphrase_2,diff,post,0.7017408400887097
llama3-8b,memit,genie,composer_4080,paraphrase_2,acc,post,1.0
llama3-8b,memit,genie,composer_4080,paraphrase_3,success,post,1.0
llama3-8b,memit,genie,composer_4080,paraphrase_3,diff,post,0.8086125591914829
llama3-8b,memit,genie,composer_4080,paraphrase_3,acc,post,1.0
llama3-8b,memit,genie,composer_4080,abstract_1,success,post,0.0
llama3-8b,memit,genie,composer_4080,abstract_1,diff,post,-0.21329569532164572
llama3-8b,memit,genie,composer_4080,abstract_1,acc,post,0.7142857142857143
llama3-8b,memit,genie,composer_4080,abstract_2,hit,post,0.0
llama3-8b,memit,genie,composer_4080,abstract_3,hit,post,0.0
llama3-8b,memit,genie,continent_5352,efficacy,success,pre,0.0
llama3-8b,memit,genie,continent_5352,efficacy,diff,pre,-0.4872784388068407
llama3-8b,memit,genie,continent_5352,efficacy,acc,pre,0.0
llama3-8b,memit,genie,continent_5352,paraphrase_1,success,pre,0.0
llama3-8b,memit,genie,continent_5352,paraphrase_1,diff,pre,-0.01330095428986822
llama3-8b,memit,genie,continent_5352,paraphrase_1,acc,pre,0.0
llama3-8b,memit,genie,continent_5352,paraphrase_2,success,pre,0.0
llama3-8b,memit,genie,continent_5352,paraphrase_2,diff,pre,-0.5043399439706028
llama3-8b,memit,genie,continent_5352,paraphrase_2,acc,pre,0.0
llama3-8b,memit,genie,continent_5352,paraphrase_3,success,pre,0.0
llama3-8b,memit,genie,continent_5352,paraphrase_3,diff,pre,-0.46093523760613775
llama3-8b,memit,genie,continent_5352,paraphrase_3,acc,pre,0.0
llama3-8b,memit,genie,continent_5352,abstract_1,success,pre,0.0
llama3-8b,memit,genie,continent_5352,abstract_1,diff,pre,-0.08533904596058145
llama3-8b,memit,genie,continent_5352,abstract_1,acc,pre,0.0
llama3-8b,memit,genie,continent_5352,abstract_3,hit,pre,0.0
llama3-8b,memit,genie,continent_5352,efficacy,success,post,1.0
llama3-8b,memit,genie,continent_5352,efficacy,diff,post,0.9997534834144635
llama3-8b,memit,genie,continent_5352,efficacy,acc,post,1.0
llama3-8b,memit,genie,continent_5352,paraphrase_1,success,post,0.0
llama3-8b,memit,genie,continent_5352,paraphrase_1,diff,post,-0.02100074329317473
llama3-8b,memit,genie,continent_5352,paraphrase_1,acc,post,0.0
llama3-8b,memit,genie,continent_5352,paraphrase_2,success,post,1.0
llama3-8b,memit,genie,continent_5352,paraphrase_2,diff,post,0.36014870628048135
llama3-8b,memit,genie,continent_5352,paraphrase_2,acc,post,1.0
llama3-8b,memit,genie,continent_5352,paraphrase_3,success,post,0.0
llama3-8b,memit,genie,continent_5352,paraphrase_3,diff,post,-0.015889001169236444
llama3-8b,memit,genie,continent_5352,paraphrase_3,acc,post,0.5
llama3-8b,memit,genie,continent_5352,abstract_1,success,post,0.0
llama3-8b,memit,genie,continent_5352,abstract_1,diff,post,-0.007294096117013843
llama3-8b,memit,genie,continent_5352,abstract_1,acc,post,0.0
llama3-8b,memit,genie,continent_5352,abstract_3,hit,post,0.0
llama3-8b,memit,genie,composer_5053,efficacy,success,pre,0.0
llama3-8b,memit,genie,composer_5053,efficacy,diff,pre,-0.6262752690472206
llama3-8b,memit,genie,composer_5053,efficacy,acc,pre,0.6
llama3-8b,memit,genie,composer_5053,paraphrase_1,success,pre,0.0
llama3-8b,memit,genie,composer_5053,paraphrase_1,diff,pre,-0.7735601474700613
llama3-8b,memit,genie,composer_5053,paraphrase_1,acc,pre,0.6
llama3-8b,memit,genie,composer_5053,paraphrase_2,success,pre,0.0
llama3-8b,memit,genie,composer_5053,paraphrase_2,diff,pre,-0.8395712227903709
llama3-8b,memit,genie,composer_5053,paraphrase_2,acc,pre,0.6
llama3-8b,memit,genie,composer_5053,paraphrase_3,success,pre,0.0
llama3-8b,memit,genie,composer_5053,paraphrase_3,diff,pre,-0.6745106715201599
llama3-8b,memit,genie,composer_5053,paraphrase_3,acc,pre,0.6
llama3-8b,memit,genie,composer_5053,hop_1,success,pre,0.0
llama3-8b,memit,genie,composer_5053,hop_1,diff,pre,-0.016315730675403005
llama3-8b,memit,genie,composer_5053,hop_1,acc,pre,0.3333333333333333
llama3-8b,memit,genie,composer_5053,abstract_1,success,pre,1.0
llama3-8b,memit,genie,composer_5053,abstract_1,diff,pre,0.17073434639683638
llama3-8b,memit,genie,composer_5053,abstract_1,acc,pre,1.0
llama3-8b,memit,genie,composer_5053,abstract_2,hit,pre,0.0
llama3-8b,memit,genie,composer_5053,abstract_3,hit,pre,0.0
llama3-8b,memit,genie,composer_5053,efficacy,success,post,1.0
llama3-8b,memit,genie,composer_5053,efficacy,diff,post,0.927322858454062
llama3-8b,memit,genie,composer_5053,efficacy,acc,post,1.0
llama3-8b,memit,genie,composer_5053,paraphrase_1,success,post,1.0
llama3-8b,memit,genie,composer_5053,paraphrase_1,diff,post,0.33000259366356866
llama3-8b,memit,genie,composer_5053,paraphrase_1,acc,post,1.0
llama3-8b,memit,genie,composer_5053,paraphrase_2,success,post,1.0
llama3-8b,memit,genie,composer_5053,paraphrase_2,diff,post,0.5053519403129844
llama3-8b,memit,genie,composer_5053,paraphrase_2,acc,post,1.0
llama3-8b,memit,genie,composer_5053,paraphrase_3,success,post,1.0
llama3-8b,memit,genie,composer_5053,paraphrase_3,diff,post,0.7138740009146045
llama3-8b,memit,genie,composer_5053,paraphrase_3,acc,post,1.0
llama3-8b,memit,genie,composer_5053,hop_1,success,post,1.0
llama3-8b,memit,genie,composer_5053,hop_1,diff,post,0.038237180199930554
llama3-8b,memit,genie,composer_5053,hop_1,acc,post,0.3333333333333333
llama3-8b,memit,genie,composer_5053,abstract_1,success,post,1.0
llama3-8b,memit,genie,composer_5053,abstract_1,diff,post,0.17777588383376208
llama3-8b,memit,genie,composer_5053,abstract_1,acc,post,1.0
llama3-8b,memit,genie,composer_5053,abstract_2,hit,post,1.0
llama3-8b,memit,genie,composer_5053,abstract_3,hit,post,1.0
llama3-8b,memit,genie,production_company_5845,efficacy,success,pre,1.0
llama3-8b,memit,genie,production_company_5845,efficacy,diff,pre,0.00450089816100217
llama3-8b,memit,genie,production_company_5845,efficacy,acc,pre,0.25
llama3-8b,memit,genie,production_company_5845,paraphrase_1,success,pre,0.0
llama3-8b,memit,genie,production_company_5845,paraphrase_1,diff,pre,-0.06637984662674981
llama3-8b,memit,genie,production_company_5845,paraphrase_1,acc,pre,0.5
llama3-8b,memit,genie,production_company_5845,paraphrase_2,success,pre,1.0
llama3-8b,memit,genie,production_company_5845,paraphrase_2,diff,pre,0.02353977454782048
llama3-8b,memit,genie,production_company_5845,paraphrase_2,acc,pre,0.5
llama3-8b,memit,genie,production_company_5845,paraphrase_3,success,pre,1.0
llama3-8b,memit,genie,production_company_5845,paraphrase_3,diff,pre,0.009470323305398848
llama3-8b,memit,genie,production_company_5845,paraphrase_3,acc,pre,0.5
llama3-8b,memit,genie,production_company_5845,abstract_2,hit,pre,0.0
llama3-8b,memit,genie,production_company_5845,abstract_3,hit,pre,0.0
llama3-8b,memit,genie,production_company_5845,efficacy,success,post,1.0
llama3-8b,memit,genie,production_company_5845,efficacy,diff,post,0.9936921809554192
llama3-8b,memit,genie,production_company_5845,efficacy,acc,post,1.0
llama3-8b,memit,genie,production_company_5845,paraphrase_1,success,post,1.0
llama3-8b,memit,genie,production_company_5845,paraphrase_1,diff,post,0.024754931359833574
llama3-8b,memit,genie,production_company_5845,paraphrase_1,acc,post,0.75
llama3-8b,memit,genie,production_company_5845,paraphrase_2,success,post,1.0
llama3-8b,memit,genie,production_company_5845,paraphrase_2,diff,post,0.03544949234001859
llama3-8b,memit,genie,production_company_5845,paraphrase_2,acc,post,0.5
llama3-8b,memit,genie,production_company_5845,paraphrase_3,success,post,1.0
llama3-8b,memit,genie,production_company_5845,paraphrase_3,diff,post,0.02574898506395698
llama3-8b,memit,genie,production_company_5845,paraphrase_3,acc,post,0.5
llama3-8b,memit,genie,production_company_5845,abstract_2,hit,post,0.0
llama3-8b,memit,genie,production_company_5845,abstract_3,hit,post,0.0
llama3-8b,memit,mquake,2640,efficacy,success,pre,0.0
llama3-8b,memit,mquake,2640,efficacy,diff,pre,-0.6316223117314133
llama3-8b,memit,mquake,2640,efficacy,acc,pre,0.44166666666666665
llama3-8b,memit,mquake,2640,single_hop,success,pre,0.0
llama3-8b,memit,mquake,2640,single_hop,diff,pre,-0.37190057609253696
llama3-8b,memit,mquake,2640,single_hop,acc,pre,0.6083333333333333
llama3-8b,memit,mquake,2640,multihop,hit,pre,0.0
llama3-8b,memit,mquake,2640,efficacy,success,post,1.0
llama3-8b,memit,mquake,2640,efficacy,diff,post,0.8157065459437216
llama3-8b,memit,mquake,2640,efficacy,acc,post,1.0
llama3-8b,memit,mquake,2640,single_hop,success,post,1.0
llama3-8b,memit,mquake,2640,single_hop,diff,post,0.9218242396321108
llama3-8b,memit,mquake,2640,single_hop,acc,post,1.0
llama3-8b,memit,mquake,2640,multihop,hit,post,0.0
llama3-8b,memit,mquake,248,efficacy,success,pre,0.0
llama3-8b,memit,mquake,248,efficacy,diff,pre,-0.24774936000060668
llama3-8b,memit,mquake,248,efficacy,acc,pre,0.5555555555555556
llama3-8b,memit,mquake,248,single_hop,success,pre,0.0
llama3-8b,memit,mquake,248,single_hop,diff,pre,-0.5130771561580336
llama3-8b,memit,mquake,248,single_hop,acc,pre,0.2777777777777778
llama3-8b,memit,mquake,248,multihop,hit,pre,0.0
llama3-8b,memit,mquake,248,efficacy,success,post,1.0
llama3-8b,memit,mquake,248,efficacy,diff,post,0.9923562617192624
llama3-8b,memit,mquake,248,efficacy,acc,post,1.0
llama3-8b,memit,mquake,248,single_hop,success,post,1.0
llama3-8b,memit,mquake,248,single_hop,diff,post,0.912135068724359
llama3-8b,memit,mquake,248,single_hop,acc,post,0.5
llama3-8b,memit,mquake,248,multihop,hit,post,0.3333333333333333
llama3-8b,memit,mquake,2121,efficacy,success,pre,0.0
llama3-8b,memit,mquake,2121,efficacy,diff,pre,-0.8967147485639164
llama3-8b,memit,mquake,2121,efficacy,acc,pre,0.5714285714285714
llama3-8b,memit,mquake,2121,single_hop,success,pre,0.0
llama3-8b,memit,mquake,2121,single_hop,diff,pre,-0.863439277800544
llama3-8b,memit,mquake,2121,single_hop,acc,pre,0.8666666666666667
llama3-8b,memit,mquake,2121,multihop,hit,pre,0.0
llama3-8b,memit,mquake,2121,efficacy,success,post,1.0
llama3-8b,memit,mquake,2121,efficacy,diff,post,0.9604265287689452
llama3-8b,memit,mquake,2121,efficacy,acc,post,1.0
llama3-8b,memit,mquake,2121,single_hop,success,post,1.0
llama3-8b,memit,mquake,2121,single_hop,diff,post,0.9604265287689452
llama3-8b,memit,mquake,2121,single_hop,acc,post,1.0
llama3-8b,memit,mquake,2121,multihop,hit,post,0.0
llama3-8b,memit,mquake,825,efficacy,success,pre,0.0
llama3-8b,memit,mquake,825,efficacy,diff,pre,-0.7982558410463397
llama3-8b,memit,mquake,825,efficacy,acc,pre,0.16666666666666666
llama3-8b,memit,mquake,825,single_hop,success,pre,0.0
llama3-8b,memit,mquake,825,single_hop,diff,pre,-0.9148615265718338
llama3-8b,memit,mquake,825,single_hop,acc,pre,0.16666666666666666
llama3-8b,memit,mquake,825,multihop,hit,pre,0.0
llama3-8b,memit,mquake,825,efficacy,success,post,1.0
llama3-8b,memit,mquake,825,efficacy,diff,post,0.8468183844666489
llama3-8b,memit,mquake,825,efficacy,acc,post,0.8333333333333333
llama3-8b,memit,mquake,825,single_hop,success,post,1.0
llama3-8b,memit,mquake,825,single_hop,diff,post,0.9589741408755585
llama3-8b,memit,mquake,825,single_hop,acc,post,0.8333333333333333
llama3-8b,memit,mquake,825,multihop,hit,post,0.0
llama3-8b,memit,mquake,2014,efficacy,success,pre,0.0
llama3-8b,memit,mquake,2014,efficacy,diff,pre,-0.28405728879259157
llama3-8b,memit,mquake,2014,efficacy,acc,pre,0.30952380952380953
llama3-8b,memit,mquake,2014,single_hop,success,pre,0.0
llama3-8b,memit,mquake,2014,single_hop,diff,pre,-0.31048232770598333
llama3-8b,memit,mquake,2014,single_hop,acc,pre,0.5873015873015873
llama3-8b,memit,mquake,2014,multihop,hit,pre,0.0
llama3-8b,memit,mquake,2014,efficacy,success,post,1.0
llama3-8b,memit,mquake,2014,efficacy,diff,post,0.8460306697243221
llama3-8b,memit,mquake,2014,efficacy,acc,post,1.0
llama3-8b,memit,mquake,2014,single_hop,success,post,1.0
llama3-8b,memit,mquake,2014,single_hop,diff,post,0.9093574827625467
llama3-8b,memit,mquake,2014,single_hop,acc,post,1.0
llama3-8b,memit,mquake,2014,multihop,hit,post,0.0
llama3-8b,memit,ripple,ripple_popular_row657,efficacy,hit,pre,0.0
llama3-8b,memit,ripple,ripple_popular_row657,ripple_relation_specificity,hit,pre,1.0
llama3-8b,memit,ripple,ripple_popular_row657,efficacy,hit,post,1.0
llama3-8b,memit,ripple,ripple_popular_row657,ripple_relation_specificity,hit,post,0.5
llama3-8b,memit,ripple,ripple_popular_row839,efficacy,hit,pre,0.0
llama3-8b,memit,ripple,ripple_popular_row839,ripple_relation_specificity,hit,pre,1.0
llama3-8b,memit,ripple,ripple_popular_row839,efficacy,hit,post,1.0
llama3-8b,memit,ripple,ripple_popular_row839,ripple_relation_specificity,hit,post,0.0
llama3-8b,memit,ripple,ripple_popular_row792,efficacy,hit,pre,0.0
llama3-8b,memit,ripple,ripple_popular_row792,ripple_compositional_i,hit,pre,0.0
llama3-8b,memit,ripple,ripple_popular_row792,efficacy,hit,post,1.0
llama3-8b,memit,ripple,ripple_popular_row792,ripple_compositional_i,hit,post,0.0
llama3-8b,memit,ripple,ripple_popular_row778,efficacy,hit,pre,0.0
llama3-8b,memit,ripple,ripple_popular_row778,ripple_logical,hit,pre,0.0
llama3-8b,memit,ripple,ripple_popular_row778,ripple_compositional_i,hit,pre,0.0
llama3-8b,memit,ripple,ripple_popular_row778,ripple_relation_specificity,hit,pre,1.0
llama3-8b,memit,ripple,ripple_popular_row778,ripple_preservation,hit,pre,1.0
llama3-8b,memit,ripple,ripple_popular_row778,efficacy,hit,post,1.0
llama3-8b,memit,ripple,ripple_popular_row778,ripple_logical,hit,post,0.0
llama3-8b,memit,ripple,ripple_popular_row778,ripple_compositional_i,hit,post,0.0
llama3-8b,memit,ripple,ripple_popular_row778,ripple_relation_specificity,hit,post,0.375
llama3-8b,memit,ripple,ripple_popular_row778,ripple_preservation,hit,post,0.0
llama3-8b,memit,ripple,ripple_popular_row846,efficacy,hit,pre,0.0
llama3-8b,memit,ripple,ripple_popular_row846,ripple_compositional_i,hit,pre,0.0
llama3-8b,memit,ripple,ripple_popular_row846,ripple_relation_specificity,hit,pre,1.0
llama3-8b,memit,ripple,ripple_popular_row846,ripple_preservation,hit,pre,1.0
llama3-8b,memit,ripple,ripple_popular_row846,efficacy,hit,post,1.0
llama3-8b,memit,ripple,ripple_popular_row846,ripple_compositional_i,hit,post,0.0
llama3-8b,memit,ripple,ripple_popular_row846,ripple_relation_specificity,hit,post,0.5
llama3-8b,memit,ripple,ripple_popular_row846,ripple_preservation,hit,post,0.0
llama3-8b,memit,ripple,ripple_random_row1742,efficacy,hit,pre,0.0
llama3-8b,memit,ripple,ripple_random_row1742,ripple_relation_specificity,hit,pre,1.0
llama3-8b,memit,ripple,ripple_random_row1742,efficacy,hit,post,1.0
llama3-8b,memit,ripple,ripple_random_row1742,ripple_relation_specificity,hit,post,1.0
llama3-8b,memit,ripple,ripple_random_row1584,efficacy,hit,pre,0.0
llama3-8b,memit,ripple,ripple_random_row1584,efficacy,hit,post,1.0
llama3-8b,memit,ripple,ripple_random_row1799,efficacy,hit,pre,0.0
llama3-8b,memit,ripple,ripple_random_row1799,efficacy,hit,post,1.0
llama3-8b,memit,ripple,ripple_random_row1627,efficacy,hit,pre,0.0
llama3-8b,memit,ripple,ripple_random_row1627,ripple_relation_specificity,hit,pre,1.0
llama3-8b,memit,ripple,ripple_random_row1627,efficacy,hit,post,1.0
llama3-8b,memit,ripple,ripple_random_row1627,ripple_relation_specificity,hit,post,1.0
llama3-8b,memit,ripple,ripple_random_row1806,efficacy,hit,pre,0.0
llama3-8b,memit,ripple,ripple_random_row1806,ripple_relation_specificity,hit,pre,1.0
llama3-8b,memit,ripple,ripple_random_row1806,efficacy,hit,post,1.0
llama3-8b,memit,ripple,ripple_random_row1806,ripple_relation_specificity,hit,post,1.0
llama3-8b,memit,zsre,zsre_row18114,efficacy,success,pre,0.0
llama3-8b,memit,zsre,zsre_row18114,efficacy,diff,pre,-0.004395026300653871
llama3-8b,memit,zsre,zsre_row18114,efficacy,acc,pre,0.5
llama3-8b,memit,zsre,zsre_row18114,generalisation,success,pre,0.0
llama3-8b,memit,zsre,zsre_row18114,generalisation,diff,pre,-0.0016621961220674424
llama3-8b,memit,zsre,zsre_row18114,generalisation,acc,pre,0.5
llama3-8b,memit,zsre,zsre_row18114,specificity,success,pre,0.0
llama3-8b,memit,zsre,zsre_row18114,specificity,diff,pre,-0.007592391619766185
llama3-8b,memit,zsre,zsre_row18114,specificity,acc,pre,0.25
llama3-8b,memit,zsre,zsre_row18114,efficacy,success,post,1.0
llama3-8b,memit,zsre,zsre_row18114,efficacy,diff,post,0.9955005045714911
llama3-8b,memit,zsre,zsre_row18114,efficacy,acc,post,1.0
llama3-8b,memit,zsre,zsre_row18114,generalisation,success,post,1.0
llama3-8b,memit,zsre,zsre_row18114,generalisation,diff,post,0.9956241879280092
llama3-8b,memit,zsre,zsre_row18114,generalisation,acc,post,1.0
llama3-8b,memit,zsre,zsre_row18114,specificity,success,post,0.0
llama3-8b,memit,zsre,zsre_row18114,specificity,diff,post,-0.007723273210622451
llama3-8b,memit,zsre,zsre_row18114,specificity,acc,post,0.25
llama3-8b,memit,zsre,zsre_row10337,efficacy,success,pre,1.0
llama3-8b,memit,zsre,zsre_row10337,efficacy,diff,pre,0.007788141020765143
llama3-8b,memit,zsre,zsre_row10337,efficacy,acc,pre,0.3333333333333333
llama3-8b,memit,zsre,zsre_row10337,generalisation,success,pre,0.0
llama3-8b,memit,zsre,zsre_row10337,generalisation,diff,pre,-0.011987947567869042
llama3-8b,memit,zsre,zsre_row10337,generalisation,acc,pre,0.3333333333333333
llama3-8b,memit,zsre,zsre_row10337,specificity,success,pre,1.0
llama3-8b,memit,zsre,zsre_row10337,specificity,diff,pre,0.00014157568813410727
llama3-8b,memit,zsre,zsre_row10337,specificity,acc,pre,0.0
llama3-8b,memit,zsre,zsre_row10337,efficacy,success,post,1.0
llama3-8b,memit,zsre,zsre_row10337,efficacy,diff,post,0.9835271504818377
llama3-8b,memit,zsre,zsre_row10337,efficacy,acc,post,1.0
llama3-8b,memit,zsre,zsre_row10337,generalisation,success,post,1.0
llama3-8b,memit,zsre,zsre_row10337,generalisation,diff,post,0.9560675383639623
llama3-8b,memit,zsre,zsre_row10337,generalisation,acc,post,1.0
llama3-8b,memit,zsre,zsre_row10337,specificity,success,post,1.0
llama3-8b,memit,zsre,zsre_row10337,specificity,diff,post,0.00014534290132666556
llama3-8b,memit,zsre,zsre_row10337,specificity,acc,post,0.0
llama3-8b,memit,zsre,zsre_row11396,efficacy,success,pre,1.0
llama3-8b,memit,zsre,zsre_row11396,efficacy,diff,pre,0.13924220132368065
llama3-8b,memit,zsre,zsre_row11396,efficacy,acc,pre,0.8
llama3-8b,memit,zsre,zsre_row11396,generalisation,success,pre,1.0
llama3-8b,memit,zsre,zsre_row11396,generalisation,diff,pre,0.13661925513677772
llama3-8b,memit,zsre,zsre_row11396,generalisation,acc,pre,0.6
llama3-8b,memit,zsre,zsre_row11396,specificity,success,pre,0.0
llama3-8b,memit,zsre,zsre_row11396,specificity,diff,pre,-0.043698839669367204
llama3-8b,memit,zsre,zsre_row11396,specificity,acc,pre,0.3333333333333333
llama3-8b,memit,zsre,zsre_row11396,efficacy,success,post,1.0
llama3-8b,memit,zsre,zsre_row11396,efficacy,diff,post,0.9880143945197771
llama3-8b,memit,zsre,zsre_row11396,efficacy,acc,post,1.0
llama3-8b,memit,zsre,zsre_row11396,generalisation,success,post,1.0
llama3-8b,memit,zsre,zsre_row11396,generalisation,diff,post,0.515345264222051
llama3-8b,memit,zsre,zsre_row11396,generalisation,acc,post,0.8
llama3-8b,memit,zsre,zsre_row11396,specificity,success,post,0.0
llama3-8b,memit,zsre,zsre_row11396,specificity,diff,post,-0.044795292487148725
llama3-8b,memit,zsre,zsre_row11396,specificity,acc,post,0.3333333333333333
llama3-8b,memit,zsre,zsre_row12562,efficacy,success,pre,0.0
llama3-8b,memit,zsre,zsre_row12562,efficacy,diff,pre,-0.1182631082477501
llama3-8b,memit,zsre,zsre_row12562,efficacy,acc,pre,0.5
llama3-8b,memit,zsre,zsre_row12562,generalisation,success,pre,0.0
llama3-8b,memit,zsre,zsre_row12562,generalisation,diff,pre,-0.24669185020226614
llama3-8b,memit,zsre,zsre_row12562,generalisation,acc,pre,0.5
llama3-8b,memit,zsre,zsre_row12562,specificity,success,pre,0.0
llama3-8b,memit,zsre,zsre_row12562,specificity,diff,pre,-0.21400219461509531
llama3-8b,memit,zsre,zsre_row12562,specificity,acc,pre,0.6666666666666666
llama3-8b,memit,zsre,zsre_row12562,efficacy,success,post,1.0
llama3-8b,memit,zsre,zsre_row12562,efficacy,diff,post,0.96763863714272
llama3-8b,memit,zsre,zsre_row12562,efficacy,acc,post,1.0
llama3-8b,memit,zsre,zsre_row12562,generalisation,success,post,1.0
llama3-8b,memit,zsre,zsre_row12562,generalisation,diff,post,0.1639457567273342
llama3-8b,memit,zsre,zsre_row12562,generalisation,acc,post,0.75
llama3-8b,memit,zsre,zsre_row12562,specificity,success,post,0.0
llama3-8b,memit,zsre,zsre_row12562,specificity,diff,post,-0.21324701387110476
llama3-8b,memit,zsre,zsre_row12562,specificity,acc,post,0.6666666666666666
llama3-8b,memit,zsre,zsre_row13330,efficacy,success,pre,0.0
llama3-8b,memit,zsre,zsre_row13330,efficacy,diff,pre,-0.00040008784079834873
llama3-8b,memit,zsre,zsre_row13330,efficacy,acc,pre,0.0
llama3-8b,memit,zsre,zsre_row13330,generalisation,success,pre,0.0
llama3-8b,memit,zsre,zsre_row13330,generalisation,diff,pre,-8.680629223848009e-05
llama3-8b,memit,zsre,zsre_row13330,generalisation,acc,pre,0.0
llama3-8b,memit,zsre,zsre_row13330,specificity,success,pre,0.0
llama3-8b,memit,zsre,zsre_row13330,specificity,diff,pre,-0.3684221921493258
llama3-8b,memit,zsre,zsre_row13330,specificity,acc,pre,0.8
llama3-8b,memit,zsre,zsre_row13330,efficacy,success,post,1.0
llama3-8b,memit,zsre,zsre_row13330,efficacy,diff,post,0.7605912011601451
llama3-8b,memit,zsre,zsre_row13330,efficacy,acc,post,1.0
llama3-8b,memit,zsre,zsre_row13330,generalisation,success,post,0.0
llama3-8b,memit,zsre,zsre_row13330,generalisation,diff,post,-0.00016948398327402
llama3-8b,memit,zsre,zsre_row13330,generalisation,acc,post,0.0
llama3-8b,memit,zsre,zsre_row13330,specificity,success,post,0.0
llama3-8b,memit,zsre,zsre_row13330,specificity,diff,post,-0.36913838627920825
llama3-8b,memit,zsre,zsre_row13330,specificity,acc,post,0.8
llama3-8b,remedi,counterfact,11983,efficacy,success,pre,0.0
llama3-8b,remedi,counterfact,11983,efficacy,diff,pre,-0.38056965488359984
llama3-8b,remedi,counterfact,11983,efficacy,acc,pre,0.0
llama3-8b,remedi,counterfact,11983,generalisation,success,pre,0.0
llama3-8b,remedi,counterfact,11983,generalisation,diff,pre,-0.30867411079036156
llama3-8b,remedi,counterfact,11983,generalisation,acc,pre,0.0
llama3-8b,remedi,counterfact,11983,specificity,success,pre,0.0
llama3-8b,remedi,counterfact,11983,specificity,diff,pre,-0.20202618826206736
llama3-8b,remedi,counterfact,11983,specificity,acc,pre,0.4
llama3-8b,remedi,counterfact,11983,target_close_neighbour,success,pre,1.0
llama3-8b,remedi,counterfact,11983,target_close_neighbour,diff,pre,0.4026577043117934
llama3-8b,remedi,counterfact,11983,target_close_neighbour,acc,pre,0.7
llama3-8b,remedi,counterfact,11983,efficacy,success,post,0.0
llama3-8b,remedi,counterfact,11983,efficacy,diff,post,-0.018429003741913478
llama3-8b,remedi,counterfact,11983,efficacy,acc,post,0.0
llama3-8b,remedi,counterfact,11983,generalisation,success,post,0.5
llama3-8b,remedi,counterfact,11983,generalisation,diff,post,-0.04486123646768779
llama3-8b,remedi,counterfact,11983,generalisation,acc,post,0.0
llama3-8b,remedi,counterfact,11983,specificity,success,post,0.0
llama3-8b,remedi,counterfact,11983,specificity,diff,post,-0.20202618826206736
llama3-8b,remedi,counterfact,11983,specificity,acc,post,0.4
llama3-8b,remedi,counterfact,11983,target_close_neighbour,success,post,1.0
llama3-8b,remedi,counterfact,11983,target_close_neighbour,diff,post,0.4026577043117934
llama3-8b,remedi,counterfact,11983,target_close_neighbour,acc,post,0.7
llama3-8b,remedi,counterfact,13602,efficacy,success,pre,0.0
llama3-8b,remedi,counterfact,13602,efficacy,diff,pre,-0.6155288905521212
llama3-8b,remedi,counterfact,13602,efficacy,acc,pre,0.0
llama3-8b,remedi,counterfact,13602,generalisation,success,pre,0.0
llama3-8b,remedi,counterfact,13602,generalisation,diff,pre,-0.41263120812886195
llama3-8b,remedi,counterfact,13602,generalisation,acc,pre,0.0
llama3-8b,remedi,counterfact,13602,specificity,success,pre,0.0
llama3-8b,remedi,counterfact,13602,specificity,diff,pre,-0.12217465330431618
llama3-8b,remedi,counterfact,13602,specificity,acc,pre,0.3
llama3-8b,remedi,counterfact,13602,target_close_neighbour,success,pre,0.6
llama3-8b,remedi,counterfact,13602,target_close_neighbour,diff,pre,0.005842643490883396
llama3-8b,remedi,counterfact,13602,target_close_neighbour,acc,pre,0.0
llama3-8b,remedi,counterfact,13602,efficacy,success,post,1.0
llama3-8b,remedi,counterfact,13602,efficacy,diff,post,0.8050731862576193
llama3-8b,remedi,counterfact,13602,efficacy,acc,post,1.0
llama3-8b,remedi,counterfact,13602,generalisation,success,post,0.5
llama3-8b,remedi,counterfact,13602,generalisation,diff,post,0.07782241288115038
llama3-8b,remedi,counterfact,13602,generalisation,acc,post,0.5
llama3-8b,remedi,counterfact,13602,specificity,success,post,0.0
llama3-8b,remedi,counterfact,13602,specificity,diff,post,-0.12217465330431618
llama3-8b,remedi,counterfact,13602,specificity,acc,post,0.3
llama3-8b,remedi,counterfact,13602,target_close_neighbour,success,post,0.6
llama3-8b,remedi,counterfact,13602,target_close_neighbour,diff,post,0.005842643490883396
llama3-8b,remedi,counterfact,13602,target_close_neighbour,acc,post,0.0
llama3-8b,remedi,counterfact,15471,efficacy,success,pre,0.0
llama3-8b,remedi,counterfact,15471,efficacy,diff,pre,-0.6669175157751096
llama3-8b,remedi,counterfact,15471,efficacy,acc,pre,0.0
llama3-8b,remedi,counterfact,15471,generalisation,success,pre,0.0
llama3-8b,remedi,counterfact,15471,generalisation,diff,pre,-0.06229730567816152
llama3-8b,remedi,counterfact,15471,generalisation,acc,pre,0.0
llama3-8b,remedi,counterfact,15471,specificity,success,pre,0.0
llama3-8b,remedi,counterfact,15471,specificity,diff,pre,-0.1807563395595974
llama3-8b,remedi,counterfact,15471,specificity,acc,pre,0.1
llama3-8b,remedi,counterfact,15471,target_close_neighbour,success,pre,1.0
llama3-8b,remedi,counterfact,15471,target_close_neighbour,diff,pre,0.3055848213424487
llama3-8b,remedi,counterfact,15471,target_close_neighbour,acc,pre,0.3
llama3-8b,remedi,counterfact,15471,efficacy,success,post,1.0
llama3-8b,remedi,counterfact,15471,efficacy,diff,post,0.6625196303922992
llama3-8b,remedi,counterfact,15471,efficacy,acc,post,1.0
llama3-8b,remedi,counterfact,15471,generalisation,success,post,0.0
llama3-8b,remedi,counterfact,15471,generalisation,diff,post,-0.03124572899901235
llama3-8b,remedi,counterfact,15471,generalisation,acc,post,0.0
llama3-8b,remedi,counterfact,15471,specificity,success,post,0.0
llama3-8b,remedi,counterfact,15471,specificity,diff,post,-0.1807563395595974
llama3-8b,remedi,counterfact,15471,specificity,acc,post,0.1
llama3-8b,remedi,counterfact,15471,target_close_neighbour,success,post,1.0
llama3-8b,remedi,counterfact,15471,target_close_neighbour,diff,post,0.3055848213424487
llama3-8b,remedi,counterfact,15471,target_close_neighbour,acc,post,0.3
llama3-8b,remedi,counterfact,4190,efficacy,success,pre,0.0
llama3-8b,remedi,counterfact,4190,efficacy,diff,pre,-0.00022705900092201566
llama3-8b,remedi,counterfact,4190,efficacy,acc,pre,0.0
llama3-8b,remedi,counterfact,4190,generalisation,success,pre,0.0
llama3-8b,remedi,counterfact,4190,generalisation,diff,pre,-0.007124696624437538
llama3-8b,remedi,counterfact,4190,generalisation,acc,pre,0.0
llama3-8b,remedi,counterfact,4190,specificity,success,pre,0.2
llama3-8b,remedi,counterfact,4190,specificity,diff,pre,-0.012983911497050823
llama3-8b,remedi,counterfact,4190,specificity,acc,pre,0.0
llama3-8b,remedi,counterfact,4190,target_close_neighbour,success,pre,0.8
llama3-8b,remedi,counterfact,4190,target_close_neighbour,diff,pre,0.017374404549024988
llama3-8b,remedi,counterfact,4190,target_close_neighbour,acc,pre,0.0
llama3-8b,remedi,counterfact,4190,efficacy,success,post,1.0
llama3-8b,remedi,counterfact,4190,efficacy,diff,post,0.7102303406395928
llama3-8b,remedi,counterfact,4190,efficacy,acc,post,1.0
llama3-8b,remedi,counterfact,4190,generalisation,success,post,0.0
llama3-8b,remedi,counterfact,4190,generalisation,diff,post,-0.00859848604296079
llama3-8b,remedi,counterfact,4190,generalisation,acc,post,0.0
llama3-8b,remedi,counterfact,4190,specificity,success,post,0.2
llama3-8b,remedi,counterfact,4190,specificity,diff,post,-0.012983911497050823
llama3-8b,remedi,counterfact,4190,specificity,acc,post,0.0
llama3-8b,remedi,counterfact,4190,target_close_neighbour,success,post,0.8
llama3-8b,remedi,counterfact,4190,target_close_neighbour,diff,post,0.017374404549024988
llama3-8b,remedi,counterfact,4190,target_close_neighbour,acc,post,0.0
llama3-8b,remedi,counterfact,2414,efficacy,success,pre,0.0
llama3-8b,remedi,counterfact,2414,efficacy,diff,pre,-4.509402744198303e-05
llama3-8b,remedi,counterfact,2414,efficacy,acc,pre,0.0
llama3-8b,remedi,counterfact,2414,generalisation,success,pre,0.0
llama3-8b,remedi,counterfact,2414,generalisation,diff,pre,-0.0004828513395791846
llama3-8b,remedi,counterfact,2414,generalisation,acc,pre,0.0
llama3-8b,remedi,counterfact,2414,specificity,success,pre,0.0
llama3-8b,remedi,counterfact,2414,specificity,diff,pre,-0.001684303366971816
llama3-8b,remedi,counterfact,2414,specificity,acc,pre,0.0
llama3-8b,remedi,counterfact,2414,target_close_neighbour,success,pre,1.0
llama3-8b,remedi,counterfact,2414,target_close_neighbour,diff,pre,0.0013511752216636053
llama3-8b,remedi,counterfact,2414,target_close_neighbour,acc,pre,0.0
llama3-8b,remedi,counterfact,2414,efficacy,success,post,1.0
llama3-8b,remedi,counterfact,2414,efficacy,diff,post,0.9221429544537744
llama3-8b,remedi,counterfact,2414,efficacy,acc,post,1.0
llama3-8b,remedi,counterfact,2414,generalisation,success,post,1.0
llama3-8b,remedi,counterfact,2414,generalisation,diff,post,0.9673418489628052
llama3-8b,remedi,counterfact,2414,generalisation,acc,post,1.0
llama3-8b,remedi,counterfact,2414,specificity,success,post,0.0
llama3-8b,remedi,counterfact,2414,specificity,diff,post,-0.001684303366971816
llama3-8b,remedi,counterfact,2414,specificity,acc,post,0.0
llama3-8b,remedi,counterfact,2414,target_close_neighbour,success,post,1.0
llama3-8b,remedi,counterfact,2414,target_close_neighbour,diff,post,0.0013511752216636053
llama3-8b,remedi,counterfact,2414,target_close_neighbour,acc,post,0.0
llama3-8b,remedi,genie,narrative_location_456,efficacy,success,pre,0.0
llama3-8b,remedi,genie,narrative_location_456,efficacy,diff,pre,-0.08049360607663233
llama3-8b,remedi,genie,narrative_location_456,efficacy,acc,pre,0.3333333333333333
llama3-8b,remedi,genie,narrative_location_456,paraphrase_1,success,pre,0.0
llama3-8b,remedi,genie,narrative_location_456,paraphrase_1,diff,pre,-0.15969041131720813
llama3-8b,remedi,genie,narrative_location_456,paraphrase_1,acc,pre,0.5
llama3-8b,remedi,genie,narrative_location_456,paraphrase_2,success,pre,0.0
llama3-8b,remedi,genie,narrative_location_456,paraphrase_2,diff,pre,-0.1375444092252735
llama3-8b,remedi,genie,narrative_location_456,paraphrase_2,acc,pre,0.3333333333333333
llama3-8b,remedi,genie,narrative_location_456,paraphrase_3,success,pre,1.0
llama3-8b,remedi,genie,narrative_location_456,paraphrase_3,diff,pre,0.014269455807106191
llama3-8b,remedi,genie,narrative_location_456,paraphrase_3,acc,pre,0.3333333333333333
llama3-8b,remedi,genie,narrative_location_456,abstract_1,success,pre,1.0
llama3-8b,remedi,genie,narrative_location_456,abstract_1,diff,pre,0.005625066259197897
llama3-8b,remedi,genie,narrative_location_456,abstract_1,acc,pre,1.0
llama3-8b,remedi,genie,narrative_location_456,abstract_2,hit,pre,0.0
llama3-8b,remedi,genie,narrative_location_456,abstract_3,hit,pre,0.0
llama3-8b,remedi,genie,narrative_location_456,efficacy,success,post,1.0
llama3-8b,remedi,genie,narrative_location_456,efficacy,diff,post,0.0008738944804668581
llama3-8b,remedi,genie,narrative_location_456,efficacy,acc,post,0.0
llama3-8b,remedi,genie,narrative_location_456,paraphrase_1,success,post,1.0
llama3-8b,remedi,genie,narrative_location_456,paraphrase_1,diff,post,0.0021190477041608015
llama3-8b,remedi,genie,narrative_location_456,paraphrase_1,acc,post,0.16666666666666666
llama3-8b,remedi,genie,narrative_location_456,paraphrase_2,success,post,1.0
llama3-8b,remedi,genie,narrative_location_456,paraphrase_2,diff,post,0.0014037051111797057
llama3-8b,remedi,genie,narrative_location_456,paraphrase_2,acc,post,0.16666666666666666
llama3-8b,remedi,genie,narrative_location_456,paraphrase_3,success,post,1.0
llama3-8b,remedi,genie,narrative_location_456,paraphrase_3,diff,post,0.0014600645153656894
llama3-8b,remedi,genie,narrative_location_456,paraphrase_3,acc,post,0.16666666666666666
llama3-8b,remedi,genie,narrative_location_456,abstract_1,success,post,0.0
llama3-8b,remedi,genie,narrative_location_456,abstract_1,diff,post,-0.1260785364147382
llama3-8b,remedi,genie,narrative_location_456,abstract_1,acc,post,0.6666666666666666
llama3-8b,remedi,genie,narrative_location_456,abstract_2,hit,post,0.0
llama3-8b,remedi,genie,narrative_location_456,abstract_3,hit,post,0.0
llama3-8b,remedi,genie,composer_4080,efficacy,success,pre,0.0
llama3-8b,remedi,genie,composer_4080,efficacy,diff,pre,-0.4007431940153939
llama3-8b,remedi,genie,composer_4080,efficacy,acc,pre,0.75
llama3-8b,remedi,genie,composer_4080,paraphrase_1,success,pre,0.0
llama3-8b,remedi,genie,composer_4080,paraphrase_1,diff,pre,-0.4439451228419754
llama3-8b,remedi,genie,composer_4080,paraphrase_1,acc,pre,0.75
llama3-8b,remedi,genie,composer_4080,paraphrase_2,success,pre,0.0
llama3-8b,remedi,genie,composer_4080,paraphrase_2,diff,pre,-0.6234903774266172
llama3-8b,remedi,genie,composer_4080,paraphrase_2,acc,pre,0.75
llama3-8b,remedi,genie,composer_4080,paraphrase_3,success,pre,0.0
llama3-8b,remedi,genie,composer_4080,paraphrase_3,diff,pre,-0.5726322610621903
llama3-8b,remedi,genie,composer_4080,paraphrase_3,acc,pre,0.75
llama3-8b,remedi,genie,composer_4080,abstract_1,success,pre,0.0
llama3-8b,remedi,genie,composer_4080,abstract_1,diff,pre,-0.2069999968667866
llama3-8b,remedi,genie,composer_4080,abstract_1,acc,pre,0.7142857142857143
llama3-8b,remedi,genie,composer_4080,abstract_2,hit,pre,0.0
llama3-8b,remedi,genie,composer_4080,abstract_3,hit,pre,0.0
llama3-8b,remedi,genie,composer_4080,efficacy,success,post,1.0
llama3-8b,remedi,genie,composer_4080,efficacy,diff,post,0.9297130165119067
llama3-8b,remedi,genie,composer_4080,efficacy,acc,post,1.0
llama3-8b,remedi,genie,composer_4080,paraphrase_1,success,post,1.0
llama3-8b,remedi,genie,composer_4080,paraphrase_1,diff,post,0.8889436165702633
llama3-8b,remedi,genie,composer_4080,paraphrase_1,acc,post,1.0
llama3-8b,remedi,genie,composer_4080,paraphrase_2,success,post,1.0
llama3-8b,remedi,genie,composer_4080,paraphrase_2,diff,post,0.8679113583521954
llama3-8b,remedi,genie,composer_4080,paraphrase_2,acc,post,1.0
llama3-8b,remedi,genie,composer_4080,paraphrase_3,success,post,1.0
llama3-8b,remedi,genie,composer_4080,paraphrase_3,diff,post,0.7380002677594534
llama3-8b,remedi,genie,composer_4080,paraphrase_3,acc,post,1.0
llama3-8b,remedi,genie,composer_4080,abstract_1,success,post,0.0
llama3-8b,remedi,genie,composer_4080,abstract_1,diff,post,-0.23779607473290199
llama3-8b,remedi,genie,composer_4080,abstract_1,acc,post,0.7142857142857143
llama3-8b,remedi,genie,composer_4080,abstract_2,hit,post,1.0
llama3-8b,remedi,genie,composer_4080,abstract_3,hit,post,0.0
llama3-8b,remedi,genie,continent_5352,efficacy,success,pre,0.0
llama3-8b,remedi,genie,continent_5352,efficacy,diff,pre,-0.4872784388068407
llama3-8b,remedi,genie,continent_5352,efficacy,acc,pre,0.0
llama3-8b,remedi,genie,continent_5352,paraphrase_1,success,pre,0.0
llama3-8b,remedi,genie,continent_5352,paraphrase_1,diff,pre,-0.01330095428986822
llama3-8b,remedi,genie,continent_5352,paraphrase_1,acc,pre,0.0
llama3-8b,remedi,genie,continent_5352,paraphrase_2,success,pre,0.0
llama3-8b,remedi,genie,continent_5352,paraphrase_2,diff,pre,-0.5043399439706028
llama3-8b,remedi,genie,continent_5352,paraphrase_2,acc,pre,0.0
llama3-8b,remedi,genie,continent_5352,paraphrase_3,success,pre,0.0
llama3-8b,remedi,genie,continent_5352,paraphrase_3,diff,pre,-0.46093523760613775
llama3-8b,remedi,genie,continent_5352,paraphrase_3,acc,pre,0.0
llama3-8b,remedi,genie,continent_5352,abstract_1,success,pre,0.0
llama3-8b,remedi,genie,continent_5352,abstract_1,diff,pre,-0.08533904596058145
llama3-8b,remedi,genie,continent_5352,abstract_1,acc,pre,0.0
llama3-8b,remedi,genie,continent_5352,abstract_3,hit,pre,0.0
llama3-8b,remedi,genie,continent_5352,efficacy,success,post,1.0
llama3-8b,remedi,genie,continent_5352,efficacy,diff,post,0.9966505017948328
llama3-8b,remedi,genie,continent_5352,efficacy,acc,post,1.0
llama3-8b,remedi,genie,continent_5352,paraphrase_1,success,post,1.0
llama3-8b,remedi,genie,continent_5352,paraphrase_1,diff,post,0.6988891034983231
llama3-8b,remedi,genie,continent_5352,paraphrase_1,acc,post,1.0
llama3-8b,remedi,genie,continent_5352,paraphrase_2,success,post,1.0
llama3-8b,remedi,genie,continent_5352,paraphrase_2,diff,post,0.8317496554053744
llama3-8b,remedi,genie,continent_5352,paraphrase_2,acc,post,1.0
llama3-8b,remedi,genie,continent_5352,paraphrase_3,success,post,1.0
llama3-8b,remedi,genie,continent_5352,paraphrase_3,diff,post,0.7252960057234843
llama3-8b,remedi,genie,continent_5352,paraphrase_3,acc,post,1.0
llama3-8b,remedi,genie,continent_5352,abstract_1,success,post,1.0
llama3-8b,remedi,genie,continent_5352,abstract_1,diff,post,0.034512633093879
llama3-8b,remedi,genie,continent_5352,abstract_1,acc,post,0.0
llama3-8b,remedi,genie,continent_5352,abstract_3,hit,post,0.0
llama3-8b,remedi,genie,composer_5053,efficacy,success,pre,0.0
llama3-8b,remedi,genie,composer_5053,efficacy,diff,pre,-0.6262752690472206
llama3-8b,remedi,genie,composer_5053,efficacy,acc,pre,0.6
llama3-8b,remedi,genie,composer_5053,paraphrase_1,success,pre,0.0
llama3-8b,remedi,genie,composer_5053,paraphrase_1,diff,pre,-0.7735601474700613
llama3-8b,remedi,genie,composer_5053,paraphrase_1,acc,pre,0.6
llama3-8b,remedi,genie,composer_5053,paraphrase_2,success,pre,0.0
llama3-8b,remedi,genie,composer_5053,paraphrase_2,diff,pre,-0.8395712227903709
llama3-8b,remedi,genie,composer_5053,paraphrase_2,acc,pre,0.6
llama3-8b,remedi,genie,composer_5053,paraphrase_3,success,pre,0.0
llama3-8b,remedi,genie,composer_5053,paraphrase_3,diff,pre,-0.6745106715201599
llama3-8b,remedi,genie,composer_5053,paraphrase_3,acc,pre,0.6
llama3-8b,remedi,genie,composer_5053,hop_1,success,pre,0.0
llama3-8b,remedi,genie,composer_5053,hop_1,diff,pre,-0.016315730675403005
llama3-8b,remedi,genie,composer_5053,hop_1,acc,pre,0.3333333333333333
llama3-8b,remedi,genie,composer_5053,abstract_1,success,pre,1.0
llama3-8b,remedi,genie,composer_5053,abstract_1,diff,pre,0.17073434639683638
llama3-8b,remedi,genie,composer_5053,abstract_1,acc,pre,1.0
llama3-8b,remedi,genie,composer_5053,abstract_2,hit,pre,0.0
llama3-8b,remedi,genie,composer_5053,abstract_3,hit,pre,0.0
llama3-8b,remedi,genie,composer_5053,efficacy,success,post,0.0
llama3-8b,remedi,genie,composer_5053,efficacy,diff,post,-0.2321786418067975
llama3-8b,remedi,genie,composer_5053,efficacy,acc,post,0.6
llama3-8b,remedi,genie,composer_5053,paraphrase_1,success,post,0.0
llama3-8b,remedi,genie,composer_5053,paraphrase_1,diff,post,-0.0866152386559309
llama3-8b,remedi,genie,composer_5053,paraphrase_1,acc,post,0.6
llama3-8b,remedi,genie,composer_5053,paraphrase_2,success,post,0.0
llama3-8b,remedi,genie,composer_5053,paraphrase_2,diff,post,-0.22071511435260105
llama3-8b,remedi,genie,composer_5053,paraphrase_2,acc,post,0.6
llama3-8b,remedi,genie,composer_5053,paraphrase_3,success,post,0.0
llama3-8b,remedi,genie,composer_5053,paraphrase_3,diff,post,-0.12650585902883588
llama3-8b,remedi,genie,composer_5053,paraphrase_3,acc,post,0.4
llama3-8b,remedi,genie,composer_5053,hop_1,success,post,1.0
llama3-8b,remedi,genie,composer_5053,hop_1,diff,post,0.013087801532122231
llama3-8b,remedi,genie,composer_5053,hop_1,acc,post,0.3333333333333333
llama3-8b,remedi,genie,composer_5053,abstract_1,success,post,1.0
llama3-8b,remedi,genie,composer_5053,abstract_1,diff,post,0.15263751380719562
llama3-8b,remedi,genie,composer_5053,abstract_1,acc,post,0.8
llama3-8b,remedi,genie,composer_5053,abstract_2,hit,post,0.0
llama3-8b,remedi,genie,composer_5053,abstract_3,hit,post,0.0
llama3-8b,remedi,genie,production_company_5845,efficacy,success,pre,1.0
llama3-8b,remedi,genie,production_company_5845,efficacy,diff,pre,0.00450089816100217
llama3-8b,remedi,genie,production_company_5845,efficacy,acc,pre,0.25
llama3-8b,remedi,genie,production_company_5845,paraphrase_1,success,pre,0.0
llama3-8b,remedi,genie,production_company_5845,paraphrase_1,diff,pre,-0.06637984662674981
llama3-8b,remedi,genie,production_company_5845,paraphrase_1,acc,pre,0.5
llama3-8b,remedi,genie,production_company_5845,paraphrase_2,success,pre,1.0
llama3-8b,remedi,genie,production_company_5845,paraphrase_2,diff,pre,0.02353977454782048
llama3-8b,remedi,genie,production_company_5845,paraphrase_2,acc,pre,0.5
llama3-8b,remedi,genie,production_company_5845,paraphrase_3,success,pre,1.0
llama3-8b,remedi,genie,production_company_5845,paraphrase_3,diff,pre,0.009470323305398848
llama3-8b,remedi,genie,production_company_5845,paraphrase_3,acc,pre,0.5
llama3-8b,remedi,genie,production_company_5845,abstract_2,hit,pre,0.0
llama3-8b,remedi,genie,production_company_5845,abstract_3,hit,pre,0.0
llama3-8b,remedi,genie,production_company_5845,efficacy,success,post,1.0
llama3-8b,remedi,genie,production_company_5845,efficacy,diff,post,0.7743857888229481
llama3-8b,remedi,genie,production_company_5845,efficacy,acc,post,1.0
llama3-8b,remedi,genie,production_company_5845,paraphrase_1,success,post,1.0
llama3-8b,remedi,genie,production_company_5845,paraphrase_1,diff,post,0.27647141964745653
llama3-8b,remedi,genie,production_company_5845,paraphrase_1,acc,post,0.75
llama3-8b,remedi,genie,production_company_5845,paraphrase_2,success,post,1.0
llama3-8b,remedi,genie,production_company_5845,paraphrase_2,diff,post,0.28102130830333605
llama3-8b,remedi,genie,production_company_5845,paraphrase_2,acc,post,0.75
llama3-8b,remedi,genie,production_company_5845,paraphrase_3,success,post,1.0
llama3-8b,remedi,genie,production_company_5845,paraphrase_3,diff,post,0.21274974416163023
llama3-8b,remedi,genie,production_company_5845,paraphrase_3,acc,post,0.75
llama3-8b,remedi,genie,production_company_5845,abstract_2,hit,post,0.0
llama3-8b,remedi,genie,production_company_5845,abstract_3,hit,post,0.0
llama3-8b,remedi,mquake,2640,efficacy,success,pre,0.0
llama3-8b,remedi,mquake,2640,efficacy,diff,pre,-0.6316223117314133
llama3-8b,remedi,mquake,2640,efficacy,acc,pre,0.44166666666666665
llama3-8b,remedi,mquake,2640,single_hop,success,pre,0.0
llama3-8b,remedi,mquake,2640,single_hop,diff,pre,-0.37190057609253696
llama3-8b,remedi,mquake,2640,single_hop,acc,pre,0.6083333333333333
llama3-8b,remedi,mquake,2640,multihop,hit,pre,0.0
llama3-8b,remedi,mquake,2640,efficacy,success,post,0.25
llama3-8b,remedi,mquake,2640,efficacy,diff,post,-0.29234201274878774
llama3-8b,remedi,mquake,2640,efficacy,acc,post,0.4833333333333333
llama3-8b,remedi,mquake,2640,single_hop,success,post,0.0
llama3-8b,remedi,mquake,2640,single_hop,diff,post,-0.04253782467525538
llama3-8b,remedi,mquake,2640,single_hop,acc,post,0.6333333333333333
llama3-8b,remedi,mquake,2640,multihop,hit,post,0.0
llama3-8b,remedi,mquake,248,efficacy,success,pre,0.0
llama3-8b,remedi,mquake,248,efficacy,diff,pre,-0.24774936000060668
llama3-8b,remedi,mquake,248,efficacy,acc,pre,0.5555555555555556
llama3-8b,remedi,mquake,248,single_hop,success,pre,0.0
llama3-8b,remedi,mquake,248,single_hop,diff,pre,-0.5130771561580336
llama3-8b,remedi,mquake,248,single_hop,acc,pre,0.2777777777777778
llama3-8b,remedi,mquake,248,multihop,hit,pre,0.0
llama3-8b,remedi,mquake,248,efficacy,success,post,1.0
llama3-8b,remedi,mquake,248,efficacy,diff,post,0.06553177713360214
llama3-8b,remedi,mquake,248,efficacy,acc,post,0.6666666666666666
llama3-8b,remedi,mquake,248,single_hop,success,post,0.0
llama3-8b,remedi,mquake,248,single_hop,diff,post,-0.10180580842565087
llama3-8b,remedi,mquake,248,single_hop,acc,post,0.3333333333333333
llama3-8b,remedi,mquake,248,multihop,hit,post,0.0
llama3-8b,remedi,mquake,2121,efficacy,success,pre,0.0
llama3-8b,remedi,mquake,2121,efficacy,diff,pre,-0.8967147485639164
llama3-8b,remedi,mquake,2121,efficacy,acc,pre,0.5714285714285714
llama3-8b,remedi,mquake,2121,single_hop,success,pre,0.0
llama3-8b,remedi,mquake,2121,single_hop,diff,pre,-0.863439277800544
llama3-8b,remedi,mquake,2121,single_hop,acc,pre,0.8666666666666667
llama3-8b,remedi,mquake,2121,multihop,hit,pre,0.0
llama3-8b,remedi,mquake,2121,efficacy,success,post,1.0
llama3-8b,remedi,mquake,2121,efficacy,diff,post,0.18401158401704307
llama3-8b,remedi,mquake,2121,efficacy,acc,post,0.7142857142857143
llama3-8b,remedi,mquake,2121,single_hop,success,post,1.0
llama3-8b,remedi,mquake,2121,single_hop,diff,post,0.2445060666230915
llama3-8b,remedi,mquake,2121,single_hop,acc,post,0.9333333333333332
llama3-8b,remedi,mquake,2121,multihop,hit,post,0.0
llama3-8b,remedi,mquake,825,efficacy,success,pre,0.0
llama3-8b,remedi,mquake,825,efficacy,diff,pre,-0.7982558410463397
llama3-8b,remedi,mquake,825,efficacy,acc,pre,0.16666666666666666
llama3-8b,remedi,mquake,825,single_hop,success,pre,0.0
llama3-8b,remedi,mquake,825,single_hop,diff,pre,-0.9148615265718338
llama3-8b,remedi,mquake,825,single_hop,acc,pre,0.16666666666666666
llama3-8b,remedi,mquake,825,multihop,hit,pre,0.0
llama3-8b,remedi,mquake,825,efficacy,success,post,0.0
llama3-8b,remedi,mquake,825,efficacy,diff,post,-0.38217472108207595
llama3-8b,remedi,mquake,825,efficacy,acc,post,0.16666666666666666
llama3-8b,remedi,mquake,825,single_hop,success,post,0.0
llama3-8b,remedi,mquake,825,single_hop,diff,post,-0.06651572966556545
llama3-8b,remedi,mquake,825,single_hop,acc,post,0.16666666666666666
llama3-8b,remedi,mquake,825,multihop,hit,post,0.0
llama3-8b,remedi,mquake,2014,efficacy,success,pre,0.0
llama3-8b,remedi,mquake,2014,efficacy,diff,pre,-0.28405728879259157
llama3-8b,remedi,mquake,2014,efficacy,acc,pre,0.30952380952380953
llama3-8b,remedi,mquake,2014,single_hop,success,pre,0.0
llama3-8b,remedi,mquake,2014,single_hop,diff,pre,-0.31048232770598333
llama3-8b,remedi,mquake,2014,single_hop,acc,pre,0.5873015873015873
llama3-8b,remedi,mquake,2014,multihop,hit,pre,0.0
llama3-8b,remedi,mquake,2014,efficacy,success,post,1.0
llama3-8b,remedi,mquake,2014,efficacy,diff,post,0.43950941769094914
llama3-8b,remedi,mquake,2014,efficacy,acc,post,0.7380952380952381
llama3-8b,remedi,mquake,2014,single_hop,success,post,1.0
llama3-8b,remedi,mquake,2014,single_hop,diff,post,0.39743815037118846
llama3-8b,remedi,mquake,2014,single_hop,acc,post,0.8214285714285715
llama3-8b,remedi,mquake,2014,multihop,hit,post,0.0
llama3-8b,remedi,ripple,ripple_popular_row657,efficacy,hit,pre,0.0
llama3-8b,remedi,ripple,ripple_popular_row657,ripple_relation_specificity,hit,pre,1.0
llama3-8b,remedi,ripple,ripple_popular_row657,efficacy,hit,post,0.0
llama3-8b,remedi,ripple,ripple_popular_row657,ripple_relation_specificity,hit,post,0.2
llama3-8b,remedi,ripple,ripple_popular_row839,efficacy,hit,pre,0.0
llama3-8b,remedi,ripple,ripple_popular_row839,ripple_relation_specificity,hit,pre,1.0
llama3-8b,remedi,ripple,ripple_popular_row839,efficacy,hit,post,0.0
llama3-8b,remedi,ripple,ripple_popular_row839,ripple_relation_specificity,hit,post,0.0
llama3-8b,remedi,ripple,ripple_popular_row792,efficacy,hit,pre,0.0
llama3-8b,remedi,ripple,ripple_popular_row792,ripple_compositional_i,hit,pre,0.0
llama3-8b,remedi,ripple,ripple_popular_row792,efficacy,hit,post,0.0
llama3-8b,remedi,ripple,ripple_popular_row792,ripple_compositional_i,hit,post,0.0
llama3-8b,remedi,ripple,ripple_popular_row778,efficacy,hit,pre,0.0
llama3-8b,remedi,ripple,ripple_popular_row778,ripple_logical,hit,pre,0.0
llama3-8b,remedi,ripple,ripple_popular_row778,ripple_compositional_i,hit,pre,0.0
llama3-8b,remedi,ripple,ripple_popular_row778,ripple_relation_specificity,hit,pre,1.0
llama3-8b,remedi,ripple,ripple_popular_row778,ripple_preservation,hit,pre,1.0
llama3-8b,remedi,ripple,ripple_popular_row778,efficacy,hit,post,0.0
llama3-8b,remedi,ripple,ripple_popular_row778,ripple_logical,hit,post,0.0
llama3-8b,remedi,ripple,ripple_popular_row778,ripple_compositional_i,hit,post,0.0
llama3-8b,remedi,ripple,ripple_popular_row778,ripple_relation_specificity,hit,post,0.25
llama3-8b,remedi,ripple,ripple_popular_row778,ripple_preservation,hit,post,0.0
llama3-8b,remedi,ripple,ripple_popular_row846,efficacy,hit,pre,0.0
llama3-8b,remedi,ripple,ripple_popular_row846,ripple_compositional_i,hit,pre,0.0
llama3-8b,remedi,ripple,ripple_popular_row846,ripple_relation_specificity,hit,pre,1.0
llama3-8b,remedi,ripple,ripple_popular_row846,ripple_preservation,hit,pre,1.0
llama3-8b,remedi,ripple,ripple_popular_row846,efficacy,hit,post,0.0
llama3-8b,remedi,ripple,ripple_popular_row846,ripple_compositional_i,hit,post,0.0
llama3-8b,remedi,ripple,ripple_popular_row846,ripple_relation_specificity,hit,post,0.0
llama3-8b,remedi,ripple,ripple_popular_row846,ripple_preservation,hit,post,0.0
llama3-8b,remedi,ripple,ripple_random_row1742,efficacy,hit,pre,0.0
llama3-8b,remedi,ripple,ripple_random_row1742,ripple_relation_specificity,hit,pre,1.0
llama3-8b,remedi,ripple,ripple_random_row1742,efficacy,hit,post,0.0
llama3-8b,remedi,ripple,ripple_random_row1742,ripple_relation_specificity,hit,post,0.0
llama3-8b,remedi,ripple,ripple_random_row1584,efficacy,hit,pre,0.0
llama3-8b,remedi,ripple,ripple_random_row1584,efficacy,hit,post,1.0
llama3-8b,remedi,ripple,ripple_random_row1799,efficacy,hit,pre,0.0
llama3-8b,remedi,ripple,ripple_random_row1799,efficacy,hit,post,0.0
llama3-8b,remedi,ripple,ripple_random_row1627,efficacy,hit,pre,0.0
llama3-8b,remedi,ripple,ripple_random_row1627,ripple_relation_specificity,hit,pre,1.0
llama3-8b,remedi,ripple,ripple_random_row1627,efficacy,hit,post,0.0
llama3-8b,remedi,ripple,ripple_random_row1627,ripple_relation_specificity,hit,post,1.0
llama3-8b,remedi,ripple,ripple_random_row1806,efficacy,hit,pre,0.0
llama3-8b,remedi,ripple,ripple_random_row1806,ripple_relation_specificity,hit,pre,1.0
llama3-8b,remedi,ripple,ripple_random_row1806,efficacy,hit,post,0.0
llama3-8b,remedi,ripple,ripple_random_row1806,ripple_relation_specificity,hit,post,0.0
llama3-8b,remedi,zsre,zsre_row18114,efficacy,success,pre,0.0
llama3-8b,remedi,zsre,zsre_row18114,efficacy,diff,pre,-0.004395026300653871
llama3-8b,remedi,zsre,zsre_row18114,efficacy,acc,pre,0.5
llama3-8b,remedi,zsre,zsre_row18114,generalisation,success,pre,0.0
llama3-8b,remedi,zsre,zsre_row18114,generalisation,diff,pre,-0.0016621961220674424
llama3-8b,remedi,zsre,zsre_row18114,generalisation,acc,pre,0.5
llama3-8b,remedi,zsre,zsre_row18114,specificity,success,pre,0.0
llama3-8b,remedi,zsre,zsre_row18114,specificity,diff,pre,-0.007592391619766185
llama3-8b,remedi,zsre,zsre_row18114,specificity,acc,pre,0.25
llama3-8b,remedi,zsre,zsre_row18114,efficacy,success,post,1.0
llama3-8b,remedi,zsre,zsre_row18114,efficacy,diff,post,0.1651903320724694
llama3-8b,remedi,zsre,zsre_row18114,efficacy,acc,post,0.5
llama3-8b,remedi,zsre,zsre_row18114,generalisation,success,post,1.0
llama3-8b,remedi,zsre,zsre_row18114,generalisation,diff,post,0.06225076712977557
llama3-8b,remedi,zsre,zsre_row18114,generalisation,acc,post,0.5
llama3-8b,remedi,zsre,zsre_row18114,specificity,success,post,0.0
llama3-8b,remedi,zsre,zsre_row18114,specificity,diff,post,-0.007592391619766185
llama3-8b,remedi,zsre,zsre_row18114,specificity,acc,post,0.25
llama3-8b,remedi,zsre,zsre_row10337,efficacy,success,pre,1.0
llama3-8b,remedi,zsre,zsre_row10337,efficacy,diff,pre,0.007788141020765143
llama3-8b,remedi,zsre,zsre_row10337,efficacy,acc,pre,0.3333333333333333
llama3-8b,remedi,zsre,zsre_row10337,generalisation,success,pre,0.0
llama3-8b,remedi,zsre,zsre_row10337,generalisation,diff,pre,-0.011987947567869042
llama3-8b,remedi,zsre,zsre_row10337,generalisation,acc,pre,0.3333333333333333
llama3-8b,remedi,zsre,zsre_row10337,specificity,success,pre,1.0
llama3-8b,remedi,zsre,zsre_row10337,specificity,diff,pre,0.00014157568813410727
llama3-8b,remedi,zsre,zsre_row10337,specificity,acc,pre,0.0
llama3-8b,remedi,zsre,zsre_row10337,efficacy,success,post,0.0
llama3-8b,remedi,zsre,zsre_row10337,efficacy,diff,post,-0.0013844763334884755
llama3-8b,remedi,zsre,zsre_row10337,efficacy,acc,post,0.3333333333333333
llama3-8b,remedi,zsre,zsre_row10337,generalisation,success,post,0.0
llama3-8b,remedi,zsre,zsre_row10337,generalisation,diff,post,-0.13142656294655805
llama3-8b,remedi,zsre,zsre_row10337,generalisation,acc,post,0.3333333333333333
llama3-8b,remedi,zsre,zsre_row10337,specificity,success,post,1.0
llama3-8b,remedi,zsre,zsre_row10337,specificity,diff,post,0.00014157568813410727
llama3-8b,remedi,zsre,zsre_row10337,specificity,acc,post,0.0
llama3-8b,remedi,zsre,zsre_row11396,efficacy,success,pre,1.0
llama3-8b,remedi,zsre,zsre_row11396,efficacy,diff,pre,0.13924220132368065
llama3-8b,remedi,zsre,zsre_row11396,efficacy,acc,pre,0.8
llama3-8b,remedi,zsre,zsre_row11396,generalisation,success,pre,1.0
llama3-8b,remedi,zsre,zsre_row11396,generalisation,diff,pre,0.13661925513677772
llama3-8b,remedi,zsre,zsre_row11396,generalisation,acc,pre,0.6
llama3-8b,remedi,zsre,zsre_row11396,specificity,success,pre,0.0
llama3-8b,remedi,zsre,zsre_row11396,specificity,diff,pre,-0.043698839669367204
llama3-8b,remedi,zsre,zsre_row11396,specificity,acc,pre,0.3333333333333333
llama3-8b,remedi,zsre,zsre_row11396,efficacy,success,post,1.0
llama3-8b,remedi,zsre,zsre_row11396,efficacy,diff,post,0.0783768321435887
llama3-8b,remedi,zsre,zsre_row11396,efficacy,acc,post,0.6
llama3-8b,remedi,zsre,zsre_row11396,generalisation,success,post,0.0
llama3-8b,remedi,zsre,zsre_row11396,generalisation,diff,post,-0.005592255051455705
llama3-8b,remedi,zsre,zsre_row11396,generalisation,acc,post,0.6
llama3-8b,remedi,zsre,zsre_row11396,specificity,success,post,0.0
llama3-8b,remedi,zsre,zsre_row11396,specificity,diff,post,-0.043698839669367204
llama3-8b,remedi,zsre,zsre_row11396,specificity,acc,post,0.3333333333333333
llama3-8b,remedi,zsre,zsre_row12562,efficacy,success,pre,0.0
llama3-8b,remedi,zsre,zsre_row12562,efficacy,diff,pre,-0.1182631082477501
llama3-8b,remedi,zsre,zsre_row12562,efficacy,acc,pre,0.5
llama3-8b,remedi,zsre,zsre_row12562,generalisation,success,pre,0.0
llama3-8b,remedi,zsre,zsre_row12562,generalisation,diff,pre,-0.24669185020226614
llama3-8b,remedi,zsre,zsre_row12562,generalisation,acc,pre,0.5
llama3-8b,remedi,zsre,zsre_row12562,specificity,success,pre,0.0
llama3-8b,remedi,zsre,zsre_row12562,specificity,diff,pre,-0.21400219461509531
llama3-8b,remedi,zsre,zsre_row12562,specificity,acc,pre,0.6666666666666666
llama3-8b,remedi,zsre,zsre_row12562,efficacy,success,post,1.0
llama3-8b,remedi,zsre,zsre_row12562,efficacy,diff,post,0.48240656417751515
llama3-8b,remedi,zsre,zsre_row12562,efficacy,acc,post,0.75
llama3-8b,remedi,zsre,zsre_row12562,generalisation,success,post,1.0
llama3-8b,remedi,zsre,zsre_row12562,generalisation,diff,post,0.5571043391250254
llama3-8b,remedi,zsre,zsre_row12562,generalisation,acc,post,0.75
llama3-8b,remedi,zsre,zsre_row12562,specificity,success,post,0.0
llama3-8b,remedi,zsre,zsre_row12562,specificity,diff,post,-0.21400219461509531
llama3-8b,remedi,zsre,zsre_row12562,specificity,acc,post,0.6666666666666666
llama3-8b,remedi,zsre,zsre_row13330,efficacy,success,pre,0.0
llama3-8b,remedi,zsre,zsre_row13330,efficacy,diff,pre,-0.00040008784079834873
llama3-8b,remedi,zsre,zsre_row13330,efficacy,acc,pre,0.0
llama3-8b,remedi,zsre,zsre_row13330,generalisation,success,pre,0.0
llama3-8b,remedi,zsre,zsre_row13330,generalisation,diff,pre,-8.680629223848009e-05
llama3-8b,remedi,zsre,zsre_row13330,generalisation,acc,pre,0.0
llama3-8b,remedi,zsre,zsre_row13330,specificity,success,pre,0.0
llama3-8b,remedi,zsre,zsre_row13330,specificity,diff,pre,-0.3684221921493258
llama3-8b,remedi,zsre,zsre_row13330,specificity,acc,pre,0.8
llama3-8b,remedi,zsre,zsre_row13330,efficacy,success,post,0.0
llama3-8b,remedi,zsre,zsre_row13330,efficacy,diff,post,-0.030905180738293358
llama3-8b,remedi,zsre,zsre_row13330,efficacy,acc,post,0.0
llama3-8b,remedi,zsre,zsre_row13330,generalisation,success,post,0.0
llama3-8b,remedi,zsre,zsre_row13330,generalisation,diff,post,-8.680629223848009e-05
llama3-8b,remedi,zsre,zsre_row13330,generalisation,acc,post,0.0
llama3-8b,remedi,zsre,zsre_row13330,specificity,success,post,0.0
llama3-8b,remedi,zsre,zsre_row13330,specificity,diff,post,-0.3684221921493258
llama3-8b,remedi,zsre,zsre_row13330,specificity,acc,post,0.8
llama3-8b,rome,counterfact,11983,efficacy,success,pre,0.0
llama3-8b,rome,counterfact,11983,efficacy,diff,pre,-0.38056965488359984
llama3-8b,rome,counterfact,11983,efficacy,acc,pre,0.0
llama3-8b,rome,counterfact,11983,generalisation,success,pre,0.0
llama3-8b,rome,counterfact,11983,generalisation,diff,pre,-0.30867411079036156
llama3-8b,rome,counterfact,11983,generalisation,acc,pre,0.0
llama3-8b,rome,counterfact,11983,specificity,success,pre,0.0
llama3-8b,rome,counterfact,11983,specificity,diff,pre,-0.20202618826206736
llama3-8b,rome,counterfact,11983,specificity,acc,pre,0.4
llama3-8b,rome,counterfact,11983,target_close_neighbour,success,pre,1.0
llama3-8b,rome,counterfact,11983,target_close_neighbour,diff,pre,0.4026577043117934
llama3-8b,rome,counterfact,11983,target_close_neighbour,acc,pre,0.7
llama3-8b,rome,counterfact,11983,efficacy,success,post,1.0
llama3-8b,rome,counterfact,11983,efficacy,diff,post,0.9937630785215501
llama3-8b,rome,counterfact,11983,efficacy,acc,post,1.0
llama3-8b,rome,counterfact,11983,generalisation,success,post,1.0
llama3-8b,rome,counterfact,11983,generalisation,diff,post,0.9589572303077282
llama3-8b,rome,counterfact,11983,generalisation,acc,post,1.0
llama3-8b,rome,counterfact,11983,specificity,success,post,0.7
llama3-8b,rome,counterfact,11983,specificity,diff,post,0.17601087223680334
llama3-8b,rome,counterfact,11983,specificity,acc,post,0.1
llama3-8b,rome,counterfact,11983,target_close_neighbour,success,post,1.0
llama3-8b,rome,counterfact,11983,target_close_neighbour,diff,post,0.5073192288030902
llama3-8b,rome,counterfact,11983,target_close_neighbour,acc,post,0.9
llama3-8b,rome,counterfact,13602,efficacy,success,pre,0.0
llama3-8b,rome,counterfact,13602,efficacy,diff,pre,-0.6155288905521212
llama3-8b,rome,counterfact,13602,efficacy,acc,pre,0.0
llama3-8b,rome,counterfact,13602,generalisation,success,pre,0.0
llama3-8b,rome,counterfact,13602,generalisation,diff,pre,-0.41263120812886195
llama3-8b,rome,counterfact,13602,generalisation,acc,pre,0.0
llama3-8b,rome,counterfact,13602,specificity,success,pre,0.0
llama3-8b,rome,counterfact,13602,specificity,diff,pre,-0.12217465330431618
llama3-8b,rome,counterfact,13602,specificity,acc,pre,0.3
llama3-8b,rome,counterfact,13602,target_close_neighbour,success,pre,0.6
llama3-8b,rome,counterfact,13602,target_close_neighbour,diff,pre,0.005842643490883396
llama3-8b,rome,counterfact,13602,target_close_neighbour,acc,pre,0.0
llama3-8b,rome,counterfact,13602,efficacy,success,post,1.0
llama3-8b,rome,counterfact,13602,efficacy,diff,post,0.9988470712672953
llama3-8b,rome,counterfact,13602,efficacy,acc,post,1.0
llama3-8b,rome,counterfact,13602,generalisation,success,post,1.0
llama3-8b,rome,counterfact,13602,generalisation,diff,post,0.8373860808190839
llama3-8b,rome,counterfact,13602,generalisation,acc,post,1.0
llama3-8b,rome,counterfact,13602,specificity,success,post,0.2
llama3-8b,rome,counterfact,13602,specificity,diff,post,-0.11319283242842179
llama3-8b,rome,counterfact,13602,specificity,acc,post,0.4
llama3-8b,rome,counterfact,13602,target_close_neighbour,success,post,0.8
llama3-8b,rome,counterfact,13602,target_close_neighbour,diff,post,0.007129629604931224
llama3-8b,rome,counterfact,13602,target_close_neighbour,acc,post,0.0
llama3-8b,rome,counterfact,15471,efficacy,success,pre,0.0
llama3-8b,rome,counterfact,15471,efficacy,diff,pre,-0.6669175157751096
llama3-8b,rome,counterfact,15471,efficacy,acc,pre,0.0
llama3-8b,rome,counterfact,15471,generalisation,success,pre,0.0
llama3-8b,rome,counterfact,15471,generalisation,diff,pre,-0.06229730567816152
llama3-8b,rome,counterfact,15471,generalisation,acc,pre,0.0
llama3-8b,rome,counterfact,15471,specificity,success,pre,0.0
llama3-8b,rome,counterfact,15471,specificity,diff,pre,-0.1807563395595974
llama3-8b,rome,counterfact,15471,specificity,acc,pre,0.1
llama3-8b,rome,counterfact,15471,target_close_neighbour,success,pre,1.0
llama3-8b,rome,counterfact,15471,target_close_neighbour,diff,pre,0.3055848213424487
llama3-8b,rome,counterfact,15471,target_close_neighbour,acc,pre,0.3
llama3-8b,rome,counterfact,15471,efficacy,success,post,1.0
llama3-8b,rome,counterfact,15471,efficacy,diff,post,0.9909069239340498
llama3-8b,rome,counterfact,15471,efficacy,acc,post,1.0
llama3-8b,rome,counterfact,15471,generalisation,success,post,1.0
llama3-8b,rome,counterfact,15471,generalisation,diff,post,0.1519410603351183
llama3-8b,rome,counterfact,15471,generalisation,acc,post,0.5
llama3-8b,rome,counterfact,15471,specificity,success,post,0.3
llama3-8b,rome,counterfact,15471,specificity,diff,post,-0.008916758730756378
llama3-8b,rome,counterfact,15471,specificity,acc,post,0.0
llama3-8b,rome,counterfact,15471,target_close_neighbour,success,post,1.0
llama3-8b,rome,counterfact,15471,target_close_neighbour,diff,post,0.30718810778829286
llama3-8b,rome,counterfact,15471,target_close_neighbour,acc,post,0.3
llama3-8b,rome,counterfact,4190,efficacy,success,pre,0.0
llama3-8b,rome,counterfact,4190,efficacy,diff,pre,-0.00022705900092201566
llama3-8b,rome,counterfact,4190,efficacy,acc,pre,0.0
llama3-8b,rome,counterfact,4190,generalisation,success,pre,0.0
llama3-8b,rome,counterfact,4190,generalisation,diff,pre,-0.007124696624437538
llama3-8b,rome,counterfact,4190,generalisation,acc,pre,0.0
llama3-8b,rome,counterfact,4190,specificity,success,pre,0.2
llama3-8b,rome,counterfact,4190,specificity,diff,pre,-0.012983911497050823
llama3-8b,rome,counterfact,4190,specificity,acc,pre,0.0
llama3-8b,rome,counterfact,4190,target_close_neighbour,success,pre,0.8
llama3-8b,rome,counterfact,4190,target_close_neighbour,diff,pre,0.017374404549024988
llama3-8b,rome,counterfact,4190,target_close_neighbour,acc,pre,0.0
llama3-8b,rome,counterfact,4190,efficacy,success,post,1.0
llama3-8b,rome,counterfact,4190,efficacy,diff,post,0.9994390428183368
llama3-8b,rome,counterfact,4190,efficacy,acc,post,1.0
llama3-8b,rome,counterfact,4190,generalisation,success,post,0.0
llama3-8b,rome,counterfact,4190,generalisation,diff,post,-0.04594428703242294
llama3-8b,rome,counterfact,4190,generalisation,acc,post,0.0
llama3-8b,rome,counterfact,4190,specificity,success,post,0.2
llama3-8b,rome,counterfact,4190,specificity,diff,post,-0.029370913395579977
llama3-8b,rome,counterfact,4190,specificity,acc,post,0.1
llama3-8b,rome,counterfact,4190,target_close_neighbour,success,post,0.8
llama3-8b,rome,counterfact,4190,target_close_neighbour,diff,post,0.02374441151422996
llama3-8b,rome,counterfact,4190,target_close_neighbour,acc,post,0.0
llama3-8b,rome,counterfact,2414,efficacy,success,pre,0.0
llama3-8b,rome,counterfact,2414,efficacy,diff,pre,-4.509402744198303e-05
llama3-8b,rome,counterfact,2414,efficacy,acc,pre,0.0
llama3-8b,rome,counterfact,2414,generalisation,success,pre,0.0
llama3-8b,rome,counterfact,2414,generalisation,diff,pre,-0.0004828513395791846
llama3-8b,rome,counterfact,2414,generalisation,acc,pre,0.0
llama3-8b,rome,counterfact,2414,specificity,success,pre,0.0
llama3-8b,rome,counterfact,2414,specificity,diff,pre,-0.001684303366971816
llama3-8b,rome,counterfact,2414,specificity,acc,pre,0.0
llama3-8b,rome,counterfact,2414,target_close_neighbour,success,pre,1.0
llama3-8b,rome,counterfact,2414,target_close_neighbour,diff,pre,0.0013511752216636053
llama3-8b,rome,counterfact,2414,target_close_neighbour,acc,pre,0.0
llama3-8b,rome,counterfact,2414,efficacy,success,post,1.0
llama3-8b,rome,counterfact,2414,efficacy,diff,post,0.9958885417516646
llama3-8b,rome,counterfact,2414,efficacy,acc,post,1.0
llama3-8b,rome,counterfact,2414,generalisation,success,post,1.0
llama3-8b,rome,counterfact,2414,generalisation,diff,post,0.06858671014312244
llama3-8b,rome,counterfact,2414,generalisation,acc,post,0.0
llama3-8b,rome,counterfact,2414,specificity,success,post,0.0
llama3-8b,rome,counterfact,2414,specificity,diff,post,-0.0009822590288923387
llama3-8b,rome,counterfact,2414,specificity,acc,post,0.0
llama3-8b,rome,counterfact,2414,target_close_neighbour,success,post,1.0
llama3-8b,rome,counterfact,2414,target_close_neighbour,diff,post,0.0014171093172335649
llama3-8b,rome,counterfact,2414,target_close_neighbour,acc,post,0.0
llama3-8b,rome,genie,narrative_location_456,efficacy,success,pre,0.0
llama3-8b,rome,genie,narrative_location_456,efficacy,diff,pre,-0.08049360607663233
llama3-8b,rome,genie,narrative_location_456,efficacy,acc,pre,0.3333333333333333
llama3-8b,rome,genie,narrative_location_456,paraphrase_1,success,pre,0.0
llama3-8b,rome,genie,narrative_location_456,paraphrase_1,diff,pre,-0.15969041131720813
llama3-8b,rome,genie,narrative_location_456,paraphrase_1,acc,pre,0.5
llama3-8b,rome,genie,narrative_location_456,paraphrase_2,success,pre,0.0
llama3-8b,rome,genie,narrative_location_456,paraphrase_2,diff,pre,-0.1375444092252735
llama3-8b,rome,genie,narrative_location_456,paraphrase_2,acc,pre,0.3333333333333333
llama3-8b,rome,genie,narrative_location_456,paraphrase_3,success,pre,1.0
llama3-8b,rome,genie,narrative_location_456,paraphrase_3,diff,pre,0.014269455807106191
llama3-8b,rome,genie,narrative_location_456,paraphrase_3,acc,pre,0.3333333333333333
llama3-8b,rome,genie,narrative_location_456,abstract_1,success,pre,1.0
llama3-8b,rome,genie,narrative_location_456,abstract_1,diff,pre,0.005625066259197897
llama3-8b,rome,genie,narrative_location_456,abstract_1,acc,pre,1.0
llama3-8b,rome,genie,narrative_location_456,abstract_2,hit,pre,0.0
llama3-8b,rome,genie,narrative_location_456,abstract_3,hit,pre,0.0
llama3-8b,rome,genie,narrative_location_456,efficacy,success,post,1.0
llama3-8b,rome,genie,narrative_location_456,efficacy,diff,post,0.9949643607092628
llama3-8b,rome,genie,narrative_location_456,efficacy,acc,post,1.0
llama3-8b,rome,genie,narrative_location_456,paraphrase_1,success,post,1.0
llama3-8b,rome,genie,narrative_location_456,paraphrase_1,diff,post,0.8342505413622455
llama3-8b,rome,genie,narrative_location_456,paraphrase_1,acc,post,1.0
llama3-8b,rome,genie,narrative_location_456,paraphrase_2,success,post,1.0
llama3-8b,rome,genie,narrative_location_456,paraphrase_2,diff,post,0.9800933979897366
llama3-8b,rome,genie,narrative_location_456,paraphrase_2,acc,post,1.0
llama3-8b,rome,genie,narrative_location_456,paraphrase_3,success,post,1.0
llama3-8b,rome,genie,narrative_location_456,paraphrase_3,diff,post,0.9727264797181773
llama3-8b,rome,genie,narrative_location_456,paraphrase_3,acc,post,1.0
llama3-8b,rome,genie,narrative_location_456,abstract_1,success,post,1.0
llama3-8b,rome,genie,narrative_location_456,abstract_1,diff,post,0.08007139869461338
llama3-8b,rome,genie,narrative_location_456,abstract_1,acc,post,1.0
llama3-8b,rome,genie,narrative_location_456,abstract_2,hit,post,0.0
llama3-8b,rome,genie,narrative_location_456,abstract_3,hit,post,0.0
llama3-8b,rome,genie,composer_4080,efficacy,success,pre,0.0
llama3-8b,rome,genie,composer_4080,efficacy,diff,pre,-0.4007431940153939
llama3-8b,rome,genie,composer_4080,efficacy,acc,pre,0.75
llama3-8b,rome,genie,composer_4080,paraphrase_1,success,pre,0.0
llama3-8b,rome,genie,composer_4080,paraphrase_1,diff,pre,-0.4439451228419754
llama3-8b,rome,genie,composer_4080,paraphrase_1,acc,pre,0.75
llama3-8b,rome,genie,composer_4080,paraphrase_2,success,pre,0.0
llama3-8b,rome,genie,composer_4080,paraphrase_2,diff,pre,-0.6234903774266172
llama3-8b,rome,genie,composer_4080,paraphrase_2,acc,pre,0.75
llama3-8b,rome,genie,composer_4080,paraphrase_3,success,pre,0.0
llama3-8b,rome,genie,composer_4080,paraphrase_3,diff,pre,-0.5726322610621903
llama3-8b,rome,genie,composer_4080,paraphrase_3,acc,pre,0.75
llama3-8b,rome,genie,composer_4080,abstract_1,success,pre,0.0
llama3-8b,rome,genie,composer_4080,abstract_1,diff,pre,-0.2069999968667866
llama3-8b,rome,genie,composer_4080,abstract_1,acc,pre,0.7142857142857143
llama3-8b,rome,genie,composer_4080,abstract_2,hit,pre,0.0
llama3-8b,rome,genie,composer_4080,abstract_3,hit,pre,0.0
llama3-8b,rome,genie,composer_4080,efficacy,success,post,1.0
llama3-8b,rome,genie,composer_4080,efficacy,diff,post,0.9633340491753023
llama3-8b,rome,genie,composer_4080,efficacy,acc,post,1.0
llama3-8b,rome,genie,composer_4080,paraphrase_1,success,post,1.0
llama3-8b,rome,genie,composer_4080,paraphrase_1,diff,post,0.9331240625483757
llama3-8b,rome,genie,composer_4080,paraphrase_1,acc,post,1.0
llama3-8b,rome,genie,composer_4080,paraphrase_2,success,post,1.0
llama3-8b,rome,genie,composer_4080,paraphrase_2,diff,post,0.896901289607308
llama3-8b,rome,genie,composer_4080,paraphrase_2,acc,post,1.0
llama3-8b,rome,genie,composer_4080,paraphrase_3,success,post,1.0
llama3-8b,rome,genie,composer_4080,paraphrase_3,diff,post,0.9039231404255452
llama3-8b,rome,genie,composer_4080,paraphrase_3,acc,post,1.0
llama3-8b,rome,genie,composer_4080,abstract_1,success,post,0.0
llama3-8b,rome,genie,composer_4080,abstract_1,diff,post,-0.22184862677195305
llama3-8b,rome,genie,composer_4080,abstract_1,acc,post,0.7142857142857143
llama3-8b,rome,genie,composer_4080,abstract_2,hit,post,1.0
llama3-8b,rome,genie,composer_4080,abstract_3,hit,post,0.0
llama3-8b,rome,genie,continent_5352,efficacy,success,pre,0.0
llama3-8b,rome,genie,continent_5352,efficacy,diff,pre,-0.4872784388068407
llama3-8b,rome,genie,continent_5352,efficacy,acc,pre,0.0
llama3-8b,rome,genie,continent_5352,paraphrase_1,success,pre,0.0
llama3-8b,rome,genie,continent_5352,paraphrase_1,diff,pre,-0.01330095428986822
llama3-8b,rome,genie,continent_5352,paraphrase_1,acc,pre,0.0
llama3-8b,rome,genie,continent_5352,paraphrase_2,success,pre,0.0
llama3-8b,rome,genie,continent_5352,paraphrase_2,diff,pre,-0.5043399439706028
llama3-8b,rome,genie,continent_5352,paraphrase_2,acc,pre,0.0
llama3-8b,rome,genie,continent_5352,paraphrase_3,success,pre,0.0
llama3-8b,rome,genie,continent_5352,paraphrase_3,diff,pre,-0.46093523760613775
llama3-8b,rome,genie,continent_5352,paraphrase_3,acc,pre,0.0
llama3-8b,rome,genie,continent_5352,abstract_1,success,pre,0.0
llama3-8b,rome,genie,continent_5352,abstract_1,diff,pre,-0.08533904596058145
llama3-8b,rome,genie,continent_5352,abstract_1,acc,pre,0.0
llama3-8b,rome,genie,continent_5352,abstract_3,hit,pre,0.0
llama3-8b,rome,genie,continent_5352,efficacy,success,post,1.0
llama3-8b,rome,genie,continent_5352,efficacy,diff,post,0.9854243666120432
llama3-8b,rome,genie,continent_5352,efficacy,acc,post,1.0
llama3-8b,rome,genie,continent_5352,paraphrase_1,success,post,1.0
llama3-8b,rome,genie,continent_5352,paraphrase_1,diff,post,0.8576013232895123
llama3-8b,rome,genie,continent_5352,paraphrase_1,acc,post,1.0
llama3-8b,rome,genie,continent_5352,paraphrase_2,success,post,1.0
llama3-8b,rome,genie,continent_5352,paraphrase_2,diff,post,0.9837874536844036
llama3-8b,rome,genie,continent_5352,paraphrase_2,acc,post,1.0
llama3-8b,rome,genie,continent_5352,paraphrase_3,success,post,1.0
llama3-8b,rome,genie,continent_5352,paraphrase_3,diff,post,0.8990282698937542
llama3-8b,rome,genie,continent_5352,paraphrase_3,acc,post,1.0
llama3-8b,rome,genie,continent_5352,abstract_1,success,post,1.0
llama3-8b,rome,genie,continent_5352,abstract_1,diff,post,0.020939108659763755
llama3-8b,rome,genie,continent_5352,abstract_1,acc,post,1.0
llama3-8b,rome,genie,continent_5352,abstract_3,hit,post,0.0
llama3-8b,rome,genie,composer_5053,efficacy,success,pre,0.0
llama3-8b,rome,genie,composer_5053,efficacy,diff,pre,-0.6262752690472206
llama3-8b,rome,genie,composer_5053,efficacy,acc,pre,0.6
llama3-8b,rome,genie,composer_5053,paraphrase_1,success,pre,0.0
llama3-8b,rome,genie,composer_5053,paraphrase_1,diff,pre,-0.7735601474700613
llama3-8b,rome,genie,composer_5053,paraphrase_1,acc,pre,0.6
llama3-8b,rome,genie,composer_5053,paraphrase_2,success,pre,0.0
llama3-8b,rome,genie,composer_5053,paraphrase_2,diff,pre,-0.8395712227903709
llama3-8b,rome,genie,composer_5053,paraphrase_2,acc,pre,0.6
llama3-8b,rome,genie,composer_5053,paraphrase_3,success,pre,0.0
llama3-8b,rome,genie,composer_5053,paraphrase_3,diff,pre,-0.6745106715201599
llama3-8b,rome,genie,composer_5053,paraphrase_3,acc,pre,0.6
llama3-8b,rome,genie,composer_5053,hop_1,success,pre,0.0
llama3-8b,rome,genie,composer_5053,hop_1,diff,pre,-0.016315730675403005
llama3-8b,rome,genie,composer_5053,hop_1,acc,pre,0.3333333333333333
llama3-8b,rome,genie,composer_5053,abstract_1,success,pre,1.0
llama3-8b,rome,genie,composer_5053,abstract_1,diff,pre,0.17073434639683638
llama3-8b,rome,genie,composer_5053,abstract_1,acc,pre,1.0
llama3-8b,rome,genie,composer_5053,abstract_2,hit,pre,0.0
llama3-8b,rome,genie,composer_5053,abstract_3,hit,pre,0.0
llama3-8b,rome,genie,composer_5053,efficacy,success,post,1.0
llama3-8b,rome,genie,composer_5053,efficacy,diff,post,0.8177474622983208
llama3-8b,rome,genie,composer_5053,efficacy,acc,post,1.0
llama3-8b,rome,genie,composer_5053,paraphrase_1,success,post,0.0
llama3-8b,rome,genie,composer_5053,paraphrase_1,diff,post,-0.17910281386902932
llama3-8b,rome,genie,composer_5053,paraphrase_1,acc,post,0.8
llama3-8b,rome,genie,composer_5053,paraphrase_2,success,post,0.0
llama3-8b,rome,genie,composer_5053,paraphrase_2,diff,post,-0.19158443376914613
llama3-8b,rome,genie,composer_5053,paraphrase_2,acc,post,0.8
llama3-8b,rome,genie,composer_5053,paraphrase_3,success,post,0.0
llama3-8b,rome,genie,composer_5053,paraphrase_3,diff,post,-0.25660205648898265
llama3-8b,rome,genie,composer_5053,paraphrase_3,acc,post,0.8
llama3-8b,rome,genie,composer_5053,hop_1,success,post,0.0
llama3-8b,rome,genie,composer_5053,hop_1,diff,post,-0.05089751804818165
llama3-8b,rome,genie,composer_5053,hop_1,acc,post,0.3333333333333333
llama3-8b,rome,genie,composer_5053,abstract_1,success,post,1.0
llama3-8b,rome,genie,composer_5053,abstract_1,diff,post,0.19049176040790206
llama3-8b,rome,genie,composer_5053,abstract_1,acc,post,1.0
llama3-8b,rome,genie,composer_5053,abstract_2,hit,post,0.0
llama3-8b,rome,genie,composer_5053,abstract_3,hit,post,0.0
llama3-8b,rome,genie,production_company_5845,efficacy,success,pre,1.0
llama3-8b,rome,genie,production_company_5845,efficacy,diff,pre,0.00450089816100217
llama3-8b,rome,genie,production_company_5845,efficacy,acc,pre,0.25
llama3-8b,rome,genie,production_company_5845,paraphrase_1,success,pre,0.0
llama3-8b,rome,genie,production_company_5845,paraphrase_1,diff,pre,-0.06637984662674981
llama3-8b,rome,genie,production_company_5845,paraphrase_1,acc,pre,0.5
llama3-8b,rome,genie,production_company_5845,paraphrase_2,success,pre,1.0
llama3-8b,rome,genie,production_company_5845,paraphrase_2,diff,pre,0.02353977454782048
llama3-8b,rome,genie,production_company_5845,paraphrase_2,acc,pre,0.5
llama3-8b,rome,genie,production_company_5845,paraphrase_3,success,pre,1.0
llama3-8b,rome,genie,production_company_5845,paraphrase_3,diff,pre,0.009470323305398848
llama3-8b,rome,genie,production_company_5845,paraphrase_3,acc,pre,0.5
llama3-8b,rome,genie,production_company_5845,abstract_2,hit,pre,0.0
llama3-8b,rome,genie,production_company_5845,abstract_3,hit,pre,0.0
llama3-8b,rome,genie,production_company_5845,efficacy,success,post,1.0
llama3-8b,rome,genie,production_company_5845,efficacy,diff,post,0.9833750745897463
llama3-8b,rome,genie,production_company_5845,efficacy,acc,post,1.0
llama3-8b,rome,genie,production_company_5845,paraphrase_1,success,post,1.0
llama3-8b,rome,genie,production_company_5845,paraphrase_1,diff,post,0.42074872474334757
llama3-8b,rome,genie,production_company_5845,paraphrase_1,acc,post,0.75
llama3-8b,rome,genie,production_company_5845,paraphrase_2,success,post,1.0
llama3-8b,rome,genie,production_company_5845,paraphrase_2,diff,post,0.38642119205308967
llama3-8b,rome,genie,production_company_5845,paraphrase_2,acc,post,1.0
llama3-8b,rome,genie,production_company_5845,paraphrase_3,success,post,1.0
llama3-8b,rome,genie,production_company_5845,paraphrase_3,diff,post,0.23900564511093547
llama3-8b,rome,genie,production_company_5845,paraphrase_3,acc,post,0.5
llama3-8b,rome,genie,production_company_5845,abstract_2,hit,post,0.0
llama3-8b,rome,genie,production_company_5845,abstract_3,hit,post,1.0
llama3-8b,rome,mquake,2640,efficacy,success,pre,0.0
llama3-8b,rome,mquake,2640,efficacy,diff,pre,-0.6316223117314133
llama3-8b,rome,mquake,2640,efficacy,acc,pre,0.44166666666666665
llama3-8b,rome,mquake,2640,single_hop,success,pre,0.0
llama3-8b,rome,mquake,2640,single_hop,diff,pre,-0.37190057609253696
llama3-8b,rome,mquake,2640,single_hop,acc,pre,0.6083333333333333
llama3-8b,rome,mquake,2640,multihop,hit,pre,0.0
llama3-8b,rome,mquake,2640,efficacy,success,post,1.0
llama3-8b,rome,mquake,2640,efficacy,diff,post,0.9059281554414206
llama3-8b,rome,mquake,2640,efficacy,acc,post,1.0
llama3-8b,rome,mquake,2640,single_hop,success,post,1.0
llama3-8b,rome,mquake,2640,single_hop,diff,post,0.8768928422883262
llama3-8b,rome,mquake,2640,single_hop,acc,post,1.0
llama3-8b,rome,mquake,2640,multihop,hit,post,0.0
llama3-8b,rome,mquake,248,efficacy,success,pre,0.0
llama3-8b,rome,mquake,248,efficacy,diff,pre,-0.24774936000060668
llama3-8b,rome,mquake,248,efficacy,acc,pre,0.5555555555555556
llama3-8b,rome,mquake,248,single_hop,success,pre,0.0
llama3-8b,rome,mquake,248,single_hop,diff,pre,-0.5130771561580336
llama3-8b,rome,mquake,248,single_hop,acc,pre,0.2777777777777778
llama3-8b,rome,mquake,248,multihop,hit,pre,0.0
llama3-8b,rome,mquake,248,efficacy,success,post,1.0
llama3-8b,rome,mquake,248,efficacy,diff,post,0.9923948987221834
llama3-8b,rome,mquake,248,efficacy,acc,post,1.0
llama3-8b,rome,mquake,248,single_hop,success,post,1.0
llama3-8b,rome,mquake,248,single_hop,diff,post,0.9709105937537525
llama3-8b,rome,mquake,248,single_hop,acc,post,0.5
llama3-8b,rome,mquake,248,multihop,hit,post,0.3333333333333333
llama3-8b,rome,mquake,2121,efficacy,success,pre,0.0
llama3-8b,rome,mquake,2121,efficacy,diff,pre,-0.8967147485639164
llama3-8b,rome,mquake,2121,efficacy,acc,pre,0.5714285714285714
llama3-8b,rome,mquake,2121,single_hop,success,pre,0.0
llama3-8b,rome,mquake,2121,single_hop,diff,pre,-0.863439277800544
llama3-8b,rome,mquake,2121,single_hop,acc,pre,0.8666666666666667
llama3-8b,rome,mquake,2121,multihop,hit,pre,0.0
llama3-8b,rome,mquake,2121,efficacy,success,post,1.0
llama3-8b,rome,mquake,2121,efficacy,diff,post,0.9923880690124856
llama3-8b,rome,mquake,2121,efficacy,acc,post,1.0
llama3-8b,rome,mquake,2121,single_hop,success,post,1.0
llama3-8b,rome,mquake,2121,single_hop,diff,post,0.9923880690124856
llama3-8b,rome,mquake,2121,single_hop,acc,post,1.0
llama3-8b,rome,mquake,2121,multihop,hit,post,0.6666666666666666
llama3-8b,rome,mquake,825,efficacy,success,pre,0.0
llama3-8b,rome,mquake,825,efficacy,diff,pre,-0.7982558410463397
llama3-8b,rome,mquake,825,efficacy,acc,pre,0.16666666666666666
llama3-8b,rome,mquake,825,single_hop,success,pre,0.0
llama3-8b,rome,mquake,825,single_hop,diff,pre,-0.9148615265718338
llama3-8b,rome,mquake,825,single_hop,acc,pre,0.16666666666666666
llama3-8b,rome,mquake,825,multihop,hit,pre,0.0
llama3-8b,rome,mquake,825,efficacy,success,post,1.0
llama3-8b,rome,mquake,825,efficacy,diff,post,0.9742345697175191
llama3-8b,rome,mquake,825,efficacy,acc,post,1.0
llama3-8b,rome,mquake,825,single_hop,success,post,1.0
llama3-8b,rome,mquake,825,single_hop,diff,post,0.9301316373214095
llama3-8b,rome,mquake,825,single_hop,acc,post,1.0
llama3-8b,rome,mquake,825,multihop,hit,post,0.0
llama3-8b,rome,mquake,2014,efficacy,success,pre,0.0
llama3-8b,rome,mquake,2014,efficacy,diff,pre,-0.28405728879259157
llama3-8b,rome,mquake,2014,efficacy,acc,pre,0.30952380952380953
llama3-8b,rome,mquake,2014,single_hop,success,pre,0.0
llama3-8b,rome,mquake,2014,single_hop,diff,pre,-0.31048232770598333
llama3-8b,rome,mquake,2014,single_hop,acc,pre,0.5873015873015873
llama3-8b,rome,mquake,2014,multihop,hit,pre,0.0
llama3-8b,rome,mquake,2014,efficacy,success,post,1.0
llama3-8b,rome,mquake,2014,efficacy,diff,post,0.9870173049336902
llama3-8b,rome,mquake,2014,efficacy,acc,post,1.0
llama3-8b,rome,mquake,2014,single_hop,success,post,1.0
llama3-8b,rome,mquake,2014,single_hop,diff,post,0.9509623879640962
llama3-8b,rome,mquake,2014,single_hop,acc,post,1.0
llama3-8b,rome,mquake,2014,multihop,hit,post,0.0
llama3-8b,rome,ripple,ripple_popular_row657,efficacy,hit,pre,0.0
llama3-8b,rome,ripple,ripple_popular_row657,ripple_relation_specificity,hit,pre,1.0
llama3-8b,rome,ripple,ripple_popular_row657,efficacy,hit,post,1.0
llama3-8b,rome,ripple,ripple_popular_row657,ripple_relation_specificity,hit,post,0.1
llama3-8b,rome,ripple,ripple_popular_row839,efficacy,hit,pre,0.0
llama3-8b,rome,ripple,ripple_popular_row839,ripple_relation_specificity,hit,pre,1.0
llama3-8b,rome,ripple,ripple_popular_row839,efficacy,hit,post,1.0
llama3-8b,rome,ripple,ripple_popular_row839,ripple_relation_specificity,hit,post,0.0
llama3-8b,rome,ripple,ripple_popular_row792,efficacy,hit,pre,0.0
llama3-8b,rome,ripple,ripple_popular_row792,ripple_compositional_i,hit,pre,0.0
llama3-8b,rome,ripple,ripple_popular_row792,efficacy,hit,post,1.0
llama3-8b,rome,ripple,ripple_popular_row792,ripple_compositional_i,hit,post,0.0
llama3-8b,rome,ripple,ripple_popular_row778,efficacy,hit,pre,0.0
llama3-8b,rome,ripple,ripple_popular_row778,ripple_logical,hit,pre,0.0
llama3-8b,rome,ripple,ripple_popular_row778,ripple_compositional_i,hit,pre,0.0
llama3-8b,rome,ripple,ripple_popular_row778,ripple_relation_specificity,hit,pre,1.0
llama3-8b,rome,ripple,ripple_popular_row778,ripple_preservation,hit,pre,1.0
llama3-8b,rome,ripple,ripple_popular_row778,efficacy,hit,post,1.0
llama3-8b,rome,ripple,ripple_popular_row778,ripple_logical,hit,post,0.0
llama3-8b,rome,ripple,ripple_popular_row778,ripple_compositional_i,hit,post,0.5
llama3-8b,rome,ripple,ripple_popular_row778,ripple_relation_specificity,hit,post,0.125
llama3-8b,rome,ripple,ripple_popular_row778,ripple_preservation,hit,post,0.0
llama3-8b,rome,ripple,ripple_popular_row846,efficacy,hit,pre,0.0
llama3-8b,rome,ripple,ripple_popular_row846,ripple_compositional_i,hit,pre,0.0
llama3-8b,rome,ripple,ripple_popular_row846,ripple_relation_specificity,hit,pre,1.0
llama3-8b,rome,ripple,ripple_popular_row846,ripple_preservation,hit,pre,1.0
llama3-8b,rome,ripple,ripple_popular_row846,efficacy,hit,post,1.0
llama3-8b,rome,ripple,ripple_popular_row846,ripple_compositional_i,hit,post,0.5
llama3-8b,rome,ripple,ripple_popular_row846,ripple_relation_specificity,hit,post,0.75
llama3-8b,rome,ripple,ripple_popular_row846,ripple_preservation,hit,post,1.0
llama3-8b,rome,ripple,ripple_random_row1742,efficacy,hit,pre,0.0
llama3-8b,rome,ripple,ripple_random_row1742,ripple_relation_specificity,hit,pre,1.0
llama3-8b,rome,ripple,ripple_random_row1742,efficacy,hit,post,1.0
llama3-8b,rome,ripple,ripple_random_row1742,ripple_relation_specificity,hit,post,1.0
llama3-8b,rome,ripple,ripple_random_row1584,efficacy,hit,pre,0.0
llama3-8b,rome,ripple,ripple_random_row1584,efficacy,hit,post,1.0
llama3-8b,rome,ripple,ripple_random_row1799,efficacy,hit,pre,0.0
llama3-8b,rome,ripple,ripple_random_row1799,efficacy,hit,post,1.0
llama3-8b,rome,ripple,ripple_random_row1627,efficacy,hit,pre,0.0
llama3-8b,rome,ripple,ripple_random_row1627,ripple_relation_specificity,hit,pre,1.0
llama3-8b,rome,ripple,ripple_random_row1627,efficacy,hit,post,1.0
llama3-8b,rome,ripple,ripple_random_row1627,ripple_relation_specificity,hit,post,1.0
llama3-8b,rome,ripple,ripple_random_row1806,efficacy,hit,pre,0.0
llama3-8b,rome,ripple,ripple_random_row1806,ripple_relation_specificity,hit,pre,1.0
llama3-8b,rome,ripple,ripple_random_row1806,efficacy,hit,post,1.0
llama3-8b,rome,ripple,ripple_random_row1806,ripple_relation_specificity,hit,post,1.0
llama3-8b,rome,zsre,zsre_row18114,efficacy,success,pre,0.0
llama3-8b,rome,zsre,zsre_row18114,efficacy,diff,pre,-0.004395026300653871
llama3-8b,rome,zsre,zsre_row18114,efficacy,acc,pre,0.5
llama3-8b,rome,zsre,zsre_row18114,generalisation,success,pre,0.0
llama3-8b,rome,zsre,zsre_row18114,generalisation,diff,pre,-0.0016621961220674424
llama3-8b,rome,zsre,zsre_row18114,generalisation,acc,pre,0.5
llama3-8b,rome,zsre,zsre_row18114,specificity,success,pre,0.0
llama3-8b,rome,zsre,zsre_row18114,specificity,diff,pre,-0.007592391619766185
llama3-8b,rome,zsre,zsre_row18114,specificity,acc,pre,0.25
llama3-8b,rome,zsre,zsre_row18114,efficacy,success,post,1.0
llama3-8b,rome,zsre,zsre_row18114,efficacy,diff,post,0.9852318178750308
llama3-8b,rome,zsre,zsre_row18114,efficacy,acc,post,1.0
llama3-8b,rome,zsre,zsre_row18114,generalisation,success,post,1.0
llama3-8b,rome,zsre,zsre_row18114,generalisation,diff,post,0.9927207747028387
llama3-8b,rome,zsre,zsre_row18114,generalisation,acc,post,1.0
llama3-8b,rome,zsre,zsre_row18114,specificity,success,post,0.0
llama3-8b,rome,zsre,zsre_row18114,specificity,diff,post,-0.009180758256434631
llama3-8b,rome,zsre,zsre_row18114,specificity,acc,post,0.25
llama3-8b,rome,zsre,zsre_row10337,efficacy,success,pre,1.0
llama3-8b,rome,zsre,zsre_row10337,efficacy,diff,pre,0.007788141020765143
llama3-8b,rome,zsre,zsre_row10337,efficacy,acc,pre,0.3333333333333333
llama3-8b,rome,zsre,zsre_row10337,generalisation,success,pre,0.0
llama3-8b,rome,zsre,zsre_row10337,generalisation,diff,pre,-0.011987947567869042
llama3-8b,rome,zsre,zsre_row10337,generalisation,acc,pre,0.3333333333333333
llama3-8b,rome,zsre,zsre_row10337,specificity,success,pre,1.0
llama3-8b,rome,zsre,zsre_row10337,specificity,diff,pre,0.00014157568813410727
llama3-8b,rome,zsre,zsre_row10337,specificity,acc,pre,0.0
llama3-8b,rome,zsre,zsre_row10337,efficacy,success,post,1.0
llama3-8b,rome,zsre,zsre_row10337,efficacy,diff,post,0.9773407358180717
llama3-8b,rome,zsre,zsre_row10337,efficacy,acc,post,1.0
llama3-8b,rome,zsre,zsre_row10337,generalisation,success,post,1.0
llama3-8b,rome,zsre,zsre_row10337,generalisation,diff,post,0.8886597769383278
llama3-8b,rome,zsre,zsre_row10337,generalisation,acc,post,1.0
llama3-8b,rome,zsre,zsre_row10337,specificity,success,post,1.0
llama3-8b,rome,zsre,zsre_row10337,specificity,diff,post,0.000158661212574143
llama3-8b,rome,zsre,zsre_row10337,specificity,acc,post,0.0
llama3-8b,rome,zsre,zsre_row11396,efficacy,success,pre,1.0
llama3-8b,rome,zsre,zsre_row11396,efficacy,diff,pre,0.13924220132368065
llama3-8b,rome,zsre,zsre_row11396,efficacy,acc,pre,0.8
llama3-8b,rome,zsre,zsre_row11396,generalisation,success,pre,1.0
llama3-8b,rome,zsre,zsre_row11396,generalisation,diff,pre,0.13661925513677772
llama3-8b,rome,zsre,zsre_row11396,generalisation,acc,pre,0.6
llama3-8b,rome,zsre,zsre_row11396,specificity,success,pre,0.0
llama3-8b,rome,zsre,zsre_row11396,specificity,diff,pre,-0.043698839669367204
llama3-8b,rome,zsre,zsre_row11396,specificity,acc,pre,0.3333333333333333
llama3-8b,rome,zsre,zsre_row11396,efficacy,success,post,1.0
llama3-8b,rome,zsre,zsre_row11396,efficacy,diff,post,0.9865003530815082
llama3-8b,rome,zsre,zsre_row11396,efficacy,acc,post,1.0
llama3-8b,rome,zsre,zsre_row11396,generalisation,success,post,1.0
llama3-8b,rome,zsre,zsre_row11396,generalisation,diff,post,0.9852034018219773
llama3-8b,rome,zsre,zsre_row11396,generalisation,acc,post,1.0
llama3-8b,rome,zsre,zsre_row11396,specificity,success,post,0.0
llama3-8b,rome,zsre,zsre_row11396,specificity,diff,post,-0.04495305168275389
llama3-8b,rome,zsre,zsre_row11396,specificity,acc,post,0.3333333333333333
llama3-8b,rome,zsre,zsre_row12562,efficacy,success,pre,0.0
llama3-8b,rome,zsre,zsre_row12562,efficacy,diff,pre,-0.1182631082477501
llama3-8b,rome,zsre,zsre_row12562,efficacy,acc,pre,0.5
llama3-8b,rome,zsre,zsre_row12562,generalisation,success,pre,0.0
llama3-8b,rome,zsre,zsre_row12562,generalisation,diff,pre,-0.24669185020226614
llama3-8b,rome,zsre,zsre_row12562,generalisation,acc,pre,0.5
llama3-8b,rome,zsre,zsre_row12562,specificity,success,pre,0.0
llama3-8b,rome,zsre,zsre_row12562,specificity,diff,pre,-0.21400219461509531
llama3-8b,rome,zsre,zsre_row12562,specificity,acc,pre,0.6666666666666666
llama3-8b,rome,zsre,zsre_row12562,efficacy,success,post,1.0
llama3-8b,rome,zsre,zsre_row12562,efficacy,diff,post,0.9316578899960959
llama3-8b,rome,zsre,zsre_row12562,efficacy,acc,post,1.0
llama3-8b,rome,zsre,zsre_row12562,generalisation,success,post,1.0
llama3-8b,rome,zsre,zsre_row12562,generalisation,diff,post,0.8854186260417778
llama3-8b,rome,zsre,zsre_row12562,generalisation,acc,post,1.0
llama3-8b,rome,zsre,zsre_row12562,specificity,success,post,0.0
llama3-8b,rome,zsre,zsre_row12562,specificity,diff,post,-0.21702836155758182
llama3-8b,rome,zsre,zsre_row12562,specificity,acc,post,0.6923076923076923
llama3-8b,rome,zsre,zsre_row13330,efficacy,success,pre,0.0
llama3-8b,rome,zsre,zsre_row13330,efficacy,diff,pre,-0.00040008784079834873
llama3-8b,rome,zsre,zsre_row13330,efficacy,acc,pre,0.0
llama3-8b,rome,zsre,zsre_row13330,generalisation,success,pre,0.0
llama3-8b,rome,zsre,zsre_row13330,generalisation,diff,pre,-8.680629223848009e-05
llama3-8b,rome,zsre,zsre_row13330,generalisation,acc,pre,0.0
llama3-8b,rome,zsre,zsre_row13330,specificity,success,pre,0.0
llama3-8b,rome,zsre,zsre_row13330,specificity,diff,pre,-0.3684221921493258
llama3-8b,rome,zsre,zsre_row13330,specificity,acc,pre,0.8
llama3-8b,rome,zsre,zsre_row13330,efficacy,success,post,1.0
llama3-8b,rome,zsre,zsre_row13330,efficacy,diff,post,0.9937512059289633
llama3-8b,rome,zsre,zsre_row13330,efficacy,acc,post,1.0
llama3-8b,rome,zsre,zsre_row13330,generalisation,success,post,1.0
llama3-8b,rome,zsre,zsre_row13330,generalisation,diff,post,0.5085792372902759
llama3-8b,rome,zsre,zsre_row13330,generalisation,acc,post,1.0
llama3-8b,rome,zsre,zsre_row13330,specificity,success,post,0.0
llama3-8b,rome,zsre,zsre_row13330,specificity,diff,post,-0.3579737568334621
llama3-8b,rome,zsre,zsre_row13330,specificity,acc,post,0.7866666666666666
