model,method,bench,case,category,measure,phase,value
gpt2-xl,memit,counterfact,0,efficacy,success,pre,0.0
gpt2-xl,memit,counterfact,0,efficacy,diff,pre,-0.37617651698075644
gpt2-xl,memit,counterfact,0,efficacy,acc,pre,0.0
gpt2-xl,memit,counterfact,0,generalisation,success,pre,1.0
gpt2-xl,memit,counterfact,0,generalisation,diff,pre,0.0005171306729141865
gpt2-xl,memit,counterfact,0,generalisation,acc,pre,0.0
gpt2-xl,memit,counterfact,0,specificity,success,pre,0.0
gpt2-xl,memit,counterfact,0,specificity,diff,pre,-0.3224642760423937
gpt2-xl,memit,counterfact,0,specificity,acc,pre,0.7
gpt2-xl,memit,counterfact,0,target_close_neighbour,success,pre,1.0
gpt2-xl,memit,counterfact,0,target_close_neighbour,diff,pre,0.07185565722335695
gpt2-xl,memit,counterfact,0,target_close_neighbour,acc,pre,0.4
gpt2-xl,memit,counterfact,0,efficacy,success,post,1.0
gpt2-xl,memit,counterfact,0,efficacy,diff,post,0.9936691588002027
gpt2-xl,memit,counterfact,0,efficacy,acc,post,1.0
gpt2-xl,memit,counterfact,0,generalisation,success,post,1.0
gpt2-xl,memit,counterfact,0,generalisation,diff,post,0.011579054566294301
gpt2-xl,memit,counterfact,0,generalisation,acc,post,0.0
gpt2-xl,memit,counterfact,0,specificity,success,post,0.0
gpt2-xl,memit,counterfact,0,specificity,diff,post,-0.32972370287605607
gpt2-xl,memit,counterfact,0,specificity,acc,post,0.7
gpt2-xl,memit,counterfact,0,target_close_neighbour,success,post,1.0
gpt2-xl,memit,counterfact,0,target_close_neighbour,diff,post,0.07835940625673776
gpt2-xl,memit,counterfact,0,target_close_neighbour,acc,post,0.4
gpt2-xl,memit,counterfact,1,efficacy,success,pre,0.0
gpt2-xl,memit,counterfact,1,efficacy,diff,pre,-0.10433664415338888
gpt2-xl,memit,counterfact,1,efficacy,acc,pre,0.0
gpt2-xl,memit,counterfact,1,generalisation,success,pre,0.0
gpt2-xl,memit,counterfact,1,generalisation,diff,pre,-0.0010584796715423853
gpt2-xl,memit,counterfact,1,generalisation,acc,pre,0.0
gpt2-xl,memit,counterfact,1,specificity,success,pre,0.7
gpt2-xl,memit,counterfact,1,specificity,diff,pre,0.025185032982237548
gpt2-xl,memit,counterfact,1,specificity,acc,pre,0.1
gpt2-xl,memit,counterfact,1,target_close_neighbour,success,pre,1.0
gpt2-xl,memit,counterfact,1,target_close_neighbour,diff,pre,0.11009343599061741
gpt2-xl,memit,counterfact,1,target_close_neighbour,acc,pre,0.3
gpt2-xl,memit,counterfact,1,efficacy,success,post,1.0
gpt2-xl,memit,counterfact,1,efficacy,diff,post,0.9896490457120738
gpt2-xl,memit,counterfact,1,efficacy,acc,post,1.0
gpt2-xl,memit,counterfact,1,generalisation,success,post,1.0
gpt2-xl,memit,counterfact,1,generalisation,diff,post,0.061004870957476
gpt2-xl,memit,counterfact,1,generalisation,acc,post,0.0
gpt2-xl,memit,counterfact,1,specificity,success,post,0.7
gpt2-xl,memit,counterfact,1,specificity,diff,post,0.03377352704319262
gpt2-xl,memit,counterfact,1,specificity,acc,post,0.1
gpt2-xl,memit,counterfact,1,target_close_neighbour,success,post,1.0
gpt2-xl,memit,counterfact,1,target_close_neighbour,diff,post,0.1167831597611477
gpt2-xl,memit,counterfact,1,target_close_neighbour,acc,post,0.2
gpt2-xl,memit,counterfact,2,efficacy,success,pre,1.0
gpt2-xl,memit,counterfact,2,efficacy,diff,pre,2.8234194909068148e-05
gpt2-xl,memit,counterfact,2,efficacy,acc,pre,0.0
gpt2-xl,memit,counterfact,2,generalisation,success,pre,0.5
gpt2-xl,memit,counterfact,2,generalisation,diff,pre,0.013870785335809153
gpt2-xl,memit,counterfact,2,generalisation,acc,pre,0.0
gpt2-xl,memit,counterfact,2,specificity,success,pre,0.6
gpt2-xl,memit,counterfact,2,specificity,diff,pre,-0.0022553692823553133
gpt2-xl,memit,counterfact,2,specificity,acc,pre,0.0
gpt2-xl,memit,counterfact,2,target_close_neighbour,success,pre,0.7
gpt2-xl,memit,counterfact,2,target_close_neighbour,diff,pre,0.006844458774199277
gpt2-xl,memit,counterfact,2,target_close_neighbour,acc,pre,0.0
gpt2-xl,memit,counterfact,2,efficacy,success,post,1.0
gpt2-xl,memit,counterfact,2,efficacy,diff,post,0.9419270720374822
gpt2-xl,memit,counterfact,2,efficacy,acc,post,1.0
gpt2-xl,memit,counterfact,2,generalisation,success,post,1.0
gpt2-xl,memit,counterfact,2,generalisation,diff,post,0.4659861790756417
gpt2-xl,memit,counterfact,2,generalisation,acc,post,0.5
gpt2-xl,memit,counterfact,2,specificity,success,post,0.7
gpt2-xl,memit,counterfact,2,specificity,diff,post,0.00036861872982943167
gpt2-xl,memit,counterfact,2,specificity,acc,post,0.0
gpt2-xl,memit,counterfact,2,target_close_neighbour,success,post,0.7
gpt2-xl,memit,counterfact,2,target_close_neighbour,diff,post,0.008782949086748582
gpt2-xl,memit,counterfact,2,target_close_neighbour,acc,post,0.0
gpt2-xl,memit,counterfact,3,efficacy,success,pre,0.0
gpt2-xl,memit,counterfact,3,efficacy,diff,pre,-0.08874552929428017
gpt2-xl,memit,counterfact,3,efficacy,acc,pre,0.0
gpt2-xl,memit,counterfact,3,generalisation,success,pre,0.0
gpt2-xl,memit,counterfact,3,generalisation,diff,pre,-0.10788922980313234
gpt2-xl,memit,counterfact,3,generalisation,acc,pre,0.0
gpt2-xl,memit,counterfact,3,specificity,success,pre,0.0
gpt2-xl,memit,counterfact,3,specificity,diff,pre,-0.01927880385219243
gpt2-xl,memit,counterfact,3,specificity,acc,pre,0.0
gpt2-xl,memit,counterfact,3,target_close_neighbour,success,pre,1.0
gpt2-xl,memit,counterfact,3,target_close_neighbour,diff,pre,0.09144004526728411
gpt2-xl,memit,counterfact,3,target_close_neighbour,acc,pre,0.1
gpt2-xl,memit,counterfact,3,efficacy,success,post,1.0
gpt2-xl,memit,counterfact,3,efficacy,diff,post,0.9813702273103715
gpt2-xl,memit,counterfact,3,efficacy,acc,post,1.0
gpt2-xl,memit,counterfact,3,generalisation,success,post,1.0
gpt2-xl,memit,counterfact,3,generalisation,diff,post,0.9804206942798555
gpt2-xl,memit,counterfact,3,generalisation,acc,post,1.0
gpt2-xl,memit,counterfact,3,specificity,success,post,0.0
gpt2-xl,memit,counterfact,3,specificity,diff,post,-0.021639796678062304
gpt2-xl,memit,counterfact,3,specificity,acc,post,0.0
gpt2-xl,memit,counterfact,3,target_close_neighbour,success,post,1.0
gpt2-xl,memit,counterfact,3,target_close_neighbour,diff,post,0.11678171666522508
gpt2-xl,memit,counterfact,3,target_close_neighbour,acc,post,0.2
gpt2-xl,memit,counterfact,4,efficacy,success,pre,0.0
gpt2-xl,memit,counterfact,4,efficacy,diff,pre,-2.046038752108024e-06
gpt2-xl,memit,counterfact,4,efficacy,acc,pre,0.0
gpt2-xl,memit,counterfact,4,generalisation,success,pre,0.0
gpt2-xl,memit,counterfact,4,generalisation,diff,pre,-5.229205851170455e-06
gpt2-xl,memit,counterfact,4,generalisation,acc,pre,0.0
gpt2-xl,memit,counterfact,4,specificity,success,pre,0.4
gpt2-xl,memit,counterfact,4,specificity,diff,pre,-8.363290483892825e-05
gpt2-xl,memit,counterfact,4,specificity,acc,pre,0.0
gpt2-xl,memit,counterfact,4,target_close_neighbour,success,pre,1.0
gpt2-xl,memit,counterfact,4,target_close_neighbour,diff,pre,0.0013901259861620226
gpt2-xl,memit,counterfact,4,target_close_neighbour,acc,pre,0.0
gpt2-xl,memit,counterfact,4,efficacy,success,post,1.0
gpt2-xl,memit,counterfact,4,efficacy,diff,post,0.3736350615423065
gpt2-xl,memit,counterfact,4,efficacy,acc,post,1.0
gpt2-xl,memit,counterfact,4,generalisation,success,post,0.5
gpt2-xl,memit,counterfact,4,generalisation,diff,post,0.0007012425701343101
gpt2-xl,memit,counterfact,4,generalisation,acc,post,0.0
gpt2-xl,memit,counterfact,4,specificity,success,post,0.5
gpt2-xl,memit,counterfact,4,specificity,diff,post,-0.00012052806014074696
gpt2-xl,memit,counterfact,4,specificity,acc,post,0.0
gpt2-xl,memit,counterfact,4,target_close_neighbour,success,post,1.0
gpt2-xl,memit,counterfact,4,target_close_neighbour,diff,post,0.002721683754678168
gpt2-xl,memit,counterfact,4,target_close_neighbour,acc,post,0.0
gpt2-xl,memit,counterfact,5,efficacy,success,pre,0.0
gpt2-xl,memit,counterfact,5,efficacy,diff,pre,-0.06645658194091092
gpt2-xl,memit,counterfact,5,efficacy,acc,pre,0.0
gpt2-xl,memit,counterfact,5,generalisation,success,pre,0.5
gpt2-xl,memit,counterfact,5,generalisation,diff,pre,-0.000413328835335311
gpt2-xl,memit,counterfact,5,generalisation,acc,pre,0.0
gpt2-xl,memit,counterfact,5,specificity,success,pre,0.3
gpt2-xl,memit,counterfact,5,specificity,diff,pre,-0.2288711208296151
gpt2-xl,memit,counterfact,5,specificity,acc,pre,0.6
gpt2-xl,memit,counterfact,5,target_close_neighbour,success,pre,1.0
gpt2-xl,memit,counterfact,5,target_close_neighbour,diff,pre,0.09496826466549692
gpt2-xl,memit,counterfact,5,target_close_neighbour,acc,pre,0.4
gpt2-xl,memit,counterfact,5,efficacy,success,post,1.0
gpt2-xl,memit,counterfact,5,efficacy,diff,post,0.9979002504759706
gpt2-xl,memit,counterfact,5,efficacy,acc,post,1.0
gpt2-xl,memit,counterfact,5,generalisation,success,post,1.0
gpt2-xl,memit,counterfact,5,generalisation,diff,post,0.0018616720728015092
gpt2-xl,memit,counterfact,5,generalisation,acc,post,0.0
gpt2-xl,memit,counterfact,5,specificity,success,post,0.3
gpt2-xl,memit,counterfact,5,specificity,diff,post,-0.22967459941254315
gpt2-xl,memit,counterfact,5,specificity,acc,post,0.7
gpt2-xl,memit,counterfact,5,target_close_neighbour,success,post,1.0
gpt2-xl,memit,counterfact,5,target_close_neighbour,diff,post,0.09985210020421399
gpt2-xl,memit,counterfact,5,target_close_neighbour,acc,post,0.4
gpt2-xl,memit,counterfact,6,efficacy,success,pre,1.0
gpt2-xl,memit,counterfact,6,efficacy,diff,pre,3.331736028450795e-05
gpt2-xl,memit,counterfact,6,efficacy,acc,pre,0.0
gpt2-xl,memit,counterfact,6,generalisation,success,pre,0.5
gpt2-xl,memit,counterfact,6,generalisation,diff,pre,0.0002455260226386036
gpt2-xl,memit,counterfact,6,generalisation,acc,pre,0.0
gpt2-xl,memit,counterfact,6,specificity,success,pre,0.6
gpt2-xl,memit,counterfact,6,specificity,diff,pre,0.0010757189628516147
gpt2-xl,memit,counterfact,6,specificity,acc,pre,0.0
gpt2-xl,memit,counterfact,6,target_close_neighbour,success,pre,1.0
gpt2-xl,memit,counterfact,6,target_close_neighbour,diff,pre,0.001489396161460393
gpt2-xl,memit,counterfact,6,target_close_neighbour,acc,pre,0.0
gpt2-xl,memit,counterfact,6,efficacy,success,post,1.0
gpt2-xl,memit,counterfact,6,efficacy,diff,post,0.9936724431966217
gpt2-xl,memit,counterfact,6,efficacy,acc,post,1.0
gpt2-xl,memit,counterfact,6,generalisation,success,post,1.0
gpt2-xl,memit,counterfact,6,generalisation,diff,post,0.9898189838205487
gpt2-xl,memit,counterfact,6,generalisation,acc,post,1.0
gpt2-xl,memit,counterfact,6,specificity,success,post,0.6
gpt2-xl,memit,counterfact,6,specificity,diff,post,0.001456679880518623
gpt2-xl,memit,counterfact,6,specificity,acc,post,0.0
gpt2-xl,memit,counterfact,6,target_close_neighbour,success,post,1.0
gpt2-xl,memit,counterfact,6,target_close_neighbour,diff,post,0.0017430023720271214
gpt2-xl,memit,counterfact,6,target_close_neighbour,acc,post,0.0
gpt2-xl,memit,counterfact,7,efficacy,success,pre,0.0
gpt2-xl,memit,counterfact,7,efficacy,diff,pre,-0.08107924661595162
gpt2-xl,memit,counterfact,7,efficacy,acc,pre,0.0
gpt2-xl,memit,counterfact,7,generalisation,success,pre,0.0
gpt2-xl,memit,counterfact,7,generalisation,diff,pre,-0.10055833444501067
gpt2-xl,memit,counterfact,7,generalisation,acc,pre,0.0
gpt2-xl,memit,counterfact,7,specificity,success,pre,0.3
gpt2-xl,memit,counterfact,7,specificity,diff,pre,-0.09980051644687042
gpt2-xl,memit,counterfact,7,specificity,acc,pre,0.3
gpt2-xl,memit,counterfact,7,target_close_neighbour,success,pre,1.0
gpt2-xl,memit,counterfact,7,target_close_neighbour,diff,pre,0.2870562181387737
gpt2-xl,memit,counterfact,7,target_close_neighbour,acc,pre,0.7
gpt2-xl,memit,counterfact,7,efficacy,success,post,1.0
gpt2-xl,memit,counterfact,7,efficacy,diff,post,0.9967923845907809
gpt2-xl,memit,counterfact,7,efficacy,acc,post,1.0
gpt2-xl,memit,counterfact,7,generalisation,success,post,1.0
gpt2-xl,memit,counterfact,7,generalisation,diff,post,0.9324739021462489
gpt2-xl,memit,counterfact,7,generalisation,acc,post,1.0
gpt2-xl,memit,counterfact,7,specificity,success,post,0.3
gpt2-xl,memit,counterfact,7,specificity,diff,post,-0.11137463063328171
gpt2-xl,memit,counterfact,7,specificity,acc,post,0.3
gpt2-xl,memit,counterfact,7,target_close_neighbour,success,post,1.0
gpt2-xl,memit,counterfact,7,target_close_neighbour,diff,post,0.31352731810437096
gpt2-xl,memit,counterfact,7,target_close_neighbour,acc,post,0.7
gpt2-xl,memit,counterfact,8,efficacy,success,pre,0.0
gpt2-xl,memit,counterfact,8,efficacy,diff,pre,-9.537783054237566e-05
gpt2-xl,memit,counterfact,8,efficacy,acc,pre,0.0
gpt2-xl,memit,counterfact,8,generalisation,success,pre,0.0
gpt2-xl,memit,counterfact,8,generalisation,diff,pre,-0.01236854072031907
gpt2-xl,memit,counterfact,8,generalisation,acc,pre,0.0
gpt2-xl,memit,counterfact,8,specificity,success,pre,0.0
gpt2-xl,memit,counterfact,8,specificity,diff,pre,-1.1641816746159209e-05
gpt2-xl,memit,counterfact,8,specificity,acc,pre,0.0
gpt2-xl,memit,counterfact,8,target_close_neighbour,success,pre,0.0
gpt2-xl,memit,counterfact,8,target_close_neighbour,diff,pre,-8.859014498521854e-05
gpt2-xl,memit,counterfact,8,target_close_neighbour,acc,pre,0.0
gpt2-xl,memit,counterfact,8,efficacy,success,post,1.0
gpt2-xl,memit,counterfact,8,efficacy,diff,post,0.7301220302013461
gpt2-xl,memit,counterfact,8,efficacy,acc,post,1.0
gpt2-xl,memit,counterfact,8,generalisation,success,post,0.5
gpt2-xl,memit,counterfact,8,generalisation,diff,post,-0.005766643669176571
gpt2-xl,memit,counterfact,8,generalisation,acc,post,0.0
gpt2-xl,memit,counterfact,8,specificity,success,post,0.1
gpt2-xl,memit,counterfact,8,specificity,diff,post,-1.1865720093987877e-05
gpt2-xl,memit,counterfact,8,specificity,acc,post,0.0
gpt2-xl,memit,counterfact,8,target_close_neighbour,success,post,0.0
gpt2-xl,memit,counterfact,8,target_close_neighbour,diff,post,-7.891154772554792e-05
gpt2-xl,memit,counterfact,8,target_close_neighbour,acc,post,0.0
gpt2-xl,memit,counterfact,9,efficacy,success,pre,0.0
gpt2-xl,memit,counterfact,9,efficacy,diff,pre,-0.009271468412467447
gpt2-xl,memit,counterfact,9,efficacy,acc,pre,0.0
gpt2-xl,memit,counterfact,9,generalisation,success,pre,0.0
gpt2-xl,memit,counterfact,9,generalisation,diff,pre,-0.03953480097185694
gpt2-xl,memit,counterfact,9,generalisation,acc,pre,0.0
gpt2-xl,memit,counterfact,9,specificity,success,pre,0.1
gpt2-xl,memit,counterfact,9,specificity,diff,pre,-0.012745251078952621
gpt2-xl,memit,counterfact,9,specificity,acc,pre,0.0
gpt2-xl,memit,counterfact,9,target_close_neighbour,success,pre,0.6
gpt2-xl,memit,counterfact,9,target_close_neighbour,diff,pre,0.00012506475000464474
gpt2-xl,memit,counterfact,9,target_close_neighbour,acc,pre,0.0
gpt2-xl,memit,counterfact,9,efficacy,success,post,1.0
gpt2-xl,memit,counterfact,9,efficacy,diff,post,0.9923689812653752
gpt2-xl,memit,counterfact,9,efficacy,acc,post,1.0
gpt2-xl,memit,counterfact,9,generalisation,success,post,1.0
gpt2-xl,memit,counterfact,9,generalisation,diff,post,0.9801209624008362
gpt2-xl,memit,counterfact,9,generalisation,acc,post,1.0
gpt2-xl,memit,counterfact,9,specificity,success,post,0.1
gpt2-xl,memit,counterfact,9,specificity,diff,post,-0.012573808028015684
gpt2-xl,memit,counterfact,9,specificity,acc,post,0.0
gpt2-xl,memit,counterfact,9,target_close_neighbour,success,post,0.6
gpt2-xl,memit,counterfact,9,target_close_neighbour,diff,post,0.0009570094503751212
gpt2-xl,memit,counterfact,9,target_close_neighbour,acc,post,0.0
gpt2-xl,memit,counterfact,10,efficacy,success,pre,0.0
gpt2-xl,memit,counterfact,10,efficacy,diff,pre,-0.008925792614219153
gpt2-xl,memit,counterfact,10,efficacy,acc,pre,0.0
gpt2-xl,memit,counterfact,10,generalisation,success,pre,0.0
gpt2-xl,memit,counterfact,10,generalisation,diff,pre,-0.010847827573390522
gpt2-xl,memit,counterfact,10,generalisation,acc,pre,0.0
gpt2-xl,memit,counterfact,10,specificity,success,pre,0.0
gpt2-xl,memit,counterfact,10,specificity,diff,pre,-0.014375878468149337
gpt2-xl,memit,counterfact,10,specificity,acc,pre,0.0
gpt2-xl,memit,counterfact,10,target_close_neighbour,success,pre,0.9
gpt2-xl,memit,counterfact,10,target_close_neighbour,diff,pre,0.01566100104992789
gpt2-xl,memit,counterfact,10,target_close_neighbour,acc,pre,0.0
gpt2-xl,memit,counterfact,10,efficacy,success,post,1.0
gpt2-xl,memit,counterfact,10,efficacy,diff,post,0.9816163495781348
gpt2-xl,memit,counterfact,10,efficacy,acc,post,1.0
gpt2-xl,memit,counterfact,10,generalisation,success,post,1.0
gpt2-xl,memit,counterfact,10,generalisation,diff,post,0.5400925107292057
gpt2-xl,memit,counterfact,10,generalisation,acc,post,1.0
gpt2-xl,memit,counterfact,10,specificity,success,post,0.2
gpt2-xl,memit,counterfact,10,specificity,diff,post,0.0009653456664605782
gpt2-xl,memit,counterfact,10,specificity,acc,post,0.0
gpt2-xl,memit,counterfact,10,target_close_neighbour,success,post,0.9
gpt2-xl,memit,counterfact,10,target_close_neighbour,diff,post,0.015568717955911155
gpt2-xl,memit,counterfact,10,target_close_neighbour,acc,post,0.0
gpt2-xl,memit,counterfact,11,efficacy,success,pre,0.0
gpt2-xl,memit,counterfact,11,efficacy,diff,pre,0.0
gpt2-xl,memit,counterfact,11,efficacy,acc,pre,0.0
gpt2-xl,memit,counterfact,11,generalisation,success,pre,1.0
gpt2-xl,memit,counterfact,11,generalisation,diff,pre,0.00015501775458895244
gpt2-xl,memit,counterfact,11,generalisation,acc,pre,0.0
gpt2-xl,memit,counterfact,11,specificity,success,pre,0.5
gpt2-xl,memit,counterfact,11,specificity,diff,pre,-0.022396639185980442
gpt2-xl,memit,counterfact,11,specificity,acc,pre,0.1
gpt2-xl,memit,counterfact,11,target_close_neighbour,success,pre,1.0
gpt2-xl,memit,counterfact,11,target_close_neighbour,diff,pre,0.011690294923325283
gpt2-xl,memit,counterfact,11,target_close_neighbour,acc,pre,0.1
gpt2-xl,memit,counterfact,11,efficacy,success,post,1.0
gpt2-xl,memit,counterfact,11,efficacy,diff,post,0.9922693094506124
gpt2-xl,memit,counterfact,11,efficacy,acc,post,1.0
gpt2-xl,memit,counterfact,11,generalisation,success,post,1.0
gpt2-xl,memit,counterfact,11,generalisation,diff,post,0.3419971283293116
gpt2-xl,memit,counterfact,11,generalisation,acc,post,0.5
gpt2-xl,memit,counterfact,11,specificity,success,post,0.5
gpt2-xl,memit,counterfact,11,specificity,diff,post,-0.025434862574121853
gpt2-xl,memit,counterfact,11,specificity,acc,post,0.1
gpt2-xl,memit,counterfact,11,target_close_neighbour,success,post,1.0
gpt2-xl,memit,counterfact,11,target_close_neighbour,diff,post,0.012437194856367698
gpt2-xl,memit,counterfact,11,target_close_neighbour,acc,post,0.1
gpt2-xl,memit,counterfact,12,efficacy,success,pre,0.0
gpt2-xl,memit,counterfact,12,efficacy,diff,pre,-0.0004581891199744677
gpt2-xl,memit,counterfact,12,efficacy,acc,pre,0.0
gpt2-xl,memit,counterfact,12,generalisation,success,pre,0.0
gpt2-xl,memit,counterfact,12,generalisation,diff,pre,-0.48629509349475386
gpt2-xl,memit,counterfact,12,generalisation,acc,pre,0.0
gpt2-xl,memit,counterfact,12,specificity,success,pre,0.0
gpt2-xl,memit,counterfact,12,specificity,diff,pre,-0.1476079866648709
gpt2-xl,memit,counterfact,12,specificity,acc,pre,0.4
gpt2-xl,memit,counterfact,12,target_close_neighbour,success,pre,1.0
gpt2-xl,memit,counterfact,12,target_close_neighbour,diff,pre,0.23611591537729026
gpt2-xl,memit,counterfact,12,target_close_neighbour,acc,pre,0.4
gpt2-xl,memit,counterfact,12,efficacy,success,post,1.0
gpt2-xl,memit,counterfact,12,efficacy,diff,post,0.989305371821545
gpt2-xl,memit,counterfact,12,efficacy,acc,post,1.0
gpt2-xl,memit,counterfact,12,generalisation,success,post,1.0
gpt2-xl,memit,counterfact,12,generalisation,diff,post,0.8557001950007925
gpt2-xl,memit,counterfact,12,generalisation,acc,post,1.0
gpt2-xl,memit,counterfact,12,specificity,success,post,0.0
gpt2-xl,memit,counterfact,12,specificity,diff,post,-0.1498420363736645
gpt2-xl,memit,counterfact,12,specificity,acc,post,0.4
gpt2-xl,memit,counterfact,12,target_close_neighbour,success,post,1.0
gpt2-xl,memit,counterfact,12,target_close_neighbour,diff,post,0.23593321759608177
gpt2-xl,memit,counterfact,12,target_close_neighbour,acc,post,0.4
gpt2-xl,memit,counterfact,13,efficacy,success,pre,0.0
gpt2-xl,memit,counterfact,13,efficacy,diff,pre,-0.16069684650009836
gpt2-xl,memit,counterfact,13,efficacy,acc,pre,0.0
gpt2-xl,memit,counterfact,13,generalisation,success,pre,0.0
gpt2-xl,memit,counterfact,13,generalisation,diff,pre,-0.02346459817607362
gpt2-xl,memit,counterfact,13,generalisation,acc,pre,0.0
gpt2-xl,memit,counterfact,13,specificity,success,pre,0.0
gpt2-xl,memit,counterfact,13,specificity,diff,pre,-0.1859048654916275
gpt2-xl,memit,counterfact,13,specificity,acc,pre,0.5
gpt2-xl,memit,counterfact,13,target_close_neighbour,success,pre,1.0
gpt2-xl,memit,counterfact,13,target_close_neighbour,diff,pre,0.33777567286784715
gpt2-xl,memit,counterfact,13,target_close_neighbour,acc,pre,0.6
gpt2-xl,memit,counterfact,13,efficacy,success,post,1.0
gpt2-xl,memit,counterfact,13,efficacy,diff,post,0.9873246678665296
gpt2-xl,memit,counterfact,13,efficacy,acc,post,1.0
gpt2-xl,memit,counterfact,13,generalisation,success,post,1.0
gpt2-xl,memit,counterfact,13,generalisation,diff,post,0.789759135195176
gpt2-xl,memit,counterfact,13,generalisation,acc,post,1.0
gpt2-xl,memit,counterfact,13,specificity,success,post,0.3
gpt2-xl,memit,counterfact,13,specificity,diff,post,0.11551305142688947
gpt2-xl,memit,counterfact,13,specificity,acc,post,0.3
gpt2-xl,memit,counterfact,13,target_close_neighbour,success,post,1.0
gpt2-xl,memit,counterfact,13,target_close_neighbour,diff,post,0.37328807711120165
gpt2-xl,memit,counterfact,13,target_close_neighbour,acc,post,0.8
gpt2-xl,memit,counterfact,14,efficacy,success,pre,0.0
gpt2-xl,memit,counterfact,14,efficacy,diff,pre,-0.4014906412374807
gpt2-xl,memit,counterfact,14,efficacy,acc,pre,0.0
gpt2-xl,memit,counterfact,14,generalisation,success,pre,0.0
gpt2-xl,memit,counterfact,14,generalisation,diff,pre,-0.0004949075289670966
gpt2-xl,memit,counterfact,14,generalisation,acc,pre,0.0
gpt2-xl,memit,counterfact,14,specificity,success,pre,0.1
gpt2-xl,memit,counterfact,14,specificity,diff,pre,-0.21423303271961508
gpt2-xl,memit,counterfact,14,specificity,acc,pre,0.4
gpt2-xl,memit,counterfact,14,target_close_neighbour,success,pre,1.0
gpt2-xl,memit,counterfact,14,target_close_neighbour,diff,pre,0.1922082377439161
gpt2-xl,memit,counterfact,14,target_close_neighbour,acc,pre,0.4
gpt2-xl,memit,counterfact,14,efficacy,success,post,1.0
gpt2-xl,memit,counterfact,14,efficacy,diff,post,0.9993860050438991
gpt2-xl,memit,counterfact,14,efficacy,acc,post,1.0
gpt2-xl,memit,counterfact,14,generalisation,success,post,1.0
gpt2-xl,memit,counterfact,14,generalisation,diff,post,0.0008429556239004255
gpt2-xl,memit,counterfact,14,generalisation,acc,post,0.0
gpt2-xl,memit,counterfact,14,specificity,success,post,0.1
gpt2-xl,memit,counterfact,14,specificity,diff,post,-0.14862814487288695
gpt2-xl,memit,counterfact,14,specificity,acc,post,0.3
gpt2-xl,memit,counterfact,14,target_close_neighbour,success,post,1.0
gpt2-xl,memit,counterfact,14,target_close_neighbour,diff,post,0.19874579425664113
gpt2-xl,memit,counterfact,14,target_close_neighbour,acc,post,0.5
gpt2-xl,memit,counterfact,15,efficacy,success,pre,1.0
gpt2-xl,memit,counterfact,15,efficacy,diff,pre,8.086491274020674e-05
gpt2-xl,memit,counterfact,15,efficacy,acc,pre,0.0
gpt2-xl,memit,counterfact,15,generalisation,success,pre,1.0
gpt2-xl,memit,counterfact,15,generalisation,diff,pre,0.0006357184332193589
gpt2-xl,memit,counterfact,15,generalisation,acc,pre,0.0
gpt2-xl,memit,counterfact,15,specificity,success,pre,0.0
gpt2-xl,memit,counterfact,15,specificity,diff,pre,-0.002283478070852915
gpt2-xl,memit,counterfact,15,specificity,acc,pre,0.0
gpt2-xl,memit,counterfact,15,target_close_neighbour,success,pre,0.6
gpt2-xl,memit,counterfact,15,target_close_neighbour,diff,pre,0.0019463428545676005
gpt2-xl,memit,counterfact,15,target_close_neighbour,acc,pre,0.0
gpt2-xl,memit,counterfact,15,efficacy,success,post,1.0
gpt2-xl,memit,counterfact,15,efficacy,diff,post,0.7818486357843291
gpt2-xl,memit,counterfact,15,efficacy,acc,post,1.0
gpt2-xl,memit,counterfact,15,generalisation,success,post,1.0
gpt2-xl,memit,counterfact,15,generalisation,diff,post,0.17443239803411725
gpt2-xl,memit,counterfact,15,generalisation,acc,post,0.5
gpt2-xl,memit,counterfact,15,specificity,success,post,0.0
gpt2-xl,memit,counterfact,15,specificity,diff,post,-0.0023701542119664355
gpt2-xl,memit,counterfact,15,specificity,acc,post,0.0
gpt2-xl,memit,counterfact,15,target_close_neighbour,success,post,0.6
gpt2-xl,memit,counterfact,15,target_close_neighbour,diff,post,0.006580056937655033
gpt2-xl,memit,counterfact,15,target_close_neighbour,acc,post,0.0
gpt2-xl,memit,counterfact,16,efficacy,success,pre,0.0
gpt2-xl,memit,counterfact,16,efficacy,diff,pre,-0.00033180098420203854
gpt2-xl,memit,counterfact,16,efficacy,acc,pre,0.0
gpt2-xl,memit,counterfact,16,generalisation,success,pre,0.0
gpt2-xl,memit,counterfact,16,generalisation,diff,pre,-2.547569357029549e-05
gpt2-xl,memit,counterfact,16,generalisation,acc,pre,0.0
gpt2-xl,memit,counterfact,16,specificity,success,pre,0.2
gpt2-xl,memit,counterfact,16,specificity,diff,pre,-0.0019271156846096646
gpt2-xl,memit,counterfact,16,specificity,acc,pre,0.0
gpt2-xl,memit,counterfact,16,target_close_neighbour,success,pre,0.6
gpt2-xl,memit,counterfact,16,target_close_neighbour,diff,pre,1.823914208802756e-05
gpt2-xl,memit,counterfact,16,target_close_neighbour,acc,pre,0.0
gpt2-xl,memit,counterfact,16,efficacy,success,post,1.0
gpt2-xl,memit,counterfact,16,efficacy,diff,post,0.9570046386312933
gpt2-xl,memit,counterfact,16,efficacy,acc,post,1.0
gpt2-xl,memit,counterfact,16,generalisation,success,post,1.0
gpt2-xl,memit,counterfact,16,generalisation,diff,post,0.0034409453543376967
gpt2-xl,memit,counterfact,16,generalisation,acc,post,0.0
gpt2-xl,memit,counterfact,16,specificity,success,post,0.3
gpt2-xl,memit,counterfact,16,specificity,diff,post,-0.0006316732509613714
gpt2-xl,memit,counterfact,16,specificity,acc,post,0.0
gpt2-xl,memit,counterfact,16,target_close_neighbour,success,post,0.7
gpt2-xl,memit,counterfact,16,target_close_neighbour,diff,post,0.00021942701051258758
gpt2-xl,memit,counterfact,16,target_close_neighbour,acc,post,0.0
gpt2-xl,memit,counterfact,17,efficacy,success,pre,0.0
gpt2-xl,memit,counterfact,17,efficacy,diff,pre,-0.0018033637391359845
gpt2-xl,memit,counterfact,17,efficacy,acc,pre,0.0
gpt2-xl,memit,counterfact,17,generalisation,success,pre,0.0
gpt2-xl,memit,counterfact,17,generalisation,diff,pre,-0.012642612745905547
gpt2-xl,memit,counterfact,17,generalisation,acc,pre,0.0
gpt2-xl,memit,counterfact,17,specificity,success,pre,0.0
gpt2-xl,memit,counterfact,17,specificity,diff,pre,-0.0005902711850973764
gpt2-xl,memit,counterfact,17,specificity,acc,pre,0.0
gpt2-xl,memit,counterfact,17,target_close_neighbour,success,pre,0.7
gpt2-xl,memit,counterfact,17,target_close_neighbour,diff,pre,0.001000412703699197
gpt2-xl,memit,counterfact,17,target_close_neighbour,acc,pre,0.0
gpt2-xl,memit,counterfact,17,efficacy,success,post,1.0
gpt2-xl,memit,counterfact,17,efficacy,diff,post,0.945625463621472
gpt2-xl,memit,counterfact,17,efficacy,acc,post,1.0
gpt2-xl,memit,counterfact,17,generalisation,success,post,1.0
gpt2-xl,memit,counterfact,17,generalisation,diff,post,0.9059250173655584
gpt2-xl,memit,counterfact,17,generalisation,acc,post,1.0
gpt2-xl,memit,counterfact,17,specificity,success,post,0.0
gpt2-xl,memit,counterfact,17,specificity,diff,post,-0.0007114231123034299
gpt2-xl,memit,counterfact,17,specificity,acc,post,0.0
gpt2-xl,memit,counterfact,17,target_close_neighbour,success,post,0.7
gpt2-xl,memit,counterfact,17,target_close_neighbour,diff,post,0.0014013951209905025
gpt2-xl,memit,counterfact,17,target_close_neighbour,acc,post,0.0
gpt2-xl,memit,counterfact,18,efficacy,success,pre,0.0
gpt2-xl,memit,counterfact,18,efficacy,diff,pre,-0.08601645063356642
gpt2-xl,memit,counterfact,18,efficacy,acc,pre,0.0
gpt2-xl,memit,counterfact,18,generalisation,success,pre,0.0
gpt2-xl,memit,counterfact,18,generalisation,diff,pre,-0.16946050100424442
gpt2-xl,memit,counterfact,18,generalisation,acc,pre,0.0
gpt2-xl,memit,counterfact,18,specificity,success,pre,0.0
gpt2-xl,memit,counterfact,18,specificity,diff,pre,-0.3019350749598054
gpt2-xl,memit,counterfact,18,specificity,acc,pre,0.6
gpt2-xl,memit,counterfact,18,target_close_neighbour,success,pre,1.0
gpt2-xl,memit,counterfact,18,target_close_neighbour,diff,pre,0.28799756968993223
gpt2-xl,memit,counterfact,18,target_close_neighbour,acc,pre,0.8
gpt2-xl,memit,counterfact,18,efficacy,success,post,1.0
gpt2-xl,memit,counterfact,18,efficacy,diff,post,0.9474232230242392
gpt2-xl,memit,counterfact,18,efficacy,acc,post,1.0
gpt2-xl,memit,counterfact,18,generalisation,success,post,1.0
gpt2-xl,memit,counterfact,18,generalisation,diff,post,0.860366955144428
gpt2-xl,memit,counterfact,18,generalisation,acc,post,1.0
gpt2-xl,memit,counterfact,18,specificity,success,post,0.1
gpt2-xl,memit,counterfact,18,specificity,diff,post,-0.11937240745512001
gpt2-xl,memit,counterfact,18,specificity,acc,post,0.6
gpt2-xl,memit,counterfact,18,target_close_neighbour,success,post,1.0
gpt2-xl,memit,counterfact,18,target_close_neighbour,diff,post,0.32275720778559275
gpt2-xl,memit,counterfact,18,target_close_neighbour,acc,post,0.9
gpt2-xl,memit,counterfact,19,efficacy,success,pre,0.0
gpt2-xl,memit,counterfact,19,efficacy,diff,pre,-2.2590281355489964e-05
gpt2-xl,memit,counterfact,19,efficacy,acc,pre,0.0
gpt2-xl,memit,counterfact,19,generalisation,success,pre,0.0
gpt2-xl,memit,counterfact,19,generalisation,diff,pre,-2.2464727576897937e-05
gpt2-xl,memit,counterfact,19,generalisation,acc,pre,0.0
gpt2-xl,memit,counterfact,19,specificity,success,pre,0.0
gpt2-xl,memit,counterfact,19,specificity,diff,pre,-0.0016107319817968498
gpt2-xl,memit,counterfact,19,specificity,acc,pre,0.0
gpt2-xl,memit,counterfact,19,target_close_neighbour,success,pre,0.5
gpt2-xl,memit,counterfact,19,target_close_neighbour,diff,pre,0.0054459004317825
gpt2-xl,memit,counterfact,19,target_close_neighbour,acc,pre,0.0
gpt2-xl,memit,counterfact,19,efficacy,success,post,1.0
gpt2-xl,memit,counterfact,19,efficacy,diff,post,0.8085461257139639
gpt2-xl,memit,counterfact,19,efficacy,acc,post,1.0
gpt2-xl,memit,counterfact,19,generalisation,success,post,1.0
gpt2-xl,memit,counterfact,19,generalisation,diff,post,0.2957525960041887
gpt2-xl,memit,counterfact,19,generalisation,acc,post,0.5
gpt2-xl,memit,counterfact,19,specificity,success,post,0.0
gpt2-xl,memit,counterfact,19,specificity,diff,post,-0.0018135064806095638
gpt2-xl,memit,counterfact,19,specificity,acc,post,0.0
gpt2-xl,memit,counterfact,19,target_close_neighbour,success,post,0.5
gpt2-xl,memit,counterfact,19,target_close_neighbour,diff,post,0.00602542011157874
gpt2-xl,memit,counterfact,19,target_close_neighbour,acc,post,0.0
gpt2-xl,memit,zsre,zsre_row0,efficacy,success,pre,0.0
gpt2-xl,memit,zsre,zsre_row0,efficacy,diff,pre,-0.0005764174707755948
gpt2-xl,memit,zsre,zsre_row0,efficacy,acc,pre,0.0
gpt2-xl,memit,zsre,zsre_row0,generalisation,success,pre,0.0
gpt2-xl,memit,zsre,zsre_row0,generalisation,diff,pre,-0.002501691335092246
gpt2-xl,memit,zsre,zsre_row0,generalisation,acc,pre,0.0
gpt2-xl,memit,zsre,zsre_row0,specificity,success,pre,1.0
gpt2-xl,memit,zsre,zsre_row0,specificity,diff,pre,0.0002046845795470628
gpt2-xl,memit,zsre,zsre_row0,specificity,acc,pre,0.0
gpt2-xl,memit,zsre,zsre_row0,efficacy,success,post,1.0
gpt2-xl,memit,zsre,zsre_row0,efficacy,diff,post,0.9840518540348984
gpt2-xl,memit,zsre,zsre_row0,efficacy,acc,post,1.0
gpt2-xl,memit,zsre,zsre_row0,generalisation,success,post,1.0
gpt2-xl,memit,zsre,zsre_row0,generalisation,diff,post,0.6899588381656988
gpt2-xl,memit,zsre,zsre_row0,generalisation,acc,post,1.0
gpt2-xl,memit,zsre,zsre_row0,specificity,success,post,1.0
gpt2-xl,memit,zsre,zsre_row0,specificity,diff,post,0.00047705554220677394
gpt2-xl,memit,zsre,zsre_row0,specificity,acc,post,0.0
gpt2-xl,memit,zsre,zsre_row1,efficacy,success,pre,0.0
gpt2-xl,memit,zsre,zsre_row1,efficacy,diff,pre,-0.02953277586544776
gpt2-xl,memit,zsre,zsre_row1,efficacy,acc,pre,0.0
gpt2-xl,memit,zsre,zsre_row1,generalisation,success,pre,0.0
gpt2-xl,memit,zsre,zsre_row1,generalisation,diff,pre,-0.01901215584201373
gpt2-xl,memit,zsre,zsre_row1,generalisation,acc,pre,0.0
gpt2-xl,memit,zsre,zsre_row1,specificity,success,pre,0.0
gpt2-xl,memit,zsre,zsre_row1,specificity,diff,pre,-0.005373715503999106
gpt2-xl,memit,zsre,zsre_row1,specificity,acc,pre,0.0
gpt2-xl,memit,zsre,zsre_row1,efficacy,success,post,1.0
gpt2-xl,memit,zsre,zsre_row1,efficacy,diff,post,0.8791012233638025
gpt2-xl,memit,zsre,zsre_row1,efficacy,acc,post,1.0
gpt2-xl,memit,zsre,zsre_row1,generalisation,success,post,1.0
gpt2-xl,memit,zsre,zsre_row1,generalisation,diff,post,0.7275204903958635
gpt2-xl,memit,zsre,zsre_row1,generalisation,acc,post,1.0
gpt2-xl,memit,zsre,zsre_row1,specificity,success,post,0.0
gpt2-xl,memit,zsre,zsre_row1,specificity,diff,post,-0.0053944141618253085
gpt2-xl,memit,zsre,zsre_row1,specificity,acc,post,0.0
gpt2-xl,memit,zsre,zsre_row2,efficacy,success,pre,0.0
gpt2-xl,memit,zsre,zsre_row2,efficacy,diff,pre,-2.442762706981668e-07
gpt2-xl,memit,zsre,zsre_row2,efficacy,acc,pre,0.0
gpt2-xl,memit,zsre,zsre_row2,generalisation,success,pre,0.0
gpt2-xl,memit,zsre,zsre_row2,generalisation,diff,pre,-3.203728883827346e-07
gpt2-xl,memit,zsre,zsre_row2,generalisation,acc,pre,0.0
gpt2-xl,memit,zsre,zsre_row2,specificity,success,pre,0.0
gpt2-xl,memit,zsre,zsre_row2,specificity,diff,pre,-0.004939125528424883
gpt2-xl,memit,zsre,zsre_row2,specificity,acc,pre,0.0
gpt2-xl,memit,zsre,zsre_row2,efficacy,success,post,1.0
gpt2-xl,memit,zsre,zsre_row2,efficacy,diff,post,0.9976718727440018
gpt2-xl,memit,zsre,zsre_row2,efficacy,acc,post,1.0
gpt2-xl,memit,zsre,zsre_row2,generalisation,success,post,1.0
gpt2-xl,memit,zsre,zsre_row2,generalisation,diff,post,0.9707497168616778
gpt2-xl,memit,zsre,zsre_row2,generalisation,acc,post,1.0
gpt2-xl,memit,zsre,zsre_row2,specificity,success,post,0.0
gpt2-xl,memit,zsre,zsre_row2,specificity,diff,post,-0.004895891363375093
gpt2-xl,memit,zsre,zsre_row2,specificity,acc,post,0.0
gpt2-xl,memit,zsre,zsre_row3,efficacy,success,pre,1.0
gpt2-xl,memit,zsre,zsre_row3,efficacy,diff,pre,0.015183308242543096
gpt2-xl,memit,zsre,zsre_row3,efficacy,acc,pre,0.0
gpt2-xl,memit,zsre,zsre_row3,generalisation,success,pre,1.0
gpt2-xl,memit,zsre,zsre_row3,generalisation,diff,pre,0.027180286197004022
gpt2-xl,memit,zsre,zsre_row3,generalisation,acc,pre,0.0
gpt2-xl,memit,zsre,zsre_row3,specificity,success,pre,1.0
gpt2-xl,memit,zsre,zsre_row3,specificity,diff,pre,0.009606811368003695
gpt2-xl,memit,zsre,zsre_row3,specificity,acc,pre,0.0
gpt2-xl,memit,zsre,zsre_row3,efficacy,success,post,1.0
gpt2-xl,memit,zsre,zsre_row3,efficacy,diff,post,0.994194482719849
gpt2-xl,memit,zsre,zsre_row3,efficacy,acc,post,1.0
gpt2-xl,memit,zsre,zsre_row3,generalisation,success,post,1.0
gpt2-xl,memit,zsre,zsre_row3,generalisation,diff,post,0.9932459046495066
gpt2-xl,memit,zsre,zsre_row3,generalisation,acc,post,1.0
gpt2-xl,memit,zsre,zsre_row3,specificity,success,post,1.0
gpt2-xl,memit,zsre,zsre_row3,specificity,diff,post,0.009736750830368837
gpt2-xl,memit,zsre,zsre_row3,specificity,acc,post,0.0
gpt2-xl,memit,zsre,zsre_row4,efficacy,success,pre,0.0
gpt2-xl,memit,zsre,zsre_row4,efficacy,diff,pre,-0.03172412325269371
gpt2-xl,memit,zsre,zsre_row4,efficacy,acc,pre,0.0
gpt2-xl,memit,zsre,zsre_row4,generalisation,success,pre,0.0
gpt2-xl,memit,zsre,zsre_row4,generalisation,diff,pre,-0.04598370745814568
gpt2-xl,memit,zsre,zsre_row4,generalisation,acc,pre,0.0
gpt2-xl,memit,zsre,zsre_row4,specificity,success,pre,0.0
gpt2-xl,memit,zsre,zsre_row4,specificity,diff,pre,-0.0012575156320287658
gpt2-xl,memit,zsre,zsre_row4,specificity,acc,pre,0.0
gpt2-xl,memit,zsre,zsre_row4,efficacy,success,post,1.0
gpt2-xl,memit,zsre,zsre_row4,efficacy,diff,post,0.09448626736377629
gpt2-xl,memit,zsre,zsre_row4,efficacy,acc,post,0.0
gpt2-xl,memit,zsre,zsre_row4,generalisation,success,post,0.0
gpt2-xl,memit,zsre,zsre_row4,generalisation,diff,post,-0.054816161597050994
gpt2-xl,memit,zsre,zsre_row4,generalisation,acc,post,0.0
gpt2-xl,memit,zsre,zsre_row4,specificity,success,post,0.0
gpt2-xl,memit,zsre,zsre_row4,specificity,diff,post,-0.0011318365167925246
gpt2-xl,memit,zsre,zsre_row4,specificity,acc,post,0.0
gpt2-xl,memit,zsre,zsre_row5,efficacy,success,pre,1.0
gpt2-xl,memit,zsre,zsre_row5,efficacy,diff,pre,0.005357689242263632
gpt2-xl,memit,zsre,zsre_row5,efficacy,acc,pre,0.0
gpt2-xl,memit,zsre,zsre_row5,generalisation,success,pre,1.0
gpt2-xl,memit,zsre,zsre_row5,generalisation,diff,pre,0.02457491271761634
gpt2-xl,memit,zsre,zsre_row5,generalisation,acc,pre,0.0
gpt2-xl,memit,zsre,zsre_row5,specificity,success,pre,1.0
gpt2-xl,memit,zsre,zsre_row5,specificity,diff,pre,0.012440527877489388
gpt2-xl,memit,zsre,zsre_row5,specificity,acc,pre,0.0
gpt2-xl,memit,zsre,zsre_row5,efficacy,success,post,1.0
gpt2-xl,memit,zsre,zsre_row5,efficacy,diff,post,0.38826121125488045
gpt2-xl,memit,zsre,zsre_row5,efficacy,acc,post,0.0
gpt2-xl,memit,zsre,zsre_row5,generalisation,success,post,1.0
gpt2-xl,memit,zsre,zsre_row5,generalisation,diff,post,0.19459935148468344
gpt2-xl,memit,zsre,zsre_row5,generalisation,acc,post,0.0
gpt2-xl,memit,zsre,zsre_row5,specificity,success,post,1.0
gpt2-xl,memit,zsre,zsre_row5,specificity,diff,post,0.013152894174872224
gpt2-xl,memit,zsre,zsre_row5,specificity,acc,post,0.0
gpt2-xl,memit,zsre,zsre_row6,efficacy,success,pre,0.0
gpt2-xl,memit,zsre,zsre_row6,efficacy,diff,pre,-0.014618404246571435
gpt2-xl,memit,zsre,zsre_row6,efficacy,acc,pre,0.0
gpt2-xl,memit,zsre,zsre_row6,generalisation,success,pre,0.0
gpt2-xl,memit,zsre,zsre_row6,generalisation,diff,pre,-0.022683441118121372
gpt2-xl,memit,zsre,zsre_row6,generalisation,acc,pre,0.0
gpt2-xl,memit,zsre,zsre_row6,specificity,success,pre,1.0
gpt2-xl,memit,zsre,zsre_row6,specificity,diff,pre,0.0006463426121954871
gpt2-xl,memit,zsre,zsre_row6,specificity,acc,pre,0.0
gpt2-xl,memit,zsre,zsre_row6,efficacy,success,post,1.0
gpt2-xl,memit,zsre,zsre_row6,efficacy,diff,post,0.47261879741080715
gpt2-xl,memit,zsre,zsre_row6,efficacy,acc,post,0.0
gpt2-xl,memit,zsre,zsre_row6,generalisation,success,post,1.0
gpt2-xl,memit,zsre,zsre_row6,generalisation,diff,post,0.21587580503176787
gpt2-xl,memit,zsre,zsre_row6,generalisation,acc,post,0.0
gpt2-xl,memit,zsre,zsre_row6,specificity,success,post,1.0
gpt2-xl,memit,zsre,zsre_row6,specificity,diff,post,0.0006429921182970096
gpt2-xl,memit,zsre,zsre_row6,specificity,acc,post,0.0
gpt2-xl,memit,zsre,zsre_row7,efficacy,success,pre,1.0
gpt2-xl,memit,zsre,zsre_row7,efficacy,diff,pre,0.013391135635026776
gpt2-xl,memit,zsre,zsre_row7,efficacy,acc,pre,0.0
gpt2-xl,memit,zsre,zsre_row7,generalisation,success,pre,0.0
gpt2-xl,memit,zsre,zsre_row7,generalisation,diff,pre,-0.0037093251638703265
gpt2-xl,memit,zsre,zsre_row7,generalisation,acc,pre,0.0
gpt2-xl,memit,zsre,zsre_row7,specificity,success,pre,1.0
gpt2-xl,memit,zsre,zsre_row7,specificity,diff,pre,0.010137832601203182
gpt2-xl,memit,zsre,zsre_row7,specificity,acc,pre,0.0
gpt2-xl,memit,zsre,zsre_row7,efficacy,success,post,1.0
gpt2-xl,memit,zsre,zsre_row7,efficacy,diff,post,0.7958039246411217
gpt2-xl,memit,zsre,zsre_row7,efficacy,acc,post,1.0
gpt2-xl,memit,zsre,zsre_row7,generalisation,success,post,1.0
gpt2-xl,memit,zsre,zsre_row7,generalisation,diff,post,0.27503241010266954
gpt2-xl,memit,zsre,zsre_row7,generalisation,acc,post,0.0
gpt2-xl,memit,zsre,zsre_row7,specificity,success,post,1.0
gpt2-xl,memit,zsre,zsre_row7,specificity,diff,post,0.011009263729618052
gpt2-xl,memit,zsre,zsre_row7,specificity,acc,post,0.0
gpt2-xl,memit,zsre,zsre_row8,efficacy,success,pre,0.0
gpt2-xl,memit,zsre,zsre_row8,efficacy,diff,pre,-0.00898630260768623
gpt2-xl,memit,zsre,zsre_row8,efficacy,acc,pre,0.0
gpt2-xl,memit,zsre,zsre_row8,generalisation,success,pre,1.0
gpt2-xl,memit,zsre,zsre_row8,generalisation,diff,pre,0.02279623524961475
gpt2-xl,memit,zsre,zsre_row8,generalisation,acc,pre,0.0
gpt2-xl,memit,zsre,zsre_row8,specificity,success,pre,1.0
gpt2-xl,memit,zsre,zsre_row8,specificity,diff,pre,0.0032842996256438866
gpt2-xl,memit,zsre,zsre_row8,specificity,acc,pre,0.0
gpt2-xl,memit,zsre,zsre_row8,efficacy,success,post,1.0
gpt2-xl,memit,zsre,zsre_row8,efficacy,diff,post,0.733746505147162
gpt2-xl,memit,zsre,zsre_row8,efficacy,acc,post,1.0
gpt2-xl,memit,zsre,zsre_row8,generalisation,success,post,1.0
gpt2-xl,memit,zsre,zsre_row8,generalisation,diff,post,0.23644846362556898
gpt2-xl,memit,zsre,zsre_row8,generalisation,acc,post,0.0
gpt2-xl,memit,zsre,zsre_row8,specificity,success,post,1.0
gpt2-xl,memit,zsre,zsre_row8,specificity,diff,post,0.003901326172961416
gpt2-xl,memit,zsre,zsre_row8,specificity,acc,post,0.0
gpt2-xl,memit,zsre,zsre_row9,efficacy,success,pre,1.0
gpt2-xl,memit,zsre,zsre_row9,efficacy,diff,pre,0.004895377017388382
gpt2-xl,memit,zsre,zsre_row9,efficacy,acc,pre,0.0
gpt2-xl,memit,zsre,zsre_row9,generalisation,success,pre,0.0
gpt2-xl,memit,zsre,zsre_row9,generalisation,diff,pre,-0.01489939109591323
gpt2-xl,memit,zsre,zsre_row9,generalisation,acc,pre,0.0
gpt2-xl,memit,zsre,zsre_row9,specificity,success,pre,1.0
gpt2-xl,memit,zsre,zsre_row9,specificity,diff,pre,0.011983774684092358
gpt2-xl,memit,zsre,zsre_row9,specificity,acc,pre,0.0
gpt2-xl,memit,zsre,zsre_row9,efficacy,success,post,1.0
gpt2-xl,memit,zsre,zsre_row9,efficacy,diff,post,0.9607330369308381
gpt2-xl,memit,zsre,zsre_row9,efficacy,acc,post,1.0
gpt2-xl,memit,zsre,zsre_row9,generalisation,success,post,1.0
gpt2-xl,memit,zsre,zsre_row9,generalisation,diff,post,0.45551592716432293
gpt2-xl,memit,zsre,zsre_row9,generalisation,acc,post,0.0
gpt2-xl,memit,zsre,zsre_row9,specificity,success,post,1.0
gpt2-xl,memit,zsre,zsre_row9,specificity,diff,post,0.011805195397311705
gpt2-xl,memit,zsre,zsre_row9,specificity,acc,post,0.0
gpt2-xl,memit,zsre,zsre_row10,efficacy,success,pre,0.0
gpt2-xl,memit,zsre,zsre_row10,efficacy,diff,pre,-0.0013723649966016877
gpt2-xl,memit,zsre,zsre_row10,efficacy,acc,pre,0.0
gpt2-xl,memit,zsre,zsre_row10,generalisation,success,pre,0.0
gpt2-xl,memit,zsre,zsre_row10,generalisation,diff,pre,-0.0003581953797440015
gpt2-xl,memit,zsre,zsre_row10,generalisation,acc,pre,0.0
gpt2-xl,memit,zsre,zsre_row10,specificity,success,pre,0.0
gpt2-xl,memit,zsre,zsre_row10,specificity,diff,pre,-0.24760893412470403
gpt2-xl,memit,zsre,zsre_row10,specificity,acc,pre,0.0
gpt2-xl,memit,zsre,zsre_row10,efficacy,success,post,1.0
gpt2-xl,memit,zsre,zsre_row10,efficacy,diff,post,0.9972876206101752
gpt2-xl,memit,zsre,zsre_row10,efficacy,acc,post,1.0
gpt2-xl,memit,zsre,zsre_row10,generalisation,success,post,1.0
gpt2-xl,memit,zsre,zsre_row10,generalisation,diff,post,0.9987419418418289
gpt2-xl,memit,zsre,zsre_row10,generalisation,acc,post,1.0
gpt2-xl,memit,zsre,zsre_row10,specificity,success,post,0.0
gpt2-xl,memit,zsre,zsre_row10,specificity,diff,post,-0.2517278208126804
gpt2-xl,memit,zsre,zsre_row10,specificity,acc,post,0.0
gpt2-xl,memit,zsre,zsre_row11,efficacy,success,pre,1.0
gpt2-xl,memit,zsre,zsre_row11,efficacy,diff,pre,7.758555701011403e-05
gpt2-xl,memit,zsre,zsre_row11,efficacy,acc,pre,0.0
gpt2-xl,memit,zsre,zsre_row11,generalisation,success,pre,1.0
gpt2-xl,memit,zsre,zsre_row11,generalisation,diff,pre,0.00011859543122146182
gpt2-xl,memit,zsre,zsre_row11,generalisation,acc,pre,0.0
gpt2-xl,memit,zsre,zsre_row11,specificity,success,pre,1.0
gpt2-xl,memit,zsre,zsre_row11,specificity,diff,pre,6.932580261469063e-06
gpt2-xl,memit,zsre,zsre_row11,specificity,acc,pre,0.0
gpt2-xl,memit,zsre,zsre_row11,efficacy,success,post,1.0
gpt2-xl,memit,zsre,zsre_row11,efficacy,diff,post,0.9603165589747894
gpt2-xl,memit,zsre,zsre_row11,efficacy,acc,post,1.0
gpt2-xl,memit,zsre,zsre_row11,generalisation,success,post,1.0
gpt2-xl,memit,zsre,zsre_row11,generalisation,diff,post,0.9688672299178411
gpt2-xl,memit,zsre,zsre_row11,generalisation,acc,post,1.0
gpt2-xl,memit,zsre,zsre_row11,specificity,success,post,1.0
gpt2-xl,memit,zsre,zsre_row11,specificity,diff,post,7.479885427098142e-06
gpt2-xl,memit,zsre,zsre_row11,specificity,acc,post,0.0
gpt2-xl,memit,zsre,zsre_row12,efficacy,success,pre,1.0
gpt2-xl,memit,zsre,zsre_row12,efficacy,diff,pre,0.0038718606082870292
gpt2-xl,memit,zsre,zsre_row12,efficacy,acc,pre,0.0
gpt2-xl,memit,zsre,zsre_row12,generalisation,success,pre,1.0
gpt2-xl,memit,zsre,zsre_row12,generalisation,diff,pre,0.0024062032954778293
gpt2-xl,memit,zsre,zsre_row12,generalisation,acc,pre,0.0
gpt2-xl,memit,zsre,zsre_row12,specificity,success,pre,0.0
gpt2-xl,memit,zsre,zsre_row12,specificity,diff,pre,-0.004101325725670827
gpt2-xl,memit,zsre,zsre_row12,specificity,acc,pre,0.0
gpt2-xl,memit,zsre,zsre_row12,efficacy,success,post,1.0
gpt2-xl,memit,zsre,zsre_row12,efficacy,diff,post,0.7927534845026178
gpt2-xl,memit,zsre,zsre_row12,efficacy,acc,post,1.0
gpt2-xl,memit,zsre,zsre_row12,generalisation,success,post,1.0
gpt2-xl,memit,zsre,zsre_row12,generalisation,diff,post,0.11245361990134928
gpt2-xl,memit,zsre,zsre_row12,generalisation,acc,post,0.0
gpt2-xl,memit,zsre,zsre_row12,specificity,success,post,0.0
gpt2-xl,memit,zsre,zsre_row12,specificity,diff,post,-0.003872172821080361
gpt2-xl,memit,zsre,zsre_row12,specificity,acc,post,0.0
gpt2-xl,memit,zsre,zsre_row13,efficacy,success,pre,1.0
gpt2-xl,memit,zsre,zsre_row13,efficacy,diff,pre,0.006222829553184171
gpt2-xl,memit,zsre,zsre_row13,efficacy,acc,pre,0.0
gpt2-xl,memit,zsre,zsre_row13,generalisation,success,pre,1.0
gpt2-xl,memit,zsre,zsre_row13,generalisation,diff,pre,0.006240077185210338
gpt2-xl,memit,zsre,zsre_row13,generalisation,acc,pre,0.0
gpt2-xl,memit,zsre,zsre_row13,specificity,success,pre,0.0
gpt2-xl,memit,zsre,zsre_row13,specificity,diff,pre,-0.008422743346122164
gpt2-xl,memit,zsre,zsre_row13,specificity,acc,pre,0.0
gpt2-xl,memit,zsre,zsre_row13,efficacy,success,post,1.0
gpt2-xl,memit,zsre,zsre_row13,efficacy,diff,post,0.46289672419278594
gpt2-xl,memit,zsre,zsre_row13,efficacy,acc,post,0.0
gpt2-xl,memit,zsre,zsre_row13,generalisation,success,post,1.0
gpt2-xl,memit,zsre,zsre_row13,generalisation,diff,post,0.11445373303834805
gpt2-xl,memit,zsre,zsre_row13,generalisation,acc,post,0.0
gpt2-xl,memit,zsre,zsre_row13,specificity,success,post,0.0
gpt2-xl,memit,zsre,zsre_row13,specificity,diff,post,-0.008507786041386318
gpt2-xl,memit,zsre,zsre_row13,specificity,acc,post,0.0
gpt2-xl,memit,zsre,zsre_row14,efficacy,success,pre,1.0
gpt2-xl,memit,zsre,zsre_row14,efficacy,diff,pre,0.001988980122134828
gpt2-xl,memit,zsre,zsre_row14,efficacy,acc,pre,0.0
gpt2-xl,memit,zsre,zsre_row14,generalisation,success,pre,1.0
gpt2-xl,memit,zsre,zsre_row14,generalisation,diff,pre,0.0028966742812229244
gpt2-xl,memit,zsre,zsre_row14,generalisation,acc,pre,0.0
gpt2-xl,memit,zsre,zsre_row14,specificity,success,pre,0.0
gpt2-xl,memit,zsre,zsre_row14,specificity,diff,pre,-0.01973209541019072
gpt2-xl,memit,zsre,zsre_row14,specificity,acc,pre,0.0
gpt2-xl,memit,zsre,zsre_row14,efficacy,success,post,1.0
gpt2-xl,memit,zsre,zsre_row14,efficacy,diff,post,0.5631537078402893
gpt2-xl,memit,zsre,zsre_row14,efficacy,acc,post,0.0
gpt2-xl,memit,zsre,zsre_row14,generalisation,success,post,1.0
gpt2-xl,memit,zsre,zsre_row14,generalisation,diff,post,0.04421020435794763
gpt2-xl,memit,zsre,zsre_row14,generalisation,acc,post,0.0
gpt2-xl,memit,zsre,zsre_row14,specificity,success,post,0.0
gpt2-xl,memit,zsre,zsre_row14,specificity,diff,post,-0.019706460316041074
gpt2-xl,memit,zsre,zsre_row14,specificity,acc,post,0.0
gpt2-xl,memit,zsre,zsre_row15,efficacy,success,pre,1.0
gpt2-xl,memit,zsre,zsre_row15,efficacy,diff,pre,0.013052860202939713
gpt2-xl,memit,zsre,zsre_row15,efficacy,acc,pre,0.0
gpt2-xl,memit,zsre,zsre_row15,generalisation,success,pre,1.0
gpt2-xl,memit,zsre,zsre_row15,generalisation,diff,pre,0.006797289445811222
gpt2-xl,memit,zsre,zsre_row15,generalisation,acc,pre,0.0
gpt2-xl,memit,zsre,zsre_row15,specificity,success,pre,1.0
gpt2-xl,memit,zsre,zsre_row15,specificity,diff,pre,0.0008737294651006018
gpt2-xl,memit,zsre,zsre_row15,specificity,acc,pre,0.0
gpt2-xl,memit,zsre,zsre_row15,efficacy,success,post,1.0
gpt2-xl,memit,zsre,zsre_row15,efficacy,diff,post,0.9271486009959764
gpt2-xl,memit,zsre,zsre_row15,efficacy,acc,post,1.0
gpt2-xl,memit,zsre,zsre_row15,generalisation,success,post,1.0
gpt2-xl,memit,zsre,zsre_row15,generalisation,diff,post,0.9191879547918039
gpt2-xl,memit,zsre,zsre_row15,generalisation,acc,post,1.0
gpt2-xl,memit,zsre,zsre_row15,specificity,success,post,1.0
gpt2-xl,memit,zsre,zsre_row15,specificity,diff,post,0.0009845654732758594
gpt2-xl,memit,zsre,zsre_row15,specificity,acc,post,0.0
gpt2-xl,memit,zsre,zsre_row16,efficacy,success,pre,1.0
gpt2-xl,memit,zsre,zsre_row16,efficacy,diff,pre,0.004708025335543605
gpt2-xl,memit,zsre,zsre_row16,efficacy,acc,pre,0.0
gpt2-xl,memit,zsre,zsre_row16,generalisation,success,pre,1.0
gpt2-xl,memit,zsre,zsre_row16,generalisation,diff,pre,0.007888528023838663
gpt2-xl,memit,zsre,zsre_row16,generalisation,acc,pre,0.0
gpt2-xl,memit,zsre,zsre_row16,specificity,success,pre,0.0
gpt2-xl,memit,zsre,zsre_row16,specificity,diff,pre,-0.003681621505073976
gpt2-xl,memit,zsre,zsre_row16,specificity,acc,pre,0.0
gpt2-xl,memit,zsre,zsre_row16,efficacy,success,post,1.0
gpt2-xl,memit,zsre,zsre_row16,efficacy,diff,post,0.28616574806885486
gpt2-xl,memit,zsre,zsre_row16,efficacy,acc,post,0.0
gpt2-xl,memit,zsre,zsre_row16,generalisation,success,post,1.0
gpt2-xl,memit,zsre,zsre_row16,generalisation,diff,post,0.10900587582375917
gpt2-xl,memit,zsre,zsre_row16,generalisation,acc,post,0.0
gpt2-xl,memit,zsre,zsre_row16,specificity,success,post,0.0
gpt2-xl,memit,zsre,zsre_row16,specificity,diff,post,-0.0035431181567646703
gpt2-xl,memit,zsre,zsre_row16,specificity,acc,post,0.0
gpt2-xl,memit,zsre,zsre_row17,efficacy,success,pre,1.0
gpt2-xl,memit,zsre,zsre_row17,efficacy,diff,pre,0.0022992707668044255
gpt2-xl,memit,zsre,zsre_row17,efficacy,acc,pre,0.0
gpt2-xl,memit,zsre,zsre_row17,generalisation,success,pre,1.0
gpt2-xl,memit,zsre,zsre_row17,generalisation,diff,pre,0.0014852487854067281
gpt2-xl,memit,zsre,zsre_row17,generalisation,acc,pre,0.0
gpt2-xl,memit,zsre,zsre_row17,specificity,success,pre,1.0
gpt2-xl,memit,zsre,zsre_row17,specificity,diff,pre,0.00019214828041560632
gpt2-xl,memit,zsre,zsre_row17,specificity,acc,pre,0.0
gpt2-xl,memit,zsre,zsre_row17,efficacy,success,post,1.0
gpt2-xl,memit,zsre,zsre_row17,efficacy,diff,post,0.6747107925000251
gpt2-xl,memit,zsre,zsre_row17,efficacy,acc,post,1.0
gpt2-xl,memit,zsre,zsre_row17,generalisation,success,post,1.0
gpt2-xl,memit,zsre,zsre_row17,generalisation,diff,post,0.13973098844673362
gpt2-xl,memit,zsre,zsre_row17,generalisation,acc,post,0.0
gpt2-xl,memit,zsre,zsre_row17,specificity,success,post,1.0
gpt2-xl,memit,zsre,zsre_row17,specificity,diff,post,0.00020464237128712713
gpt2-xl,memit,zsre,zsre_row17,specificity,acc,post,0.0
gpt2-xl,memit,zsre,zsre_row18,efficacy,success,pre,1.0
gpt2-xl,memit,zsre,zsre_row18,efficacy,diff,pre,0.017808986828595084
gpt2-xl,memit,zsre,zsre_row18,efficacy,acc,pre,0.0
gpt2-xl,memit,zsre,zsre_row18,generalisation,success,pre,1.0
gpt2-xl,memit,zsre,zsre_row18,generalisation,diff,pre,0.007420115006164208
gpt2-xl,memit,zsre,zsre_row18,generalisation,acc,pre,0.0
gpt2-xl,memit,zsre,zsre_row18,specificity,success,pre,1.0
gpt2-xl,memit,zsre,zsre_row18,specificity,diff,pre,0.0004944433020425917
gpt2-xl,memit,zsre,zsre_row18,specificity,acc,pre,0.0
gpt2-xl,memit,zsre,zsre_row18,efficacy,success,post,1.0
gpt2-xl,memit,zsre,zsre_row18,efficacy,diff,post,0.8134441713402666
gpt2-xl,memit,zsre,zsre_row18,efficacy,acc,post,1.0
gpt2-xl,memit,zsre,zsre_row18,generalisation,success,post,1.0
gpt2-xl,memit,zsre,zsre_row18,generalisation,diff,post,0.4420574083903931
gpt2-xl,memit,zsre,zsre_row18,generalisation,acc,post,0.0
gpt2-xl,memit,zsre,zsre_row18,specificity,success,post,1.0
gpt2-xl,memit,zsre,zsre_row18,specificity,diff,post,0.0006149047629638413
gpt2-xl,memit,zsre,zsre_row18,specificity,acc,post,0.0
gpt2-xl,memit,zsre,zsre_row19,efficacy,success,pre,1.0
gpt2-xl,memit,zsre,zsre_row19,efficacy,diff,pre,0.0018069181061248492
gpt2-xl,memit,zsre,zsre_row19,efficacy,acc,pre,0.0
gpt2-xl,memit,zsre,zsre_row19,generalisation,success,pre,1.0
gpt2-xl,memit,zsre,zsre_row19,generalisation,diff,pre,0.0010433980518046017
gpt2-xl,memit,zsre,zsre_row19,generalisation,acc,pre,0.0
gpt2-xl,memit,zsre,zsre_row19,specificity,success,pre,1.0
gpt2-xl,memit,zsre,zsre_row19,specificity,diff,pre,0.0010628179686756488
gpt2-xl,memit,zsre,zsre_row19,specificity,acc,pre,0.0
gpt2-xl,memit,zsre,zsre_row19,efficacy,success,post,1.0
gpt2-xl,memit,zsre,zsre_row19,efficacy,diff,post,0.23406091551380653
gpt2-xl,memit,zsre,zsre_row19,efficacy,acc,post,0.0
gpt2-xl,memit,zsre,zsre_row19,generalisation,success,post,1.0
gpt2-xl,memit,zsre,zsre_row19,generalisation,diff,post,0.1277139147253922
gpt2-xl,memit,zsre,zsre_row19,generalisation,acc,post,0.0
gpt2-xl,memit,zsre,zsre_row19,specificity,success,post,1.0
gpt2-xl,memit,zsre,zsre_row19,specificity,diff,post,0.0012052276814157998
gpt2-xl,memit,zsre,zsre_row19,specificity,acc,post,0.0
gpt2-xl,rome,counterfact,0,efficacy,success,pre,0.0
gpt2-xl,rome,counterfact,0,efficacy,diff,pre,-0.37617651698075644
gpt2-xl,rome,counterfact,0,efficacy,acc,pre,0.0
gpt2-xl,rome,counterfact,0,generalisation,success,pre,1.0
gpt2-xl,rome,counterfact,0,generalisation,diff,pre,0.0005171306729141865
gpt2-xl,rome,counterfact,0,generalisation,acc,pre,0.0
gpt2-xl,rome,counterfact,0,specificity,success,pre,0.0
gpt2-xl,rome,counterfact,0,specificity,diff,pre,-0.3224642760423937
gpt2-xl,rome,counterfact,0,specificity,acc,pre,0.7
gpt2-xl,rome,counterfact,0,target_close_neighbour,success,pre,1.0
gpt2-xl,rome,counterfact,0,target_close_neighbour,diff,pre,0.07185565722335695
gpt2-xl,rome,counterfact,0,target_close_neighbour,acc,pre,0.4
gpt2-xl,rome,counterfact,0,efficacy,success,post,0.0
gpt2-xl,rome,counterfact,0,efficacy,diff,post,-0.37617651698075644
gpt2-xl,rome,counterfact,0,efficacy,acc,post,0.0
gpt2-xl,rome,counterfact,0,generalisation,success,post,1.0
gpt2-xl,rome,counterfact,0,generalisation,diff,post,0.0005171306729141865
gpt2-xl,rome,counterfact,0,generalisation,acc,post,0.0
gpt2-xl,rome,counterfact,0,specificity,success,post,0.0
gpt2-xl,rome,counterfact,0,specificity,diff,post,-0.3224642760423937
gpt2-xl,rome,counterfact,0,specificity,acc,post,0.7
gpt2-xl,rome,counterfact,0,target_close_neighbour,success,post,1.0
gpt2-xl,rome,counterfact,0,target_close_neighbour,diff,post,0.07185565722335695
gpt2-xl,rome,counterfact,0,target_close_neighbour,acc,post,0.4
gpt2-xl,rome,counterfact,1,efficacy,success,pre,0.0
gpt2-xl,rome,counterfact,1,efficacy,diff,pre,-0.10433664415338888
gpt2-xl,rome,counterfact,1,efficacy,acc,pre,0.0
gpt2-xl,rome,counterfact,1,generalisation,success,pre,0.0
gpt2-xl,rome,counterfact,1,generalisation,diff,pre,-0.0010584796715423853
gpt2-xl,rome,counterfact,1,generalisation,acc,pre,0.0
gpt2-xl,rome,counterfact,1,specificity,success,pre,0.7
gpt2-xl,rome,counterfact,1,specificity,diff,pre,0.025185032982237548
gpt2-xl,rome,counterfact,1,specificity,acc,pre,0.1
gpt2-xl,rome,counterfact,1,target_close_neighbour,success,pre,1.0
gpt2-xl,rome,counterfact,1,target_close_neighbour,diff,pre,0.11009343599061741
gpt2-xl,rome,counterfact,1,target_close_neighbour,acc,pre,0.3
gpt2-xl,rome,counterfact,1,efficacy,success,post,0.0
gpt2-xl,rome,counterfact,1,efficacy,diff,post,-0.10433664415338888
gpt2-xl,rome,counterfact,1,efficacy,acc,post,0.0
gpt2-xl,rome,counterfact,1,generalisation,success,post,0.0
gpt2-xl,rome,counterfact,1,generalisation,diff,post,-0.0010584796715423853
gpt2-xl,rome,counterfact,1,generalisation,acc,post,0.0
gpt2-xl,rome,counterfact,1,specificity,success,post,0.7
gpt2-xl,rome,counterfact,1,specificity,diff,post,0.025185032982237548
gpt2-xl,rome,counterfact,1,specificity,acc,post,0.1
gpt2-xl,rome,counterfact,1,target_close_neighbour,success,post,1.0
gpt2-xl,rome,counterfact,1,target_close_neighbour,diff,post,0.11009343599061741
gpt2-xl,rome,counterfact,1,target_close_neighbour,acc,post,0.3
gpt2-xl,rome,counterfact,2,efficacy,success,pre,1.0
gpt2-xl,rome,counterfact,2,efficacy,diff,pre,2.8234194909068148e-05
gpt2-xl,rome,counterfact,2,efficacy,acc,pre,0.0
gpt2-xl,rome,counterfact,2,generalisation,success,pre,0.5
gpt2-xl,rome,counterfact,2,generalisation,diff,pre,0.013870785335809153
gpt2-xl,rome,counterfact,2,generalisation,acc,pre,0.0
gpt2-xl,rome,counterfact,2,specificity,success,pre,0.6
gpt2-xl,rome,counterfact,2,specificity,diff,pre,-0.0022553692823553133
gpt2-xl,rome,counterfact,2,specificity,acc,pre,0.0
gpt2-xl,rome,counterfact,2,target_close_neighbour,success,pre,0.7
gpt2-xl,rome,counterfact,2,target_close_neighbour,diff,pre,0.006844458774199277
gpt2-xl,rome,counterfact,2,target_close_neighbour,acc,pre,0.0
gpt2-xl,rome,counterfact,2,efficacy,success,post,1.0
gpt2-xl,rome,counterfact,2,efficacy,diff,post,2.8234194909068148e-05
gpt2-xl,rome,counterfact,2,efficacy,acc,post,0.0
gpt2-xl,rome,counterfact,2,generalisation,success,post,0.5
gpt2-xl,rome,counterfact,2,generalisation,diff,post,0.013870785335809153
gpt2-xl,rome,counterfact,2,generalisation,acc,post,0.0
gpt2-xl,rome,counterfact,2,specificity,success,post,0.6
gpt2-xl,rome,counterfact,2,specificity,diff,post,-0.0022553692823553133
gpt2-xl,rome,counterfact,2,specificity,acc,post,0.0
gpt2-xl,rome,counterfact,2,target_close_neighbour,success,post,0.7
gpt2-xl,rome,counterfact,2,target_close_neighbour,diff,post,0.006844458774199277
gpt2-xl,rome,counterfact,2,target_close_neighbour,acc,post,0.0
gpt2-xl,rome,counterfact,3,efficacy,success,pre,0.0
gpt2-xl,rome,counterfact,3,efficacy,diff,pre,-0.08874552929428017
gpt2-xl,rome,counterfact,3,efficacy,acc,pre,0.0
gpt2-xl,rome,counterfact,3,generalisation,success,pre,0.0
gpt2-xl,rome,counterfact,3,generalisation,diff,pre,-0.10788922980313234
gpt2-xl,rome,counterfact,3,generalisation,acc,pre,0.0
gpt2-xl,rome,counterfact,3,specificity,success,pre,0.0
gpt2-xl,rome,counterfact,3,specificity,diff,pre,-0.01927880385219243
gpt2-xl,rome,counterfact,3,specificity,acc,pre,0.0
gpt2-xl,rome,counterfact,3,target_close_neighbour,success,pre,1.0
gpt2-xl,rome,counterfact,3,target_close_neighbour,diff,pre,0.09144004526728411
gpt2-xl,rome,counterfact,3,target_close_neighbour,acc,pre,0.1
gpt2-xl,rome,counterfact,3,efficacy,success,post,0.0
gpt2-xl,rome,counterfact,3,efficacy,diff,post,-0.08874552929428017
gpt2-xl,rome,counterfact,3,efficacy,acc,post,0.0
gpt2-xl,rome,counterfact,3,generalisation,success,post,0.0
gpt2-xl,rome,counterfact,3,generalisation,diff,post,-0.10788922980313234
gpt2-xl,rome,counterfact,3,generalisation,acc,post,0.0
gpt2-xl,rome,counterfact,3,specificity,success,post,0.0
gpt2-xl,rome,counterfact,3,specificity,diff,post,-0.01927880385219243
gpt2-xl,rome,counterfact,3,specificity,acc,post,0.0
gpt2-xl,rome,counterfact,3,target_close_neighbour,success,post,1.0
gpt2-xl,rome,counterfact,3,target_close_neighbour,diff,post,0.09144004526728411
gpt2-xl,rome,counterfact,3,target_close_neighbour,acc,post,0.1
gpt2-xl,rome,counterfact,4,efficacy,success,pre,0.0
gpt2-xl,rome,counterfact,4,efficacy,diff,pre,-2.046038752108024e-06
gpt2-xl,rome,counterfact,4,efficacy,acc,pre,0.0
gpt2-xl,rome,counterfact,4,generalisation,success,pre,0.0
gpt2-xl,rome,counterfact,4,generalisation,diff,pre,-5.229205851170455e-06
gpt2-xl,rome,counterfact,4,generalisation,acc,pre,0.0
gpt2-xl,rome,counterfact,4,specificity,success,pre,0.4
gpt2-xl,rome,counterfact,4,specificity,diff,pre,-8.363290483892825e-05
gpt2-xl,rome,counterfact,4,specificity,acc,pre,0.0
gpt2-xl,rome,counterfact,4,target_close_neighbour,success,pre,1.0
gpt2-xl,rome,counterfact,4,target_close_neighbour,diff,pre,0.0013901259861620226
gpt2-xl,rome,counterfact,4,target_close_neighbour,acc,pre,0.0
gpt2-xl,rome,counterfact,4,efficacy,success,post,0.0
gpt2-xl,rome,counterfact,4,efficacy,diff,post,-2.046038752108024e-06
gpt2-xl,rome,counterfact,4,efficacy,acc,post,0.0
gpt2-xl,rome,counterfact,4,generalisation,success,post,0.0
gpt2-xl,rome,counterfact,4,generalisation,diff,post,-5.229205851170455e-06
gpt2-xl,rome,counterfact,4,generalisation,acc,post,0.0
gpt2-xl,rome,counterfact,4,specificity,success,post,0.4
gpt2-xl,rome,counterfact,4,specificity,diff,post,-8.363290483892825e-05
gpt2-xl,rome,counterfact,4,specificity,acc,post,0.0
gpt2-xl,rome,counterfact,4,target_close_neighbour,success,post,1.0
gpt2-xl,rome,counterfact,4,target_close_neighbour,diff,post,0.0013901259861620226
gpt2-xl,rome,counterfact,4,target_close_neighbour,acc,post,0.0
gpt2-xl,rome,counterfact,5,efficacy,success,pre,0.0
gpt2-xl,rome,counterfact,5,efficacy,diff,pre,-0.06645658194091092
gpt2-xl,rome,counterfact,5,efficacy,acc,pre,0.0
gpt2-xl,rome,counterfact,5,generalisation,success,pre,0.5
gpt2-xl,rome,counterfact,5,generalisation,diff,pre,-0.000413328835335311
gpt2-xl,rome,counterfact,5,generalisation,acc,pre,0.0
gpt2-xl,rome,counterfact,5,specificity,success,pre,0.3
gpt2-xl,rome,counterfact,5,specificity,diff,pre,-0.2288711208296151
gpt2-xl,rome,counterfact,5,specificity,acc,pre,0.6
gpt2-xl,rome,counterfact,5,target_close_neighbour,success,pre,1.0
gpt2-xl,rome,counterfact,5,target_close_neighbour,diff,pre,0.09496826466549692
gpt2-xl,rome,counterfact,5,target_close_neighbour,acc,pre,0.4
gpt2-xl,rome,counterfact,5,efficacy,success,post,0.0
gpt2-xl,rome,counterfact,5,efficacy,diff,post,-0.06645658194091092
gpt2-xl,rome,counterfact,5,efficacy,acc,post,0.0
gpt2-xl,rome,counterfact,5,generalisation,success,post,0.5
gpt2-xl,rome,counterfact,5,generalisation,diff,post,-0.000413328835335311
gpt2-xl,rome,counterfact,5,generalisation,acc,post,0.0
gpt2-xl,rome,counterfact,5,specificity,success,post,0.3
gpt2-xl,rome,counterfact,5,specificity,diff,post,-0.2288711208296151
gpt2-xl,rome,counterfact,5,specificity,acc,post,0.6
gpt2-xl,rome,counterfact,5,target_close_neighbour,success,post,1.0
gpt2-xl,rome,counterfact,5,target_close_neighbour,diff,post,0.09496826466549692
gpt2-xl,rome,counterfact,5,target_close_neighbour,acc,post,0.4
gpt2-xl,rome,counterfact,6,efficacy,success,pre,1.0
gpt2-xl,rome,counterfact,6,efficacy,diff,pre,3.331736028450795e-05
gpt2-xl,rome,counterfact,6,efficacy,acc,pre,0.0
gpt2-xl,rome,counterfact,6,generalisation,success,pre,0.5
gpt2-xl,rome,counterfact,6,generalisation,diff,pre,0.0002455260226386036
gpt2-xl,rome,counterfact,6,generalisation,acc,pre,0.0
gpt2-xl,rome,counterfact,6,specificity,success,pre,0.6
gpt2-xl,rome,counterfact,6,specificity,diff,pre,0.0010757189628516147
gpt2-xl,rome,counterfact,6,specificity,acc,pre,0.0
gpt2-xl,rome,counterfact,6,target_close_neighbour,success,pre,1.0
gpt2-xl,rome,counterfact,6,target_close_neighbour,diff,pre,0.001489396161460393
gpt2-xl,rome,counterfact,6,target_close_neighbour,acc,pre,0.0
gpt2-xl,rome,counterfact,6,efficacy,success,post,1.0
gpt2-xl,rome,counterfact,6,efficacy,diff,post,3.331736028450795e-05
gpt2-xl,rome,counterfact,6,efficacy,acc,post,0.0
gpt2-xl,rome,counterfact,6,generalisation,success,post,0.5
gpt2-xl,rome,counterfact,6,generalisation,diff,post,0.0002455260226386036
gpt2-xl,rome,counterfact,6,generalisation,acc,post,0.0
gpt2-xl,rome,counterfact,6,specificity,success,post,0.6
gpt2-xl,rome,counterfact,6,specificity,diff,post,0.0010757189628516147
gpt2-xl,rome,counterfact,6,specificity,acc,post,0.0
gpt2-xl,rome,counterfact,6,target_close_neighbour,success,post,1.0
gpt2-xl,rome,counterfact,6,target_close_neighbour,diff,post,0.001489396161460393
gpt2-xl,rome,counterfact,6,target_close_neighbour,acc,post,0.0
gpt2-xl,rome,counterfact,7,efficacy,success,pre,0.0
gpt2-xl,rome,counterfact,7,efficacy,diff,pre,-0.08107924661595162
gpt2-xl,rome,counterfact,7,efficacy,acc,pre,0.0
gpt2-xl,rome,counterfact,7,generalisation,success,pre,0.0
gpt2-xl,rome,counterfact,7,generalisation,diff,pre,-0.10055833444501067
gpt2-xl,rome,counterfact,7,generalisation,acc,pre,0.0
gpt2-xl,rome,counterfact,7,specificity,success,pre,0.3
gpt2-xl,rome,counterfact,7,specificity,diff,pre,-0.09980051644687042
gpt2-xl,rome,counterfact,7,specificity,acc,pre,0.3
gpt2-xl,rome,counterfact,7,target_close_neighbour,success,pre,1.0
gpt2-xl,rome,counterfact,7,target_close_neighbour,diff,pre,0.2870562181387737
gpt2-xl,rome,counterfact,7,target_close_neighbour,acc,pre,0.7
gpt2-xl,rome,counterfact,7,efficacy,success,post,0.0
gpt2-xl,rome,counterfact,7,efficacy,diff,post,-0.08107924661595162
gpt2-xl,rome,counterfact,7,efficacy,acc,post,0.0
gpt2-xl,rome,counterfact,7,generalisation,success,post,0.0
gpt2-xl,rome,counterfact,7,generalisation,diff,post,-0.10055833444501067
gpt2-xl,rome,counterfact,7,generalisation,acc,post,0.0
gpt2-xl,rome,counterfact,7,specificity,success,post,0.3
gpt2-xl,rome,counterfact,7,specificity,diff,post,-0.09980051644687042
gpt2-xl,rome,counterfact,7,specificity,acc,post,0.3
gpt2-xl,rome,counterfact,7,target_close_neighbour,success,post,1.0
gpt2-xl,rome,counterfact,7,target_close_neighbour,diff,post,0.2870562181387737
gpt2-xl,rome,counterfact,7,target_close_neighbour,acc,post,0.7
gpt2-xl,rome,counterfact,8,efficacy,success,pre,0.0
gpt2-xl,rome,counterfact,8,efficacy,diff,pre,-9.537783054237566e-05
gpt2-xl,rome,counterfact,8,efficacy,acc,pre,0.0
gpt2-xl,rome,counterfact,8,generalisation,success,pre,0.0
gpt2-xl,rome,counterfact,8,generalisation,diff,pre,-0.01236854072031907
gpt2-xl,rome,counterfact,8,generalisation,acc,pre,0.0
gpt2-xl,rome,counterfact,8,specificity,success,pre,0.0
gpt2-xl,rome,counterfact,8,specificity,diff,pre,-1.1641816746159209e-05
gpt2-xl,rome,counterfact,8,specificity,acc,pre,0.0
gpt2-xl,rome,counterfact,8,target_close_neighbour,success,pre,0.0
gpt2-xl,rome,counterfact,8,target_close_neighbour,diff,pre,-8.859014498521854e-05
gpt2-xl,rome,counterfact,8,target_close_neighbour,acc,pre,0.0
gpt2-xl,rome,counterfact,8,efficacy,success,post,0.0
gpt2-xl,rome,counterfact,8,efficacy,diff,post,-9.537783054237566e-05
gpt2-xl,rome,counterfact,8,efficacy,acc,post,0.0
gpt2-xl,rome,counterfact,8,generalisation,success,post,0.0
gpt2-xl,rome,counterfact,8,generalisation,diff,post,-0.01236854072031907
gpt2-xl,rome,counterfact,8,generalisation,acc,post,0.0
gpt2-xl,rome,counterfact,8,specificity,success,post,0.0
gpt2-xl,rome,counterfact,8,specificity,diff,post,-1.1641816746159209e-05
gpt2-xl,rome,counterfact,8,specificity,acc,post,0.0
gpt2-xl,rome,counterfact,8,target_close_neighbour,success,post,0.0
gpt2-xl,rome,counterfact,8,target_close_neighbour,diff,post,-8.859014498521854e-05
gpt2-xl,rome,counterfact,8,target_close_neighbour,acc,post,0.0
gpt2-xl,rome,counterfact,9,efficacy,success,pre,0.0
gpt2-xl,rome,counterfact,9,efficacy,diff,pre,-0.009271468412467447
gpt2-xl,rome,counterfact,9,efficacy,acc,pre,0.0
gpt2-xl,rome,counterfact,9,generalisation,success,pre,0.0
gpt2-xl,rome,counterfact,9,generalisation,diff,pre,-0.03953480097185694
gpt2-xl,rome,counterfact,9,generalisation,acc,pre,0.0
gpt2-xl,rome,counterfact,9,specificity,success,pre,0.1
gpt2-xl,rome,counterfact,9,specificity,diff,pre,-0.012745251078952621
gpt2-xl,rome,counterfact,9,specificity,acc,pre,0.0
gpt2-xl,rome,counterfact,9,target_close_neighbour,success,pre,0.6
gpt2-xl,rome,counterfact,9,target_close_neighbour,diff,pre,0.00012506475000464474
gpt2-xl,rome,counterfact,9,target_close_neighbour,acc,pre,0.0
gpt2-xl,rome,counterfact,9,efficacy,success,post,0.0
gpt2-xl,rome,counterfact,9,efficacy,diff,post,-0.009271468412467447
gpt2-xl,rome,counterfact,9,efficacy,acc,post,0.0
gpt2-xl,rome,counterfact,9,generalisation,success,post,0.0
gpt2-xl,rome,counterfact,9,generalisation,diff,post,-0.03953480097185694
gpt2-xl,rome,counterfact,9,generalisation,acc,post,0.0
gpt2-xl,rome,counterfact,9,specificity,success,post,0.1
gpt2-xl,rome,counterfact,9,specificity,diff,post,-0.012745251078952621
gpt2-xl,rome,counterfact,9,specificity,acc,post,0.0
gpt2-xl,rome,counterfact,9,target_close_neighbour,success,post,0.6
gpt2-xl,rome,counterfact,9,target_close_neighbour,diff,post,0.00012506475000464474
gpt2-xl,rome,counterfact,9,target_close_neighbour,acc,post,0.0
gpt2-xl,rome,counterfact,10,efficacy,success,pre,0.0
gpt2-xl,rome,counterfact,10,efficacy,diff,pre,-0.008925792614219153
gpt2-xl,rome,counterfact,10,efficacy,acc,pre,0.0
gpt2-xl,rome,counterfact,10,generalisation,success,pre,0.0
gpt2-xl,rome,counterfact,10,generalisation,diff,pre,-0.010847827573390522
gpt2-xl,rome,counterfact,10,generalisation,acc,pre,0.0
gpt2-xl,rome,counterfact,10,specificity,success,pre,0.0
gpt2-xl,rome,counterfact,10,specificity,diff,pre,-0.014375878468149337
gpt2-xl,rome,counterfact,10,specificity,acc,pre,0.0
gpt2-xl,rome,counterfact,10,target_close_neighbour,success,pre,0.9
gpt2-xl,rome,counterfact,10,target_close_neighbour,diff,pre,0.01566100104992789
gpt2-xl,rome,counterfact,10,target_close_neighbour,acc,pre,0.0
gpt2-xl,rome,counterfact,10,efficacy,success,post,0.0
gpt2-xl,rome,counterfact,10,efficacy,diff,post,-0.008925792614219153
gpt2-xl,rome,counterfact,10,efficacy,acc,post,0.0
gpt2-xl,rome,counterfact,10,generalisation,success,post,0.0
gpt2-xl,rome,counterfact,10,generalisation,diff,post,-0.010847827573390522
gpt2-xl,rome,counterfact,10,generalisation,acc,post,0.0
gpt2-xl,rome,counterfact,10,specificity,success,post,0.0
gpt2-xl,rome,counterfact,10,specificity,diff,post,-0.014375878468149337
gpt2-xl,rome,counterfact,10,specificity,acc,post,0.0
gpt2-xl,rome,counterfact,10,target_close_neighbour,success,post,0.9
gpt2-xl,rome,counterfact,10,target_close_neighbour,diff,post,0.01566100104992789
gpt2-xl,rome,counterfact,10,target_close_neighbour,acc,post,0.0
gpt2-xl,rome,counterfact,11,efficacy,success,pre,0.0
gpt2-xl,rome,counterfact,11,efficacy,diff,pre,0.0
gpt2-xl,rome,counterfact,11,efficacy,acc,pre,0.0
gpt2-xl,rome,counterfact,11,generalisation,success,pre,1.0
gpt2-xl,rome,counterfact,11,generalisation,diff,pre,0.00015501775458895244
gpt2-xl,rome,counterfact,11,generalisation,acc,pre,0.0
gpt2-xl,rome,counterfact,11,specificity,success,pre,0.5
gpt2-xl,rome,counterfact,11,specificity,diff,pre,-0.022396639185980442
gpt2-xl,rome,counterfact,11,specificity,acc,pre,0.1
gpt2-xl,rome,counterfact,11,target_close_neighbour,success,pre,1.0
gpt2-xl,rome,counterfact,11,target_close_neighbour,diff,pre,0.011690294923325283
gpt2-xl,rome,counterfact,11,target_close_neighbour,acc,pre,0.1
gpt2-xl,rome,counterfact,11,efficacy,success,post,0.0
gpt2-xl,rome,counterfact,11,efficacy,diff,post,0.0
gpt2-xl,rome,counterfact,11,efficacy,acc,post,0.0
gpt2-xl,rome,counterfact,11,generalisation,success,post,1.0
gpt2-xl,rome,counterfact,11,generalisation,diff,post,0.00015501775458895244
gpt2-xl,rome,counterfact,11,generalisation,acc,post,0.0
gpt2-xl,rome,counterfact,11,specificity,success,post,0.5
gpt2-xl,rome,counterfact,11,specificity,diff,post,-0.022396639185980442
gpt2-xl,rome,counterfact,11,specificity,acc,post,0.1
gpt2-xl,rome,counterfact,11,target_close_neighbour,success,post,1.0
gpt2-xl,rome,counterfact,11,target_close_neighbour,diff,post,0.011690294923325283
gpt2-xl,rome,counterfact,11,target_close_neighbour,acc,post,0.1
gpt2-xl,rome,counterfact,12,efficacy,success,pre,0.0
gpt2-xl,rome,counterfact,12,efficacy,diff,pre,-0.0004581891199744677
gpt2-xl,rome,counterfact,12,efficacy,acc,pre,0.0
gpt2-xl,rome,counterfact,12,generalisation,success,pre,0.0
gpt2-xl,rome,counterfact,12,generalisation,diff,pre,-0.48629509349475386
gpt2-xl,rome,counterfact,12,generalisation,acc,pre,0.0
gpt2-xl,rome,counterfact,12,specificity,success,pre,0.0
gpt2-xl,rome,counterfact,12,specificity,diff,pre,-0.1476079866648709
gpt2-xl,rome,counterfact,12,specificity,acc,pre,0.4
gpt2-xl,rome,counterfact,12,target_close_neighbour,success,pre,1.0
gpt2-xl,rome,counterfact,12,target_close_neighbour,diff,pre,0.23611591537729026
gpt2-xl,rome,counterfact,12,target_close_neighbour,acc,pre,0.4
gpt2-xl,rome,counterfact,12,efficacy,success,post,0.0
gpt2-xl,rome,counterfact,12,efficacy,diff,post,-0.0004581891199744677
gpt2-xl,rome,counterfact,12,efficacy,acc,post,0.0
gpt2-xl,rome,counterfact,12,generalisation,success,post,0.0
gpt2-xl,rome,counterfact,12,generalisation,diff,post,-0.48629509349475386
gpt2-xl,rome,counterfact,12,generalisation,acc,post,0.0
gpt2-xl,rome,counterfact,12,specificity,success,post,0.0
gpt2-xl,rome,counterfact,12,specificity,diff,post,-0.1476079866648709
gpt2-xl,rome,counterfact,12,specificity,acc,post,0.4
gpt2-xl,rome,counterfact,12,target_close_neighbour,success,post,1.0
gpt2-xl,rome,counterfact,12,target_close_neighbour,diff,post,0.23611591537729026
gpt2-xl,rome,counterfact,12,target_close_neighbour,acc,post,0.4
gpt2-xl,rome,counterfact,13,efficacy,success,pre,0.0
gpt2-xl,rome,counterfact,13,efficacy,diff,pre,-0.16069684650009836
gpt2-xl,rome,counterfact,13,efficacy,acc,pre,0.0
gpt2-xl,rome,counterfact,13,generalisation,success,pre,0.0
gpt2-xl,rome,counterfact,13,generalisation,diff,pre,-0.02346459817607362
gpt2-xl,rome,counterfact,13,generalisation,acc,pre,0.0
gpt2-xl,rome,counterfact,13,specificity,success,pre,0.0
gpt2-xl,rome,counterfact,13,specificity,diff,pre,-0.1859048654916275
gpt2-xl,rome,counterfact,13,specificity,acc,pre,0.5
gpt2-xl,rome,counterfact,13,target_close_neighbour,success,pre,1.0
gpt2-xl,rome,counterfact,13,target_close_neighbour,diff,pre,0.33777567286784715
gpt2-xl,rome,counterfact,13,target_close_neighbour,acc,pre,0.6
gpt2-xl,rome,counterfact,13,efficacy,success,post,0.0
gpt2-xl,rome,counterfact,13,efficacy,diff,post,-0.16069684650009836
gpt2-xl,rome,counterfact,13,efficacy,acc,post,0.0
gpt2-xl,rome,counterfact,13,generalisation,success,post,0.0
gpt2-xl,rome,counterfact,13,generalisation,diff,post,-0.02346459817607362
gpt2-xl,rome,counterfact,13,generalisation,acc,post,0.0
gpt2-xl,rome,counterfact,13,specificity,success,post,0.0
gpt2-xl,rome,counterfact,13,specificity,diff,post,-0.1859048654916275
gpt2-xl,rome,counterfact,13,specificity,acc,post,0.5
gpt2-xl,rome,counterfact,13,target_close_neighbour,success,post,1.0
gpt2-xl,rome,counterfact,13,target_close_neighbour,diff,post,0.33777567286784715
gpt2-xl,rome,counterfact,13,target_close_neighbour,acc,post,0.6
gpt2-xl,rome,counterfact,14,efficacy,success,pre,0.0
gpt2-xl,rome,counterfact,14,efficacy,diff,pre,-0.4014906412374807
gpt2-xl,rome,counterfact,14,efficacy,acc,pre,0.0
gpt2-xl,rome,counterfact,14,generalisation,success,pre,0.0
gpt2-xl,rome,counterfact,14,generalisation,diff,pre,-0.0004949075289670966
gpt2-xl,rome,counterfact,14,generalisation,acc,pre,0.0
gpt2-xl,rome,counterfact,14,specificity,success,pre,0.1
gpt2-xl,rome,counterfact,14,specificity,diff,pre,-0.21423303271961508
gpt2-xl,rome,counterfact,14,specificity,acc,pre,0.4
gpt2-xl,rome,counterfact,14,target_close_neighbour,success,pre,1.0
gpt2-xl,rome,counterfact,14,target_close_neighbour,diff,pre,0.1922082377439161
gpt2-xl,rome,counterfact,14,target_close_neighbour,acc,pre,0.4
gpt2-xl,rome,counterfact,14,efficacy,success,post,0.0
gpt2-xl,rome,counterfact,14,efficacy,diff,post,-0.4014906412374807
gpt2-xl,rome,counterfact,14,efficacy,acc,post,0.0
gpt2-xl,rome,counterfact,14,generalisation,success,post,0.0
gpt2-xl,rome,counterfact,14,generalisation,diff,post,-0.0004949075289670966
gpt2-xl,rome,counterfact,14,generalisation,acc,post,0.0
gpt2-xl,rome,counterfact,14,specificity,success,post,0.1
gpt2-xl,rome,counterfact,14,specificity,diff,post,-0.21423303271961508
gpt2-xl,rome,counterfact,14,specificity,acc,post,0.4
gpt2-xl,rome,counterfact,14,target_close_neighbour,success,post,1.0
gpt2-xl,rome,counterfact,14,target_close_neighbour,diff,post,0.1922082377439161
gpt2-xl,rome,counterfact,14,target_close_neighbour,acc,post,0.4
gpt2-xl,rome,counterfact,15,efficacy,success,pre,1.0
gpt2-xl,rome,counterfact,15,efficacy,diff,pre,8.086491274020674e-05
gpt2-xl,rome,counterfact,15,efficacy,acc,pre,0.0
gpt2-xl,rome,counterfact,15,generalisation,success,pre,1.0
gpt2-xl,rome,counterfact,15,generalisation,diff,pre,0.0006357184332193589
gpt2-xl,rome,counterfact,15,generalisation,acc,pre,0.0
gpt2-xl,rome,counterfact,15,specificity,success,pre,0.0
gpt2-xl,rome,counterfact,15,specificity,diff,pre,-0.002283478070852915
gpt2-xl,rome,counterfact,15,specificity,acc,pre,0.0
gpt2-xl,rome,counterfact,15,target_close_neighbour,success,pre,0.6
gpt2-xl,rome,counterfact,15,target_close_neighbour,diff,pre,0.0019463428545676005
gpt2-xl,rome,counterfact,15,target_close_neighbour,acc,pre,0.0
gpt2-xl,rome,counterfact,15,efficacy,success,post,1.0
gpt2-xl,rome,counterfact,15,efficacy,diff,post,8.086491274020674e-05
gpt2-xl,rome,counterfact,15,efficacy,acc,post,0.0
gpt2-xl,rome,counterfact,15,generalisation,success,post,1.0
gpt2-xl,rome,counterfact,15,generalisation,diff,post,0.0006357184332193589
gpt2-xl,rome,counterfact,15,generalisation,acc,post,0.0
gpt2-xl,rome,counterfact,15,specificity,success,post,0.0
gpt2-xl,rome,counterfact,15,specificity,diff,post,-0.002283478070852915
gpt2-xl,rome,counterfact,15,specificity,acc,post,0.0
gpt2-xl,rome,counterfact,15,target_close_neighbour,success,post,0.6
gpt2-xl,rome,counterfact,15,target_close_neighbour,diff,post,0.0019463428545676005
gpt2-xl,rome,counterfact,15,target_close_neighbour,acc,post,0.0
gpt2-xl,rome,counterfact,16,efficacy,success,pre,0.0
gpt2-xl,rome,counterfact,16,efficacy,diff,pre,-0.00033180098420203854
gpt2-xl,rome,counterfact,16,efficacy,acc,pre,0.0
gpt2-xl,rome,counterfact,16,generalisation,success,pre,0.0
gpt2-xl,rome,counterfact,16,generalisation,diff,pre,-2.547569357029549e-05
gpt2-xl,rome,counterfact,16,generalisation,acc,pre,0.0
gpt2-xl,rome,counterfact,16,specificity,success,pre,0.2
gpt2-xl,rome,counterfact,16,specificity,diff,pre,-0.0019271156846096646
gpt2-xl,rome,counterfact,16,specificity,acc,pre,0.0
gpt2-xl,rome,counterfact,16,target_close_neighbour,success,pre,0.6
gpt2-xl,rome,counterfact,16,target_close_neighbour,diff,pre,1.823914208802756e-05
gpt2-xl,rome,counterfact,16,target_close_neighbour,acc,pre,0.0
gpt2-xl,rome,counterfact,16,efficacy,success,post,0.0
gpt2-xl,rome,counterfact,16,efficacy,diff,post,-0.00033180098420203854
gpt2-xl,rome,counterfact,16,efficacy,acc,post,0.0
gpt2-xl,rome,counterfact,16,generalisation,success,post,0.0
gpt2-xl,rome,counterfact,16,generalisation,diff,post,-2.547569357029549e-05
gpt2-xl,rome,counterfact,16,generalisation,acc,post,0.0
gpt2-xl,rome,counterfact,16,specificity,success,post,0.2
gpt2-xl,rome,counterfact,16,specificity,diff,post,-0.0019271156846096646
gpt2-xl,rome,counterfact,16,specificity,acc,post,0.0
gpt2-xl,rome,counterfact,16,target_close_neighbour,success,post,0.6
gpt2-xl,rome,counterfact,16,target_close_neighbour,diff,post,1.823914208802756e-05
gpt2-xl,rome,counterfact,16,target_close_neighbour,acc,post,0.0
gpt2-xl,rome,counterfact,17,efficacy,success,pre,0.0
gpt2-xl,rome,counterfact,17,efficacy,diff,pre,-0.0018033637391359845
gpt2-xl,rome,counterfact,17,efficacy,acc,pre,0.0
gpt2-xl,rome,counterfact,17,generalisation,success,pre,0.0
gpt2-xl,rome,counterfact,17,generalisation,diff,pre,-0.012642612745905547
gpt2-xl,rome,counterfact,17,generalisation,acc,pre,0.0
gpt2-xl,rome,counterfact,17,specificity,success,pre,0.0
gpt2-xl,rome,counterfact,17,specificity,diff,pre,-0.0005902711850973764
gpt2-xl,rome,counterfact,17,specificity,acc,pre,0.0
gpt2-xl,rome,counterfact,17,target_close_neighbour,success,pre,0.7
gpt2-xl,rome,counterfact,17,target_close_neighbour,diff,pre,0.001000412703699197
gpt2-xl,rome,counterfact,17,target_close_neighbour,acc,pre,0.0
gpt2-xl,rome,counterfact,17,efficacy,success,post,0.0
gpt2-xl,rome,counterfact,17,efficacy,diff,post,-0.0018033637391359845
gpt2-xl,rome,counterfact,17,efficacy,acc,post,0.0
gpt2-xl,rome,counterfact,17,generalisation,success,post,0.0
gpt2-xl,rome,counterfact,17,generalisation,diff,post,-0.012642612745905547
gpt2-xl,rome,counterfact,17,generalisation,acc,post,0.0
gpt2-xl,rome,counterfact,17,specificity,success,post,0.0
gpt2-xl,rome,counterfact,17,specificity,diff,post,-0.0005902711850973764
gpt2-xl,rome,counterfact,17,specificity,acc,post,0.0
gpt2-xl,rome,counterfact,17,target_close_neighbour,success,post,0.7
gpt2-xl,rome,counterfact,17,target_close_neighbour,diff,post,0.001000412703699197
gpt2-xl,rome,counterfact,17,target_close_neighbour,acc,post,0.0
gpt2-xl,rome,counterfact,18,efficacy,success,pre,0.0
gpt2-xl,rome,counterfact,18,efficacy,diff,pre,-0.08601645063356642
gpt2-xl,rome,counterfact,18,efficacy,acc,pre,0.0
gpt2-xl,rome,counterfact,18,generalisation,success,pre,0.0
gpt2-xl,rome,counterfact,18,generalisation,diff,pre,-0.16946050100424442
gpt2-xl,rome,counterfact,18,generalisation,acc,pre,0.0
gpt2-xl,rome,counterfact,18,specificity,success,pre,0.0
gpt2-xl,rome,counterfact,18,specificity,diff,pre,-0.3019350749598054
gpt2-xl,rome,counterfact,18,specificity,acc,pre,0.6
gpt2-xl,rome,counterfact,18,target_close_neighbour,success,pre,1.0
gpt2-xl,rome,counterfact,18,target_close_neighbour,diff,pre,0.28799756968993223
gpt2-xl,rome,counterfact,18,target_close_neighbour,acc,pre,0.8
gpt2-xl,rome,counterfact,18,efficacy,success,post,0.0
gpt2-xl,rome,counterfact,18,efficacy,diff,post,-0.08601645063356642
gpt2-xl,rome,counterfact,18,efficacy,acc,post,0.0
gpt2-xl,rome,counterfact,18,generalisation,success,post,0.0
gpt2-xl,rome,counterfact,18,generalisation,diff,post,-0.16946050100424442
gpt2-xl,rome,counterfact,18,generalisation,acc,post,0.0
gpt2-xl,rome,counterfact,18,specificity,success,post,0.0
gpt2-xl,rome,counterfact,18,specificity,diff,post,-0.3019350749598054
gpt2-xl,rome,counterfact,18,specificity,acc,post,0.6
gpt2-xl,rome,counterfact,18,target_close_neighbour,success,post,1.0
gpt2-xl,rome,counterfact,18,target_close_neighbour,diff,post,0.28799756968993223
gpt2-xl,rome,counterfact,18,target_close_neighbour,acc,post,0.8
gpt2-xl,rome,counterfact,19,efficacy,success,pre,0.0
gpt2-xl,rome,counterfact,19,efficacy,diff,pre,-2.2590281355489964e-05
gpt2-xl,rome,counterfact,19,efficacy,acc,pre,0.0
gpt2-xl,rome,counterfact,19,generalisation,success,pre,0.0
gpt2-xl,rome,counterfact,19,generalisation,diff,pre,-2.2464727576897937e-05
gpt2-xl,rome,counterfact,19,generalisation,acc,pre,0.0
gpt2-xl,rome,counterfact,19,specificity,success,pre,0.0
gpt2-xl,rome,counterfact,19,specificity,diff,pre,-0.0016107319817968498
gpt2-xl,rome,counterfact,19,specificity,acc,pre,0.0
gpt2-xl,rome,counterfact,19,target_close_neighbour,success,pre,0.5
gpt2-xl,rome,counterfact,19,target_close_neighbour,diff,pre,0.0054459004317825
gpt2-xl,rome,counterfact,19,target_close_neighbour,acc,pre,0.0
gpt2-xl,rome,counterfact,19,efficacy,success,post,0.0
gpt2-xl,rome,counterfact,19,efficacy,diff,post,-2.2590281355489964e-05
gpt2-xl,rome,counterfact,19,efficacy,acc,post,0.0
gpt2-xl,rome,counterfact,19,generalisation,success,post,0.0
gpt2-xl,rome,counterfact,19,generalisation,diff,post,-2.2464727576897937e-05
gpt2-xl,rome,counterfact,19,generalisation,acc,post,0.0
gpt2-xl,rome,counterfact,19,specificity,success,post,0.0
gpt2-xl,rome,counterfact,19,specificity,diff,post,-0.0016107319817968498
gpt2-xl,rome,counterfact,19,specificity,acc,post,0.0
gpt2-xl,rome,counterfact,19,target_close_neighbour,success,post,0.5
gpt2-xl,rome,counterfact,19,target_close_neighbour,diff,post,0.0054459004317825
gpt2-xl,rome,counterfact,19,target_close_neighbour,acc,post,0.0
gpt2-xl,rome,zsre,zsre_row0,efficacy,success,pre,0.0
gpt2-xl,rome,zsre,zsre_row0,efficacy,diff,pre,-0.0005764174707755948
gpt2-xl,rome,zsre,zsre_row0,efficacy,acc,pre,0.0
gpt2-xl,rome,zsre,zsre_row0,generalisation,success,pre,0.0
gpt2-xl,rome,zsre,zsre_row0,generalisation,diff,pre,-0.002501691335092246
gpt2-xl,rome,zsre,zsre_row0,generalisation,acc,pre,0.0
gpt2-xl,rome,zsre,zsre_row0,specificity,success,pre,1.0
gpt2-xl,rome,zsre,zsre_row0,specificity,diff,pre,0.0002046845795470628
gpt2-xl,rome,zsre,zsre_row0,specificity,acc,pre,0.0
gpt2-xl,rome,zsre,zsre_row0,efficacy,success,post,0.0
gpt2-xl,rome,zsre,zsre_row0,efficacy,diff,post,-0.0005764174707755948
gpt2-xl,rome,zsre,zsre_row0,efficacy,acc,post,0.0
gpt2-xl,rome,zsre,zsre_row0,generalisation,success,post,0.0
gpt2-xl,rome,zsre,zsre_row0,generalisation,diff,post,-0.002501691335092246
gpt2-xl,rome,zsre,zsre_row0,generalisation,acc,post,0.0
gpt2-xl,rome,zsre,zsre_row0,specificity,success,post,1.0
gpt2-xl,rome,zsre,zsre_row0,specificity,diff,post,0.0002046845795470628
gpt2-xl,rome,zsre,zsre_row0,specificity,acc,post,0.0
gpt2-xl,rome,zsre,zsre_row1,efficacy,success,pre,0.0
gpt2-xl,rome,zsre,zsre_row1,efficacy,diff,pre,-0.02953277586544776
gpt2-xl,rome,zsre,zsre_row1,efficacy,acc,pre,0.0
gpt2-xl,rome,zsre,zsre_row1,generalisation,success,pre,0.0
gpt2-xl,rome,zsre,zsre_row1,generalisation,diff,pre,-0.01901215584201373
gpt2-xl,rome,zsre,zsre_row1,generalisation,acc,pre,0.0
gpt2-xl,rome,zsre,zsre_row1,specificity,success,pre,0.0
gpt2-xl,rome,zsre,zsre_row1,specificity,diff,pre,-0.005373715503999106
gpt2-xl,rome,zsre,zsre_row1,specificity,acc,pre,0.0
gpt2-xl,rome,zsre,zsre_row1,efficacy,success,post,0.0
gpt2-xl,rome,zsre,zsre_row1,efficacy,diff,post,-0.02953277586544776
gpt2-xl,rome,zsre,zsre_row1,efficacy,acc,post,0.0
gpt2-xl,rome,zsre,zsre_row1,generalisation,success,post,0.0
gpt2-xl,rome,zsre,zsre_row1,generalisation,diff,post,-0.01901215584201373
gpt2-xl,rome,zsre,zsre_row1,generalisation,acc,post,0.0
gpt2-xl,rome,zsre,zsre_row1,specificity,success,post,0.0
gpt2-xl,rome,zsre,zsre_row1,specificity,diff,post,-0.005373715503999106
gpt2-xl,rome,zsre,zsre_row1,specificity,acc,post,0.0
gpt2-xl,rome,zsre,zsre_row2,efficacy,success,pre,0.0
gpt2-xl,rome,zsre,zsre_row2,efficacy,diff,pre,-2.442762706981668e-07
gpt2-xl,rome,zsre,zsre_row2,efficacy,acc,pre,0.0
gpt2-xl,rome,zsre,zsre_row2,generalisation,success,pre,0.0
gpt2-xl,rome,zsre,zsre_row2,generalisation,diff,pre,-3.203728883827346e-07
gpt2-xl,rome,zsre,zsre_row2,generalisation,acc,pre,0.0
gpt2-xl,rome,zsre,zsre_row2,specificity,success,pre,0.0
gpt2-xl,rome,zsre,zsre_row2,specificity,diff,pre,-0.004939125528424883
gpt2-xl,rome,zsre,zsre_row2,specificity,acc,pre,0.0
gpt2-xl,rome,zsre,zsre_row2,efficacy,success,post,0.0
gpt2-xl,rome,zsre,zsre_row2,efficacy,diff,post,-2.442762706981668e-07
gpt2-xl,rome,zsre,zsre_row2,efficacy,acc,post,0.0
gpt2-xl,rome,zsre,zsre_row2,generalisation,success,post,0.0
gpt2-xl,rome,zsre,zsre_row2,generalisation,diff,post,-3.203728883827346e-07
gpt2-xl,rome,zsre,zsre_row2,generalisation,acc,post,0.0
gpt2-xl,rome,zsre,zsre_row2,specificity,success,post,0.0
gpt2-xl,rome,zsre,zsre_row2,specificity,diff,post,-0.004939125528424883
gpt2-xl,rome,zsre,zsre_row2,specificity,acc,post,0.0
gpt2-xl,rome,zsre,zsre_row3,efficacy,success,pre,1.0
gpt2-xl,rome,zsre,zsre_row3,efficacy,diff,pre,0.015183308242543096
gpt2-xl,rome,zsre,zsre_row3,efficacy,acc,pre,0.0
gpt2-xl,rome,zsre,zsre_row3,generalisation,success,pre,1.0
gpt2-xl,rome,zsre,zsre_row3,generalisation,diff,pre,0.027180286197004022
gpt2-xl,rome,zsre,zsre_row3,generalisation,acc,pre,0.0
gpt2-xl,rome,zsre,zsre_row3,specificity,success,pre,1.0
gpt2-xl,rome,zsre,zsre_row3,specificity,diff,pre,0.009606811368003695
gpt2-xl,rome,zsre,zsre_row3,specificity,acc,pre,0.0
gpt2-xl,rome,zsre,zsre_row3,efficacy,success,post,1.0
gpt2-xl,rome,zsre,zsre_row3,efficacy,diff,post,0.015183308242543096
gpt2-xl,rome,zsre,zsre_row3,efficacy,acc,post,0.0
gpt2-xl,rome,zsre,zsre_row3,generalisation,success,post,1.0
gpt2-xl,rome,zsre,zsre_row3,generalisation,diff,post,0.027180286197004022
gpt2-xl,rome,zsre,zsre_row3,generalisation,acc,post,0.0
gpt2-xl,rome,zsre,zsre_row3,specificity,success,post,1.0
gpt2-xl,rome,zsre,zsre_row3,specificity,diff,post,0.009606811368003695
gpt2-xl,rome,zsre,zsre_row3,specificity,acc,post,0.0
gpt2-xl,rome,zsre,zsre_row4,efficacy,success,pre,0.0
gpt2-xl,rome,zsre,zsre_row4,efficacy,diff,pre,-0.03172412325269371
gpt2-xl,rome,zsre,zsre_row4,efficacy,acc,pre,0.0
gpt2-xl,rome,zsre,zsre_row4,generalisation,success,pre,0.0
gpt2-xl,rome,zsre,zsre_row4,generalisation,diff,pre,-0.04598370745814568
gpt2-xl,rome,zsre,zsre_row4,generalisation,acc,pre,0.0
gpt2-xl,rome,zsre,zsre_row4,specificity,success,pre,0.0
gpt2-xl,rome,zsre,zsre_row4,specificity,diff,pre,-0.0012575156320287658
gpt2-xl,rome,zsre,zsre_row4,specificity,acc,pre,0.0
gpt2-xl,rome,zsre,zsre_row4,efficacy,success,post,0.0
gpt2-xl,rome,zsre,zsre_row4,efficacy,diff,post,-0.03172412325269371
gpt2-xl,rome,zsre,zsre_row4,efficacy,acc,post,0.0
gpt2-xl,rome,zsre,zsre_row4,generalisation,success,post,0.0
gpt2-xl,rome,zsre,zsre_row4,generalisation,diff,post,-0.04598370745814568
gpt2-xl,rome,zsre,zsre_row4,generalisation,acc,post,0.0
gpt2-xl,rome,zsre,zsre_row4,specificity,success,post,0.0
gpt2-xl,rome,zsre,zsre_row4,specificity,diff,post,-0.0012575156320287658
gpt2-xl,rome,zsre,zsre_row4,specificity,acc,post,0.0
gpt2-xl,rome,zsre,zsre_row5,efficacy,success,pre,1.0
gpt2-xl,rome,zsre,zsre_row5,efficacy,diff,pre,0.005357689242263632
gpt2-xl,rome,zsre,zsre_row5,efficacy,acc,pre,0.0
gpt2-xl,rome,zsre,zsre_row5,generalisation,success,pre,1.0
gpt2-xl,rome,zsre,zsre_row5,generalisation,diff,pre,0.02457491271761634
gpt2-xl,rome,zsre,zsre_row5,generalisation,acc,pre,0.0
gpt2-xl,rome,zsre,zsre_row5,specificity,success,pre,1.0
gpt2-xl,rome,zsre,zsre_row5,specificity,diff,pre,0.012440527877489388
gpt2-xl,rome,zsre,zsre_row5,specificity,acc,pre,0.0
gpt2-xl,rome,zsre,zsre_row5,efficacy,success,post,1.0
gpt2-xl,rome,zsre,zsre_row5,efficacy,diff,post,0.005357689242263632
gpt2-xl,rome,zsre,zsre_row5,efficacy,acc,post,0.0
gpt2-xl,rome,zsre,zsre_row5,generalisation,success,post,1.0
gpt2-xl,rome,zsre,zsre_row5,generalisation,diff,post,0.02457491271761634
gpt2-xl,rome,zsre,zsre_row5,generalisation,acc,post,0.0
gpt2-xl,rome,zsre,zsre_row5,specificity,success,post,1.0
gpt2-xl,rome,zsre,zsre_row5,specificity,diff,post,0.012440527877489388
gpt2-xl,rome,zsre,zsre_row5,specificity,acc,post,0.0
gpt2-xl,rome,zsre,zsre_row6,efficacy,success,pre,0.0
gpt2-xl,rome,zsre,zsre_row6,efficacy,diff,pre,-0.014618404246571435
gpt2-xl,rome,zsre,zsre_row6,efficacy,acc,pre,0.0
gpt2-xl,rome,zsre,zsre_row6,generalisation,success,pre,0.0
gpt2-xl,rome,zsre,zsre_row6,generalisation,diff,pre,-0.022683441118121372
gpt2-xl,rome,zsre,zsre_row6,generalisation,acc,pre,0.0
gpt2-xl,rome,zsre,zsre_row6,specificity,success,pre,1.0
gpt2-xl,rome,zsre,zsre_row6,specificity,diff,pre,0.0006463426121954871
gpt2-xl,rome,zsre,zsre_row6,specificity,acc,pre,0.0
gpt2-xl,rome,zsre,zsre_row6,efficacy,success,post,0.0
gpt2-xl,rome,zsre,zsre_row6,efficacy,diff,post,-0.014618404246571435
gpt2-xl,rome,zsre,zsre_row6,efficacy,acc,post,0.0
gpt2-xl,rome,zsre,zsre_row6,generalisation,success,post,0.0
gpt2-xl,rome,zsre,zsre_row6,generalisation,diff,post,-0.022683441118121372
gpt2-xl,rome,zsre,zsre_row6,generalisation,acc,post,0.0
gpt2-xl,rome,zsre,zsre_row6,specificity,success,post,1.0
gpt2-xl,rome,zsre,zsre_row6,specificity,diff,post,0.0006463426121954871
gpt2-xl,rome,zsre,zsre_row6,specificity,acc,post,0.0
gpt2-xl,rome,zsre,zsre_row7,efficacy,success,pre,1.0
gpt2-xl,rome,zsre,zsre_row7,efficacy,diff,pre,0.013391135635026776
gpt2-xl,rome,zsre,zsre_row7,efficacy,acc,pre,0.0
gpt2-xl,rome,zsre,zsre_row7,generalisation,success,pre,0.0
gpt2-xl,rome,zsre,zsre_row7,generalisation,diff,pre,-0.0037093251638703265
gpt2-xl,rome,zsre,zsre_row7,generalisation,acc,pre,0.0
gpt2-xl,rome,zsre,zsre_row7,specificity,success,pre,1.0
gpt2-xl,rome,zsre,zsre_row7,specificity,diff,pre,0.010137832601203182
gpt2-xl,rome,zsre,zsre_row7,specificity,acc,pre,0.0
gpt2-xl,rome,zsre,zsre_row7,efficacy,success,post,1.0
gpt2-xl,rome,zsre,zsre_row7,efficacy,diff,post,0.013391135635026776
gpt2-xl,rome,zsre,zsre_row7,efficacy,acc,post,0.0
gpt2-xl,rome,zsre,zsre_row7,generalisation,success,post,0.0
gpt2-xl,rome,zsre,zsre_row7,generalisation,diff,post,-0.0037093251638703265
gpt2-xl,rome,zsre,zsre_row7,generalisation,acc,post,0.0
gpt2-xl,rome,zsre,zsre_row7,specificity,success,post,1.0
gpt2-xl,rome,zsre,zsre_row7,specificity,diff,post,0.010137832601203182
gpt2-xl,rome,zsre,zsre_row7,specificity,acc,post,0.0
gpt2-xl,rome,zsre,zsre_row8,efficacy,success,pre,0.0
gpt2-xl,rome,zsre,zsre_row8,efficacy,diff,pre,-0.00898630260768623
gpt2-xl,rome,zsre,zsre_row8,efficacy,acc,pre,0.0
gpt2-xl,rome,zsre,zsre_row8,generalisation,success,pre,1.0
gpt2-xl,rome,zsre,zsre_row8,generalisation,diff,pre,0.02279623524961475
gpt2-xl,rome,zsre,zsre_row8,generalisation,acc,pre,0.0
gpt2-xl,rome,zsre,zsre_row8,specificity,success,pre,1.0
gpt2-xl,rome,zsre,zsre_row8,specificity,diff,pre,0.0032842996256438866
gpt2-xl,rome,zsre,zsre_row8,specificity,acc,pre,0.0
gpt2-xl,rome,zsre,zsre_row8,efficacy,success,post,0.0
gpt2-xl,rome,zsre,zsre_row8,efficacy,diff,post,-0.00898630260768623
gpt2-xl,rome,zsre,zsre_row8,efficacy,acc,post,0.0
gpt2-xl,rome,zsre,zsre_row8,generalisation,success,post,1.0
gpt2-xl,rome,zsre,zsre_row8,generalisation,diff,post,0.02279623524961475
gpt2-xl,rome,zsre,zsre_row8,generalisation,acc,post,0.0
gpt2-xl,rome,zsre,zsre_row8,specificity,success,post,1.0
gpt2-xl,rome,zsre,zsre_row8,specificity,diff,post,0.0032842996256438866
gpt2-xl,rome,zsre,zsre_row8,specificity,acc,post,0.0
gpt2-xl,rome,zsre,zsre_row9,efficacy,success,pre,1.0
gpt2-xl,rome,zsre,zsre_row9,efficacy,diff,pre,0.004895377017388382
gpt2-xl,rome,zsre,zsre_row9,efficacy,acc,pre,0.0
gpt2-xl,rome,zsre,zsre_row9,generalisation,success,pre,0.0
gpt2-xl,rome,zsre,zsre_row9,generalisation,diff,pre,-0.01489939109591323
gpt2-xl,rome,zsre,zsre_row9,generalisation,acc,pre,0.0
gpt2-xl,rome,zsre,zsre_row9,specificity,success,pre,1.0
gpt2-xl,rome,zsre,zsre_row9,specificity,diff,pre,0.011983774684092358
gpt2-xl,rome,zsre,zsre_row9,specificity,acc,pre,0.0
gpt2-xl,rome,zsre,zsre_row9,efficacy,success,post,1.0
gpt2-xl,rome,zsre,zsre_row9,efficacy,diff,post,0.004895377017388382
gpt2-xl,rome,zsre,zsre_row9,efficacy,acc,post,0.0
gpt2-xl,rome,zsre,zsre_row9,generalisation,success,post,0.0
gpt2-xl,rome,zsre,zsre_row9,generalisation,diff,post,-0.01489939109591323
gpt2-xl,rome,zsre,zsre_row9,generalisation,acc,post,0.0
gpt2-xl,rome,zsre,zsre_row9,specificity,success,post,1.0
gpt2-xl,rome,zsre,zsre_row9,specificity,diff,post,0.011983774684092358
gpt2-xl,rome,zsre,zsre_row9,specificity,acc,post,0.0
gpt2-xl,rome,zsre,zsre_row10,efficacy,success,pre,0.0
gpt2-xl,rome,zsre,zsre_row10,efficacy,diff,pre,-0.0013723649966016877
gpt2-xl,rome,zsre,zsre_row10,efficacy,acc,pre,0.0
gpt2-xl,rome,zsre,zsre_row10,generalisation,success,pre,0.0
gpt2-xl,rome,zsre,zsre_row10,generalisation,diff,pre,-0.0003581953797440015
gpt2-xl,rome,zsre,zsre_row10,generalisation,acc,pre,0.0
gpt2-xl,rome,zsre,zsre_row10,specificity,success,pre,0.0
gpt2-xl,rome,zsre,zsre_row10,specificity,diff,pre,-0.24760893412470403
gpt2-xl,rome,zsre,zsre_row10,specificity,acc,pre,0.0
gpt2-xl,rome,zsre,zsre_row10,efficacy,success,post,0.0
gpt2-xl,rome,zsre,zsre_row10,efficacy,diff,post,-0.0013723649966016877
gpt2-xl,rome,zsre,zsre_row10,efficacy,acc,post,0.0
gpt2-xl,rome,zsre,zsre_row10,generalisation,success,post,0.0
gpt2-xl,rome,zsre,zsre_row10,generalisation,diff,post,-0.0003581953797440015
gpt2-xl,rome,zsre,zsre_row10,generalisation,acc,post,0.0
gpt2-xl,rome,zsre,zsre_row10,specificity,success,post,0.0
gpt2-xl,rome,zsre,zsre_row10,specificity,diff,post,-0.24760893412470403
gpt2-xl,rome,zsre,zsre_row10,specificity,acc,post,0.0
gpt2-xl,rome,zsre,zsre_row11,efficacy,success,pre,1.0
gpt2-xl,rome,zsre,zsre_row11,efficacy,diff,pre,7.758555701011403e-05
gpt2-xl,rome,zsre,zsre_row11,efficacy,acc,pre,0.0
gpt2-xl,rome,zsre,zsre_row11,generalisation,success,pre,1.0
gpt2-xl,rome,zsre,zsre_row11,generalisation,diff,pre,0.00011859543122146182
gpt2-xl,rome,zsre,zsre_row11,generalisation,acc,pre,0.0
gpt2-xl,rome,zsre,zsre_row11,specificity,success,pre,1.0
gpt2-xl,rome,zsre,zsre_row11,specificity,diff,pre,6.932580261469063e-06
gpt2-xl,rome,zsre,zsre_row11,specificity,acc,pre,0.0
gpt2-xl,rome,zsre,zsre_row11,efficacy,success,post,1.0
gpt2-xl,rome,zsre,zsre_row11,efficacy,diff,post,7.758555701011403e-05
gpt2-xl,rome,zsre,zsre_row11,efficacy,acc,post,0.0
gpt2-xl,rome,zsre,zsre_row11,generalisation,success,post,1.0
gpt2-xl,rome,zsre,zsre_row11,generalisation,diff,post,0.00011859543122146182
gpt2-xl,rome,zsre,zsre_row11,generalisation,acc,post,0.0
gpt2-xl,rome,zsre,zsre_row11,specificity,success,post,1.0
gpt2-xl,rome,zsre,zsre_row11,specificity,diff,post,6.932580261469063e-06
gpt2-xl,rome,zsre,zsre_row11,specificity,acc,post,0.0
gpt2-xl,rome,zsre,zsre_row12,efficacy,success,pre,1.0
gpt2-xl,rome,zsre,zsre_row12,efficacy,diff,pre,0.0038718606082870292
gpt2-xl,rome,zsre,zsre_row12,efficacy,acc,pre,0.0
gpt2-xl,rome,zsre,zsre_row12,generalisation,success,pre,1.0
gpt2-xl,rome,zsre,zsre_row12,generalisation,diff,pre,0.0024062032954778293
gpt2-xl,rome,zsre,zsre_row12,generalisation,acc,pre,0.0
gpt2-xl,rome,zsre,zsre_row12,specificity,success,pre,0.0
gpt2-xl,rome,zsre,zsre_row12,specificity,diff,pre,-0.004101325725670827
gpt2-xl,rome,zsre,zsre_row12,specificity,acc,pre,0.0
gpt2-xl,rome,zsre,zsre_row12,efficacy,success,post,1.0
gpt2-xl,rome,zsre,zsre_row12,efficacy,diff,post,0.0038718606082870292
gpt2-xl,rome,zsre,zsre_row12,efficacy,acc,post,0.0
gpt2-xl,rome,zsre,zsre_row12,generalisation,success,post,1.0
gpt2-xl,rome,zsre,zsre_row12,generalisation,diff,post,0.0024062032954778293
gpt2-xl,rome,zsre,zsre_row12,generalisation,acc,post,0.0
gpt2-xl,rome,zsre,zsre_row12,specificity,success,post,0.0
gpt2-xl,rome,zsre,zsre_row12,specificity,diff,post,-0.004101325725670827
gpt2-xl,rome,zsre,zsre_row12,specificity,acc,post,0.0
gpt2-xl,rome,zsre,zsre_row13,efficacy,success,pre,1.0
gpt2-xl,rome,zsre,zsre_row13,efficacy,diff,pre,0.006222829553184171
gpt2-xl,rome,zsre,zsre_row13,efficacy,acc,pre,0.0
gpt2-xl,rome,zsre,zsre_row13,generalisation,success,pre,1.0
gpt2-xl,rome,zsre,zsre_row13,generalisation,diff,pre,0.006240077185210338
gpt2-xl,rome,zsre,zsre_row13,generalisation,acc,pre,0.0
gpt2-xl,rome,zsre,zsre_row13,specificity,success,pre,0.0
gpt2-xl,rome,zsre,zsre_row13,specificity,diff,pre,-0.008422743346122164
gpt2-xl,rome,zsre,zsre_row13,specificity,acc,pre,0.0
gpt2-xl,rome,zsre,zsre_row13,efficacy,success,post,1.0
gpt2-xl,rome,zsre,zsre_row13,efficacy,diff,post,0.006222829553184171
gpt2-xl,rome,zsre,zsre_row13,efficacy,acc,post,0.0
gpt2-xl,rome,zsre,zsre_row13,generalisation,success,post,1.0
gpt2-xl,rome,zsre,zsre_row13,generalisation,diff,post,0.006240077185210338
gpt2-xl,rome,zsre,zsre_row13,generalisation,acc,post,0.0
gpt2-xl,rome,zsre,zsre_row13,specificity,success,post,0.0
gpt2-xl,rome,zsre,zsre_row13,specificity,diff,post,-0.008422743346122164
gpt2-xl,rome,zsre,zsre_row13,specificity,acc,post,0.0
gpt2-xl,rome,zsre,zsre_row14,efficacy,success,pre,1.0
gpt2-xl,rome,zsre,zsre_row14,efficacy,diff,pre,0.001988980122134828
gpt2-xl,rome,zsre,zsre_row14,efficacy,acc,pre,0.0
gpt2-xl,rome,zsre,zsre_row14,generalisation,success,pre,1.0
gpt2-xl,rome,zsre,zsre_row14,generalisation,diff,pre,0.0028966742812229244
gpt2-xl,rome,zsre,zsre_row14,generalisation,acc,pre,0.0
gpt2-xl,rome,zsre,zsre_row14,specificity,success,pre,0.0
gpt2-xl,rome,zsre,zsre_row14,specificity,diff,pre,-0.01973209541019072
gpt2-xl,rome,zsre,zsre_row14,specificity,acc,pre,0.0
gpt2-xl,rome,zsre,zsre_row14,efficacy,success,post,1.0
gpt2-xl,rome,zsre,zsre_row14,efficacy,diff,post,0.001988980122134828
gpt2-xl,rome,zsre,zsre_row14,efficacy,acc,post,0.0
gpt2-xl,rome,zsre,zsre_row14,generalisation,success,post,1.0
gpt2-xl,rome,zsre,zsre_row14,generalisation,diff,post,0.0028966742812229244
gpt2-xl,rome,zsre,zsre_row14,generalisation,acc,post,0.0
gpt2-xl,rome,zsre,zsre_row14,specificity,success,post,0.0
gpt2-xl,rome,zsre,zsre_row14,specificity,diff,post,-0.01973209541019072
gpt2-xl,rome,zsre,zsre_row14,specificity,acc,post,0.0
gpt2-xl,rome,zsre,zsre_row15,efficacy,success,pre,1.0
gpt2-xl,rome,zsre,zsre_row15,efficacy,diff,pre,0.013052860202939713
gpt2-xl,rome,zsre,zsre_row15,efficacy,acc,pre,0.0
gpt2-xl,rome,zsre,zsre_row15,generalisation,success,pre,1.0
gpt2-xl,rome,zsre,zsre_row15,generalisation,diff,pre,0.006797289445811222
gpt2-xl,rome,zsre,zsre_row15,generalisation,acc,pre,0.0
gpt2-xl,rome,zsre,zsre_row15,specificity,success,pre,1.0
gpt2-xl,rome,zsre,zsre_row15,specificity,diff,pre,0.0008737294651006018
gpt2-xl,rome,zsre,zsre_row15,specificity,acc,pre,0.0
gpt2-xl,rome,zsre,zsre_row15,efficacy,success,post,1.0
gpt2-xl,rome,zsre,zsre_row15,efficacy,diff,post,0.013052860202939713
gpt2-xl,rome,zsre,zsre_row15,efficacy,acc,post,0.0
gpt2-xl,rome,zsre,zsre_row15,generalisation,success,post,1.0
gpt2-xl,rome,zsre,zsre_row15,generalisation,diff,post,0.006797289445811222
gpt2-xl,rome,zsre,zsre_row15,generalisation,acc,post,0.0
gpt2-xl,rome,zsre,zsre_row15,specificity,success,post,1.0
gpt2-xl,rome,zsre,zsre_row15,specificity,diff,post,0.0008737294651006018
gpt2-xl,rome,zsre,zsre_row15,specificity,acc,post,0.0
gpt2-xl,rome,zsre,zsre_row16,efficacy,success,pre,1.0
gpt2-xl,rome,zsre,zsre_row16,efficacy,diff,pre,0.004708025335543605
gpt2-xl,rome,zsre,zsre_row16,efficacy,acc,pre,0.0
gpt2-xl,rome,zsre,zsre_row16,generalisation,success,pre,1.0
gpt2-xl,rome,zsre,zsre_row16,generalisation,diff,pre,0.007888528023838663
gpt2-xl,rome,zsre,zsre_row16,generalisation,acc,pre,0.0
gpt2-xl,rome,zsre,zsre_row16,specificity,success,pre,0.0
gpt2-xl,rome,zsre,zsre_row16,specificity,diff,pre,-0.003681621505073976
gpt2-xl,rome,zsre,zsre_row16,specificity,acc,pre,0.0
gpt2-xl,rome,zsre,zsre_row16,efficacy,success,post,1.0
gpt2-xl,rome,zsre,zsre_row16,efficacy,diff,post,0.004708025335543605
gpt2-xl,rome,zsre,zsre_row16,efficacy,acc,post,0.0
gpt2-xl,rome,zsre,zsre_row16,generalisation,success,post,1.0
gpt2-xl,rome,zsre,zsre_row16,generalisation,diff,post,0.007888528023838663
gpt2-xl,rome,zsre,zsre_row16,generalisation,acc,post,0.0
gpt2-xl,rome,zsre,zsre_row16,specificity,success,post,0.0
gpt2-xl,rome,zsre,zsre_row16,specificity,diff,post,-0.003681621505073976
gpt2-xl,rome,zsre,zsre_row16,specificity,acc,post,0.0
gpt2-xl,rome,zsre,zsre_row17,efficacy,success,pre,1.0
gpt2-xl,rome,zsre,zsre_row17,efficacy,diff,pre,0.0022992707668044255
gpt2-xl,rome,zsre,zsre_row17,efficacy,acc,pre,0.0
gpt2-xl,rome,zsre,zsre_row17,generalisation,success,pre,1.0
gpt2-xl,rome,zsre,zsre_row17,generalisation,diff,pre,0.0014852487854067281
gpt2-xl,rome,zsre,zsre_row17,generalisation,acc,pre,0.0
gpt2-xl,rome,zsre,zsre_row17,specificity,success,pre,1.0
gpt2-xl,rome,zsre,zsre_row17,specificity,diff,pre,0.00019214828041560632
gpt2-xl,rome,zsre,zsre_row17,specificity,acc,pre,0.0
gpt2-xl,rome,zsre,zsre_row17,efficacy,success,post,1.0
gpt2-xl,rome,zsre,zsre_row17,efficacy,diff,post,0.0022992707668044255
gpt2-xl,rome,zsre,zsre_row17,efficacy,acc,post,0.0
gpt2-xl,rome,zsre,zsre_row17,generalisation,success,post,1.0
gpt2-xl,rome,zsre,zsre_row17,generalisation,diff,post,0.0014852487854067281
gpt2-xl,rome,zsre,zsre_row17,generalisation,acc,post,0.0
gpt2-xl,rome,zsre,zsre_row17,specificity,success,post,1.0
gpt2-xl,rome,zsre,zsre_row17,specificity,diff,post,0.00019214828041560632
gpt2-xl,rome,zsre,zsre_row17,specificity,acc,post,0.0
gpt2-xl,rome,zsre,zsre_row18,efficacy,success,pre,1.0
gpt2-xl,rome,zsre,zsre_row18,efficacy,diff,pre,0.017808986828595084
gpt2-xl,rome,zsre,zsre_row18,efficacy,acc,pre,0.0
gpt2-xl,rome,zsre,zsre_row18,generalisation,success,pre,1.0
gpt2-xl,rome,zsre,zsre_row18,generalisation,diff,pre,0.007420115006164208
gpt2-xl,rome,zsre,zsre_row18,generalisation,acc,pre,0.0
gpt2-xl,rome,zsre,zsre_row18,specificity,success,pre,1.0
gpt2-xl,rome,zsre,zsre_row18,specificity,diff,pre,0.0004944433020425917
gpt2-xl,rome,zsre,zsre_row18,specificity,acc,pre,0.0
gpt2-xl,rome,zsre,zsre_row18,efficacy,success,post,1.0
gpt2-xl,rome,zsre,zsre_row18,efficacy,diff,post,0.017808986828595084
gpt2-xl,rome,zsre,zsre_row18,efficacy,acc,post,0.0
gpt2-xl,rome,zsre,zsre_row18,generalisation,success,post,1.0
gpt2-xl,rome,zsre,zsre_row18,generalisation,diff,post,0.007420115006164208
gpt2-xl,rome,zsre,zsre_row18,generalisation,acc,post,0.0
gpt2-xl,rome,zsre,zsre_row18,specificity,success,post,1.0
gpt2-xl,rome,zsre,zsre_row18,specificity,diff,post,0.0004944433020425917
gpt2-xl,rome,zsre,zsre_row18,specificity,acc,post,0.0
gpt2-xl,rome,zsre,zsre_row19,efficacy,success,pre,1.0
gpt2-xl,rome,zsre,zsre_row19,efficacy,diff,pre,0.0018069181061248492
gpt2-xl,rome,zsre,zsre_row19,efficacy,acc,pre,0.0
gpt2-xl,rome,zsre,zsre_row19,generalisation,success,pre,1.0
gpt2-xl,rome,zsre,zsre_row19,generalisation,diff,pre,0.0010433980518046017
gpt2-xl,rome,zsre,zsre_row19,generalisation,acc,pre,0.0
gpt2-xl,rome,zsre,zsre_row19,specificity,success,pre,1.0
gpt2-xl,rome,zsre,zsre_row19,specificity,diff,pre,0.0010628179686756488
gpt2-xl,rome,zsre,zsre_row19,specificity,acc,pre,0.0
gpt2-xl,rome,zsre,zsre_row19,efficacy,success,post,1.0
gpt2-xl,rome,zsre,zsre_row19,efficacy,diff,post,0.0018069181061248492
gpt2-xl,rome,zsre,zsre_row19,efficacy,acc,post,0.0
gpt2-xl,rome,zsre,zsre_row19,generalisation,success,post,1.0
gpt2-xl,rome,zsre,zsre_row19,generalisation,diff,post,0.0010433980518046017
gpt2-xl,rome,zsre,zsre_row19,generalisation,acc,post,0.0
gpt2-xl,rome,zsre,zsre_row19,specificity,success,post,1.0
gpt2-xl,rome,zsre,zsre_row19,specificity,diff,post,0.0010628179686756488
gpt2-xl,rome,zsre,zsre_row19,specificity,acc,post,0.0
llama3-8b,memit,counterfact,0,efficacy,success,pre,0.0
llama3-8b,memit,counterfact,0,efficacy,diff,pre,-0.554447759264991
llama3-8b,memit,counterfact,0,efficacy,acc,pre,0.0
llama3-8b,memit,counterfact,0,generalisation,success,pre,0.0
llama3-8b,memit,counterfact,0,generalisation,diff,pre,-0.017276258042719
llama3-8b,memit,counterfact,0,generalisation,acc,pre,0.0
llama3-8b,memit,counterfact,0,specificity,success,pre,0.0
llama3-8b,memit,counterfact,0,specificity,diff,pre,-0.3691831430535373
llama3-8b,memit,counterfact,0,specificity,acc,pre,0.5
llama3-8b,memit,counterfact,0,target_close_neighbour,success,pre,1.0
llama3-8b,memit,counterfact,0,target_close_neighbour,diff,pre,0.13501298562453548
llama3-8b,memit,counterfact,0,target_close_neighbour,acc,pre,0.4
llama3-8b,memit,counterfact,0,efficacy,success,post,1.0
llama3-8b,memit,counterfact,0,efficacy,diff,post,0.26948879539116644
llama3-8b,memit,counterfact,0,efficacy,acc,post,1.0
llama3-8b,memit,counterfact,0,generalisation,success,post,0.5
llama3-8b,memit,counterfact,0,generalisation,diff,post,0.0014795815566723376
llama3-8b,memit,counterfact,0,generalisation,acc,post,0.0
llama3-8b,memit,counterfact,0,specificity,success,post,0.0
llama3-8b,memit,counterfact,0,specificity,diff,post,-0.3780395246298807
llama3-8b,memit,counterfact,0,specificity,acc,post,0.5
llama3-8b,memit,counterfact,0,target_close_neighbour,success,post,1.0
llama3-8b,memit,counterfact,0,target_close_neighbour,diff,post,0.14435848597252746
llama3-8b,memit,counterfact,0,target_close_neighbour,acc,post,0.4
llama3-8b,memit,counterfact,1,efficacy,success,pre,0.0
llama3-8b,memit,counterfact,1,efficacy,diff,pre,-0.15195808065583227
llama3-8b,memit,counterfact,1,efficacy,acc,pre,0.0
llama3-8b,memit,counterfact,1,generalisation,success,pre,0.0
llama3-8b,memit,counterfact,1,generalisation,diff,pre,-0.03057342970014454
llama3-8b,memit,counterfact,1,generalisation,acc,pre,0.0
llama3-8b,memit,counterfact,1,specificity,success,pre,0.4
llama3-8b,memit,counterfact,1,specificity,diff,pre,-0.007853033098426339
llama3-8b,memit,counterfact,1,specificity,acc,pre,0.0
llama3-8b,memit,counterfact,1,target_close_neighbour,success,pre,1.0
llama3-8b,memit,counterfact,1,target_close_neighbour,diff,pre,0.12185462705339314
llama3-8b,memit,counterfact,1,target_close_neighbour,acc,pre,0.2
llama3-8b,memit,counterfact,1,efficacy,success,post,1.0
llama3-8b,memit,counterfact,1,efficacy,diff,post,0.29882013019301557
llama3-8b,memit,counterfact,1,efficacy,acc,post,1.0
llama3-8b,memit,counterfact,1,generalisation,success,post,1.0
llama3-8b,memit,counterfact,1,generalisation,diff,post,0.24526610956193168
llama3-8b,memit,counterfact,1,generalisation,acc,post,0.5
llama3-8b,memit,counterfact,1,specificity,success,post,0.5
llama3-8b,memit,counterfact,1,specificity,diff,post,-0.0025829964462703095
llama3-8b,memit,counterfact,1,specificity,acc,post,0.0
llama3-8b,memit,counterfact,1,target_close_neighbour,success,post,1.0
llama3-8b,memit,counterfact,1,target_close_neighbour,diff,post,0.1258761580285041
llama3-8b,memit,counterfact,1,target_close_neighbour,acc,post,0.3
llama3-8b,memit,counterfact,2,efficacy,success,pre,1.0
llama3-8b,memit,counterfact,2,efficacy,diff,pre,2.1259822173694097e-05
llama3-8b,memit,counterfact,2,efficacy,acc,pre,0.0
llama3-8b,memit,counterfact,2,generalisation,success,pre,1.0
llama3-8b,memit,counterfact,2,generalisation,diff,pre,0.041588110685158136
llama3-8b,memit,counterfact,2,generalisation,acc,pre,0.5
llama3-8b,memit,counterfact,2,specificity,success,pre,0.6
llama3-8b,memit,counterfact,2,specificity,diff,pre,-0.016179983789135374
llama3-8b,memit,counterfact,2,specificity,acc,pre,0.2
llama3-8b,memit,counterfact,2,target_close_neighbour,success,pre,1.0
llama3-8b,memit,counterfact,2,target_close_neighbour,diff,pre,0.11117857836485087
llama3-8b,memit,counterfact,2,target_close_neighbour,acc,pre,0.6
llama3-8b,memit,counterfact,2,efficacy,success,post,1.0
llama3-8b,memit,counterfact,2,efficacy,diff,post,0.05054523251168381
llama3-8b,memit,counterfact,2,efficacy,acc,post,0.0
llama3-8b,memit,counterfact,2,generalisation,success,post,1.0
llama3-8b,memit,counterfact,2,generalisation,diff,post,0.24745220997143233
llama3-8b,memit,counterfact,2,generalisation,acc,post,0.5
llama3-8b,memit,counterfact,2,specificity,success,post,0.7
llama3-8b,memit,counterfact,2,specificity,diff,post,-0.0065227109886239806
llama3-8b,memit,counterfact,2,specificity,acc,post,0.1
llama3-8b,memit,counterfact,2,target_close_neighbour,success,post,1.0
llama3-8b,memit,counterfact,2,target_close_neighbour,diff,post,0.14900300008091277
llama3-8b,memit,counterfact,2,target_close_neighbour,acc,post,0.6
llama3-8b,memit,counterfact,3,efficacy,success,pre,0.0
llama3-8b,memit,counterfact,3,efficacy,diff,pre,-0.1697459130973153
llama3-8b,memit,counterfact,3,efficacy,acc,pre,0.0
llama3-8b,memit,counterfact,3,generalisation,success,pre,0.0
llama3-8b,memit,counterfact,3,generalisation,diff,pre,-0.13498591406009813
llama3-8b,memit,counterfact,3,generalisation,acc,pre,0.0
llama3-8b,memit,counterfact,3,specificity,success,pre,0.3
llama3-8b,memit,counterfact,3,specificity,diff,pre,-0.03252874393447408
llama3-8b,memit,counterfact,3,specificity,acc,pre,0.0
llama3-8b,memit,counterfact,3,target_close_neighbour,success,pre,1.0
llama3-8b,memit,counterfact,3,target_close_neighbour,diff,pre,0.1456747153974075
llama3-8b,memit,counterfact,3,target_close_neighbour,acc,pre,0.1
llama3-8b,memit,counterfact,3,efficacy,success,post,1.0
llama3-8b,memit,counterfact,3,efficacy,diff,post,0.9011514602299905
llama3-8b,memit,counterfact,3,efficacy,acc,post,1.0
llama3-8b,memit,counterfact,3,generalisation,success,post,1.0
llama3-8b,memit,counterfact,3,generalisation,diff,post,0.8292199356284141
llama3-8b,memit,counterfact,3,generalisation,acc,post,1.0
llama3-8b,memit,counterfact,3,specificity,success,post,0.4
llama3-8b,memit,counterfact,3,specificity,diff,post,-0.04352743848876443
llama3-8b,memit,counterfact,3,specificity,acc,post,0.0
llama3-8b,memit,counterfact,3,target_close_neighbour,success,post,1.0
llama3-8b,memit,counterfact,3,target_close_neighbour,diff,post,0.17476131793858532
llama3-8b,memit,counterfact,3,target_close_neighbour,acc,post,0.1
llama3-8b,memit,counterfact,4,efficacy,success,pre,0.0
llama3-8b,memit,counterfact,4,efficacy,diff,pre,-2.2771917746545605e-05
llama3-8b,memit,counterfact,4,efficacy,acc,pre,0.0
llama3-8b,memit,counterfact,4,generalisation,success,pre,0.0
llama3-8b,memit,counterfact,4,generalisation,diff,pre,-1.0676113748920616e-05
llama3-8b,memit,counterfact,4,generalisation,acc,pre,0.0
llama3-8b,memit,counterfact,4,specificity,success,pre,0.2
llama3-8b,memit,counterfact,4,specificity,diff,pre,-0.00018899709688531834
llama3-8b,memit,counterfact,4,specificity,acc,pre,0.0
llama3-8b,memit,counterfact,4,target_close_neighbour,success,pre,0.9
llama3-8b,memit,counterfact,4,target_close_neighbour,diff,pre,0.001214846095154634
llama3-8b,memit,counterfact,4,target_close_neighbour,acc,pre,0.0
llama3-8b,memit,counterfact,4,efficacy,success,post,1.0
llama3-8b,memit,counterfact,4,efficacy,diff,post,0.13091019575289262
llama3-8b,memit,counterfact,4,efficacy,acc,post,1.0
llama3-8b,memit,counterfact,4,generalisation,success,post,1.0
llama3-8b,memit,counterfact,4,generalisation,diff,post,0.1755073111929134
llama3-8b,memit,counterfact,4,generalisation,acc,post,0.5
llama3-8b,memit,counterfact,4,specificity,success,post,0.9
llama3-8b,memit,counterfact,4,specificity,diff,post,0.024766522137579024
llama3-8b,memit,counterfact,4,specificity,acc,post,0.0
llama3-8b,memit,counterfact,4,target_close_neighbour,success,post,1.0
llama3-8b,memit,counterfact,4,target_close_neighbour,diff,post,0.029265101561277308
llama3-8b,memit,counterfact,4,target_close_neighbour,acc,post,0.0
llama3-8b,memit,counterfact,5,efficacy,success,pre,0.0
llama3-8b,memit,counterfact,5,efficacy,diff,pre,-0.23859706235086905
llama3-8b,memit,counterfact,5,efficacy,acc,pre,0.0
llama3-8b,memit,counterfact,5,generalisation,success,pre,0.0
llama3-8b,memit,counterfact,5,generalisation,diff,pre,-0.0033263543810262315
llama3-8b,memit,counterfact,5,generalisation,acc,pre,0.0
llama3-8b,memit,counterfact,5,specificity,success,pre,0.0
llama3-8b,memit,counterfact,5,specificity,diff,pre,-0.34807936519738975
llama3-8b,memit,counterfact,5,specificity,acc,pre,0.8
llama3-8b,memit,counterfact,5,target_close_neighbour,success,pre,1.0
llama3-8b,memit,counterfact,5,target_close_neighbour,diff,pre,0.20361480595863046
llama3-8b,memit,counterfact,5,target_close_neighbour,acc,pre,0.6
llama3-8b,memit,counterfact,5,efficacy,success,post,0.0
llama3-8b,memit,counterfact,5,efficacy,diff,post,-0.20156491172118238
llama3-8b,memit,counterfact,5,efficacy,acc,post,0.0
llama3-8b,memit,counterfact,5,generalisation,success,post,0.0
llama3-8b,memit,counterfact,5,generalisation,diff,post,-0.0031480476057695033
llama3-8b,memit,counterfact,5,generalisation,acc,post,0.0
llama3-8b,memit,counterfact,5,specificity,success,post,0.0
llama3-8b,memit,counterfact,5,specificity,diff,post,-0.37066268996798024
llama3-8b,memit,counterfact,5,specificity,acc,post,0.9
llama3-8b,memit,counterfact,5,target_close_neighbour,success,post,1.0
llama3-8b,memit,counterfact,5,target_close_neighbour,diff,post,0.2317484109307959
llama3-8b,memit,counterfact,5,target_close_neighbour,acc,post,0.6
llama3-8b,memit,counterfact,6,efficacy,success,pre,0.0
llama3-8b,memit,counterfact,6,efficacy,diff,pre,-0.1418292168418608
llama3-8b,memit,counterfact,6,efficacy,acc,pre,0.0
llama3-8b,memit,counterfact,6,generalisation,success,pre,0.0
llama3-8b,memit,counterfact,6,generalisation,diff,pre,-0.12972441527154552
llama3-8b,memit,counterfact,6,generalisation,acc,pre,0.0
llama3-8b,memit,counterfact,6,specificity,success,pre,0.1
llama3-8b,memit,counterfact,6,specificity,diff,pre,-0.2690972620928476
llama3-8b,memit,counterfact,6,specificity,acc,pre,0.3
llama3-8b,memit,counterfact,6,target_close_neighbour,success,pre,1.0
llama3-8b,memit,counterfact,6,target_close_neighbour,diff,pre,0.05435788907233334
llama3-8b,memit,counterfact,6,target_close_neighbour,acc,pre,0.1
llama3-8b,memit,counterfact,6,efficacy,success,post,1.0
llama3-8b,memit,counterfact,6,efficacy,diff,post,0.5587614461414667
llama3-8b,memit,counterfact,6,efficacy,acc,post,1.0
llama3-8b,memit,counterfact,6,generalisation,success,post,1.0
llama3-8b,memit,counterfact,6,generalisation,diff,post,0.41957171332803594
llama3-8b,memit,counterfact,6,generalisation,acc,post,0.5
llama3-8b,memit,counterfact,6,specificity,success,post,0.5
llama3-8b,memit,counterfact,6,specificity,diff,post,-0.028742927532107648
llama3-8b,memit,counterfact,6,specificity,acc,post,0.1
llama3-8b,memit,counterfact,6,target_close_neighbour,success,post,1.0
llama3-8b,memit,counterfact,6,target_close_neighbour,diff,post,0.07846871915796423
llama3-8b,memit,counterfact,6,target_close_neighbour,acc,post,0.1
llama3-8b,memit,counterfact,7,efficacy,success,pre,0.0
llama3-8b,memit,counterfact,7,efficacy,diff,pre,-0.23381086366473497
llama3-8b,memit,counterfact,7,efficacy,acc,pre,0.0
llama3-8b,memit,counterfact,7,generalisation,success,pre,0.0
llama3-8b,memit,counterfact,7,generalisation,diff,pre,-0.3262829215707285
llama3-8b,memit,counterfact,7,generalisation,acc,pre,0.0
llama3-8b,memit,counterfact,7,specificity,success,pre,0.0
llama3-8b,memit,counterfact,7,specificity,diff,pre,-0.32324565157269936
llama3-8b,memit,counterfact,7,specificity,acc,pre,0.7
llama3-8b,memit,counterfact,7,target_close_neighbour,success,pre,1.0
llama3-8b,memit,counterfact,7,target_close_neighbour,diff,pre,0.7259143307481835
llama3-8b,memit,counterfact,7,target_close_neighbour,acc,pre,1.0
llama3-8b,memit,counterfact,7,efficacy,success,post,1.0
llama3-8b,memit,counterfact,7,efficacy,diff,post,0.9289511685269726
llama3-8b,memit,counterfact,7,efficacy,acc,post,1.0
llama3-8b,memit,counterfact,7,generalisation,success,post,1.0
llama3-8b,memit,counterfact,7,generalisation,diff,post,0.9572438976859812
llama3-8b,memit,counterfact,7,generalisation,acc,post,1.0
llama3-8b,memit,counterfact,7,specificity,success,post,0.0
llama3-8b,memit,counterfact,7,specificity,diff,post,-0.36079248275643644
llama3-8b,memit,counterfact,7,specificity,acc,post,0.7
llama3-8b,memit,counterfact,7,target_close_neighbour,success,post,1.0
llama3-8b,memit,counterfact,7,target_close_neighbour,diff,post,0.7638248259387981
llama3-8b,memit,counterfact,7,target_close_neighbour,acc,post,1.0
llama3-8b,memit,counterfact,8,efficacy,success,pre,0.0
llama3-8b,memit,counterfact,8,efficacy,diff,pre,-0.0033796680716253946
llama3-8b,memit,counterfact,8,efficacy,acc,pre,0.0
llama3-8b,memit,counterfact,8,generalisation,success,pre,0.0
llama3-8b,memit,counterfact,8,generalisation,diff,pre,-0.00092254115164388
llama3-8b,memit,counterfact,8,generalisation,acc,pre,0.0
llama3-8b,memit,counterfact,8,specificity,success,pre,0.0
llama3-8b,memit,counterfact,8,specificity,diff,pre,-0.00031942647830782855
llama3-8b,memit,counterfact,8,specificity,acc,pre,0.0
llama3-8b,memit,counterfact,8,target_close_neighbour,success,pre,0.3
llama3-8b,memit,counterfact,8,target_close_neighbour,diff,pre,0.0009765999807356297
llama3-8b,memit,counterfact,8,target_close_neighbour,acc,pre,0.0
llama3-8b,memit,counterfact,8,efficacy,success,post,1.0
llama3-8b,memit,counterfact,8,efficacy,diff,post,0.8511514799373138
llama3-8b,memit,counterfact,8,efficacy,acc,post,1.0
llama3-8b,memit,counterfact,8,generalisation,success,post,1.0
llama3-8b,memit,counterfact,8,generalisation,diff,post,0.312505659620177
llama3-8b,memit,counterfact,8,generalisation,acc,post,0.5
llama3-8b,memit,counterfact,8,specificity,success,post,0.8
llama3-8b,memit,counterfact,8,specificity,diff,post,0.23957403229313515
llama3-8b,memit,counterfact,8,specificity,acc,post,0.0
llama3-8b,memit,counterfact,8,target_close_neighbour,success,post,1.0
llama3-8b,memit,counterfact,8,target_close_neighbour,diff,post,0.012532831216970988
llama3-8b,memit,counterfact,8,target_close_neighbour,acc,post,0.0
llama3-8b,memit,counterfact,9,efficacy,success,pre,0.0
llama3-8b,memit,counterfact,9,efficacy,diff,pre,-0.002164662599860645
llama3-8b,memit,counterfact,9,efficacy,acc,pre,0.0
llama3-8b,memit,counterfact,9,generalisation,success,pre,0.0
llama3-8b,memit,counterfact,9,generalisation,diff,pre,-0.005177490762780812
llama3-8b,memit,counterfact,9,generalisation,acc,pre,0.0
llama3-8b,memit,counterfact,9,specificity,success,pre,0.0
llama3-8b,memit,counterfact,9,specificity,diff,pre,-0.09732540950541006
llama3-8b,memit,counterfact,9,specificity,acc,pre,0.2
llama3-8b,memit,counterfact,9,target_close_neighbour,success,pre,0.7
llama3-8b,memit,counterfact,9,target_close_neighbour,diff,pre,0.003477227967008019
llama3-8b,memit,counterfact,9,target_close_neighbour,acc,pre,0.0
llama3-8b,memit,counterfact,9,efficacy,success,post,1.0
llama3-8b,memit,counterfact,9,efficacy,diff,post,0.9403225083329734
llama3-8b,memit,counterfact,9,efficacy,acc,post,1.0
llama3-8b,memit,counterfact,9,generalisation,success,post,1.0
llama3-8b,memit,counterfact,9,generalisation,diff,post,0.6790498256207009
llama3-8b,memit,counterfact,9,generalisation,acc,post,1.0
llama3-8b,memit,counterfact,9,specificity,success,post,0.0
llama3-8b,memit,counterfact,9,specificity,diff,post,-0.10062371127912972
llama3-8b,memit,counterfact,9,specificity,acc,post,0.2
llama3-8b,memit,counterfact,9,target_close_neighbour,success,post,0.7
llama3-8b,memit,counterfact,9,target_close_neighbour,diff,post,0.00968216143968509
llama3-8b,memit,counterfact,9,target_close_neighbour,acc,post,0.0
llama3-8b,memit,counterfact,10,efficacy,success,pre,0.0
llama3-8b,memit,counterfact,10,efficacy,diff,pre,-0.03642312345846917
llama3-8b,memit,counterfact,10,efficacy,acc,pre,0.0
llama3-8b,memit,counterfact,10,generalisation,success,pre,0.0
llama3-8b,memit,counterfact,10,generalisation,diff,pre,-0.023562893147986312
llama3-8b,memit,counterfact,10,generalisation,acc,pre,0.0
llama3-8b,memit,counterfact,10,specificity,success,pre,0.0
llama3-8b,memit,counterfact,10,specificity,diff,pre,-0.09027259977370243
llama3-8b,memit,counterfact,10,specificity,acc,pre,0.0
llama3-8b,memit,counterfact,10,target_close_neighbour,success,pre,1.0
llama3-8b,memit,counterfact,10,target_close_neighbour,diff,pre,0.20986215546519665
llama3-8b,memit,counterfact,10,target_close_neighbour,acc,pre,0.4
llama3-8b,memit,counterfact,10,efficacy,success,post,1.0
llama3-8b,memit,counterfact,10,efficacy,diff,post,0.8011407457436985
llama3-8b,memit,counterfact,10,efficacy,acc,post,1.0
llama3-8b,memit,counterfact,10,generalisation,success,post,1.0
llama3-8b,memit,counterfact,10,generalisation,diff,post,0.14360346168893748
llama3-8b,memit,counterfact,10,generalisation,acc,post,0.5
llama3-8b,memit,counterfact,10,specificity,success,post,0.1
llama3-8b,memit,counterfact,10,specificity,diff,post,-0.04894956068236944
llama3-8b,memit,counterfact,10,specificity,acc,post,0.1
llama3-8b,memit,counterfact,10,target_close_neighbour,success,post,1.0
llama3-8b,memit,counterfact,10,target_close_neighbour,diff,post,0.299800642314531
llama3-8b,memit,counterfact,10,target_close_neighbour,acc,post,0.5
llama3-8b,memit,counterfact,11,efficacy,success,pre,1.0
llama3-8b,memit,counterfact,11,efficacy,diff,pre,0.003936489293233607
llama3-8b,memit,counterfact,11,efficacy,acc,pre,0.0
llama3-8b,memit,counterfact,11,generalisation,success,pre,0.5
llama3-8b,memit,counterfact,11,generalisation,diff,pre,-0.011503068362090321
llama3-8b,memit,counterfact,11,generalisation,acc,pre,0.0
llama3-8b,memit,counterfact,11,specificity,success,pre,0.6
llama3-8b,memit,counterfact,11,specificity,diff,pre,0.053595075173296036
llama3-8b,memit,counterfact,11,specificity,acc,pre,0.0
llama3-8b,memit,counterfact,11,target_close_neighbour,success,pre,1.0
llama3-8b,memit,counterfact,11,target_close_neighbour,diff,pre,0.05173514260274573
llama3-8b,memit,counterfact,11,target_close_neighbour,acc,pre,0.2
llama3-8b,memit,counterfact,11,efficacy,success,post,1.0
llama3-8b,memit,counterfact,11,efficacy,diff,post,0.6700833283651209
llama3-8b,memit,counterfact,11,efficacy,acc,post,1.0
llama3-8b,memit,counterfact,11,generalisation,success,post,1.0
llama3-8b,memit,counterfact,11,generalisation,diff,post,0.3868100390270782
llama3-8b,memit,counterfact,11,generalisation,acc,post,0.5
llama3-8b,memit,counterfact,11,specificity,success,post,0.9
llama3-8b,memit,counterfact,11,specificity,diff,post,0.08567546234915169
llama3-8b,memit,counterfact,11,specificity,acc,post,0.0
llama3-8b,memit,counterfact,11,target_close_neighbour,success,post,1.0
llama3-8b,memit,counterfact,11,target_close_neighbour,diff,post,0.07987084593356655
llama3-8b,memit,counterfact,11,target_close_neighbour,acc,post,0.2
llama3-8b,memit,counterfact,12,efficacy,success,pre,0.0
llama3-8b,memit,counterfact,12,efficacy,diff,pre,-0.00023965774815557303
llama3-8b,memit,counterfact,12,efficacy,acc,pre,0.0
llama3-8b,memit,counterfact,12,generalisation,success,pre,0.0
llama3-8b,memit,counterfact,12,generalisation,diff,pre,-0.6860409690470783
llama3-8b,memit,counterfact,12,generalisation,acc,pre,0.0
llama3-8b,memit,counterfact,12,specificity,success,pre,0.0
llama3-8b,memit,counterfact,12,specificity,diff,pre,-0.28558442811006163
llama3-8b,memit,counterfact,12,specificity,acc,pre,0.4
llama3-8b,memit,counterfact,12,target_close_neighbour,success,pre,1.0
llama3-8b,memit,counterfact,12,target_close_neighbour,diff,pre,0.2060788197076256
llama3-8b,memit,counterfact,12,target_close_neighbour,acc,pre,0.4
llama3-8b,memit,counterfact,12,efficacy,success,post,1.0
llama3-8b,memit,counterfact,12,efficacy,diff,post,0.1965315462463246
llama3-8b,memit,counterfact,12,efficacy,acc,post,0.0
llama3-8b,memit,counterfact,12,generalisation,success,post,1.0
llama3-8b,memit,counterfact,12,generalisation,diff,post,0.36405243093701334
llama3-8b,memit,counterfact,12,generalisation,acc,post,1.0
llama3-8b,memit,counterfact,12,specificity,success,post,0.2
llama3-8b,memit,counterfact,12,specificity,diff,post,-0.2483826974534562
llama3-8b,memit,counterfact,12,specificity,acc,post,0.4
llama3-8b,memit,counterfact,12,target_close_neighbour,success,post,1.0
llama3-8b,memit,counterfact,12,target_close_neighbour,diff,post,0.2517949446388329
llama3-8b,memit,counterfact,12,target_close_neighbour,acc,post,0.4
llama3-8b,memit,counterfact,13,efficacy,success,pre,0.0
llama3-8b,memit,counterfact,13,efficacy,diff,pre,-0.06392672464170512
llama3-8b,memit,counterfact,13,efficacy,acc,pre,0.0
llama3-8b,memit,counterfact,13,generalisation,success,pre,0.0
llama3-8b,memit,counterfact,13,generalisation,diff,pre,-0.10792271996068581
llama3-8b,memit,counterfact,13,generalisation,acc,pre,0.0
llama3-8b,memit,counterfact,13,specificity,success,pre,0.0
llama3-8b,memit,counterfact,13,specificity,diff,pre,-0.18839437365827258
llama3-8b,memit,counterfact,13,specificity,acc,pre,0.2
llama3-8b,memit,counterfact,13,target_close_neighbour,success,pre,1.0
llama3-8b,memit,counterfact,13,target_close_neighbour,diff,pre,0.5772169166091442
llama3-8b,memit,counterfact,13,target_close_neighbour,acc,pre,1.0
llama3-8b,memit,counterfact,13,efficacy,success,post,1.0
llama3-8b,memit,counterfact,13,efficacy,diff,post,0.9846137198080886
llama3-8b,memit,counterfact,13,efficacy,acc,post,1.0
llama3-8b,memit,counterfact,13,generalisation,success,post,1.0
llama3-8b,memit,counterfact,13,generalisation,diff,post,0.8889420931605017
llama3-8b,memit,counterfact,13,generalisation,acc,post,1.0
llama3-8b,memit,counterfact,13,specificity,success,post,0.9
llama3-8b,memit,counterfact,13,specificity,diff,post,0.6414837707931983
llama3-8b,memit,counterfact,13,specificity,acc,post,0.0
llama3-8b,memit,counterfact,13,target_close_neighbour,success,post,1.0
llama3-8b,memit,counterfact,13,target_close_neighbour,diff,post,0.6360324537934676
llama3-8b,memit,counterfact,13,target_close_neighbour,acc,post,1.0
llama3-8b,memit,counterfact,14,efficacy,success,pre,0.0
llama3-8b,memit,counterfact,14,efficacy,diff,pre,-0.2270207222136591
llama3-8b,memit,counterfact,14,efficacy,acc,pre,0.0
llama3-8b,memit,counterfact,14,generalisation,success,pre,0.0
llama3-8b,memit,counterfact,14,generalisation,diff,pre,-0.0006849199989256033
llama3-8b,memit,counterfact,14,generalisation,acc,pre,0.0
llama3-8b,memit,counterfact,14,specificity,success,pre,0.1
llama3-8b,memit,counterfact,14,specificity,diff,pre,-0.3052785462286574
llama3-8b,memit,counterfact,14,specificity,acc,pre,0.4
llama3-8b,memit,counterfact,14,target_close_neighbour,success,pre,1.0
llama3-8b,memit,counterfact,14,target_close_neighbour,diff,pre,0.3020740417667754
llama3-8b,memit,counterfact,14,target_close_neighbour,acc,pre,0.5
llama3-8b,memit,counterfact,14,efficacy,success,post,1.0
llama3-8b,memit,counterfact,14,efficacy,diff,post,0.17359295788875057
llama3-8b,memit,counterfact,14,efficacy,acc,post,0.0
llama3-8b,memit,counterfact,14,generalisation,success,post,1.0
llama3-8b,memit,counterfact,14,generalisation,diff,post,0.00106535598379832
llama3-8b,memit,counterfact,14,generalisation,acc,post,0.0
llama3-8b,memit,counterfact,14,specificity,success,post,0.5
llama3-8b,memit,counterfact,14,specificity,diff,post,-0.055083847823840626
llama3-8b,memit,counterfact,14,specificity,acc,post,0.2
llama3-8b,memit,counterfact,14,target_close_neighbour,success,post,1.0
llama3-8b,memit,counterfact,14,target_close_neighbour,diff,post,0.3012367835034073
llama3-8b,memit,counterfact,14,target_close_neighbour,acc,post,0.5
llama3-8b,memit,counterfact,15,efficacy,success,pre,1.0
llama3-8b,memit,counterfact,15,efficacy,diff,pre,0.0032849151404813195
llama3-8b,memit,counterfact,15,efficacy,acc,pre,0.0
llama3-8b,memit,counterfact,15,generalisation,success,pre,1.0
llama3-8b,memit,counterfact,15,generalisation,diff,pre,0.0324307563785914
llama3-8b,memit,counterfact,15,generalisation,acc,pre,0.0
llama3-8b,memit,counterfact,15,specificity,success,pre,0.1
llama3-8b,memit,counterfact,15,specificity,diff,pre,-0.025877013623734135
llama3-8b,memit,counterfact,15,specificity,acc,pre,0.1
llama3-8b,memit,counterfact,15,target_close_neighbour,success,pre,1.0
llama3-8b,memit,counterfact,15,target_close_neighbour,diff,pre,0.08354599683812979
llama3-8b,memit,counterfact,15,target_close_neighbour,acc,pre,0.0
llama3-8b,memit,counterfact,15,efficacy,success,post,1.0
llama3-8b,memit,counterfact,15,efficacy,diff,post,0.402264331307526
llama3-8b,memit,counterfact,15,efficacy,acc,post,0.0
llama3-8b,memit,counterfact,15,generalisation,success,post,1.0
llama3-8b,memit,counterfact,15,generalisation,diff,post,0.32979721890101454
llama3-8b,memit,counterfact,15,generalisation,acc,post,0.5
llama3-8b,memit,counterfact,15,specificity,success,post,0.8
llama3-8b,memit,counterfact,15,specificity,diff,post,0.15338003868780972
llama3-8b,memit,counterfact,15,specificity,acc,post,0.0
llama3-8b,memit,counterfact,15,target_close_neighbour,success,post,1.0
llama3-8b,memit,counterfact,15,target_close_neighbour,diff,post,0.1469268596151782
llama3-8b,memit,counterfact,15,target_close_neighbour,acc,post,0.0
llama3-8b,memit,counterfact,16,efficacy,success,pre,0.0
llama3-8b,memit,counterfact,16,efficacy,diff,pre,-0.005661749346807574
llama3-8b,memit,counterfact,16,efficacy,acc,pre,0.0
llama3-8b,memit,counterfact,16,generalisation,success,pre,0.0
llama3-8b,memit,counterfact,16,generalisation,diff,pre,-0.0005179367371406391
llama3-8b,memit,counterfact,16,generalisation,acc,pre,0.0
llama3-8b,memit,counterfact,16,specificity,success,pre,0.1
llama3-8b,memit,counterfact,16,specificity,diff,pre,-0.0034820292324989266
llama3-8b,memit,counterfact,16,specificity,acc,pre,0.0
llama3-8b,memit,counterfact,16,target_close_neighbour,success,pre,0.6
llama3-8b,memit,counterfact,16,target_close_neighbour,diff,pre,0.0007354153000161868
llama3-8b,memit,counterfact,16,target_close_neighbour,acc,pre,0.0
llama3-8b,memit,counterfact,16,efficacy,success,post,1.0
llama3-8b,memit,counterfact,16,efficacy,diff,post,0.9750401338221824
llama3-8b,memit,counterfact,16,efficacy,acc,post,1.0
llama3-8b,memit,counterfact,16,generalisation,success,post,1.0
llama3-8b,memit,counterfact,16,generalisation,diff,post,0.07384847470606182
llama3-8b,memit,counterfact,16,generalisation,acc,post,0.5
llama3-8b,memit,counterfact,16,specificity,success,post,0.7
llama3-8b,memit,counterfact,16,specificity,diff,post,-0.002612822061707749
llama3-8b,memit,counterfact,16,specificity,acc,post,0.1
llama3-8b,memit,counterfact,16,target_close_neighbour,success,post,1.0
llama3-8b,memit,counterfact,16,target_close_neighbour,diff,post,0.07477225158139714
llama3-8b,memit,counterfact,16,target_close_neighbour,acc,post,0.1
llama3-8b,memit,counterfact,17,efficacy,success,pre,0.0
llama3-8b,memit,counterfact,17,efficacy,diff,pre,-0.3707596616578545
llama3-8b,memit,counterfact,17,efficacy,acc,pre,0.0
llama3-8b,memit,counterfact,17,generalisation,success,pre,0.0
llama3-8b,memit,counterfact,17,generalisation,diff,pre,-0.15754122972028944
llama3-8b,memit,counterfact,17,generalisation,acc,pre,0.0
llama3-8b,memit,counterfact,17,specificity,success,pre,0.0
llama3-8b,memit,counterfact,17,specificity,diff,pre,-0.6451198259109139
llama3-8b,memit,counterfact,17,specificity,acc,pre,1.0
llama3-8b,memit,counterfact,17,target_close_neighbour,success,pre,1.0
llama3-8b,memit,counterfact,17,target_close_neighbour,diff,pre,0.2383702543420824
llama3-8b,memit,counterfact,17,target_close_neighbour,acc,pre,0.6
llama3-8b,memit,counterfact,17,efficacy,success,post,1.0
llama3-8b,memit,counterfact,17,efficacy,diff,post,0.2514353269639952
llama3-8b,memit,counterfact,17,efficacy,acc,post,1.0
llama3-8b,memit,counterfact,17,generalisation,success,post,1.0
llama3-8b,memit,counterfact,17,generalisation,diff,post,0.2642008600904521
llama3-8b,memit,counterfact,17,generalisation,acc,post,0.5
llama3-8b,memit,counterfact,17,specificity,success,post,0.2
llama3-8b,memit,counterfact,17,specificity,diff,post,-0.554080697943379
llama3-8b,memit,counterfact,17,specificity,acc,post,0.8
llama3-8b,memit,counterfact,17,target_close_neighbour,success,post,1.0
llama3-8b,memit,counterfact,17,target_close_neighbour,diff,post,0.25866582775894853
llama3-8b,memit,counterfact,17,target_close_neighbour,acc,post,0.7
llama3-8b,memit,counterfact,18,efficacy,success,pre,0.0
llama3-8b,memit,counterfact,18,efficacy,diff,pre,-0.05819476078424384
llama3-8b,memit,counterfact,18,efficacy,acc,pre,0.0
llama3-8b,memit,counterfact,18,generalisation,success,pre,0.0
llama3-8b,memit,counterfact,18,generalisation,diff,pre,-0.18286880998509839
llama3-8b,memit,counterfact,18,generalisation,acc,pre,0.0
llama3-8b,memit,counterfact,18,specificity,success,pre,0.0
llama3-8b,memit,counterfact,18,specificity,diff,pre,-0.38453830048649895
llama3-8b,memit,counterfact,18,specificity,acc,pre,0.7
llama3-8b,memit,counterfact,18,target_close_neighbour,success,pre,1.0
llama3-8b,memit,counterfact,18,target_close_neighbour,diff,pre,0.34218972517705104
llama3-8b,memit,counterfact,18,target_close_neighbour,acc,pre,0.7
llama3-8b,memit,counterfact,18,efficacy,success,post,1.0
llama3-8b,memit,counterfact,18,efficacy,diff,post,0.618075915076356
llama3-8b,memit,counterfact,18,efficacy,acc,post,1.0
llama3-8b,memit,counterfact,18,generalisation,success,post,1.0
llama3-8b,memit,counterfact,18,generalisation,diff,post,0.8151252553367542
llama3-8b,memit,counterfact,18,generalisation,acc,post,1.0
llama3-8b,memit,counterfact,18,specificity,success,post,1.0
llama3-8b,memit,counterfact,18,specificity,diff,post,0.6595135375011533
llama3-8b,memit,counterfact,18,specificity,acc,post,0.0
llama3-8b,memit,counterfact,18,target_close_neighbour,success,post,1.0
llama3-8b,memit,counterfact,18,target_close_neighbour,diff,post,0.5074697108251004
llama3-8b,memit,counterfact,18,target_close_neighbour,acc,post,1.0
llama3-8b,memit,counterfact,19,efficacy,success,pre,0.0
llama3-8b,memit,counterfact,19,efficacy,diff,pre,-0.0002030993803782868
llama3-8b,memit,counterfact,19,efficacy,acc,pre,0.0
llama3-8b,memit,counterfact,19,generalisation,success,pre,0.0
llama3-8b,memit,counterfact,19,generalisation,diff,pre,-0.00018884578047464196
llama3-8b,memit,counterfact,19,generalisation,acc,pre,0.0
llama3-8b,memit,counterfact,19,specificity,success,pre,0.0
llama3-8b,memit,counterfact,19,specificity,diff,pre,-0.03572608312087734
llama3-8b,memit,counterfact,19,specificity,acc,pre,0.1
llama3-8b,memit,counterfact,19,target_close_neighbour,success,pre,0.8
llama3-8b,memit,counterfact,19,target_close_neighbour,diff,pre,0.020635466256338518
llama3-8b,memit,counterfact,19,target_close_neighbour,acc,pre,0.0
llama3-8b,memit,counterfact,19,efficacy,success,post,1.0
llama3-8b,memit,counterfact,19,efficacy,diff,post,0.13252692975872044
llama3-8b,memit,counterfact,19,efficacy,acc,post,0.0
llama3-8b,memit,counterfact,19,generalisation,success,post,1.0
llama3-8b,memit,counterfact,19,generalisation,diff,post,0.17832161815736308
llama3-8b,memit,counterfact,19,generalisation,acc,post,0.5
llama3-8b,memit,counterfact,19,specificity,success,post,0.0
llama3-8b,memit,counterfact,19,specificity,diff,post,-0.0571061680777986
llama3-8b,memit,counterfact,19,specificity,acc,post,0.1
llama3-8b,memit,counterfact,19,target_close_neighbour,success,post,0.8
llama3-8b,memit,counterfact,19,target_close_neighbour,diff,post,0.027605778123218627
llama3-8b,memit,counterfact,19,target_close_neighbour,acc,post,0.0
llama3-8b,memit,zsre,zsre_row0,efficacy,success,pre,1.0
llama3-8b,memit,zsre,zsre_row0,efficacy,diff,pre,0.0369414045465265
llama3-8b,memit,zsre,zsre_row0,efficacy,acc,pre,0.0
llama3-8b,memit,zsre,zsre_row0,generalisation,success,pre,1.0
llama3-8b,memit,zsre,zsre_row0,generalisation,diff,pre,0.016267404748743455
llama3-8b,memit,zsre,zsre_row0,generalisation,acc,pre,0.0
llama3-8b,memit,zsre,zsre_row0,specificity,success,pre,0.0
llama3-8b,memit,zsre,zsre_row0,specificity,diff,pre,-0.00038704909303236695
llama3-8b,memit,zsre,zsre_row0,specificity,acc,pre,0.0
llama3-8b,memit,zsre,zsre_row0,efficacy,success,post,1.0
llama3-8b,memit,zsre,zsre_row0,efficacy,diff,post,0.769961886108166
llama3-8b,memit,zsre,zsre_row0,efficacy,acc,post,1.0
llama3-8b,memit,zsre,zsre_row0,generalisation,success,post,1.0
llama3-8b,memit,zsre,zsre_row0,generalisation,diff,post,0.5933708241041332
llama3-8b,memit,zsre,zsre_row0,generalisation,acc,post,1.0
llama3-8b,memit,zsre,zsre_row0,specificity,success,post,0.0
llama3-8b,memit,zsre,zsre_row0,specificity,diff,post,-0.0005111417028271846
llama3-8b,memit,zsre,zsre_row0,specificity,acc,post,0.0
llama3-8b,memit,zsre,zsre_row1,efficacy,success,pre,0.0
llama3-8b,memit,zsre,zsre_row1,efficacy,diff,pre,-0.1378009694705405
llama3-8b,memit,zsre,zsre_row1,efficacy,acc,pre,0.0
llama3-8b,memit,zsre,zsre_row1,generalisation,success,pre,0.0
llama3-8b,memit,zsre,zsre_row1,generalisation,diff,pre,-0.1258746068663492
llama3-8b,memit,zsre,zsre_row1,generalisation,acc,pre,0.0
llama3-8b,memit,zsre,zsre_row1,specificity,success,pre,0.0
llama3-8b,memit,zsre,zsre_row1,specificity,diff,pre,-0.0034145509734565573
llama3-8b,memit,zsre,zsre_row1,specificity,acc,pre,0.0
llama3-8b,memit,zsre,zsre_row1,efficacy,success,post,1.0
llama3-8b,memit,zsre,zsre_row1,efficacy,diff,post,0.253509348324855
llama3-8b,memit,zsre,zsre_row1,efficacy,acc,post,1.0
llama3-8b,memit,zsre,zsre_row1,generalisation,success,post,1.0
llama3-8b,memit,zsre,zsre_row1,generalisation,diff,post,0.44623139248805194
llama3-8b,memit,zsre,zsre_row1,generalisation,acc,post,1.0
llama3-8b,memit,zsre,zsre_row1,specificity,success,post,0.0
llama3-8b,memit,zsre,zsre_row1,specificity,diff,post,-0.003402571747977161
llama3-8b,memit,zsre,zsre_row1,specificity,acc,post,0.0
llama3-8b,memit,zsre,zsre_row2,efficacy,success,pre,1.0
llama3-8b,memit,zsre,zsre_row2,efficacy,diff,pre,1.208607070673092e-06
llama3-8b,memit,zsre,zsre_row2,efficacy,acc,pre,0.0
llama3-8b,memit,zsre,zsre_row2,generalisation,success,pre,0.0
llama3-8b,memit,zsre,zsre_row2,generalisation,diff,pre,-3.4509760115199677e-06
llama3-8b,memit,zsre,zsre_row2,generalisation,acc,pre,0.0
llama3-8b,memit,zsre,zsre_row2,specificity,success,pre,0.0
llama3-8b,memit,zsre,zsre_row2,specificity,diff,pre,-0.004027526213683726
llama3-8b,memit,zsre,zsre_row2,specificity,acc,pre,0.0
llama3-8b,memit,zsre,zsre_row2,efficacy,success,post,1.0
llama3-8b,memit,zsre,zsre_row2,efficacy,diff,post,0.0021064442595987577
llama3-8b,memit,zsre,zsre_row2,efficacy,acc,post,0.0
llama3-8b,memit,zsre,zsre_row2,generalisation,success,post,1.0
llama3-8b,memit,zsre,zsre_row2,generalisation,diff,post,0.0011827356865240948
llama3-8b,memit,zsre,zsre_row2,generalisation,acc,post,0.0
llama3-8b,memit,zsre,zsre_row2,specificity,success,post,0.0
llama3-8b,memit,zsre,zsre_row2,specificity,diff,post,-0.003906935645402001
llama3-8b,memit,zsre,zsre_row2,specificity,acc,post,0.0
llama3-8b,memit,zsre,zsre_row3,efficacy,success,pre,0.0
llama3-8b,memit,zsre,zsre_row3,efficacy,diff,pre,-0.058418318212685255
llama3-8b,memit,zsre,zsre_row3,efficacy,acc,pre,0.0
llama3-8b,memit,zsre,zsre_row3,generalisation,success,pre,0.0
llama3-8b,memit,zsre,zsre_row3,generalisation,diff,pre,-0.11300777712207462
llama3-8b,memit,zsre,zsre_row3,generalisation,acc,pre,0.0
llama3-8b,memit,zsre,zsre_row3,specificity,success,pre,1.0
llama3-8b,memit,zsre,zsre_row3,specificity,diff,pre,0.0058963752025680315
llama3-8b,memit,zsre,zsre_row3,specificity,acc,pre,0.0
llama3-8b,memit,zsre,zsre_row3,efficacy,success,post,1.0
llama3-8b,memit,zsre,zsre_row3,efficacy,diff,post,0.5059000408590395
llama3-8b,memit,zsre,zsre_row3,efficacy,acc,post,1.0
llama3-8b,memit,zsre,zsre_row3,generalisation,success,post,1.0
llama3-8b,memit,zsre,zsre_row3,generalisation,diff,post,0.7175684947258965
llama3-8b,memit,zsre,zsre_row3,generalisation,acc,post,1.0
llama3-8b,memit,zsre,zsre_row3,specificity,success,post,1.0
llama3-8b,memit,zsre,zsre_row3,specificity,diff,post,0.009504875245300887
llama3-8b,memit,zsre,zsre_row3,specificity,acc,post,0.0
llama3-8b,memit,zsre,zsre_row4,efficacy,success,pre,0.0
llama3-8b,memit,zsre,zsre_row4,efficacy,diff,pre,-0.14452349405602496
llama3-8b,memit,zsre,zsre_row4,efficacy,acc,pre,0.0
llama3-8b,memit,zsre,zsre_row4,generalisation,success,pre,0.0
llama3-8b,memit,zsre,zsre_row4,generalisation,diff,pre,-0.14434793225138798
llama3-8b,memit,zsre,zsre_row4,generalisation,acc,pre,0.0
llama3-8b,memit,zsre,zsre_row4,specificity,success,pre,0.0
llama3-8b,memit,zsre,zsre_row4,specificity,diff,pre,-0.013939163292535884
llama3-8b,memit,zsre,zsre_row4,specificity,acc,pre,0.0
llama3-8b,memit,zsre,zsre_row4,efficacy,success,post,1.0
llama3-8b,memit,zsre,zsre_row4,efficacy,diff,post,0.03374709002594675
llama3-8b,memit,zsre,zsre_row4,efficacy,acc,post,0.0
llama3-8b,memit,zsre,zsre_row4,generalisation,success,post,0.0
llama3-8b,memit,zsre,zsre_row4,generalisation,diff,post,-0.10832697377954788
llama3-8b,memit,zsre,zsre_row4,generalisation,acc,post,0.0
llama3-8b,memit,zsre,zsre_row4,specificity,success,post,0.0
llama3-8b,memit,zsre,zsre_row4,specificity,diff,post,-0.015946433447214622
llama3-8b,memit,zsre,zsre_row4,specificity,acc,post,0.0
llama3-8b,memit,zsre,zsre_row5,efficacy,success,pre,0.0
llama3-8b,memit,zsre,zsre_row5,efficacy,diff,pre,-0.01714010637398808
llama3-8b,memit,zsre,zsre_row5,efficacy,acc,pre,0.0
llama3-8b,memit,zsre,zsre_row5,generalisation,success,pre,0.0
llama3-8b,memit,zsre,zsre_row5,generalisation,diff,pre,-0.005500530224067074
llama3-8b,memit,zsre,zsre_row5,generalisation,acc,pre,0.0
llama3-8b,memit,zsre,zsre_row5,specificity,success,pre,1.0
llama3-8b,memit,zsre,zsre_row5,specificity,diff,pre,0.03307465135036847
llama3-8b,memit,zsre,zsre_row5,specificity,acc,pre,0.0
llama3-8b,memit,zsre,zsre_row5,efficacy,success,post,1.0
llama3-8b,memit,zsre,zsre_row5,efficacy,diff,post,0.34995353733441487
llama3-8b,memit,zsre,zsre_row5,efficacy,acc,post,0.0
llama3-8b,memit,zsre,zsre_row5,generalisation,success,post,1.0
llama3-8b,memit,zsre,zsre_row5,generalisation,diff,post,0.17558601883718927
llama3-8b,memit,zsre,zsre_row5,generalisation,acc,post,0.0
llama3-8b,memit,zsre,zsre_row5,specificity,success,post,1.0
llama3-8b,memit,zsre,zsre_row5,specificity,diff,post,0.03096064786800226
llama3-8b,memit,zsre,zsre_row5,specificity,acc,post,0.0
llama3-8b,memit,zsre,zsre_row6,efficacy,success,pre,0.0
llama3-8b,memit,zsre,zsre_row6,efficacy,diff,pre,-0.07983376846632695
llama3-8b,memit,zsre,zsre_row6,efficacy,acc,pre,0.0
llama3-8b,memit,zsre,zsre_row6,generalisation,success,pre,0.0
llama3-8b,memit,zsre,zsre_row6,generalisation,diff,pre,-0.08749358988444648
llama3-8b,memit,zsre,zsre_row6,generalisation,acc,pre,0.0
llama3-8b,memit,zsre,zsre_row6,specificity,success,pre,1.0
llama3-8b,memit,zsre,zsre_row6,specificity,diff,pre,0.0027106652333898826
llama3-8b,memit,zsre,zsre_row6,specificity,acc,pre,0.0
llama3-8b,memit,zsre,zsre_row6,efficacy,success,post,1.0
llama3-8b,memit,zsre,zsre_row6,efficacy,diff,post,0.18620588911175634
llama3-8b,memit,zsre,zsre_row6,efficacy,acc,post,0.0
llama3-8b,memit,zsre,zsre_row6,generalisation,success,post,1.0
llama3-8b,memit,zsre,zsre_row6,generalisation,diff,post,0.36505445752525567
llama3-8b,memit,zsre,zsre_row6,generalisation,acc,post,1.0
llama3-8b,memit,zsre,zsre_row6,specificity,success,post,1.0
llama3-8b,memit,zsre,zsre_row6,specificity,diff,post,0.0027557982429853634
llama3-8b,memit,zsre,zsre_row6,specificity,acc,post,0.0
llama3-8b,memit,zsre,zsre_row7,efficacy,success,pre,0.0
llama3-8b,memit,zsre,zsre_row7,efficacy,diff,pre,-0.015310232954961728
llama3-8b,memit,zsre,zsre_row7,efficacy,acc,pre,0.0
llama3-8b,memit,zsre,zsre_row7,generalisation,success,pre,0.0
llama3-8b,memit,zsre,zsre_row7,generalisation,diff,pre,-0.012536400552686677
llama3-8b,memit,zsre,zsre_row7,generalisation,acc,pre,0.0
llama3-8b,memit,zsre,zsre_row7,specificity,success,pre,1.0
llama3-8b,memit,zsre,zsre_row7,specificity,diff,pre,0.03498771949102448
llama3-8b,memit,zsre,zsre_row7,specificity,acc,pre,0.0
llama3-8b,memit,zsre,zsre_row7,efficacy,success,post,1.0
llama3-8b,memit,zsre,zsre_row7,efficacy,diff,post,0.20235062718656002
llama3-8b,memit,zsre,zsre_row7,efficacy,acc,post,0.0
llama3-8b,memit,zsre,zsre_row7,generalisation,success,post,1.0
llama3-8b,memit,zsre,zsre_row7,generalisation,diff,post,0.015657631093567492
llama3-8b,memit,zsre,zsre_row7,generalisation,acc,post,0.0
llama3-8b,memit,zsre,zsre_row7,specificity,success,post,1.0
llama3-8b,memit,zsre,zsre_row7,specificity,diff,post,0.03595540781459208
llama3-8b,memit,zsre,zsre_row7,specificity,acc,post,0.0
llama3-8b,memit,zsre,zsre_row8,efficacy,success,pre,0.0
llama3-8b,memit,zsre,zsre_row8,efficacy,diff,pre,-0.00010769521459616516
llama3-8b,memit,zsre,zsre_row8,efficacy,acc,pre,0.0
llama3-8b,memit,zsre,zsre_row8,generalisation,success,pre,0.0
llama3-8b,memit,zsre,zsre_row8,generalisation,diff,pre,-0.036994891683474515
llama3-8b,memit,zsre,zsre_row8,generalisation,acc,pre,0.0
llama3-8b,memit,zsre,zsre_row8,specificity,success,pre,0.0
llama3-8b,memit,zsre,zsre_row8,specificity,diff,pre,-0.12258019460058633
llama3-8b,memit,zsre,zsre_row8,specificity,acc,pre,0.0
llama3-8b,memit,zsre,zsre_row8,efficacy,success,post,1.0
llama3-8b,memit,zsre,zsre_row8,efficacy,diff,post,0.4642509752892031
llama3-8b,memit,zsre,zsre_row8,efficacy,acc,post,0.0
llama3-8b,memit,zsre,zsre_row8,generalisation,success,post,1.0
llama3-8b,memit,zsre,zsre_row8,generalisation,diff,post,0.06759506800547599
llama3-8b,memit,zsre,zsre_row8,generalisation,acc,post,0.0
llama3-8b,memit,zsre,zsre_row8,specificity,success,post,0.0
llama3-8b,memit,zsre,zsre_row8,specificity,diff,post,-0.1261179383123156
llama3-8b,memit,zsre,zsre_row8,specificity,acc,post,0.0
llama3-8b,memit,zsre,zsre_row9,efficacy,success,pre,0.0
llama3-8b,memit,zsre,zsre_row9,efficacy,diff,pre,-0.10639787555064878
llama3-8b,memit,zsre,zsre_row9,efficacy,acc,pre,0.0
llama3-8b,memit,zsre,zsre_row9,generalisation,success,pre,0.0
llama3-8b,memit,zsre,zsre_row9,generalisation,diff,pre,-0.10585412219267243
llama3-8b,memit,zsre,zsre_row9,generalisation,acc,pre,0.0
llama3-8b,memit,zsre,zsre_row9,specificity,success,pre,0.0
llama3-8b,memit,zsre,zsre_row9,specificity,diff,pre,-0.04588601092720199
llama3-8b,memit,zsre,zsre_row9,specificity,acc,pre,0.0
llama3-8b,memit,zsre,zsre_row9,efficacy,success,post,1.0
llama3-8b,memit,zsre,zsre_row9,efficacy,diff,post,0.0732370329763121
llama3-8b,memit,zsre,zsre_row9,efficacy,acc,post,0.0
llama3-8b,memit,zsre,zsre_row9,generalisation,success,post,0.0
llama3-8b,memit,zsre,zsre_row9,generalisation,diff,post,-0.016161418306919736
llama3-8b,memit,zsre,zsre_row9,generalisation,acc,post,0.0
llama3-8b,memit,zsre,zsre_row9,specificity,success,post,0.0
llama3-8b,memit,zsre,zsre_row9,specificity,diff,post,-0.04607748075035016
llama3-8b,memit,zsre,zsre_row9,specificity,acc,post,0.0
llama3-8b,memit,zsre,zsre_row10,efficacy,success,pre,0.0
llama3-8b,memit,zsre,zsre_row10,efficacy,diff,pre,-0.0005690876525228668
llama3-8b,memit,zsre,zsre_row10,efficacy,acc,pre,0.0
llama3-8b,memit,zsre,zsre_row10,generalisation,success,pre,0.0
llama3-8b,memit,zsre,zsre_row10,generalisation,diff,pre,-0.00045502218099259463
llama3-8b,memit,zsre,zsre_row10,generalisation,acc,pre,0.0
llama3-8b,memit,zsre,zsre_row10,specificity,success,pre,0.0
llama3-8b,memit,zsre,zsre_row10,specificity,diff,pre,-0.16608364779017085
llama3-8b,memit,zsre,zsre_row10,specificity,acc,pre,0.0
llama3-8b,memit,zsre,zsre_row10,efficacy,success,post,1.0
llama3-8b,memit,zsre,zsre_row10,efficacy,diff,post,0.7606285133100572
llama3-8b,memit,zsre,zsre_row10,efficacy,acc,post,1.0
llama3-8b,memit,zsre,zsre_row10,generalisation,success,post,1.0
llama3-8b,memit,zsre,zsre_row10,generalisation,diff,post,0.5329580510209206
llama3-8b,memit,zsre,zsre_row10,generalisation,acc,post,1.0
llama3-8b,memit,zsre,zsre_row10,specificity,success,post,0.0
llama3-8b,memit,zsre,zsre_row10,specificity,diff,post,-0.1659883878663184
llama3-8b,memit,zsre,zsre_row10,specificity,acc,post,0.0
llama3-8b,memit,zsre,zsre_row11,efficacy,success,pre,1.0
llama3-8b,memit,zsre,zsre_row11,efficacy,diff,pre,0.0027464665229877294
llama3-8b,memit,zsre,zsre_row11,efficacy,acc,pre,0.0
llama3-8b,memit,zsre,zsre_row11,generalisation,success,pre,1.0
llama3-8b,memit,zsre,zsre_row11,generalisation,diff,pre,0.010568825803775227
llama3-8b,memit,zsre,zsre_row11,generalisation,acc,pre,0.0
llama3-8b,memit,zsre,zsre_row11,specificity,success,pre,0.0
llama3-8b,memit,zsre,zsre_row11,specificity,diff,pre,-2.3515984405746745e-05
llama3-8b,memit,zsre,zsre_row11,specificity,acc,pre,0.0
llama3-8b,memit,zsre,zsre_row11,efficacy,success,post,1.0
llama3-8b,memit,zsre,zsre_row11,efficacy,diff,post,0.3232634328691516
llama3-8b,memit,zsre,zsre_row11,efficacy,acc,post,0.0
llama3-8b,memit,zsre,zsre_row11,generalisation,success,post,1.0
llama3-8b,memit,zsre,zsre_row11,generalisation,diff,post,0.38616728919403537
llama3-8b,memit,zsre,zsre_row11,generalisation,acc,post,1.0
llama3-8b,memit,zsre,zsre_row11,specificity,success,post,0.0
llama3-8b,memit,zsre,zsre_row11,specificity,diff,post,-1.8444424458726537e-05
llama3-8b,memit,zsre,zsre_row11,specificity,acc,post,0.0
llama3-8b,memit,zsre,zsre_row12,efficacy,success,pre,1.0
llama3-8b,memit,zsre,zsre_row12,efficacy,diff,pre,0.0028851335304826064
llama3-8b,memit,zsre,zsre_row12,efficacy,acc,pre,0.0
llama3-8b,memit,zsre,zsre_row12,generalisation,success,pre,1.0
llama3-8b,memit,zsre,zsre_row12,generalisation,diff,pre,0.005366487392739844
llama3-8b,memit,zsre,zsre_row12,generalisation,acc,pre,0.0
llama3-8b,memit,zsre,zsre_row12,specificity,success,pre,0.0
llama3-8b,memit,zsre,zsre_row12,specificity,diff,pre,-0.09930802533112151
llama3-8b,memit,zsre,zsre_row12,specificity,acc,pre,0.0
llama3-8b,memit,zsre,zsre_row12,efficacy,success,post,1.0
llama3-8b,memit,zsre,zsre_row12,efficacy,diff,post,0.46771630849833973
llama3-8b,memit,zsre,zsre_row12,efficacy,acc,post,0.0
llama3-8b,memit,zsre,zsre_row12,generalisation,success,post,1.0
llama3-8b,memit,zsre,zsre_row12,generalisation,diff,post,0.024731349740217387
llama3-8b,memit,zsre,zsre_row12,generalisation,acc,post,0.0
llama3-8b,memit,zsre,zsre_row12,specificity,success,post,0.0
llama3-8b,memit,zsre,zsre_row12,specificity,diff,post,-0.09484633176343556
llama3-8b,memit,zsre,zsre_row12,specificity,acc,post,0.0
llama3-8b,memit,zsre,zsre_row13,efficacy,success,pre,1.0
llama3-8b,memit,zsre,zsre_row13,efficacy,diff,pre,0.01718035087800542
llama3-8b,memit,zsre,zsre_row13,efficacy,acc,pre,0.0
llama3-8b,memit,zsre,zsre_row13,generalisation,success,pre,1.0
llama3-8b,memit,zsre,zsre_row13,generalisation,diff,pre,0.014862361905989904
llama3-8b,memit,zsre,zsre_row13,generalisation,acc,pre,0.0
llama3-8b,memit,zsre,zsre_row13,specificity,success,pre,0.0
llama3-8b,memit,zsre,zsre_row13,specificity,diff,pre,-0.019696072748152913
llama3-8b,memit,zsre,zsre_row13,specificity,acc,pre,0.0
llama3-8b,memit,zsre,zsre_row13,efficacy,success,post,1.0
llama3-8b,memit,zsre,zsre_row13,efficacy,diff,post,0.21297557360494473
llama3-8b,memit,zsre,zsre_row13,efficacy,acc,post,0.0
llama3-8b,memit,zsre,zsre_row13,generalisation,success,post,1.0
llama3-8b,memit,zsre,zsre_row13,generalisation,diff,post,0.13844987769854222
llama3-8b,memit,zsre,zsre_row13,generalisation,acc,post,0.0
llama3-8b,memit,zsre,zsre_row13,specificity,success,post,0.0
llama3-8b,memit,zsre,zsre_row13,specificity,diff,post,-0.02054855144076685
llama3-8b,memit,zsre,zsre_row13,specificity,acc,post,0.0
llama3-8b,memit,zsre,zsre_row14,efficacy,success,pre,1.0
llama3-8b,memit,zsre,zsre_row14,efficacy,diff,pre,0.004082436509511506
llama3-8b,memit,zsre,zsre_row14,efficacy,acc,pre,0.0
llama3-8b,memit,zsre,zsre_row14,generalisation,success,pre,1.0
llama3-8b,memit,zsre,zsre_row14,generalisation,diff,pre,0.0070041884879246995
llama3-8b,memit,zsre,zsre_row14,generalisation,acc,pre,0.0
llama3-8b,memit,zsre,zsre_row14,specificity,success,pre,0.0
llama3-8b,memit,zsre,zsre_row14,specificity,diff,pre,-0.9187573760873677
llama3-8b,memit,zsre,zsre_row14,specificity,acc,pre,1.0
llama3-8b,memit,zsre,zsre_row14,efficacy,success,post,1.0
llama3-8b,memit,zsre,zsre_row14,efficacy,diff,post,0.6608914827597764
llama3-8b,memit,zsre,zsre_row14,efficacy,acc,post,1.0
llama3-8b,memit,zsre,zsre_row14,generalisation,success,post,1.0
llama3-8b,memit,zsre,zsre_row14,generalisation,diff,post,0.23063173136476348
llama3-8b,memit,zsre,zsre_row14,generalisation,acc,post,0.0
llama3-8b,memit,zsre,zsre_row14,specificity,success,post,0.0
llama3-8b,memit,zsre,zsre_row14,specificity,diff,post,-0.9133864076183431
llama3-8b,memit,zsre,zsre_row14,specificity,acc,post,1.0
llama3-8b,memit,zsre,zsre_row15,efficacy,success,pre,1.0
llama3-8b,memit,zsre,zsre_row15,efficacy,diff,pre,0.03240450293919638
llama3-8b,memit,zsre,zsre_row15,efficacy,acc,pre,0.0
llama3-8b,memit,zsre,zsre_row15,generalisation,success,pre,1.0
llama3-8b,memit,zsre,zsre_row15,generalisation,diff,pre,0.00737901116939809
llama3-8b,memit,zsre,zsre_row15,generalisation,acc,pre,0.0
llama3-8b,memit,zsre,zsre_row15,specificity,success,pre,0.0
llama3-8b,memit,zsre,zsre_row15,specificity,diff,pre,-0.01974578510116906
llama3-8b,memit,zsre,zsre_row15,specificity,acc,pre,0.0
llama3-8b,memit,zsre,zsre_row15,efficacy,success,post,1.0
llama3-8b,memit,zsre,zsre_row15,efficacy,diff,post,0.5842746506978891
llama3-8b,memit,zsre,zsre_row15,efficacy,acc,post,1.0
llama3-8b,memit,zsre,zsre_row15,generalisation,success,post,1.0
llama3-8b,memit,zsre,zsre_row15,generalisation,diff,post,0.2852064689647753
llama3-8b,memit,zsre,zsre_row15,generalisation,acc,post,0.0
llama3-8b,memit,zsre,zsre_row15,specificity,success,post,0.0
llama3-8b,memit,zsre,zsre_row15,specificity,diff,post,-0.022609929323863083
llama3-8b,memit,zsre,zsre_row15,specificity,acc,post,0.0
llama3-8b,memit,zsre,zsre_row16,efficacy,success,pre,1.0
llama3-8b,memit,zsre,zsre_row16,efficacy,diff,pre,0.018966116185248693
llama3-8b,memit,zsre,zsre_row16,efficacy,acc,pre,0.0
llama3-8b,memit,zsre,zsre_row16,generalisation,success,pre,1.0
llama3-8b,memit,zsre,zsre_row16,generalisation,diff,pre,0.017105515755022893
llama3-8b,memit,zsre,zsre_row16,generalisation,acc,pre,0.0
llama3-8b,memit,zsre,zsre_row16,specificity,success,pre,0.0
llama3-8b,memit,zsre,zsre_row16,specificity,diff,pre,-0.09245596372738317
llama3-8b,memit,zsre,zsre_row16,specificity,acc,pre,0.0
llama3-8b,memit,zsre,zsre_row16,efficacy,success,post,1.0
llama3-8b,memit,zsre,zsre_row16,efficacy,diff,post,0.09445962439410961
llama3-8b,memit,zsre,zsre_row16,efficacy,acc,post,0.0
llama3-8b,memit,zsre,zsre_row16,generalisation,success,post,1.0
llama3-8b,memit,zsre,zsre_row16,generalisation,diff,post,0.07382304273563331
llama3-8b,memit,zsre,zsre_row16,generalisation,acc,post,0.0
llama3-8b,memit,zsre,zsre_row16,specificity,success,post,0.0
llama3-8b,memit,zsre,zsre_row16,specificity,diff,post,-0.09593543291570211
llama3-8b,memit,zsre,zsre_row16,specificity,acc,post,0.0
llama3-8b,memit,zsre,zsre_row17,efficacy,success,pre,1.0
llama3-8b,memit,zsre,zsre_row17,efficacy,diff,pre,0.007300494180903171
llama3-8b,memit,zsre,zsre_row17,efficacy,acc,pre,0.0
llama3-8b,memit,zsre,zsre_row17,generalisation,success,pre,1.0
llama3-8b,memit,zsre,zsre_row17,generalisation,diff,pre,0.0027689164354286113
llama3-8b,memit,zsre,zsre_row17,generalisation,acc,pre,0.0
llama3-8b,memit,zsre,zsre_row17,specificity,success,pre,0.0
llama3-8b,memit,zsre,zsre_row17,specificity,diff,pre,-0.0024025830768946224
llama3-8b,memit,zsre,zsre_row17,specificity,acc,pre,0.0
llama3-8b,memit,zsre,zsre_row17,efficacy,success,post,1.0
llama3-8b,memit,zsre,zsre_row17,efficacy,diff,post,0.5389727462634621
llama3-8b,memit,zsre,zsre_row17,efficacy,acc,post,1.0
llama3-8b,memit,zsre,zsre_row17,generalisation,success,post,1.0
llama3-8b,memit,zsre,zsre_row17,generalisation,diff,post,0.20377865970611167
llama3-8b,memit,zsre,zsre_row17,generalisation,acc,post,0.0
llama3-8b,memit,zsre,zsre_row17,specificity,success,post,0.0
llama3-8b,memit,zsre,zsre_row17,specificity,diff,post,-0.0025706065554011726
llama3-8b,memit,zsre,zsre_row17,specificity,acc,post,0.0
llama3-8b,memit,zsre,zsre_row18,efficacy,success,pre,1.0
llama3-8b,memit,zsre,zsre_row18,efficacy,diff,pre,0.08684317121127196
llama3-8b,memit,zsre,zsre_row18,efficacy,acc,pre,0.0
llama3-8b,memit,zsre,zsre_row18,generalisation,success,pre,1.0
llama3-8b,memit,zsre,zsre_row18,generalisation,diff,pre,0.0805338390728148
llama3-8b,memit,zsre,zsre_row18,generalisation,acc,pre,0.0
llama3-8b,memit,zsre,zsre_row18,specificity,success,pre,1.0
llama3-8b,memit,zsre,zsre_row18,specificity,diff,pre,0.00048408661281819614
llama3-8b,memit,zsre,zsre_row18,specificity,acc,pre,0.0
llama3-8b,memit,zsre,zsre_row18,efficacy,success,post,1.0
llama3-8b,memit,zsre,zsre_row18,efficacy,diff,post,0.5727301694785581
llama3-8b,memit,zsre,zsre_row18,efficacy,acc,post,0.0
llama3-8b,memit,zsre,zsre_row18,generalisation,success,post,1.0
llama3-8b,memit,zsre,zsre_row18,generalisation,diff,post,0.1390546201995407
llama3-8b,memit,zsre,zsre_row18,generalisation,acc,post,0.0
llama3-8b,memit,zsre,zsre_row18,specificity,success,post,1.0
llama3-8b,memit,zsre,zsre_row18,specificity,diff,post,0.0009188484053149055
llama3-8b,memit,zsre,zsre_row18,specificity,acc,post,0.0
llama3-8b,memit,zsre,zsre_row19,efficacy,success,pre,0.0
llama3-8b,memit,zsre,zsre_row19,efficacy,diff,pre,-0.03419375466191363
llama3-8b,memit,zsre,zsre_row19,efficacy,acc,pre,0.0
llama3-8b,memit,zsre,zsre_row19,generalisation,success,pre,0.0
llama3-8b,memit,zsre,zsre_row19,generalisation,diff,pre,-0.02360428600517984
llama3-8b,memit,zsre,zsre_row19,generalisation,acc,pre,0.0
llama3-8b,memit,zsre,zsre_row19,specificity,success,pre,1.0
llama3-8b,memit,zsre,zsre_row19,specificity,diff,pre,0.00013076837963757812
llama3-8b,memit,zsre,zsre_row19,specificity,acc,pre,0.0
llama3-8b,memit,zsre,zsre_row19,efficacy,success,post,1.0
llama3-8b,memit,zsre,zsre_row19,efficacy,diff,post,0.006279572381150013
llama3-8b,memit,zsre,zsre_row19,efficacy,acc,post,0.0
llama3-8b,memit,zsre,zsre_row19,generalisation,success,post,1.0
llama3-8b,memit,zsre,zsre_row19,generalisation,diff,post,0.005762493396800661
llama3-8b,memit,zsre,zsre_row19,generalisation,acc,post,0.0
llama3-8b,memit,zsre,zsre_row19,specificity,success,post,1.0
llama3-8b,memit,zsre,zsre_row19,specificity,diff,post,0.00014486655531118596
llama3-8b,memit,zsre,zsre_row19,specificity,acc,post,0.0
llama3-8b,rome,counterfact,0,efficacy,success,pre,0.0
llama3-8b,rome,counterfact,0,efficacy,diff,pre,-0.554447759264991
llama3-8b,rome,counterfact,0,efficacy,acc,pre,0.0
llama3-8b,rome,counterfact,0,generalisation,success,pre,0.0
llama3-8b,rome,counterfact,0,generalisation,diff,pre,-0.017276258042719
llama3-8b,rome,counterfact,0,generalisation,acc,pre,0.0
llama3-8b,rome,counterfact,0,specificity,success,pre,0.0
llama3-8b,rome,counterfact,0,specificity,diff,pre,-0.3691831430535373
llama3-8b,rome,counterfact,0,specificity,acc,pre,0.5
llama3-8b,rome,counterfact,0,target_close_neighbour,success,pre,1.0
llama3-8b,rome,counterfact,0,target_close_neighbour,diff,pre,0.13501298562453548
llama3-8b,rome,counterfact,0,target_close_neighbour,acc,pre,0.4
llama3-8b,rome,counterfact,0,efficacy,success,post,0.0
llama3-8b,rome,counterfact,0,efficacy,diff,post,-0.554447759264991
llama3-8b,rome,counterfact,0,efficacy,acc,post,0.0
llama3-8b,rome,counterfact,0,generalisation,success,post,0.0
llama3-8b,rome,counterfact,0,generalisation,diff,post,-0.017276258042719
llama3-8b,rome,counterfact,0,generalisation,acc,post,0.0
llama3-8b,rome,counterfact,0,specificity,success,post,0.0
llama3-8b,rome,counterfact,0,specificity,diff,post,-0.3691831430535373
llama3-8b,rome,counterfact,0,specificity,acc,post,0.5
llama3-8b,rome,counterfact,0,target_close_neighbour,success,post,1.0
llama3-8b,rome,counterfact,0,target_close_neighbour,diff,post,0.13501298562453548
llama3-8b,rome,counterfact,0,target_close_neighbour,acc,post,0.4
llama3-8b,rome,counterfact,1,efficacy,success,pre,0.0
llama3-8b,rome,counterfact,1,efficacy,diff,pre,-0.15195808065583227
llama3-8b,rome,counterfact,1,efficacy,acc,pre,0.0
llama3-8b,rome,counterfact,1,generalisation,success,pre,0.0
llama3-8b,rome,counterfact,1,generalisation,diff,pre,-0.03057342970014454
llama3-8b,rome,counterfact,1,generalisation,acc,pre,0.0
llama3-8b,rome,counterfact,1,specificity,success,pre,0.4
llama3-8b,rome,counterfact,1,specificity,diff,pre,-0.007853033098426339
llama3-8b,rome,counterfact,1,specificity,acc,pre,0.0
llama3-8b,rome,counterfact,1,target_close_neighbour,success,pre,1.0
llama3-8b,rome,counterfact,1,target_close_neighbour,diff,pre,0.12185462705339314
llama3-8b,rome,counterfact,1,target_close_neighbour,acc,pre,0.2
llama3-8b,rome,counterfact,1,efficacy,success,post,0.0
llama3-8b,rome,counterfact,1,efficacy,diff,post,-0.15195808065583227
llama3-8b,rome,counterfact,1,efficacy,acc,post,0.0
llama3-8b,rome,counterfact,1,generalisation,success,post,0.0
llama3-8b,rome,counterfact,1,generalisation,diff,post,-0.03057342970014454
llama3-8b,rome,counterfact,1,generalisation,acc,post,0.0
llama3-8b,rome,counterfact,1,specificity,success,post,0.4
llama3-8b,rome,counterfact,1,specificity,diff,post,-0.007853033098426339
llama3-8b,rome,counterfact,1,specificity,acc,post,0.0
llama3-8b,rome,counterfact,1,target_close_neighbour,success,post,1.0
llama3-8b,rome,counterfact,1,target_close_neighbour,diff,post,0.12185462705339314
llama3-8b,rome,counterfact,1,target_close_neighbour,acc,post,0.2
llama3-8b,rome,counterfact,2,efficacy,success,pre,1.0
llama3-8b,rome,counterfact,2,efficacy,diff,pre,2.1259822173694097e-05
llama3-8b,rome,counterfact,2,efficacy,acc,pre,0.0
llama3-8b,rome,counterfact,2,generalisation,success,pre,1.0
llama3-8b,rome,counterfact,2,generalisation,diff,pre,0.041588110685158136
llama3-8b,rome,counterfact,2,generalisation,acc,pre,0.5
llama3-8b,rome,counterfact,2,specificity,success,pre,0.6
llama3-8b,rome,counterfact,2,specificity,diff,pre,-0.016179983789135374
llama3-8b,rome,counterfact,2,specificity,acc,pre,0.2
llama3-8b,rome,counterfact,2,target_close_neighbour,success,pre,1.0
llama3-8b,rome,counterfact,2,target_close_neighbour,diff,pre,0.11117857836485087
llama3-8b,rome,counterfact,2,target_close_neighbour,acc,pre,0.6
llama3-8b,rome,counterfact,2,efficacy,success,post,1.0
llama3-8b,rome,counterfact,2,efficacy,diff,post,2.1259822173694097e-05
llama3-8b,rome,counterfact,2,efficacy,acc,post,0.0
llama3-8b,rome,counterfact,2,generalisation,success,post,1.0
llama3-8b,rome,counterfact,2,generalisation,diff,post,0.041588110685158136
llama3-8b,rome,counterfact,2,generalisation,acc,post,0.5
llama3-8b,rome,counterfact,2,specificity,success,post,0.6
llama3-8b,rome,counterfact,2,specificity,diff,post,-0.016179983789135374
llama3-8b,rome,counterfact,2,specificity,acc,post,0.2
llama3-8b,rome,counterfact,2,target_close_neighbour,success,post,1.0
llama3-8b,rome,counterfact,2,target_close_neighbour,diff,post,0.11117857836485087
llama3-8b,rome,counterfact,2,target_close_neighbour,acc,post,0.6
llama3-8b,rome,counterfact,3,efficacy,success,pre,0.0
llama3-8b,rome,counterfact,3,efficacy,diff,pre,-0.1697459130973153
llama3-8b,rome,counterfact,3,efficacy,acc,pre,0.0
llama3-8b,rome,counterfact,3,generalisation,success,pre,0.0
llama3-8b,rome,counterfact,3,generalisation,diff,pre,-0.13498591406009813
llama3-8b,rome,counterfact,3,generalisation,acc,pre,0.0
llama3-8b,rome,counterfact,3,specificity,success,pre,0.3
llama3-8b,rome,counterfact,3,specificity,diff,pre,-0.03252874393447408
llama3-8b,rome,counterfact,3,specificity,acc,pre,0.0
llama3-8b,rome,counterfact,3,target_close_neighbour,success,pre,1.0
llama3-8b,rome,counterfact,3,target_close_neighbour,diff,pre,0.1456747153974075
llama3-8b,rome,counterfact,3,target_close_neighbour,acc,pre,0.1
llama3-8b,rome,counterfact,3,efficacy,success,post,0.0
llama3-8b,rome,counterfact,3,efficacy,diff,post,-0.1697459130973153
llama3-8b,rome,counterfact,3,efficacy,acc,post,0.0
llama3-8b,rome,counterfact,3,generalisation,success,post,0.0
llama3-8b,rome,counterfact,3,generalisation,diff,post,-0.13498591406009813
llama3-8b,rome,counterfact,3,generalisation,acc,post,0.0
llama3-8b,rome,counterfact,3,specificity,success,post,0.3
llama3-8b,rome,counterfact,3,specificity,diff,post,-0.03252874393447408
llama3-8b,rome,counterfact,3,specificity,acc,post,0.0
llama3-8b,rome,counterfact,3,target_close_neighbour,success,post,1.0
llama3-8b,rome,counterfact,3,target_close_neighbour,diff,post,0.1456747153974075
llama3-8b,rome,counterfact,3,target_close_neighbour,acc,post,0.1
llama3-8b,rome,counterfact,4,efficacy,success,pre,0.0
llama3-8b,rome,counterfact,4,efficacy,diff,pre,-2.2771917746545605e-05
llama3-8b,rome,counterfact,4,efficacy,acc,pre,0.0
llama3-8b,rome,counterfact,4,generalisation,success,pre,0.0
llama3-8b,rome,counterfact,4,generalisation,diff,pre,-1.0676113748920616e-05
llama3-8b,rome,counterfact,4,generalisation,acc,pre,0.0
llama3-8b,rome,counterfact,4,specificity,success,pre,0.2
llama3-8b,rome,counterfact,4,specificity,diff,pre,-0.00018899709688531834
llama3-8b,rome,counterfact,4,specificity,acc,pre,0.0
llama3-8b,rome,counterfact,4,target_close_neighbour,success,pre,0.9
llama3-8b,rome,counterfact,4,target_close_neighbour,diff,pre,0.001214846095154634
llama3-8b,rome,counterfact,4,target_close_neighbour,acc,pre,0.0
llama3-8b,rome,counterfact,4,efficacy,success,post,0.0
llama3-8b,rome,counterfact,4,efficacy,diff,post,-2.2771917746545605e-05
llama3-8b,rome,counterfact,4,efficacy,acc,post,0.0
llama3-8b,rome,counterfact,4,generalisation,success,post,0.0
llama3-8b,rome,counterfact,4,generalisation,diff,post,-1.0676113748920616e-05
llama3-8b,rome,counterfact,4,generalisation,acc,post,0.0
llama3-8b,rome,counterfact,4,specificity,success,post,0.2
llama3-8b,rome,counterfact,4,specificity,diff,post,-0.00018899709688531834
llama3-8b,rome,counterfact,4,specificity,acc,post,0.0
llama3-8b,rome,counterfact,4,target_close_neighbour,success,post,0.9
llama3-8b,rome,counterfact,4,target_close_neighbour,diff,post,0.001214846095154634
llama3-8b,rome,counterfact,4,target_close_neighbour,acc,post,0.0
llama3-8b,rome,counterfact,5,efficacy,success,pre,0.0
llama3-8b,rome,counterfact,5,efficacy,diff,pre,-0.23859706235086905
llama3-8b,rome,counterfact,5,efficacy,acc,pre,0.0
llama3-8b,rome,counterfact,5,generalisation,success,pre,0.0
llama3-8b,rome,counterfact,5,generalisation,diff,pre,-0.0033263543810262315
llama3-8b,rome,counterfact,5,generalisation,acc,pre,0.0
llama3-8b,rome,counterfact,5,specificity,success,pre,0.0
llama3-8b,rome,counterfact,5,specificity,diff,pre,-0.34807936519738975
llama3-8b,rome,counterfact,5,specificity,acc,pre,0.8
llama3-8b,rome,counterfact,5,target_close_neighbour,success,pre,1.0
llama3-8b,rome,counterfact,5,target_close_neighbour,diff,pre,0.20361480595863046
llama3-8b,rome,counterfact,5,target_close_neighbour,acc,pre,0.6
llama3-8b,rome,counterfact,5,efficacy,success,post,0.0
llama3-8b,rome,counterfact,5,efficacy,diff,post,-0.23859706235086905
llama3-8b,rome,counterfact,5,efficacy,acc,post,0.0
llama3-8b,rome,counterfact,5,generalisation,success,post,0.0
llama3-8b,rome,counterfact,5,generalisation,diff,post,-0.0033263543810262315
llama3-8b,rome,counterfact,5,generalisation,acc,post,0.0
llama3-8b,rome,counterfact,5,specificity,success,post,0.0
llama3-8b,rome,counterfact,5,specificity,diff,post,-0.34807936519738975
llama3-8b,rome,counterfact,5,specificity,acc,post,0.8
llama3-8b,rome,counterfact,5,target_close_neighbour,success,post,1.0
llama3-8b,rome,counterfact,5,target_close_neighbour,diff,post,0.20361480595863046
llama3-8b,rome,counterfact,5,target_close_neighbour,acc,post,0.6
llama3-8b,rome,counterfact,6,efficacy,success,pre,0.0
llama3-8b,rome,counterfact,6,efficacy,diff,pre,-0.1418292168418608
llama3-8b,rome,counterfact,6,efficacy,acc,pre,0.0
llama3-8b,rome,counterfact,6,generalisation,success,pre,0.0
llama3-8b,rome,counterfact,6,generalisation,diff,pre,-0.12972441527154552
llama3-8b,rome,counterfact,6,generalisation,acc,pre,0.0
llama3-8b,rome,counterfact,6,specificity,success,pre,0.1
llama3-8b,rome,counterfact,6,specificity,diff,pre,-0.2690972620928476
llama3-8b,rome,counterfact,6,specificity,acc,pre,0.3
llama3-8b,rome,counterfact,6,target_close_neighbour,success,pre,1.0
llama3-8b,rome,counterfact,6,target_close_neighbour,diff,pre,0.05435788907233334
llama3-8b,rome,counterfact,6,target_close_neighbour,acc,pre,0.1
llama3-8b,rome,counterfact,6,efficacy,success,post,0.0
llama3-8b,rome,counterfact,6,efficacy,diff,post,-0.1418292168418608
llama3-8b,rome,counterfact,6,efficacy,acc,post,0.0
llama3-8b,rome,counterfact,6,generalisation,success,post,0.0
llama3-8b,rome,counterfact,6,generalisation,diff,post,-0.12972441527154552
llama3-8b,rome,counterfact,6,generalisation,acc,post,0.0
llama3-8b,rome,counterfact,6,specificity,success,post,0.1
llama3-8b,rome,counterfact,6,specificity,diff,post,-0.2690972620928476
llama3-8b,rome,counterfact,6,specificity,acc,post,0.3
llama3-8b,rome,counterfact,6,target_close_neighbour,success,post,1.0
llama3-8b,rome,counterfact,6,target_close_neighbour,diff,post,0.05435788907233334
llama3-8b,rome,counterfact,6,target_close_neighbour,acc,post,0.1
llama3-8b,rome,counterfact,7,efficacy,success,pre,0.0
llama3-8b,rome,counterfact,7,efficacy,diff,pre,-0.23381086366473497
llama3-8b,rome,counterfact,7,efficacy,acc,pre,0.0
llama3-8b,rome,counterfact,7,generalisation,success,pre,0.0
llama3-8b,rome,counterfact,7,generalisation,diff,pre,-0.3262829215707285
llama3-8b,rome,counterfact,7,generalisation,acc,pre,0.0
llama3-8b,rome,counterfact,7,specificity,success,pre,0.0
llama3-8b,rome,counterfact,7,specificity,diff,pre,-0.32324565157269936
llama3-8b,rome,counterfact,7,specificity,acc,pre,0.7
llama3-8b,rome,counterfact,7,target_close_neighbour,success,pre,1.0
llama3-8b,rome,counterfact,7,target_close_neighbour,diff,pre,0.7259143307481835
llama3-8b,rome,counterfact,7,target_close_neighbour,acc,pre,1.0
llama3-8b,rome,counterfact,7,efficacy,success,post,0.0
llama3-8b,rome,counterfact,7,efficacy,diff,post,-0.23381086366473497
llama3-8b,rome,counterfact,7,efficacy,acc,post,0.0
llama3-8b,rome,counterfact,7,generalisation,success,post,0.0
llama3-8b,rome,counterfact,7,generalisation,diff,post,-0.3262829215707285
llama3-8b,rome,counterfact,7,generalisation,acc,post,0.0
llama3-8b,rome,counterfact,7,specificity,success,post,0.0
llama3-8b,rome,counterfact,7,specificity,diff,post,-0.32324565157269936
llama3-8b,rome,counterfact,7,specificity,acc,post,0.7
llama3-8b,rome,counterfact,7,target_close_neighbour,success,post,1.0
llama3-8b,rome,counterfact,7,target_close_neighbour,diff,post,0.7259143307481835
llama3-8b,rome,counterfact,7,target_close_neighbour,acc,post,1.0
llama3-8b,rome,counterfact,8,efficacy,success,pre,0.0
llama3-8b,rome,counterfact,8,efficacy,diff,pre,-0.0033796680716253946
llama3-8b,rome,counterfact,8,efficacy,acc,pre,0.0
llama3-8b,rome,counterfact,8,generalisation,success,pre,0.0
llama3-8b,rome,counterfact,8,generalisation,diff,pre,-0.00092254115164388
llama3-8b,rome,counterfact,8,generalisation,acc,pre,0.0
llama3-8b,rome,counterfact,8,specificity,success,pre,0.0
llama3-8b,rome,counterfact,8,specificity,diff,pre,-0.00031942647830782855
llama3-8b,rome,counterfact,8,specificity,acc,pre,0.0
llama3-8b,rome,counterfact,8,target_close_neighbour,success,pre,0.3
llama3-8b,rome,counterfact,8,target_close_neighbour,diff,pre,0.0009765999807356297
llama3-8b,rome,counterfact,8,target_close_neighbour,acc,pre,0.0
llama3-8b,rome,counterfact,8,efficacy,success,post,0.0
llama3-8b,rome,counterfact,8,efficacy,diff,post,-0.0033796680716253946
llama3-8b,rome,counterfact,8,efficacy,acc,post,0.0
llama3-8b,rome,counterfact,8,generalisation,success,post,0.0
llama3-8b,rome,counterfact,8,generalisation,diff,post,-0.00092254115164388
llama3-8b,rome,counterfact,8,generalisation,acc,post,0.0
llama3-8b,rome,counterfact,8,specificity,success,post,0.0
llama3-8b,rome,counterfact,8,specificity,diff,post,-0.00031942647830782855
llama3-8b,rome,counterfact,8,specificity,acc,post,0.0
llama3-8b,rome,counterfact,8,target_close_neighbour,success,post,0.3
llama3-8b,rome,counterfact,8,target_close_neighbour,diff,post,0.0009765999807356297
llama3-8b,rome,counterfact,8,target_close_neighbour,acc,post,0.0
llama3-8b,rome,counterfact,9,efficacy,success,pre,0.0
llama3-8b,rome,counterfact,9,efficacy,diff,pre,-0.002164662599860645
llama3-8b,rome,counterfact,9,efficacy,acc,pre,0.0
llama3-8b,rome,counterfact,9,generalisation,success,pre,0.0
llama3-8b,rome,counterfact,9,generalisation,diff,pre,-0.005177490762780812
llama3-8b,rome,counterfact,9,generalisation,acc,pre,0.0
llama3-8b,rome,counterfact,9,specificity,success,pre,0.0
llama3-8b,rome,counterfact,9,specificity,diff,pre,-0.09732540950541006
llama3-8b,rome,counterfact,9,specificity,acc,pre,0.2
llama3-8b,rome,counterfact,9,target_close_neighbour,success,pre,0.7
llama3-8b,rome,counterfact,9,target_close_neighbour,diff,pre,0.003477227967008019
llama3-8b,rome,counterfact,9,target_close_neighbour,acc,pre,0.0
llama3-8b,rome,counterfact,9,efficacy,success,post,0.0
llama3-8b,rome,counterfact,9,efficacy,diff,post,-0.002164662599860645
llama3-8b,rome,counterfact,9,efficacy,acc,post,0.0
llama3-8b,rome,counterfact,9,generalisation,success,post,0.0
llama3-8b,rome,counterfact,9,generalisation,diff,post,-0.005177490762780812
llama3-8b,rome,counterfact,9,generalisation,acc,post,0.0
llama3-8b,rome,counterfact,9,specificity,success,post,0.0
llama3-8b,rome,counterfact,9,specificity,diff,post,-0.09732540950541006
llama3-8b,rome,counterfact,9,specificity,acc,post,0.2
llama3-8b,rome,counterfact,9,target_close_neighbour,success,post,0.7
llama3-8b,rome,counterfact,9,target_close_neighbour,diff,post,0.003477227967008019
llama3-8b,rome,counterfact,9,target_close_neighbour,acc,post,0.0
llama3-8b,rome,counterfact,10,efficacy,success,pre,0.0
llama3-8b,rome,counterfact,10,efficacy,diff,pre,-0.03642312345846917
llama3-8b,rome,counterfact,10,efficacy,acc,pre,0.0
llama3-8b,rome,counterfact,10,generalisation,success,pre,0.0
llama3-8b,rome,counterfact,10,generalisation,diff,pre,-0.023562893147986312
llama3-8b,rome,counterfact,10,generalisation,acc,pre,0.0
llama3-8b,rome,counterfact,10,specificity,success,pre,0.0
llama3-8b,rome,counterfact,10,specificity,diff,pre,-0.09027259977370243
llama3-8b,rome,counterfact,10,specificity,acc,pre,0.0
llama3-8b,rome,counterfact,10,target_close_neighbour,success,pre,1.0
llama3-8b,rome,counterfact,10,target_close_neighbour,diff,pre,0.20986215546519665
llama3-8b,rome,counterfact,10,target_close_neighbour,acc,pre,0.4
llama3-8b,rome,counterfact,10,efficacy,success,post,0.0
llama3-8b,rome,counterfact,10,efficacy,diff,post,-0.03642312345846917
llama3-8b,rome,counterfact,10,efficacy,acc,post,0.0
llama3-8b,rome,counterfact,10,generalisation,success,post,0.0
llama3-8b,rome,counterfact,10,generalisation,diff,post,-0.023562893147986312
llama3-8b,rome,counterfact,10,generalisation,acc,post,0.0
llama3-8b,rome,counterfact,10,specificity,success,post,0.0
llama3-8b,rome,counterfact,10,specificity,diff,post,-0.09027259977370243
llama3-8b,rome,counterfact,10,specificity,acc,post,0.0
llama3-8b,rome,counterfact,10,target_close_neighbour,success,post,1.0
llama3-8b,rome,counterfact,10,target_close_neighbour,diff,post,0.20986215546519665
llama3-8b,rome,counterfact,10,target_close_neighbour,acc,post,0.4
llama3-8b,rome,counterfact,11,efficacy,success,pre,1.0
llama3-8b,rome,counterfact,11,efficacy,diff,pre,0.003936489293233607
llama3-8b,rome,counterfact,11,efficacy,acc,pre,0.0
llama3-8b,rome,counterfact,11,generalisation,success,pre,0.5
llama3-8b,rome,counterfact,11,generalisation,diff,pre,-0.011503068362090321
llama3-8b,rome,counterfact,11,generalisation,acc,pre,0.0
llama3-8b,rome,counterfact,11,specificity,success,pre,0.6
llama3-8b,rome,counterfact,11,specificity,diff,pre,0.053595075173296036
llama3-8b,rome,counterfact,11,specificity,acc,pre,0.0
llama3-8b,rome,counterfact,11,target_close_neighbour,success,pre,1.0
llama3-8b,rome,counterfact,11,target_close_neighbour,diff,pre,0.05173514260274573
llama3-8b,rome,counterfact,11,target_close_neighbour,acc,pre,0.2
llama3-8b,rome,counterfact,11,efficacy,success,post,1.0
llama3-8b,rome,counterfact,11,efficacy,diff,post,0.003936489293233607
llama3-8b,rome,counterfact,11,efficacy,acc,post,0.0
llama3-8b,rome,counterfact,11,generalisation,success,post,0.5
llama3-8b,rome,counterfact,11,generalisation,diff,post,-0.011503068362090321
llama3-8b,rome,counterfact,11,generalisation,acc,post,0.0
llama3-8b,rome,counterfact,11,specificity,success,post,0.6
llama3-8b,rome,counterfact,11,specificity,diff,post,0.053595075173296036
llama3-8b,rome,counterfact,11,specificity,acc,post,0.0
llama3-8b,rome,counterfact,11,target_close_neighbour,success,post,1.0
llama3-8b,rome,counterfact,11,target_close_neighbour,diff,post,0.05173514260274573
llama3-8b,rome,counterfact,11,target_close_neighbour,acc,post,0.2
llama3-8b,rome,counterfact,12,efficacy,success,pre,0.0
llama3-8b,rome,counterfact,12,efficacy,diff,pre,-0.00023965774815557303
llama3-8b,rome,counterfact,12,efficacy,acc,pre,0.0
llama3-8b,rome,counterfact,12,generalisation,success,pre,0.0
llama3-8b,rome,counterfact,12,generalisation,diff,pre,-0.6860409690470783
llama3-8b,rome,counterfact,12,generalisation,acc,pre,0.0
llama3-8b,rome,counterfact,12,specificity,success,pre,0.0
llama3-8b,rome,counterfact,12,specificity,diff,pre,-0.28558442811006163
llama3-8b,rome,counterfact,12,specificity,acc,pre,0.4
llama3-8b,rome,counterfact,12,target_close_neighbour,success,pre,1.0
llama3-8b,rome,counterfact,12,target_close_neighbour,diff,pre,0.2060788197076256
llama3-8b,rome,counterfact,12,target_close_neighbour,acc,pre,0.4
llama3-8b,rome,counterfact,12,efficacy,success,post,0.0
llama3-8b,rome,counterfact,12,efficacy,diff,post,-0.00023965774815557303
llama3-8b,rome,counterfact,12,efficacy,acc,post,0.0
llama3-8b,rome,counterfact,12,generalisation,success,post,0.0
llama3-8b,rome,counterfact,12,generalisation,diff,post,-0.6860409690470783
llama3-8b,rome,counterfact,12,generalisation,acc,post,0.0
llama3-8b,rome,counterfact,12,specificity,success,post,0.0
llama3-8b,rome,counterfact,12,specificity,diff,post,-0.28558442811006163
llama3-8b,rome,counterfact,12,specificity,acc,post,0.4
llama3-8b,rome,counterfact,12,target_close_neighbour,success,post,1.0
llama3-8b,rome,counterfact,12,target_close_neighbour,diff,post,0.2060788197076256
llama3-8b,rome,counterfact,12,target_close_neighbour,acc,post,0.4
llama3-8b,rome,counterfact,13,efficacy,success,pre,0.0
llama3-8b,rome,counterfact,13,efficacy,diff,pre,-0.06392672464170512
llama3-8b,rome,counterfact,13,efficacy,acc,pre,0.0
llama3-8b,rome,counterfact,13,generalisation,success,pre,0.0
llama3-8b,rome,counterfact,13,generalisation,diff,pre,-0.10792271996068581
llama3-8b,rome,counterfact,13,generalisation,acc,pre,0.0
llama3-8b,rome,counterfact,13,specificity,success,pre,0.0
llama3-8b,rome,counterfact,13,specificity,diff,pre,-0.18839437365827258
llama3-8b,rome,counterfact,13,specificity,acc,pre,0.2
llama3-8b,rome,counterfact,13,target_close_neighbour,success,pre,1.0
llama3-8b,rome,counterfact,13,target_close_neighbour,diff,pre,0.5772169166091442
llama3-8b,rome,counterfact,13,target_close_neighbour,acc,pre,1.0
llama3-8b,rome,counterfact,13,efficacy,success,post,0.0
llama3-8b,rome,counterfact,13,efficacy,diff,post,-0.06392672464170512
llama3-8b,rome,counterfact,13,efficacy,acc,post,0.0
llama3-8b,rome,counterfact,13,generalisation,success,post,0.0
llama3-8b,rome,counterfact,13,generalisation,diff,post,-0.10792271996068581
llama3-8b,rome,counterfact,13,generalisation,acc,post,0.0
llama3-8b,rome,counterfact,13,specificity,success,post,0.0
llama3-8b,rome,counterfact,13,specificity,diff,post,-0.18839437365827258
llama3-8b,rome,counterfact,13,specificity,acc,post,0.2
llama3-8b,rome,counterfact,13,target_close_neighbour,success,post,1.0
llama3-8b,rome,counterfact,13,target_close_neighbour,diff,post,0.5772169166091442
llama3-8b,rome,counterfact,13,target_close_neighbour,acc,post,1.0
llama3-8b,rome,counterfact,14,efficacy,success,pre,0.0
llama3-8b,rome,counterfact,14,efficacy,diff,pre,-0.2270207222136591
llama3-8b,rome,counterfact,14,efficacy,acc,pre,0.0
llama3-8b,rome,counterfact,14,generalisation,success,pre,0.0
llama3-8b,rome,counterfact,14,generalisation,diff,pre,-0.0006849199989256033
llama3-8b,rome,counterfact,14,generalisation,acc,pre,0.0
llama3-8b,rome,counterfact,14,specificity,success,pre,0.1
llama3-8b,rome,counterfact,14,specificity,diff,pre,-0.3052785462286574
llama3-8b,rome,counterfact,14,specificity,acc,pre,0.4
llama3-8b,rome,counterfact,14,target_close_neighbour,success,pre,1.0
llama3-8b,rome,counterfact,14,target_close_neighbour,diff,pre,0.3020740417667754
llama3-8b,rome,counterfact,14,target_close_neighbour,acc,pre,0.5
llama3-8b,rome,counterfact,14,efficacy,success,post,0.0
llama3-8b,rome,counterfact,14,efficacy,diff,post,-0.2270207222136591
llama3-8b,rome,counterfact,14,efficacy,acc,post,0.0
llama3-8b,rome,counterfact,14,generalisation,success,post,0.0
llama3-8b,rome,counterfact,14,generalisation,diff,post,-0.0006849199989256033
llama3-8b,rome,counterfact,14,generalisation,acc,post,0.0
llama3-8b,rome,counterfact,14,specificity,success,post,0.1
llama3-8b,rome,counterfact,14,specificity,diff,post,-0.3052785462286574
llama3-8b,rome,counterfact,14,specificity,acc,post,0.4
llama3-8b,rome,counterfact,14,target_close_neighbour,success,post,1.0
llama3-8b,rome,counterfact,14,target_close_neighbour,diff,post,0.3020740417667754
llama3-8b,rome,counterfact,14,target_close_neighbour,acc,post,0.5
llama3-8b,rome,counterfact,15,efficacy,success,pre,1.0
llama3-8b,rome,counterfact,15,efficacy,diff,pre,0.0032849151404813195
llama3-8b,rome,counterfact,15,efficacy,acc,pre,0.0
llama3-8b,rome,counterfact,15,generalisation,success,pre,1.0
llama3-8b,rome,counterfact,15,generalisation,diff,pre,0.0324307563785914
llama3-8b,rome,counterfact,15,generalisation,acc,pre,0.0
llama3-8b,rome,counterfact,15,specificity,success,pre,0.1
llama3-8b,rome,counterfact,15,specificity,diff,pre,-0.025877013623734135
llama3-8b,rome,counterfact,15,specificity,acc,pre,0.1
llama3-8b,rome,counterfact,15,target_close_neighbour,success,pre,1.0
llama3-8b,rome,counterfact,15,target_close_neighbour,diff,pre,0.08354599683812979
llama3-8b,rome,counterfact,15,target_close_neighbour,acc,pre,0.0
llama3-8b,rome,counterfact,15,efficacy,success,post,1.0
llama3-8b,rome,counterfact,15,efficacy,diff,post,0.0032849151404813195
llama3-8b,rome,counterfact,15,efficacy,acc,post,0.0
llama3-8b,rome,counterfact,15,generalisation,success,post,1.0
llama3-8b,rome,counterfact,15,generalisation,diff,post,0.0324307563785914
llama3-8b,rome,counterfact,15,generalisation,acc,post,0.0
llama3-8b,rome,counterfact,15,specificity,success,post,0.1
llama3-8b,rome,counterfact,15,specificity,diff,post,-0.025877013623734135
llama3-8b,rome,counterfact,15,specificity,acc,post,0.1
llama3-8b,rome,counterfact,15,target_close_neighbour,success,post,1.0
llama3-8b,rome,counterfact,15,target_close_neighbour,diff,post,0.08354599683812979
llama3-8b,rome,counterfact,15,target_close_neighbour,acc,post,0.0
llama3-8b,rome,counterfact,16,efficacy,success,pre,0.0
llama3-8b,rome,counterfact,16,efficacy,diff,pre,-0.005661749346807574
llama3-8b,rome,counterfact,16,efficacy,acc,pre,0.0
llama3-8b,rome,counterfact,16,generalisation,success,pre,0.0
llama3-8b,rome,counterfact,16,generalisation,diff,pre,-0.0005179367371406391
llama3-8b,rome,counterfact,16,generalisation,acc,pre,0.0
llama3-8b,rome,counterfact,16,specificity,success,pre,0.1
llama3-8b,rome,counterfact,16,specificity,diff,pre,-0.0034820292324989266
llama3-8b,rome,counterfact,16,specificity,acc,pre,0.0
llama3-8b,rome,counterfact,16,target_close_neighbour,success,pre,0.6
llama3-8b,rome,counterfact,16,target_close_neighbour,diff,pre,0.0007354153000161868
llama3-8b,rome,counterfact,16,target_close_neighbour,acc,pre,0.0
llama3-8b,rome,counterfact,16,efficacy,success,post,0.0
llama3-8b,rome,counterfact,16,efficacy,diff,post,-0.005661749346807574
llama3-8b,rome,counterfact,16,efficacy,acc,post,0.0
llama3-8b,rome,counterfact,16,generalisation,success,post,0.0
llama3-8b,rome,counterfact,16,generalisation,diff,post,-0.0005179367371406391
llama3-8b,rome,counterfact,16,generalisation,acc,post,0.0
llama3-8b,rome,counterfact,16,specificity,success,post,0.1
llama3-8b,rome,counterfact,16,specificity,diff,post,-0.0034820292324989266
llama3-8b,rome,counterfact,16,specificity,acc,post,0.0
llama3-8b,rome,counterfact,16,target_close_neighbour,success,post,0.6
llama3-8b,rome,counterfact,16,target_close_neighbour,diff,post,0.0007354153000161868
llama3-8b,rome,counterfact,16,target_close_neighbour,acc,post,0.0
llama3-8b,rome,counterfact,17,efficacy,success,pre,0.0
llama3-8b,rome,counterfact,17,efficacy,diff,pre,-0.3707596616578545
llama3-8b,rome,counterfact,17,efficacy,acc,pre,0.0
llama3-8b,rome,counterfact,17,generalisation,success,pre,0.0
llama3-8b,rome,counterfact,17,generalisation,diff,pre,-0.15754122972028944
llama3-8b,rome,counterfact,17,generalisation,acc,pre,0.0
llama3-8b,rome,counterfact,17,specificity,success,pre,0.0
llama3-8b,rome,counterfact,17,specificity,diff,pre,-0.6451198259109139
llama3-8b,rome,counterfact,17,specificity,acc,pre,1.0
llama3-8b,rome,counterfact,17,target_close_neighbour,success,pre,1.0
llama3-8b,rome,counterfact,17,target_close_neighbour,diff,pre,0.2383702543420824
llama3-8b,rome,counterfact,17,target_close_neighbour,acc,pre,0.6
llama3-8b,rome,counterfact,17,efficacy,success,post,0.0
llama3-8b,rome,counterfact,17,efficacy,diff,post,-0.3707596616578545
llama3-8b,rome,counterfact,17,efficacy,acc,post,0.0
llama3-8b,rome,counterfact,17,generalisation,success,post,0.0
llama3-8b,rome,counterfact,17,generalisation,diff,post,-0.15754122972028944
llama3-8b,rome,counterfact,17,generalisation,acc,post,0.0
llama3-8b,rome,counterfact,17,specificity,success,post,0.0
llama3-8b,rome,counterfact,17,specificity,diff,post,-0.6451198259109139
llama3-8b,rome,counterfact,17,specificity,acc,post,1.0
llama3-8b,rome,counterfact,17,target_close_neighbour,success,post,1.0
llama3-8b,rome,counterfact,17,target_close_neighbour,diff,post,0.2383702543420824
llama3-8b,rome,counterfact,17,target_close_neighbour,acc,post,0.6
llama3-8b,rome,counterfact,18,efficacy,success,pre,0.0
llama3-8b,rome,counterfact,18,efficacy,diff,pre,-0.05819476078424384
llama3-8b,rome,counterfact,18,efficacy,acc,pre,0.0
llama3-8b,rome,counterfact,18,generalisation,success,pre,0.0
llama3-8b,rome,counterfact,18,generalisation,diff,pre,-0.18286880998509839
llama3-8b,rome,counterfact,18,generalisation,acc,pre,0.0
llama3-8b,rome,counterfact,18,specificity,success,pre,0.0
llama3-8b,rome,counterfact,18,specificity,diff,pre,-0.38453830048649895
llama3-8b,rome,counterfact,18,specificity,acc,pre,0.7
llama3-8b,rome,counterfact,18,target_close_neighbour,success,pre,1.0
llama3-8b,rome,counterfact,18,target_close_neighbour,diff,pre,0.34218972517705104
llama3-8b,rome,counterfact,18,target_close_neighbour,acc,pre,0.7
llama3-8b,rome,counterfact,18,efficacy,success,post,0.0
llama3-8b,rome,counterfact,18,efficacy,diff,post,-0.05819476078424384
llama3-8b,rome,counterfact,18,efficacy,acc,post,0.0
llama3-8b,rome,counterfact,18,generalisation,success,post,0.0
llama3-8b,rome,counterfact,18,generalisation,diff,post,-0.18286880998509839
llama3-8b,rome,counterfact,18,generalisation,acc,post,0.0
llama3-8b,rome,counterfact,18,specificity,success,post,0.0
llama3-8b,rome,counterfact,18,specificity,diff,post,-0.38453830048649895
llama3-8b,rome,counterfact,18,specificity,acc,post,0.7
llama3-8b,rome,counterfact,18,target_close_neighbour,success,post,1.0
llama3-8b,rome,counterfact,18,target_close_neighbour,diff,post,0.34218972517705104
llama3-8b,rome,counterfact,18,target_close_neighbour,acc,post,0.7
llama3-8b,rome,counterfact,19,efficacy,success,pre,0.0
llama3-8b,rome,counterfact,19,efficacy,diff,pre,-0.0002030993803782868
llama3-8b,rome,counterfact,19,efficacy,acc,pre,0.0
llama3-8b,rome,counterfact,19,generalisation,success,pre,0.0
llama3-8b,rome,counterfact,19,generalisation,diff,pre,-0.00018884578047464196
llama3-8b,rome,counterfact,19,generalisation,acc,pre,0.0
llama3-8b,rome,counterfact,19,specificity,success,pre,0.0
llama3-8b,rome,counterfact,19,specificity,diff,pre,-0.03572608312087734
llama3-8b,rome,counterfact,19,specificity,acc,pre,0.1
llama3-8b,rome,counterfact,19,target_close_neighbour,success,pre,0.8
llama3-8b,rome,counterfact,19,target_close_neighbour,diff,pre,0.020635466256338518
llama3-8b,rome,counterfact,19,target_close_neighbour,acc,pre,0.0
llama3-8b,rome,counterfact,19,efficacy,success,post,0.0
llama3-8b,rome,counterfact,19,efficacy,diff,post,-0.0002030993803782868
llama3-8b,rome,counterfact,19,efficacy,acc,post,0.0
llama3-8b,rome,counterfact,19,generalisation,success,post,0.0
llama3-8b,rome,counterfact,19,generalisation,diff,post,-0.00018884578047464196
llama3-8b,rome,counterfact,19,generalisation,acc,post,0.0
llama3-8b,rome,counterfact,19,specificity,success,post,0.0
llama3-8b,rome,counterfact,19,specificity,diff,post,-0.03572608312087734
llama3-8b,rome,counterfact,19,specificity,acc,post,0.1
llama3-8b,rome,counterfact,19,target_close_neighbour,success,post,0.8
llama3-8b,rome,counterfact,19,target_close_neighbour,diff,post,0.020635466256338518
llama3-8b,rome,counterfact,19,target_close_neighbour,acc,post,0.0
llama3-8b,rome,zsre,zsre_row0,efficacy,success,pre,1.0
llama3-8b,rome,zsre,zsre_row0,efficacy,diff,pre,0.0369414045465265
llama3-8b,rome,zsre,zsre_row0,efficacy,acc,pre,0.0
llama3-8b,rome,zsre,zsre_row0,generalisation,success,pre,1.0
llama3-8b,rome,zsre,zsre_row0,generalisation,diff,pre,0.016267404748743455
llama3-8b,rome,zsre,zsre_row0,generalisation,acc,pre,0.0
llama3-8b,rome,zsre,zsre_row0,specificity,success,pre,0.0
llama3-8b,rome,zsre,zsre_row0,specificity,diff,pre,-0.00038704909303236695
llama3-8b,rome,zsre,zsre_row0,specificity,acc,pre,0.0
llama3-8b,rome,zsre,zsre_row0,efficacy,success,post,1.0
llama3-8b,rome,zsre,zsre_row0,efficacy,diff,post,0.0369414045465265
llama3-8b,rome,zsre,zsre_row0,efficacy,acc,post,0.0
llama3-8b,rome,zsre,zsre_row0,generalisation,success,post,1.0
llama3-8b,rome,zsre,zsre_row0,generalisation,diff,post,0.016267404748743455
llama3-8b,rome,zsre,zsre_row0,generalisation,acc,post,0.0
llama3-8b,rome,zsre,zsre_row0,specificity,success,post,0.0
llama3-8b,rome,zsre,zsre_row0,specificity,diff,post,-0.00038704909303236695
llama3-8b,rome,zsre,zsre_row0,specificity,acc,post,0.0
llama3-8b,rome,zsre,zsre_row1,efficacy,success,pre,0.0
llama3-8b,rome,zsre,zsre_row1,efficacy,diff,pre,-0.1378009694705405
llama3-8b,rome,zsre,zsre_row1,efficacy,acc,pre,0.0
llama3-8b,rome,zsre,zsre_row1,generalisation,success,pre,0.0
llama3-8b,rome,zsre,zsre_row1,generalisation,diff,pre,-0.1258746068663492
llama3-8b,rome,zsre,zsre_row1,generalisation,acc,pre,0.0
llama3-8b,rome,zsre,zsre_row1,specificity,success,pre,0.0
llama3-8b,rome,zsre,zsre_row1,specificity,diff,pre,-0.0034145509734565573
llama3-8b,rome,zsre,zsre_row1,specificity,acc,pre,0.0
llama3-8b,rome,zsre,zsre_row1,efficacy,success,post,0.0
llama3-8b,rome,zsre,zsre_row1,efficacy,diff,post,-0.1378009694705405
llama3-8b,rome,zsre,zsre_row1,efficacy,acc,post,0.0
llama3-8b,rome,zsre,zsre_row1,generalisation,success,post,0.0
llama3-8b,rome,zsre,zsre_row1,generalisation,diff,post,-0.1258746068663492
llama3-8b,rome,zsre,zsre_row1,generalisation,acc,post,0.0
llama3-8b,rome,zsre,zsre_row1,specificity,success,post,0.0
llama3-8b,rome,zsre,zsre_row1,specificity,diff,post,-0.0034145509734565573
llama3-8b,rome,zsre,zsre_row1,specificity,acc,post,0.0
llama3-8b,rome,zsre,zsre_row2,efficacy,success,pre,1.0
llama3-8b,rome,zsre,zsre_row2,efficacy,diff,pre,1.208607070673092e-06
llama3-8b,rome,zsre,zsre_row2,efficacy,acc,pre,0.0
llama3-8b,rome,zsre,zsre_row2,generalisation,success,pre,0.0
llama3-8b,rome,zsre,zsre_row2,generalisation,diff,pre,-3.4509760115199677e-06
llama3-8b,rome,zsre,zsre_row2,generalisation,acc,pre,0.0
llama3-8b,rome,zsre,zsre_row2,specificity,success,pre,0.0
llama3-8b,rome,zsre,zsre_row2,specificity,diff,pre,-0.004027526213683726
llama3-8b,rome,zsre,zsre_row2,specificity,acc,pre,0.0
llama3-8b,rome,zsre,zsre_row2,efficacy,success,post,1.0
llama3-8b,rome,zsre,zsre_row2,efficacy,diff,post,1.208607070673092e-06
llama3-8b,rome,zsre,zsre_row2,efficacy,acc,post,0.0
llama3-8b,rome,zsre,zsre_row2,generalisation,success,post,0.0
llama3-8b,rome,zsre,zsre_row2,generalisation,diff,post,-3.4509760115199677e-06
llama3-8b,rome,zsre,zsre_row2,generalisation,acc,post,0.0
llama3-8b,rome,zsre,zsre_row2,specificity,success,post,0.0
llama3-8b,rome,zsre,zsre_row2,specificity,diff,post,-0.004027526213683726
llama3-8b,rome,zsre,zsre_row2,specificity,acc,post,0.0
llama3-8b,rome,zsre,zsre_row3,efficacy,success,pre,0.0
llama3-8b,rome,zsre,zsre_row3,efficacy,diff,pre,-0.058418318212685255
llama3-8b,rome,zsre,zsre_row3,efficacy,acc,pre,0.0
llama3-8b,rome,zsre,zsre_row3,generalisation,success,pre,0.0
llama3-8b,rome,zsre,zsre_row3,generalisation,diff,pre,-0.11300777712207462
llama3-8b,rome,zsre,zsre_row3,generalisation,acc,pre,0.0
llama3-8b,rome,zsre,zsre_row3,specificity,success,pre,1.0
llama3-8b,rome,zsre,zsre_row3,specificity,diff,pre,0.0058963752025680315
llama3-8b,rome,zsre,zsre_row3,specificity,acc,pre,0.0
llama3-8b,rome,zsre,zsre_row3,efficacy,success,post,0.0
llama3-8b,rome,zsre,zsre_row3,efficacy,diff,post,-0.058418318212685255
llama3-8b,rome,zsre,zsre_row3,efficacy,acc,post,0.0
llama3-8b,rome,zsre,zsre_row3,generalisation,success,post,0.0
llama3-8b,rome,zsre,zsre_row3,generalisation,diff,post,-0.11300777712207462
llama3-8b,rome,zsre,zsre_row3,generalisation,acc,post,0.0
llama3-8b,rome,zsre,zsre_row3,specificity,success,post,1.0
llama3-8b,rome,zsre,zsre_row3,specificity,diff,post,0.0058963752025680315
llama3-8b,rome,zsre,zsre_row3,specificity,acc,post,0.0
llama3-8b,rome,zsre,zsre_row4,efficacy,success,pre,0.0
llama3-8b,rome,zsre,zsre_row4,efficacy,diff,pre,-0.14452349405602496
llama3-8b,rome,zsre,zsre_row4,efficacy,acc,pre,0.0
llama3-8b,rome,zsre,zsre_row4,generalisation,success,pre,0.0
llama3-8b,rome,zsre,zsre_row4,generalisation,diff,pre,-0.14434793225138798
llama3-8b,rome,zsre,zsre_row4,generalisation,acc,pre,0.0
llama3-8b,rome,zsre,zsre_row4,specificity,success,pre,0.0
llama3-8b,rome,zsre,zsre_row4,specificity,diff,pre,-0.013939163292535884
llama3-8b,rome,zsre,zsre_row4,specificity,acc,pre,0.0
llama3-8b,rome,zsre,zsre_row4,efficacy,success,post,0.0
llama3-8b,rome,zsre,zsre_row4,efficacy,diff,post,-0.14452349405602496
llama3-8b,rome,zsre,zsre_row4,efficacy,acc,post,0.0
llama3-8b,rome,zsre,zsre_row4,generalisation,success,post,0.0
llama3-8b,rome,zsre,zsre_row4,generalisation,diff,post,-0.14434793225138798
llama3-8b,rome,zsre,zsre_row4,generalisation,acc,post,0.0
llama3-8b,rome,zsre,zsre_row4,specificity,success,post,0.0
llama3-8b,rome,zsre,zsre_row4,specificity,diff,post,-0.013939163292535884
llama3-8b,rome,zsre,zsre_row4,specificity,acc,post,0.0
llama3-8b,rome,zsre,zsre_row5,efficacy,success,pre,0.0
llama3-8b,rome,zsre,zsre_row5,efficacy,diff,pre,-0.01714010637398808
llama3-8b,rome,zsre,zsre_row5,efficacy,acc,pre,0.0
llama3-8b,rome,zsre,zsre_row5,generalisation,success,pre,0.0
llama3-8b,rome,zsre,zsre_row5,generalisation,diff,pre,-0.005500530224067074
llama3-8b,rome,zsre,zsre_row5,generalisation,acc,pre,0.0
llama3-8b,rome,zsre,zsre_row5,specificity,success,pre,1.0
llama3-8b,rome,zsre,zsre_row5,specificity,diff,pre,0.03307465135036847
llama3-8b,rome,zsre,zsre_row5,specificity,acc,pre,0.0
llama3-8b,rome,zsre,zsre_row5,efficacy,success,post,0.0
llama3-8b,rome,zsre,zsre_row5,efficacy,diff,post,-0.01714010637398808
llama3-8b,rome,zsre,zsre_row5,efficacy,acc,post,0.0
llama3-8b,rome,zsre,zsre_row5,generalisation,success,post,0.0
llama3-8b,rome,zsre,zsre_row5,generalisation,diff,post,-0.005500530224067074
llama3-8b,rome,zsre,zsre_row5,generalisation,acc,post,0.0
llama3-8b,rome,zsre,zsre_row5,specificity,success,post,1.0
llama3-8b,rome,zsre,zsre_row5,specificity,diff,post,0.03307465135036847
llama3-8b,rome,zsre,zsre_row5,specificity,acc,post,0.0
llama3-8b,rome,zsre,zsre_row6,efficacy,success,pre,0.0
llama3-8b,rome,zsre,zsre_row6,efficacy,diff,pre,-0.07983376846632695
llama3-8b,rome,zsre,zsre_row6,efficacy,acc,pre,0.0
llama3-8b,rome,zsre,zsre_row6,generalisation,success,pre,0.0
llama3-8b,rome,zsre,zsre_row6,generalisation,diff,pre,-0.08749358988444648
llama3-8b,rome,zsre,zsre_row6,generalisation,acc,pre,0.0
llama3-8b,rome,zsre,zsre_row6,specificity,success,pre,1.0
llama3-8b,rome,zsre,zsre_row6,specificity,diff,pre,0.0027106652333898826
llama3-8b,rome,zsre,zsre_row6,specificity,acc,pre,0.0
llama3-8b,rome,zsre,zsre_row6,efficacy,success,post,0.0
llama3-8b,rome,zsre,zsre_row6,efficacy,diff,post,-0.07983376846632695
llama3-8b,rome,zsre,zsre_row6,efficacy,acc,post,0.0
llama3-8b,rome,zsre,zsre_row6,generalisation,success,post,0.0
llama3-8b,rome,zsre,zsre_row6,generalisation,diff,post,-0.08749358988444648
llama3-8b,rome,zsre,zsre_row6,generalisation,acc,post,0.0
llama3-8b,rome,zsre,zsre_row6,specificity,success,post,1.0
llama3-8b,rome,zsre,zsre_row6,specificity,diff,post,0.0027106652333898826
llama3-8b,rome,zsre,zsre_row6,specificity,acc,post,0.0
llama3-8b,rome,zsre,zsre_row7,efficacy,success,pre,0.0
llama3-8b,rome,zsre,zsre_row7,efficacy,diff,pre,-0.015310232954961728
llama3-8b,rome,zsre,zsre_row7,efficacy,acc,pre,0.0
llama3-8b,rome,zsre,zsre_row7,generalisation,success,pre,0.0
llama3-8b,rome,zsre,zsre_row7,generalisation,diff,pre,-0.012536400552686677
llama3-8b,rome,zsre,zsre_row7,generalisation,acc,pre,0.0
llama3-8b,rome,zsre,zsre_row7,specificity,success,pre,1.0
llama3-8b,rome,zsre,zsre_row7,specificity,diff,pre,0.03498771949102448
llama3-8b,rome,zsre,zsre_row7,specificity,acc,pre,0.0
llama3-8b,rome,zsre,zsre_row7,efficacy,success,post,0.0
llama3-8b,rome,zsre,zsre_row7,efficacy,diff,post,-0.015310232954961728
llama3-8b,rome,zsre,zsre_row7,efficacy,acc,post,0.0
llama3-8b,rome,zsre,zsre_row7,generalisation,success,post,0.0
llama3-8b,rome,zsre,zsre_row7,generalisation,diff,post,-0.012536400552686677
llama3-8b,rome,zsre,zsre_row7,generalisation,acc,post,0.0
llama3-8b,rome,zsre,zsre_row7,specificity,success,post,1.0
llama3-8b,rome,zsre,zsre_row7,specificity,diff,post,0.03498771949102448
llama3-8b,rome,zsre,zsre_row7,specificity,acc,post,0.0
llama3-8b,rome,zsre,zsre_row8,efficacy,success,pre,0.0
llama3-8b,rome,zsre,zsre_row8,efficacy,diff,pre,-0.00010769521459616516
llama3-8b,rome,zsre,zsre_row8,efficacy,acc,pre,0.0
llama3-8b,rome,zsre,zsre_row8,generalisation,success,pre,0.0
llama3-8b,rome,zsre,zsre_row8,generalisation,diff,pre,-0.036994891683474515
llama3-8b,rome,zsre,zsre_row8,generalisation,acc,pre,0.0
llama3-8b,rome,zsre,zsre_row8,specificity,success,pre,0.0
llama3-8b,rome,zsre,zsre_row8,specificity,diff,pre,-0.12258019460058633
llama3-8b,rome,zsre,zsre_row8,specificity,acc,pre,0.0
llama3-8b,rome,zsre,zsre_row8,efficacy,success,post,0.0
llama3-8b,rome,zsre,zsre_row8,efficacy,diff,post,-0.00010769521459616516
llama3-8b,rome,zsre,zsre_row8,efficacy,acc,post,0.0
llama3-8b,rome,zsre,zsre_row8,generalisation,success,post,0.0
llama3-8b,rome,zsre,zsre_row8,generalisation,diff,post,-0.036994891683474515
llama3-8b,rome,zsre,zsre_row8,generalisation,acc,post,0.0
llama3-8b,rome,zsre,zsre_row8,specificity,success,post,0.0
llama3-8b,rome,zsre,zsre_row8,specificity,diff,post,-0.12258019460058633
llama3-8b,rome,zsre,zsre_row8,specificity,acc,post,0.0
llama3-8b,rome,zsre,zsre_row9,efficacy,success,pre,0.0
llama3-8b,rome,zsre,zsre_row9,efficacy,diff,pre,-0.10639787555064878
llama3-8b,rome,zsre,zsre_row9,efficacy,acc,pre,0.0
llama3-8b,rome,zsre,zsre_row9,generalisation,success,pre,0.0
llama3-8b,rome,zsre,zsre_row9,generalisation,diff,pre,-0.10585412219267243
llama3-8b,rome,zsre,zsre_row9,generalisation,acc,pre,0.0
llama3-8b,rome,zsre,zsre_row9,specificity,success,pre,0.0
llama3-8b,rome,zsre,zsre_row9,specificity,diff,pre,-0.04588601092720199
llama3-8b,rome,zsre,zsre_row9,specificity,acc,pre,0.0
llama3-8b,rome,zsre,zsre_row9,efficacy,success,post,0.0
llama3-8b,rome,zsre,zsre_row9,efficacy,diff,post,-0.10639787555064878
llama3-8b,rome,zsre,zsre_row9,efficacy,acc,post,0.0
llama3-8b,rome,zsre,zsre_row9,generalisation,success,post,0.0
llama3-8b,rome,zsre,zsre_row9,generalisation,diff,post,-0.10585412219267243
llama3-8b,rome,zsre,zsre_row9,generalisation,acc,post,0.0
llama3-8b,rome,zsre,zsre_row9,specificity,success,post,0.0
llama3-8b,rome,zsre,zsre_row9,specificity,diff,post,-0.04588601092720199
llama3-8b,rome,zsre,zsre_row9,specificity,acc,post,0.0
llama3-8b,rome,zsre,zsre_row10,efficacy,success,pre,0.0
llama3-8b,rome,zsre,zsre_row10,efficacy,diff,pre,-0.0005690876525228668
llama3-8b,rome,zsre,zsre_row10,efficacy,acc,pre,0.0
llama3-8b,rome,zsre,zsre_row10,generalisation,success,pre,0.0
llama3-8b,rome,zsre,zsre_row10,generalisation,diff,pre,-0.00045502218099259463
llama3-8b,rome,zsre,zsre_row10,generalisation,acc,pre,0.0
llama3-8b,rome,zsre,zsre_row10,specificity,success,pre,0.0
llama3-8b,rome,zsre,zsre_row10,specificity,diff,pre,-0.16608364779017085
llama3-8b,rome,zsre,zsre_row10,specificity,acc,pre,0.0
llama3-8b,rome,zsre,zsre_row10,efficacy,success,post,0.0
llama3-8b,rome,zsre,zsre_row10,efficacy,diff,post,-0.0005690876525228668
llama3-8b,rome,zsre,zsre_row10,efficacy,acc,post,0.0
llama3-8b,rome,zsre,zsre_row10,generalisation,success,post,0.0
llama3-8b,rome,zsre,zsre_row10,generalisation,diff,post,-0.00045502218099259463
llama3-8b,rome,zsre,zsre_row10,generalisation,acc,post,0.0
llama3-8b,rome,zsre,zsre_row10,specificity,success,post,0.0
llama3-8b,rome,zsre,zsre_row10,specificity,diff,post,-0.16608364779017085
llama3-8b,rome,zsre,zsre_row10,specificity,acc,post,0.0
llama3-8b,rome,zsre,zsre_row11,efficacy,success,pre,1.0
llama3-8b,rome,zsre,zsre_row11,efficacy,diff,pre,0.0027464665229877294
llama3-8b,rome,zsre,zsre_row11,efficacy,acc,pre,0.0
llama3-8b,rome,zsre,zsre_row11,generalisation,success,pre,1.0
llama3-8b,rome,zsre,zsre_row11,generalisation,diff,pre,0.010568825803775227
llama3-8b,rome,zsre,zsre_row11,generalisation,acc,pre,0.0
llama3-8b,rome,zsre,zsre_row11,specificity,success,pre,0.0
llama3-8b,rome,zsre,zsre_row11,specificity,diff,pre,-2.3515984405746745e-05
llama3-8b,rome,zsre,zsre_row11,specificity,acc,pre,0.0
llama3-8b,rome,zsre,zsre_row11,efficacy,success,post,1.0
llama3-8b,rome,zsre,zsre_row11,efficacy,diff,post,0.0027464665229877294
llama3-8b,rome,zsre,zsre_row11,efficacy,acc,post,0.0
llama3-8b,rome,zsre,zsre_row11,generalisation,success,post,1.0
llama3-8b,rome,zsre,zsre_row11,generalisation,diff,post,0.010568825803775227
llama3-8b,rome,zsre,zsre_row11,generalisation,acc,post,0.0
llama3-8b,rome,zsre,zsre_row11,specificity,success,post,0.0
llama3-8b,rome,zsre,zsre_row11,specificity,diff,post,-2.3515984405746745e-05
llama3-8b,rome,zsre,zsre_row11,specificity,acc,post,0.0
llama3-8b,rome,zsre,zsre_row12,efficacy,success,pre,1.0
llama3-8b,rome,zsre,zsre_row12,efficacy,diff,pre,0.0028851335304826064
llama3-8b,rome,zsre,zsre_row12,efficacy,acc,pre,0.0
llama3-8b,rome,zsre,zsre_row12,generalisation,success,pre,1.0
llama3-8b,rome,zsre,zsre_row12,generalisation,diff,pre,0.005366487392739844
llama3-8b,rome,zsre,zsre_row12,generalisation,acc,pre,0.0
llama3-8b,rome,zsre,zsre_row12,specificity,success,pre,0.0
llama3-8b,rome,zsre,zsre_row12,specificity,diff,pre,-0.09930802533112151
llama3-8b,rome,zsre,zsre_row12,specificity,acc,pre,0.0
llama3-8b,rome,zsre,zsre_row12,efficacy,success,post,1.0
llama3-8b,rome,zsre,zsre_row12,efficacy,diff,post,0.0028851335304826064
llama3-8b,rome,zsre,zsre_row12,efficacy,acc,post,0.0
llama3-8b,rome,zsre,zsre_row12,generalisation,success,post,1.0
llama3-8b,rome,zsre,zsre_row12,generalisation,diff,post,0.005366487392739844
llama3-8b,rome,zsre,zsre_row12,generalisation,acc,post,0.0
llama3-8b,rome,zsre,zsre_row12,specificity,success,post,0.0
llama3-8b,rome,zsre,zsre_row12,specificity,diff,post,-0.09930802533112151
llama3-8b,rome,zsre,zsre_row12,specificity,acc,post,0.0
llama3-8b,rome,zsre,zsre_row13,efficacy,success,pre,1.0
llama3-8b,rome,zsre,zsre_row13,efficacy,diff,pre,0.01718035087800542
llama3-8b,rome,zsre,zsre_row13,efficacy,acc,pre,0.0
llama3-8b,rome,zsre,zsre_row13,generalisation,success,pre,1.0
llama3-8b,rome,zsre,zsre_row13,generalisation,diff,pre,0.014862361905989904
llama3-8b,rome,zsre,zsre_row13,generalisation,acc,pre,0.0
llama3-8b,rome,zsre,zsre_row13,specificity,success,pre,0.0
llama3-8b,rome,zsre,zsre_row13,specificity,diff,pre,-0.019696072748152913
llama3-8b,rome,zsre,zsre_row13,specificity,acc,pre,0.0
llama3-8b,rome,zsre,zsre_row13,efficacy,success,post,1.0
llama3-8b,rome,zsre,zsre_row13,efficacy,diff,post,0.01718035087800542
llama3-8b,rome,zsre,zsre_row13,efficacy,acc,post,0.0
llama3-8b,rome,zsre,zsre_row13,generalisation,success,post,1.0
llama3-8b,rome,zsre,zsre_row13,generalisation,diff,post,0.014862361905989904
llama3-8b,rome,zsre,zsre_row13,generalisation,acc,post,0.0
llama3-8b,rome,zsre,zsre_row13,specificity,success,post,0.0
llama3-8b,rome,zsre,zsre_row13,specificity,diff,post,-0.019696072748152913
llama3-8b,rome,zsre,zsre_row13,specificity,acc,post,0.0
llama3-8b,rome,zsre,zsre_row14,efficacy,success,pre,1.0
llama3-8b,rome,zsre,zsre_row14,efficacy,diff,pre,0.004082436509511506
llama3-8b,rome,zsre,zsre_row14,efficacy,acc,pre,0.0
llama3-8b,rome,zsre,zsre_row14,generalisation,success,pre,1.0
llama3-8b,rome,zsre,zsre_row14,generalisation,diff,pre,0.0070041884879246995
llama3-8b,rome,zsre,zsre_row14,generalisation,acc,pre,0.0
llama3-8b,rome,zsre,zsre_row14,specificity,success,pre,0.0
llama3-8b,rome,zsre,zsre_row14,specificity,diff,pre,-0.9187573760873677
llama3-8b,rome,zsre,zsre_row14,specificity,acc,pre,1.0
llama3-8b,rome,zsre,zsre_row14,efficacy,success,post,1.0
llama3-8b,rome,zsre,zsre_row14,efficacy,diff,post,0.004082436509511506
llama3-8b,rome,zsre,zsre_row14,efficacy,acc,post,0.0
llama3-8b,rome,zsre,zsre_row14,generalisation,success,post,1.0
llama3-8b,rome,zsre,zsre_row14,generalisation,diff,post,0.0070041884879246995
llama3-8b,rome,zsre,zsre_row14,generalisation,acc,post,0.0
llama3-8b,rome,zsre,zsre_row14,specificity,success,post,0.0
llama3-8b,rome,zsre,zsre_row14,specificity,diff,post,-0.9187573760873677
llama3-8b,rome,zsre,zsre_row14,specificity,acc,post,1.0
llama3-8b,rome,zsre,zsre_row15,efficacy,success,pre,1.0
llama3-8b,rome,zsre,zsre_row15,efficacy,diff,pre,0.03240450293919638
llama3-8b,rome,zsre,zsre_row15,efficacy,acc,pre,0.0
llama3-8b,rome,zsre,zsre_row15,generalisation,success,pre,1.0
llama3-8b,rome,zsre,zsre_row15,generalisation,diff,pre,0.00737901116939809
llama3-8b,rome,zsre,zsre_row15,generalisation,acc,pre,0.0
llama3-8b,rome,zsre,zsre_row15,specificity,success,pre,0.0
llama3-8b,rome,zsre,zsre_row15,specificity,diff,pre,-0.01974578510116906
llama3-8b,rome,zsre,zsre_row15,specificity,acc,pre,0.0
llama3-8b,rome,zsre,zsre_row15,efficacy,success,post,1.0
llama3-8b,rome,zsre,zsre_row15,efficacy,diff,post,0.03240450293919638
llama3-8b,rome,zsre,zsre_row15,efficacy,acc,post,0.0
llama3-8b,rome,zsre,zsre_row15,generalisation,success,post,1.0
llama3-8b,rome,zsre,zsre_row15,generalisation,diff,post,0.00737901116939809
llama3-8b,rome,zsre,zsre_row15,generalisation,acc,post,0.0
llama3-8b,rome,zsre,zsre_row15,specificity,success,post,0.0
llama3-8b,rome,zsre,zsre_row15,specificity,diff,post,-0.01974578510116906
llama3-8b,rome,zsre,zsre_row15,specificity,acc,post,0.0
llama3-8b,rome,zsre,zsre_row16,efficacy,success,pre,1.0
llama3-8b,rome,zsre,zsre_row16,efficacy,diff,pre,0.018966116185248693
llama3-8b,rome,zsre,zsre_row16,efficacy,acc,pre,0.0
llama3-8b,rome,zsre,zsre_row16,generalisation,success,pre,1.0
llama3-8b,rome,zsre,zsre_row16,generalisation,diff,pre,0.017105515755022893
llama3-8b,rome,zsre,zsre_row16,generalisation,acc,pre,0.0
llama3-8b,rome,zsre,zsre_row16,specificity,success,pre,0.0
llama3-8b,rome,zsre,zsre_row16,specificity,diff,pre,-0.09245596372738317
llama3-8b,rome,zsre,zsre_row16,specificity,acc,pre,0.0
llama3-8b,rome,zsre,zsre_row16,efficacy,success,post,1.0
llama3-8b,rome,zsre,zsre_row16,efficacy,diff,post,0.018966116185248693
llama3-8b,rome,zsre,zsre_row16,efficacy,acc,post,0.0
llama3-8b,rome,zsre,zsre_row16,generalisation,success,post,1.0
llama3-8b,rome,zsre,zsre_row16,generalisation,diff,post,0.017105515755022893
llama3-8b,rome,zsre,zsre_row16,generalisation,acc,post,0.0
llama3-8b,rome,zsre,zsre_row16,specificity,success,post,0.0
llama3-8b,rome,zsre,zsre_row16,specificity,diff,post,-0.09245596372738317
llama3-8b,rome,zsre,zsre_row16,specificity,acc,post,0.0
llama3-8b,rome,zsre,zsre_row17,efficacy,success,pre,1.0
llama3-8b,rome,zsre,zsre_row17,efficacy,diff,pre,0.007300494180903171
llama3-8b,rome,zsre,zsre_row17,efficacy,acc,pre,0.0
llama3-8b,rome,zsre,zsre_row17,generalisation,success,pre,1.0
llama3-8b,rome,zsre,zsre_row17,generalisation,diff,pre,0.0027689164354286113
llama3-8b,rome,zsre,zsre_row17,generalisation,acc,pre,0.0
llama3-8b,rome,zsre,zsre_row17,specificity,success,pre,0.0
llama3-8b,rome,zsre,zsre_row17,specificity,diff,pre,-0.0024025830768946224
llama3-8b,rome,zsre,zsre_row17,specificity,acc,pre,0.0
llama3-8b,rome,zsre,zsre_row17,efficacy,success,post,1.0
llama3-8b,rome,zsre,zsre_row17,efficacy,diff,post,0.007300494180903171
llama3-8b,rome,zsre,zsre_row17,efficacy,acc,post,0.0
llama3-8b,rome,zsre,zsre_row17,generalisation,success,post,1.0
llama3-8b,rome,zsre,zsre_row17,generalisation,diff,post,0.0027689164354286113
llama3-8b,rome,zsre,zsre_row17,generalisation,acc,post,0.0
llama3-8b,rome,zsre,zsre_row17,specificity,success,post,0.0
llama3-8b,rome,zsre,zsre_row17,specificity,diff,post,-0.0024025830768946224
llama3-8b,rome,zsre,zsre_row17,specificity,acc,post,0.0
llama3-8b,rome,zsre,zsre_row18,efficacy,success,pre,1.0
llama3-8b,rome,zsre,zsre_row18,efficacy,diff,pre,0.08684317121127196
llama3-8b,rome,zsre,zsre_row18,efficacy,acc,pre,0.0
llama3-8b,rome,zsre,zsre_row18,generalisation,success,pre,1.0
llama3-8b,rome,zsre,zsre_row18,generalisation,diff,pre,0.0805338390728148
llama3-8b,rome,zsre,zsre_row18,generalisation,acc,pre,0.0
llama3-8b,rome,zsre,zsre_row18,specificity,success,pre,1.0
llama3-8b,rome,zsre,zsre_row18,specificity,diff,pre,0.00048408661281819614
llama3-8b,rome,zsre,zsre_row18,specificity,acc,pre,0.0
llama3-8b,rome,zsre,zsre_row18,efficacy,success,post,1.0
llama3-8b,rome,zsre,zsre_row18,efficacy,diff,post,0.08684317121127196
llama3-8b,rome,zsre,zsre_row18,efficacy,acc,post,0.0
llama3-8b,rome,zsre,zsre_row18,generalisation,success,post,1.0
llama3-8b,rome,zsre,zsre_row18,generalisation,diff,post,0.0805338390728148
llama3-8b,rome,zsre,zsre_row18,generalisation,acc,post,0.0
llama3-8b,rome,zsre,zsre_row18,specificity,success,post,1.0
llama3-8b,rome,zsre,zsre_row18,specificity,diff,post,0.00048408661281819614
llama3-8b,rome,zsre,zsre_row18,specificity,acc,post,0.0
llama3-8b,rome,zsre,zsre_row19,efficacy,success,pre,0.0
llama3-8b,rome,zsre,zsre_row19,efficacy,diff,pre,-0.03419375466191363
llama3-8b,rome,zsre,zsre_row19,efficacy,acc,pre,0.0
llama3-8b,rome,zsre,zsre_row19,generalisation,success,pre,0.0
llama3-8b,rome,zsre,zsre_row19,generalisation,diff,pre,-0.02360428600517984
llama3-8b,rome,zsre,zsre_row19,generalisation,acc,pre,0.0
llama3-8b,rome,zsre,zsre_row19,specificity,success,pre,1.0
llama3-8b,rome,zsre,zsre_row19,specificity,diff,pre,0.00013076837963757812
llama3-8b,rome,zsre,zsre_row19,specificity,acc,pre,0.0
llama3-8b,rome,zsre,zsre_row19,efficacy,success,post,0.0
llama3-8b,rome,zsre,zsre_row19,efficacy,diff,post,-0.03419375466191363
llama3-8b,rome,zsre,zsre_row19,efficacy,acc,post,0.0
llama3-8b,rome,zsre,zsre_row19,generalisation,success,post,0.0
llama3-8b,rome,zsre,zsre_row19,generalisation,diff,post,-0.02360428600517984
llama3-8b,rome,zsre,zsre_row19,generalisation,acc,post,0.0
llama3-8b,rome,zsre,zsre_row19,specificity,success,post,1.0
llama3-8b,rome,zsre,zsre_row19,specificity,diff,post,0.00013076837963757812
llama3-8b,rome,zsre,zsre_row19,specificity,acc,post,0.0
