model,method,bench,case,category,measure,phase,value
gpt2-xl,alphaedit,counterfact,0,efficacy,success,pre,0.0
gpt2-xl,alphaedit,counterfact,0,efficacy,diff,pre,-0.37617651698075644
gpt2-xl,alphaedit,counterfact,0,efficacy,acc,pre,0.0
gpt2-xl,alphaedit,counterfact,0,generalisation,success,pre,1.0
gpt2-xl,alphaedit,counterfact,0,generalisation,diff,pre,0.0005171306729141865
gpt2-xl,alphaedit,counterfact,0,generalisation,acc,pre,0.0
gpt2-xl,alphaedit,counterfact,0,specificity,success,pre,0.0
gpt2-xl,alphaedit,counterfact,0,specificity,diff,pre,-0.3224642760423937
gpt2-xl,alphaedit,counterfact,0,specificity,acc,pre,0.7
gpt2-xl,alphaedit,counterfact,0,target_close_neighbour,success,pre,1.0
gpt2-xl,alphaedit,counterfact,0,target_close_neighbour,diff,pre,0.07185565722335695
gpt2-xl,alphaedit,counterfact,0,target_close_neighbour,acc,pre,0.4
gpt2-xl,alphaedit,counterfact,0,efficacy,success,post,1.0
gpt2-xl,alphaedit,counterfact,0,efficacy,diff,post,0.992727061362439
gpt2-xl,alphaedit,counterfact,0,efficacy,acc,post,1.0
gpt2-xl,alphaedit,counterfact,0,generalisation,success,post,1.0
gpt2-xl,alphaedit,counterfact,0,generalisation,diff,post,0.02275474633797502
gpt2-xl,alphaedit,counterfact,0,generalisation,acc,post,0.0
gpt2-xl,alphaedit,counterfact,0,specificity,success,post,0.0
gpt2-xl,alphaedit,counterfact,0,specificity,diff,post,-0.32885386701958247
gpt2-xl,alphaedit,counterfact,0,specificity,acc,post,0.7
gpt2-xl,alphaedit,counterfact,0,target_close_neighbour,success,post,1.0
gpt2-xl,alphaedit,counterfact,0,target_close_neighbour,diff,post,0.07639750612771097
gpt2-xl,alphaedit,counterfact,0,target_close_neighbour,acc,post,0.4
gpt2-xl,alphaedit,counterfact,1,efficacy,success,pre,0.0
gpt2-xl,alphaedit,counterfact,1,efficacy,diff,pre,-0.10433664415338888
gpt2-xl,alphaedit,counterfact,1,efficacy,acc,pre,0.0
gpt2-xl,alphaedit,counterfact,1,generalisation,success,pre,0.0
gpt2-xl,alphaedit,counterfact,1,generalisation,diff,pre,-0.0010584796715423853
gpt2-xl,alphaedit,counterfact,1,generalisation,acc,pre,0.0
gpt2-xl,alphaedit,counterfact,1,specificity,success,pre,0.7
gpt2-xl,alphaedit,counterfact,1,specificity,diff,pre,0.025185032982237548
gpt2-xl,alphaedit,counterfact,1,specificity,acc,pre,0.1
gpt2-xl,alphaedit,counterfact,1,target_close_neighbour,success,pre,1.0
gpt2-xl,alphaedit,counterfact,1,target_close_neighbour,diff,pre,0.11009343599061741
gpt2-xl,alphaedit,counterfact,1,target_close_neighbour,acc,pre,0.3
gpt2-xl,alphaedit,counterfact,1,efficacy,success,post,1.0
gpt2-xl,alphaedit,counterfact,1,efficacy,diff,post,0.9924723911535379
gpt2-xl,alphaedit,counterfact,1,efficacy,acc,post,1.0
gpt2-xl,alphaedit,counterfact,1,generalisation,success,post,1.0
gpt2-xl,alphaedit,counterfact,1,generalisation,diff,post,0.131155837184375
gpt2-xl,alphaedit,counterfact,1,generalisation,acc,post,0.0
gpt2-xl,alphaedit,counterfact,1,specificity,success,post,0.7
gpt2-xl,alphaedit,counterfact,1,specificity,diff,post,0.039267747766897364
gpt2-xl,alphaedit,counterfact,1,specificity,acc,post,0.1
gpt2-xl,alphaedit,counterfact,1,target_close_neighbour,success,post,1.0
gpt2-xl,alphaedit,counterfact,1,target_close_neighbour,diff,post,0.12209544145062452
gpt2-xl,alphaedit,counterfact,1,target_close_neighbour,acc,post,0.3
gpt2-xl,alphaedit,counterfact,2,efficacy,success,pre,1.0
gpt2-xl,alphaedit,counterfact,2,efficacy,diff,pre,2.8234194909068148e-05
gpt2-xl,alphaedit,counterfact,2,efficacy,acc,pre,0.0
gpt2-xl,alphaedit,counterfact,2,generalisation,success,pre,0.5
gpt2-xl,alphaedit,counterfact,2,generalisation,diff,pre,0.013870785335809153
gpt2-xl,alphaedit,counterfact,2,generalisation,acc,pre,0.0
gpt2-xl,alphaedit,counterfact,2,specificity,success,pre,0.6
gpt2-xl,alphaedit,counterfact,2,specificity,diff,pre,-0.0022553692823553133
gpt2-xl,alphaedit,counterfact,2,specificity,acc,pre,0.0
gpt2-xl,alphaedit,counterfact,2,target_close_neighbour,success,pre,0.7
gpt2-xl,alphaedit,counterfact,2,target_close_neighbour,diff,pre,0.006844458774199277
gpt2-xl,alphaedit,counterfact,2,target_close_neighbour,acc,pre,0.0
gpt2-xl,alphaedit,counterfact,2,efficacy,success,post,1.0
gpt2-xl,alphaedit,counterfact,2,efficacy,diff,post,0.9907640986511519
gpt2-xl,alphaedit,counterfact,2,efficacy,acc,post,1.0
gpt2-xl,alphaedit,counterfact,2,generalisation,success,post,1.0
gpt2-xl,alphaedit,counterfact,2,generalisation,diff,post,0.47007482711844295
gpt2-xl,alphaedit,counterfact,2,generalisation,acc,post,0.5
gpt2-xl,alphaedit,counterfact,2,specificity,success,post,0.6
gpt2-xl,alphaedit,counterfact,2,specificity,diff,post,-0.002399747902169039
gpt2-xl,alphaedit,counterfact,2,specificity,acc,post,0.0
gpt2-xl,alphaedit,counterfact,2,target_close_neighbour,success,post,0.7
gpt2-xl,alphaedit,counterfact,2,target_close_neighbour,diff,post,0.009339811931097598
gpt2-xl,alphaedit,counterfact,2,target_close_neighbour,acc,post,0.0
gpt2-xl,alphaedit,mquake,1,efficacy,success,pre,0.5
gpt2-xl,alphaedit,mquake,1,efficacy,diff,pre,0.07306973828161172
gpt2-xl,alphaedit,mquake,1,efficacy,acc,pre,0.35714285714285715
gpt2-xl,alphaedit,mquake,1,single_hop,success,pre,0.5
gpt2-xl,alphaedit,mquake,1,single_hop,diff,pre,0.07306973828161172
gpt2-xl,alphaedit,mquake,1,single_hop,acc,pre,0.35714285714285715
gpt2-xl,alphaedit,mquake,1,multihop,hit,pre,0.0
gpt2-xl,alphaedit,mquake,1,efficacy,success,post,1.0
gpt2-xl,alphaedit,mquake,1,efficacy,diff,post,0.9827395884202655
gpt2-xl,alphaedit,mquake,1,efficacy,acc,post,1.0
gpt2-xl,alphaedit,mquake,1,single_hop,success,post,1.0
gpt2-xl,alphaedit,mquake,1,single_hop,diff,post,0.9827395884202655
gpt2-xl,alphaedit,mquake,1,single_hop,acc,post,1.0
gpt2-xl,alphaedit,mquake,1,multihop,hit,post,0.0
gpt2-xl,alphaedit,mquake,2,efficacy,success,pre,0.0
gpt2-xl,alphaedit,mquake,2,efficacy,diff,pre,-0.12840998488189664
gpt2-xl,alphaedit,mquake,2,efficacy,acc,pre,0.0
gpt2-xl,alphaedit,mquake,2,single_hop,success,pre,0.5
gpt2-xl,alphaedit,mquake,2,single_hop,diff,pre,-0.06177679998938742
gpt2-xl,alphaedit,mquake,2,single_hop,acc,pre,0.0
gpt2-xl,alphaedit,mquake,2,multihop,hit,pre,0.0
gpt2-xl,alphaedit,mquake,2,efficacy,success,post,1.0
gpt2-xl,alphaedit,mquake,2,efficacy,diff,post,0.979358092122796
gpt2-xl,alphaedit,mquake,2,efficacy,acc,post,1.0
gpt2-xl,alphaedit,mquake,2,single_hop,success,post,1.0
gpt2-xl,alphaedit,mquake,2,single_hop,diff,post,0.4920345620804876
gpt2-xl,alphaedit,mquake,2,single_hop,acc,post,0.5
gpt2-xl,alphaedit,mquake,2,multihop,hit,post,0.0
gpt2-xl,alphaedit,mquake,3,efficacy,success,pre,0.0
gpt2-xl,alphaedit,mquake,3,efficacy,diff,pre,-0.08145391641925212
gpt2-xl,alphaedit,mquake,3,efficacy,acc,pre,0.5
gpt2-xl,alphaedit,mquake,3,single_hop,success,pre,0.5
gpt2-xl,alphaedit,mquake,3,single_hop,diff,pre,-0.0405034361357399
gpt2-xl,alphaedit,mquake,3,single_hop,acc,pre,0.25
gpt2-xl,alphaedit,mquake,3,multihop,hit,pre,0.0
gpt2-xl,alphaedit,mquake,3,efficacy,success,post,1.0
gpt2-xl,alphaedit,mquake,3,efficacy,diff,post,0.0564453611049176
gpt2-xl,alphaedit,mquake,3,efficacy,acc,post,0.5
gpt2-xl,alphaedit,mquake,3,single_hop,success,post,1.0
gpt2-xl,alphaedit,mquake,3,single_hop,diff,post,0.028501497479977177
gpt2-xl,alphaedit,mquake,3,single_hop,acc,post,0.25
gpt2-xl,alphaedit,mquake,3,multihop,hit,post,0.0
gpt2-xl,alphaedit,ripple,ripple_popular_row0,efficacy,hit,pre,0.0
gpt2-xl,alphaedit,ripple,ripple_popular_row0,ripple_compositional_i,hit,pre,0.0
gpt2-xl,alphaedit,ripple,ripple_popular_row0,ripple_aliasing,hit,pre,0.0
gpt2-xl,alphaedit,ripple,ripple_popular_row0,ripple_relation_specificity,hit,pre,0.0
gpt2-xl,alphaedit,ripple,ripple_popular_row0,ripple_preservation,hit,pre,0.0
gpt2-xl,alphaedit,ripple,ripple_popular_row0,efficacy,hit,post,1.0
gpt2-xl,alphaedit,ripple,ripple_popular_row0,ripple_compositional_i,hit,post,0.42857142857142855
gpt2-xl,alphaedit,ripple,ripple_popular_row0,ripple_aliasing,hit,post,1.0
gpt2-xl,alphaedit,ripple,ripple_popular_row0,ripple_relation_specificity,hit,post,0.1111111111111111
gpt2-xl,alphaedit,ripple,ripple_popular_row0,ripple_preservation,hit,post,0.0
gpt2-xl,alphaedit,ripple,ripple_popular_row2,efficacy,hit,pre,0.0
gpt2-xl,alphaedit,ripple,ripple_popular_row2,ripple_logical,hit,pre,0.0
gpt2-xl,alphaedit,ripple,ripple_popular_row2,ripple_compositional_i,hit,pre,0.0
gpt2-xl,alphaedit,ripple,ripple_popular_row2,ripple_aliasing,hit,pre,0.0
gpt2-xl,alphaedit,ripple,ripple_popular_row2,ripple_relation_specificity,hit,pre,0.0
gpt2-xl,alphaedit,ripple,ripple_popular_row2,ripple_preservation,hit,pre,0.0
gpt2-xl,alphaedit,ripple,ripple_popular_row2,efficacy,hit,post,1.0
gpt2-xl,alphaedit,ripple,ripple_popular_row2,ripple_logical,hit,post,0.0
gpt2-xl,alphaedit,ripple,ripple_popular_row2,ripple_compositional_i,hit,post,0.0
gpt2-xl,alphaedit,ripple,ripple_popular_row2,ripple_aliasing,hit,post,1.0
gpt2-xl,alphaedit,ripple,ripple_popular_row2,ripple_relation_specificity,hit,post,0.1111111111111111
gpt2-xl,alphaedit,ripple,ripple_popular_row2,ripple_preservation,hit,post,0.0
gpt2-xl,alphaedit,ripple,ripple_random_row0,efficacy,hit,pre,0.0
gpt2-xl,alphaedit,ripple,ripple_random_row0,ripple_logical,hit,pre,0.0
gpt2-xl,alphaedit,ripple,ripple_random_row0,ripple_aliasing,hit,pre,0.0
gpt2-xl,alphaedit,ripple,ripple_random_row0,ripple_relation_specificity,hit,pre,0.0
gpt2-xl,alphaedit,ripple,ripple_random_row0,efficacy,hit,post,0.0
gpt2-xl,alphaedit,ripple,ripple_random_row0,ripple_logical,hit,post,0.0
gpt2-xl,alphaedit,ripple,ripple_random_row0,ripple_aliasing,hit,post,0.0
gpt2-xl,alphaedit,ripple,ripple_random_row0,ripple_relation_specificity,hit,post,0.0
gpt2-xl,alphaedit,ripple,ripple_random_row1,efficacy,hit,pre,0.0
gpt2-xl,alphaedit,ripple,ripple_random_row1,ripple_compositional_i,hit,pre,0.0
gpt2-xl,alphaedit,ripple,ripple_random_row1,ripple_aliasing,hit,pre,0.0
gpt2-xl,alphaedit,ripple,ripple_random_row1,ripple_relation_specificity,hit,pre,0.0
gpt2-xl,alphaedit,ripple,ripple_random_row1,efficacy,hit,post,1.0
gpt2-xl,alphaedit,ripple,ripple_random_row1,ripple_compositional_i,hit,post,0.0
gpt2-xl,alphaedit,ripple,ripple_random_row1,ripple_aliasing,hit,post,0.0
gpt2-xl,alphaedit,ripple,ripple_random_row1,ripple_relation_specificity,hit,post,0.0
gpt2-xl,alphaedit,ripple,ripple_random_row2,efficacy,hit,pre,0.0
gpt2-xl,alphaedit,ripple,ripple_random_row2,ripple_compositional_i,hit,pre,0.0
gpt2-xl,alphaedit,ripple,ripple_random_row2,ripple_aliasing,hit,pre,0.0
gpt2-xl,alphaedit,ripple,ripple_random_row2,efficacy,hit,post,1.0
gpt2-xl,alphaedit,ripple,ripple_random_row2,ripple_compositional_i,hit,post,1.0
gpt2-xl,alphaedit,ripple,ripple_random_row2,ripple_aliasing,hit,post,1.0
gpt2-xl,alphaedit,zsre,zsre_row0,efficacy,success,pre,0.0
gpt2-xl,alphaedit,zsre,zsre_row0,efficacy,diff,pre,-0.0005764174707755948
gpt2-xl,alphaedit,zsre,zsre_row0,efficacy,acc,pre,0.3333333333333333
gpt2-xl,alphaedit,zsre,zsre_row0,generalisation,success,pre,0.0
gpt2-xl,alphaedit,zsre,zsre_row0,generalisation,diff,pre,-0.002501691335092246
gpt2-xl,alphaedit,zsre,zsre_row0,generalisation,acc,pre,0.3333333333333333
gpt2-xl,alphaedit,zsre,zsre_row0,specificity,success,pre,1.0
gpt2-xl,alphaedit,zsre,zsre_row0,specificity,diff,pre,0.0002046845795470628
gpt2-xl,alphaedit,zsre,zsre_row0,specificity,acc,pre,0.3333333333333333
gpt2-xl,alphaedit,zsre,zsre_row0,efficacy,success,post,1.0
gpt2-xl,alphaedit,zsre,zsre_row0,efficacy,diff,post,0.9295042024969625
gpt2-xl,alphaedit,zsre,zsre_row0,efficacy,acc,post,1.0
gpt2-xl,alphaedit,zsre,zsre_row0,generalisation,success,post,1.0
gpt2-xl,alphaedit,zsre,zsre_row0,generalisation,diff,post,0.15550902432789665
gpt2-xl,alphaedit,zsre,zsre_row0,generalisation,acc,post,0.6666666666666666
gpt2-xl,alphaedit,zsre,zsre_row0,specificity,success,post,1.0
gpt2-xl,alphaedit,zsre,zsre_row0,specificity,diff,post,0.000317121831884658
gpt2-xl,alphaedit,zsre,zsre_row0,specificity,acc,post,0.3333333333333333
gpt2-xl,alphaedit,zsre,zsre_row1,efficacy,success,pre,0.0
gpt2-xl,alphaedit,zsre,zsre_row1,efficacy,diff,pre,-0.02953277586544776
gpt2-xl,alphaedit,zsre,zsre_row1,efficacy,acc,pre,0.5
gpt2-xl,alphaedit,zsre,zsre_row1,generalisation,success,pre,0.0
gpt2-xl,alphaedit,zsre,zsre_row1,generalisation,diff,pre,-0.01901215584201373
gpt2-xl,alphaedit,zsre,zsre_row1,generalisation,acc,pre,0.0
gpt2-xl,alphaedit,zsre,zsre_row1,specificity,success,pre,0.0
gpt2-xl,alphaedit,zsre,zsre_row1,specificity,diff,pre,-0.005373715503999106
gpt2-xl,alphaedit,zsre,zsre_row1,specificity,acc,pre,0.5
gpt2-xl,alphaedit,zsre,zsre_row1,efficacy,success,post,1.0
gpt2-xl,alphaedit,zsre,zsre_row1,efficacy,diff,post,0.8490024704786816
gpt2-xl,alphaedit,zsre,zsre_row1,efficacy,acc,post,1.0
gpt2-xl,alphaedit,zsre,zsre_row1,generalisation,success,post,1.0
gpt2-xl,alphaedit,zsre,zsre_row1,generalisation,diff,post,0.5738588716734263
gpt2-xl,alphaedit,zsre,zsre_row1,generalisation,acc,post,1.0
gpt2-xl,alphaedit,zsre,zsre_row1,specificity,success,post,0.0
gpt2-xl,alphaedit,zsre,zsre_row1,specificity,diff,post,-0.0053918838903811266
gpt2-xl,alphaedit,zsre,zsre_row1,specificity,acc,post,0.5
gpt2-xl,alphaedit,zsre,zsre_row2,efficacy,success,pre,0.0
gpt2-xl,alphaedit,zsre,zsre_row2,efficacy,diff,pre,-2.442762706981668e-07
gpt2-xl,alphaedit,zsre,zsre_row2,efficacy,acc,pre,0.0
gpt2-xl,alphaedit,zsre,zsre_row2,generalisation,success,pre,0.0
gpt2-xl,alphaedit,zsre,zsre_row2,generalisation,diff,pre,-3.203728883827346e-07
gpt2-xl,alphaedit,zsre,zsre_row2,generalisation,acc,pre,0.0
gpt2-xl,alphaedit,zsre,zsre_row2,specificity,success,pre,0.0
gpt2-xl,alphaedit,zsre,zsre_row2,specificity,diff,pre,-0.004939125528424883
gpt2-xl,alphaedit,zsre,zsre_row2,specificity,acc,pre,0.6666666666666666
gpt2-xl,alphaedit,zsre,zsre_row2,efficacy,success,post,1.0
gpt2-xl,alphaedit,zsre,zsre_row2,efficacy,diff,post,0.9901788144203105
gpt2-xl,alphaedit,zsre,zsre_row2,efficacy,acc,post,1.0
gpt2-xl,alphaedit,zsre,zsre_row2,generalisation,success,post,1.0
gpt2-xl,alphaedit,zsre,zsre_row2,generalisation,diff,post,0.7741660219262021
gpt2-xl,alphaedit,zsre,zsre_row2,generalisation,acc,post,1.0
gpt2-xl,alphaedit,zsre,zsre_row2,specificity,success,post,0.0
gpt2-xl,alphaedit,zsre,zsre_row2,specificity,diff,post,-0.004865703539766212
gpt2-xl,alphaedit,zsre,zsre_row2,specificity,acc,post,0.6666666666666666
gpt2-xl,anyedit,counterfact,0,efficacy,success,pre,0.0
gpt2-xl,anyedit,counterfact,0,efficacy,diff,pre,-0.37617651698075644
gpt2-xl,anyedit,counterfact,0,efficacy,acc,pre,0.0
gpt2-xl,anyedit,counterfact,0,generalisation,success,pre,1.0
gpt2-xl,anyedit,counterfact,0,generalisation,diff,pre,0.0005171306729141865
gpt2-xl,anyedit,counterfact,0,generalisation,acc,pre,0.0
gpt2-xl,anyedit,counterfact,0,specificity,success,pre,0.0
gpt2-xl,anyedit,counterfact,0,specificity,diff,pre,-0.3224642760423937
gpt2-xl,anyedit,counterfact,0,specificity,acc,pre,0.7
gpt2-xl,anyedit,counterfact,0,target_close_neighbour,success,pre,1.0
gpt2-xl,anyedit,counterfact,0,target_close_neighbour,diff,pre,0.07185565722335695
gpt2-xl,anyedit,counterfact,0,target_close_neighbour,acc,pre,0.4
gpt2-xl,anyedit,counterfact,0,efficacy,success,post,1.0
gpt2-xl,anyedit,counterfact,0,efficacy,diff,post,0.810057145550344
gpt2-xl,anyedit,counterfact,0,efficacy,acc,post,1.0
gpt2-xl,anyedit,counterfact,0,generalisation,success,post,1.0
gpt2-xl,anyedit,counterfact,0,generalisation,diff,post,0.0012681173629869565
gpt2-xl,anyedit,counterfact,0,generalisation,acc,post,0.0
gpt2-xl,anyedit,counterfact,0,specificity,success,post,0.2
gpt2-xl,anyedit,counterfact,0,specificity,diff,post,-0.2152517442800496
gpt2-xl,anyedit,counterfact,0,specificity,acc,post,0.5
gpt2-xl,anyedit,counterfact,0,target_close_neighbour,success,post,1.0
gpt2-xl,anyedit,counterfact,0,target_close_neighbour,diff,post,0.2032581730448076
gpt2-xl,anyedit,counterfact,0,target_close_neighbour,acc,post,0.4
gpt2-xl,anyedit,counterfact,1,efficacy,success,pre,0.0
gpt2-xl,anyedit,counterfact,1,efficacy,diff,pre,-0.10433664415338888
gpt2-xl,anyedit,counterfact,1,efficacy,acc,pre,0.0
gpt2-xl,anyedit,counterfact,1,generalisation,success,pre,0.0
gpt2-xl,anyedit,counterfact,1,generalisation,diff,pre,-0.0010584796715423853
gpt2-xl,anyedit,counterfact,1,generalisation,acc,pre,0.0
gpt2-xl,anyedit,counterfact,1,specificity,success,pre,0.7
gpt2-xl,anyedit,counterfact,1,specificity,diff,pre,0.025185032982237548
gpt2-xl,anyedit,counterfact,1,specificity,acc,pre,0.1
gpt2-xl,anyedit,counterfact,1,target_close_neighbour,success,pre,1.0
gpt2-xl,anyedit,counterfact,1,target_close_neighbour,diff,pre,0.11009343599061741
gpt2-xl,anyedit,counterfact,1,target_close_neighbour,acc,pre,0.3
gpt2-xl,anyedit,counterfact,1,efficacy,success,post,1.0
gpt2-xl,anyedit,counterfact,1,efficacy,diff,post,0.9379651991950944
gpt2-xl,anyedit,counterfact,1,efficacy,acc,post,1.0
gpt2-xl,anyedit,counterfact,1,generalisation,success,post,0.0
gpt2-xl,anyedit,counterfact,1,generalisation,diff,post,-0.0012297479495582521
gpt2-xl,anyedit,counterfact,1,generalisation,acc,post,0.0
gpt2-xl,anyedit,counterfact,1,specificity,success,post,1.0
gpt2-xl,anyedit,counterfact,1,specificity,diff,post,0.2686836167367302
gpt2-xl,anyedit,counterfact,1,specificity,acc,post,0.0
gpt2-xl,anyedit,counterfact,1,target_close_neighbour,success,post,1.0
gpt2-xl,anyedit,counterfact,1,target_close_neighbour,diff,post,0.24365039156199947
gpt2-xl,anyedit,counterfact,1,target_close_neighbour,acc,post,0.5
gpt2-xl,anyedit,counterfact,2,efficacy,success,pre,1.0
gpt2-xl,anyedit,counterfact,2,efficacy,diff,pre,2.8234194909068148e-05
gpt2-xl,anyedit,counterfact,2,efficacy,acc,pre,0.0
gpt2-xl,anyedit,counterfact,2,generalisation,success,pre,0.5
gpt2-xl,anyedit,counterfact,2,generalisation,diff,pre,0.013870785335809153
gpt2-xl,anyedit,counterfact,2,generalisation,acc,pre,0.0
gpt2-xl,anyedit,counterfact,2,specificity,success,pre,0.6
gpt2-xl,anyedit,counterfact,2,specificity,diff,pre,-0.0022553692823553133
gpt2-xl,anyedit,counterfact,2,specificity,acc,pre,0.0
gpt2-xl,anyedit,counterfact,2,target_close_neighbour,success,pre,0.7
gpt2-xl,anyedit,counterfact,2,target_close_neighbour,diff,pre,0.006844458774199277
gpt2-xl,anyedit,counterfact,2,target_close_neighbour,acc,pre,0.0
gpt2-xl,anyedit,counterfact,2,efficacy,success,post,1.0
gpt2-xl,anyedit,counterfact,2,efficacy,diff,post,0.00136550294692295
gpt2-xl,anyedit,counterfact,2,efficacy,acc,post,0.0
gpt2-xl,anyedit,counterfact,2,generalisation,success,post,0.5
gpt2-xl,anyedit,counterfact,2,generalisation,diff,post,0.019829451303874417
gpt2-xl,anyedit,counterfact,2,generalisation,acc,post,0.0
gpt2-xl,anyedit,counterfact,2,specificity,success,post,0.7
gpt2-xl,anyedit,counterfact,2,specificity,diff,post,0.0006667545259834586
gpt2-xl,anyedit,counterfact,2,specificity,acc,post,0.0
gpt2-xl,anyedit,counterfact,2,target_close_neighbour,success,post,1.0
gpt2-xl,anyedit,counterfact,2,target_close_neighbour,diff,post,0.009049069267881318
gpt2-xl,anyedit,counterfact,2,target_close_neighbour,acc,post,0.0
gpt2-xl,anyedit,mquake,1,efficacy,success,pre,0.5
gpt2-xl,anyedit,mquake,1,efficacy,diff,pre,0.07306973828161172
gpt2-xl,anyedit,mquake,1,efficacy,acc,pre,0.35714285714285715
gpt2-xl,anyedit,mquake,1,single_hop,success,pre,0.5
gpt2-xl,anyedit,mquake,1,single_hop,diff,pre,0.07306973828161172
gpt2-xl,anyedit,mquake,1,single_hop,acc,pre,0.35714285714285715
gpt2-xl,anyedit,mquake,1,multihop,hit,pre,0.0
gpt2-xl,anyedit,mquake,1,efficacy,success,post,1.0
gpt2-xl,anyedit,mquake,1,efficacy,diff,post,0.8301196989419903
gpt2-xl,anyedit,mquake,1,efficacy,acc,post,1.0
gpt2-xl,anyedit,mquake,1,single_hop,success,post,1.0
gpt2-xl,anyedit,mquake,1,single_hop,diff,post,0.8301196989419903
gpt2-xl,anyedit,mquake,1,single_hop,acc,post,1.0
gpt2-xl,anyedit,mquake,1,multihop,hit,post,0.0
gpt2-xl,anyedit,mquake,2,efficacy,success,pre,0.0
gpt2-xl,anyedit,mquake,2,efficacy,diff,pre,-0.12840998488189664
gpt2-xl,anyedit,mquake,2,efficacy,acc,pre,0.0
gpt2-xl,anyedit,mquake,2,single_hop,success,pre,0.5
gpt2-xl,anyedit,mquake,2,single_hop,diff,pre,-0.06177679998938742
gpt2-xl,anyedit,mquake,2,single_hop,acc,pre,0.0
gpt2-xl,anyedit,mquake,2,multihop,hit,pre,0.0
gpt2-xl,anyedit,mquake,2,efficacy,success,post,1.0
gpt2-xl,anyedit,mquake,2,efficacy,diff,post,0.017364002608650293
gpt2-xl,anyedit,mquake,2,efficacy,acc,post,0.3333333333333333
gpt2-xl,anyedit,mquake,2,single_hop,success,post,1.0
gpt2-xl,anyedit,mquake,2,single_hop,diff,post,0.011256698887799534
gpt2-xl,anyedit,mquake,2,single_hop,acc,post,0.16666666666666666
gpt2-xl,anyedit,mquake,2,multihop,hit,post,0.0
gpt2-xl,anyedit,mquake,3,efficacy,success,pre,0.0
gpt2-xl,anyedit,mquake,3,efficacy,diff,pre,-0.08145391641925212
gpt2-xl,anyedit,mquake,3,efficacy,acc,pre,0.5
gpt2-xl,anyedit,mquake,3,single_hop,success,pre,0.5
gpt2-xl,anyedit,mquake,3,single_hop,diff,pre,-0.0405034361357399
gpt2-xl,anyedit,mquake,3,single_hop,acc,pre,0.25
gpt2-xl,anyedit,mquake,3,multihop,hit,pre,0.0
gpt2-xl,anyedit,mquake,3,efficacy,success,post,1.0
gpt2-xl,anyedit,mquake,3,efficacy,diff,post,0.9963682154397906
gpt2-xl,anyedit,mquake,3,efficacy,acc,post,1.0
gpt2-xl,anyedit,mquake,3,single_hop,success,post,1.0
gpt2-xl,anyedit,mquake,3,single_hop,diff,post,0.4983757356049241
gpt2-xl,anyedit,mquake,3,single_hop,acc,post,0.5
gpt2-xl,anyedit,mquake,3,multihop,hit,post,0.3333333333333333
gpt2-xl,anyedit,ripple,ripple_popular_row0,efficacy,hit,pre,0.0
gpt2-xl,anyedit,ripple,ripple_popular_row0,ripple_compositional_i,hit,pre,0.0
gpt2-xl,anyedit,ripple,ripple_popular_row0,ripple_aliasing,hit,pre,0.0
gpt2-xl,anyedit,ripple,ripple_popular_row0,ripple_relation_specificity,hit,pre,0.0
gpt2-xl,anyedit,ripple,ripple_popular_row0,ripple_preservation,hit,pre,0.0
gpt2-xl,anyedit,ripple,ripple_popular_row0,efficacy,hit,post,1.0
gpt2-xl,anyedit,ripple,ripple_popular_row0,ripple_compositional_i,hit,post,0.0
gpt2-xl,anyedit,ripple,ripple_popular_row0,ripple_aliasing,hit,post,1.0
gpt2-xl,anyedit,ripple,ripple_popular_row0,ripple_relation_specificity,hit,post,0.0
gpt2-xl,anyedit,ripple,ripple_popular_row0,ripple_preservation,hit,post,0.0
gpt2-xl,anyedit,ripple,ripple_popular_row2,efficacy,hit,pre,0.0
gpt2-xl,anyedit,ripple,ripple_popular_row2,ripple_logical,hit,pre,0.0
gpt2-xl,anyedit,ripple,ripple_popular_row2,ripple_compositional_i,hit,pre,0.0
gpt2-xl,anyedit,ripple,ripple_popular_row2,ripple_aliasing,hit,pre,0.0
gpt2-xl,anyedit,ripple,ripple_popular_row2,ripple_relation_specificity,hit,pre,0.0
gpt2-xl,anyedit,ripple,ripple_popular_row2,ripple_preservation,hit,pre,0.0
gpt2-xl,anyedit,ripple,ripple_popular_row2,efficacy,hit,post,0.0
gpt2-xl,anyedit,ripple,ripple_popular_row2,ripple_logical,hit,post,0.0
gpt2-xl,anyedit,ripple,ripple_popular_row2,ripple_compositional_i,hit,post,0.0
gpt2-xl,anyedit,ripple,ripple_popular_row2,ripple_aliasing,hit,post,0.5
gpt2-xl,anyedit,ripple,ripple_popular_row2,ripple_relation_specificity,hit,post,0.2222222222222222
gpt2-xl,anyedit,ripple,ripple_popular_row2,ripple_preservation,hit,post,0.0
gpt2-xl,anyedit,ripple,ripple_random_row0,efficacy,hit,pre,0.0
gpt2-xl,anyedit,ripple,ripple_random_row0,ripple_logical,hit,pre,0.0
gpt2-xl,anyedit,ripple,ripple_random_row0,ripple_aliasing,hit,pre,0.0
gpt2-xl,anyedit,ripple,ripple_random_row0,ripple_relation_specificity,hit,pre,0.0
gpt2-xl,anyedit,ripple,ripple_random_row0,efficacy,hit,post,0.0
gpt2-xl,anyedit,ripple,ripple_random_row0,ripple_logical,hit,post,0.0
gpt2-xl,anyedit,ripple,ripple_random_row0,ripple_aliasing,hit,post,0.0
gpt2-xl,anyedit,ripple,ripple_random_row0,ripple_relation_specificity,hit,post,0.0
gpt2-xl,anyedit,ripple,ripple_random_row1,efficacy,hit,pre,0.0
gpt2-xl,anyedit,ripple,ripple_random_row1,ripple_compositional_i,hit,pre,0.0
gpt2-xl,anyedit,ripple,ripple_random_row1,ripple_aliasing,hit,pre,0.0
gpt2-xl,anyedit,ripple,ripple_random_row1,ripple_relation_specificity,hit,pre,0.0
gpt2-xl,anyedit,ripple,ripple_random_row1,efficacy,hit,post,1.0
gpt2-xl,anyedit,ripple,ripple_random_row1,ripple_compositional_i,hit,post,0.0
gpt2-xl,anyedit,ripple,ripple_random_row1,ripple_aliasing,hit,post,1.0
gpt2-xl,anyedit,ripple,ripple_random_row1,ripple_relation_specificity,hit,post,0.0
gpt2-xl,anyedit,ripple,ripple_random_row2,efficacy,hit,pre,0.0
gpt2-xl,anyedit,ripple,ripple_random_row2,ripple_compositional_i,hit,pre,0.0
gpt2-xl,anyedit,ripple,ripple_random_row2,ripple_aliasing,hit,pre,0.0
gpt2-xl,anyedit,ripple,ripple_random_row2,efficacy,hit,post,1.0
gpt2-xl,anyedit,ripple,ripple_random_row2,ripple_compositional_i,hit,post,0.0
gpt2-xl,anyedit,ripple,ripple_random_row2,ripple_aliasing,hit,post,0.0
gpt2-xl,anyedit,zsre,zsre_row0,efficacy,success,pre,0.0
gpt2-xl,anyedit,zsre,zsre_row0,efficacy,diff,pre,-0.0005764174707755948
gpt2-xl,anyedit,zsre,zsre_row0,efficacy,acc,pre,0.3333333333333333
gpt2-xl,anyedit,zsre,zsre_row0,generalisation,success,pre,0.0
gpt2-xl,anyedit,zsre,zsre_row0,generalisation,diff,pre,-0.002501691335092246
gpt2-xl,anyedit,zsre,zsre_row0,generalisation,acc,pre,0.3333333333333333
gpt2-xl,anyedit,zsre,zsre_row0,specificity,success,pre,1.0
gpt2-xl,anyedit,zsre,zsre_row0,specificity,diff,pre,0.0002046845795470628
gpt2-xl,anyedit,zsre,zsre_row0,specificity,acc,pre,0.3333333333333333
gpt2-xl,anyedit,zsre,zsre_row0,efficacy,success,post,1.0
gpt2-xl,anyedit,zsre,zsre_row0,efficacy,diff,post,0.3573936787504297
gpt2-xl,anyedit,zsre,zsre_row0,efficacy,acc,post,0.6666666666666666
gpt2-xl,anyedit,zsre,zsre_row0,generalisation,success,post,1.0
gpt2-xl,anyedit,zsre,zsre_row0,generalisation,diff,post,0.2009412078425592
gpt2-xl,anyedit,zsre,zsre_row0,generalisation,acc,post,0.6666666666666666
gpt2-xl,anyedit,zsre,zsre_row0,specificity,success,post,1.0
gpt2-xl,anyedit,zsre,zsre_row0,specificity,diff,post,0.00037725014312773534
gpt2-xl,anyedit,zsre,zsre_row0,specificity,acc,post,0.3333333333333333
gpt2-xl,anyedit,zsre,zsre_row1,efficacy,success,pre,0.0
gpt2-xl,anyedit,zsre,zsre_row1,efficacy,diff,pre,-0.02953277586544776
gpt2-xl,anyedit,zsre,zsre_row1,efficacy,acc,pre,0.5
gpt2-xl,anyedit,zsre,zsre_row1,generalisation,success,pre,0.0
gpt2-xl,anyedit,zsre,zsre_row1,generalisation,diff,pre,-0.01901215584201373
gpt2-xl,anyedit,zsre,zsre_row1,generalisation,acc,pre,0.0
gpt2-xl,anyedit,zsre,zsre_row1,specificity,success,pre,0.0
gpt2-xl,anyedit,zsre,zsre_row1,specificity,diff,pre,-0.005373715503999106
gpt2-xl,anyedit,zsre,zsre_row1,specificity,acc,pre,0.5
gpt2-xl,anyedit,zsre,zsre_row1,efficacy,success,post,1.0
gpt2-xl,anyedit,zsre,zsre_row1,efficacy,diff,post,0.1350425852532744
gpt2-xl,anyedit,zsre,zsre_row1,efficacy,acc,post,0.75
gpt2-xl,anyedit,zsre,zsre_row1,generalisation,success,post,0.0
gpt2-xl,anyedit,zsre,zsre_row1,generalisation,diff,post,-0.02644282985294369
gpt2-xl,anyedit,zsre,zsre_row1,generalisation,acc,post,0.25
gpt2-xl,anyedit,zsre,zsre_row1,specificity,success,post,0.0
gpt2-xl,anyedit,zsre,zsre_row1,specificity,diff,post,-0.005568982232891517
gpt2-xl,anyedit,zsre,zsre_row1,specificity,acc,post,0.5
gpt2-xl,anyedit,zsre,zsre_row2,efficacy,success,pre,0.0
gpt2-xl,anyedit,zsre,zsre_row2,efficacy,diff,pre,-2.442762706981668e-07
gpt2-xl,anyedit,zsre,zsre_row2,efficacy,acc,pre,0.0
gpt2-xl,anyedit,zsre,zsre_row2,generalisation,success,pre,0.0
gpt2-xl,anyedit,zsre,zsre_row2,generalisation,diff,pre,-3.203728883827346e-07
gpt2-xl,anyedit,zsre,zsre_row2,generalisation,acc,pre,0.0
gpt2-xl,anyedit,zsre,zsre_row2,specificity,success,pre,0.0
gpt2-xl,anyedit,zsre,zsre_row2,specificity,diff,pre,-0.004939125528424883
gpt2-xl,anyedit,zsre,zsre_row2,specificity,acc,pre,0.6666666666666666
gpt2-xl,anyedit,zsre,zsre_row2,efficacy,success,post,1.0
gpt2-xl,anyedit,zsre,zsre_row2,efficacy,diff,post,0.055324897379691984
gpt2-xl,anyedit,zsre,zsre_row2,efficacy,acc,post,0.0
gpt2-xl,anyedit,zsre,zsre_row2,generalisation,success,post,1.0
gpt2-xl,anyedit,zsre,zsre_row2,generalisation,diff,post,0.00019710172783356434
gpt2-xl,anyedit,zsre,zsre_row2,generalisation,acc,post,0.0
gpt2-xl,anyedit,zsre,zsre_row2,specificity,success,post,0.0
gpt2-xl,anyedit,zsre,zsre_row2,specificity,diff,post,-0.004968138028999315
gpt2-xl,anyedit,zsre,zsre_row2,specificity,acc,post,0.6666666666666666
gpt2-xl,grace,counterfact,0,efficacy,success,pre,0.0
gpt2-xl,grace,counterfact,0,efficacy,diff,pre,-0.37617651698075644
gpt2-xl,grace,counterfact,0,efficacy,acc,pre,0.0
gpt2-xl,grace,counterfact,0,generalisation,success,pre,1.0
gpt2-xl,grace,counterfact,0,generalisation,diff,pre,0.0005171306729141865
gpt2-xl,grace,counterfact,0,generalisation,acc,pre,0.0
gpt2-xl,grace,counterfact,0,specificity,success,pre,0.0
gpt2-xl,grace,counterfact,0,specificity,diff,pre,-0.3224642760423937
gpt2-xl,grace,counterfact,0,specificity,acc,pre,0.7
gpt2-xl,grace,counterfact,0,target_close_neighbour,success,pre,1.0
gpt2-xl,grace,counterfact,0,target_close_neighbour,diff,pre,0.07185565722335695
gpt2-xl,grace,counterfact,0,target_close_neighbour,acc,pre,0.4
gpt2-xl,grace,counterfact,0,efficacy,success,post,1.0
gpt2-xl,grace,counterfact,0,efficacy,diff,post,0.9988788694365679
gpt2-xl,grace,counterfact,0,efficacy,acc,post,1.0
gpt2-xl,grace,counterfact,0,generalisation,success,post,1.0
gpt2-xl,grace,counterfact,0,generalisation,diff,post,0.0005171306729141865
gpt2-xl,grace,counterfact,0,generalisation,acc,post,0.0
gpt2-xl,grace,counterfact,0,specificity,success,post,0.0
gpt2-xl,grace,counterfact,0,specificity,diff,post,-0.3224642760423937
gpt2-xl,grace,counterfact,0,specificity,acc,post,0.7
gpt2-xl,grace,counterfact,0,target_close_neighbour,success,post,1.0
gpt2-xl,grace,counterfact,0,target_close_neighbour,diff,post,0.07185565722335695
gpt2-xl,grace,counterfact,0,target_close_neighbour,acc,post,0.4
gpt2-xl,grace,counterfact,1,efficacy,success,pre,0.0
gpt2-xl,grace,counterfact,1,efficacy,diff,pre,-0.10433664415338888
gpt2-xl,grace,counterfact,1,efficacy,acc,pre,0.0
gpt2-xl,grace,counterfact,1,generalisation,success,pre,0.0
gpt2-xl,grace,counterfact,1,generalisation,diff,pre,-0.0010584796715423853
gpt2-xl,grace,counterfact,1,generalisation,acc,pre,0.0
gpt2-xl,grace,counterfact,1,specificity,success,pre,0.7
gpt2-xl,grace,counterfact,1,specificity,diff,pre,0.025185032982237548
gpt2-xl,grace,counterfact,1,specificity,acc,pre,0.1
gpt2-xl,grace,counterfact,1,target_close_neighbour,success,pre,1.0
gpt2-xl,grace,counterfact,1,target_close_neighbour,diff,pre,0.11009343599061741
gpt2-xl,grace,counterfact,1,target_close_neighbour,acc,pre,0.3
gpt2-xl,grace,counterfact,1,efficacy,success,post,1.0
gpt2-xl,grace,counterfact,1,efficacy,diff,post,0.999633711611516
gpt2-xl,grace,counterfact,1,efficacy,acc,post,1.0
gpt2-xl,grace,counterfact,1,generalisation,success,post,0.0
gpt2-xl,grace,counterfact,1,generalisation,diff,post,-0.0010584796715423853
gpt2-xl,grace,counterfact,1,generalisation,acc,post,0.0
gpt2-xl,grace,counterfact,1,specificity,success,post,0.7
gpt2-xl,grace,counterfact,1,specificity,diff,post,0.025185032982237548
gpt2-xl,grace,counterfact,1,specificity,acc,post,0.1
gpt2-xl,grace,counterfact,1,target_close_neighbour,success,post,1.0
gpt2-xl,grace,counterfact,1,target_close_neighbour,diff,post,0.11009343599061741
gpt2-xl,grace,counterfact,1,target_close_neighbour,acc,post,0.3
gpt2-xl,grace,counterfact,2,efficacy,success,pre,1.0
gpt2-xl,grace,counterfact,2,efficacy,diff,pre,2.8234194909068148e-05
gpt2-xl,grace,counterfact,2,efficacy,acc,pre,0.0
gpt2-xl,grace,counterfact,2,generalisation,success,pre,0.5
gpt2-xl,grace,counterfact,2,generalisation,diff,pre,0.013870785335809153
gpt2-xl,grace,counterfact,2,generalisation,acc,pre,0.0
gpt2-xl,grace,counterfact,2,specificity,success,pre,0.6
gpt2-xl,grace,counterfact,2,specificity,diff,pre,-0.0022553692823553133
gpt2-xl,grace,counterfact,2,specificity,acc,pre,0.0
gpt2-xl,grace,counterfact,2,target_close_neighbour,success,pre,0.7
gpt2-xl,grace,counterfact,2,target_close_neighbour,diff,pre,0.006844458774199277
gpt2-xl,grace,counterfact,2,target_close_neighbour,acc,pre,0.0
gpt2-xl,grace,counterfact,2,efficacy,success,post,1.0
gpt2-xl,grace,counterfact,2,efficacy,diff,post,0.9998572580792763
gpt2-xl,grace,counterfact,2,efficacy,acc,post,1.0
gpt2-xl,grace,counterfact,2,generalisation,success,post,0.5
gpt2-xl,grace,counterfact,2,generalisation,diff,post,0.013870785335809153
gpt2-xl,grace,counterfact,2,generalisation,acc,post,0.0
gpt2-xl,grace,counterfact,2,specificity,success,post,0.6
gpt2-xl,grace,counterfact,2,specificity,diff,post,-0.0022553692823553133
gpt2-xl,grace,counterfact,2,specificity,acc,post,0.0
gpt2-xl,grace,counterfact,2,target_close_neighbour,success,post,0.7
gpt2-xl,grace,counterfact,2,target_close_neighbour,diff,post,0.006844458774199277
gpt2-xl,grace,counterfact,2,target_close_neighbour,acc,post,0.0
gpt2-xl,grace,mquake,1,efficacy,success,pre,0.5
gpt2-xl,grace,mquake,1,efficacy,diff,pre,0.07306973828161172
gpt2-xl,grace,mquake,1,efficacy,acc,pre,0.35714285714285715
gpt2-xl,grace,mquake,1,single_hop,success,pre,0.5
gpt2-xl,grace,mquake,1,single_hop,diff,pre,0.07306973828161172
gpt2-xl,grace,mquake,1,single_hop,acc,pre,0.35714285714285715
gpt2-xl,grace,mquake,1,multihop,hit,pre,0.0
gpt2-xl,grace,mquake,1,efficacy,success,post,1.0
gpt2-xl,grace,mquake,1,efficacy,diff,post,0.9982361928346748
gpt2-xl,grace,mquake,1,efficacy,acc,post,1.0
gpt2-xl,grace,mquake,1,single_hop,success,post,1.0
gpt2-xl,grace,mquake,1,single_hop,diff,post,0.9982361928346748
gpt2-xl,grace,mquake,1,single_hop,acc,post,1.0
gpt2-xl,grace,mquake,1,multihop,hit,post,0.0
gpt2-xl,grace,mquake,2,efficacy,success,pre,0.0
gpt2-xl,grace,mquake,2,efficacy,diff,pre,-0.12840998488189664
gpt2-xl,grace,mquake,2,efficacy,acc,pre,0.0
gpt2-xl,grace,mquake,2,single_hop,success,pre,0.5
gpt2-xl,grace,mquake,2,single_hop,diff,pre,-0.06177679998938742
gpt2-xl,grace,mquake,2,single_hop,acc,pre,0.0
gpt2-xl,grace,mquake,2,multihop,hit,pre,0.0
gpt2-xl,grace,mquake,2,efficacy,success,post,1.0
gpt2-xl,grace,mquake,2,efficacy,diff,post,0.9776683623193867
gpt2-xl,grace,mquake,2,efficacy,acc,post,1.0
gpt2-xl,grace,mquake,2,single_hop,success,post,1.0
gpt2-xl,grace,mquake,2,single_hop,diff,post,0.49126237361125424
gpt2-xl,grace,mquake,2,single_hop,acc,post,0.5
gpt2-xl,grace,mquake,2,multihop,hit,post,0.0
gpt2-xl,grace,mquake,3,efficacy,success,pre,0.0
gpt2-xl,grace,mquake,3,efficacy,diff,pre,-0.08145391641925212
gpt2-xl,grace,mquake,3,efficacy,acc,pre,0.5
gpt2-xl,grace,mquake,3,single_hop,success,pre,0.5
gpt2-xl,grace,mquake,3,single_hop,diff,pre,-0.0405034361357399
gpt2-xl,grace,mquake,3,single_hop,acc,pre,0.25
gpt2-xl,grace,mquake,3,multihop,hit,pre,0.0
gpt2-xl,grace,mquake,3,efficacy,success,post,1.0
gpt2-xl,grace,mquake,3,efficacy,diff,post,0.9959493880431206
gpt2-xl,grace,mquake,3,efficacy,acc,post,1.0
gpt2-xl,grace,mquake,3,single_hop,success,post,1.0
gpt2-xl,grace,mquake,3,single_hop,diff,post,0.49819821609544646
gpt2-xl,grace,mquake,3,single_hop,acc,post,0.5
gpt2-xl,grace,mquake,3,multihop,hit,post,0.0
gpt2-xl,grace,ripple,ripple_popular_row0,efficacy,hit,pre,0.0
gpt2-xl,grace,ripple,ripple_popular_row0,ripple_compositional_i,hit,pre,0.0
gpt2-xl,grace,ripple,ripple_popular_row0,ripple_aliasing,hit,pre,0.0
gpt2-xl,grace,ripple,ripple_popular_row0,ripple_relation_specificity,hit,pre,0.0
gpt2-xl,grace,ripple,ripple_popular_row0,ripple_preservation,hit,pre,0.0
gpt2-xl,grace,ripple,ripple_popular_row0,efficacy,hit,post,1.0
gpt2-xl,grace,ripple,ripple_popular_row0,ripple_compositional_i,hit,post,0.0
gpt2-xl,grace,ripple,ripple_popular_row0,ripple_aliasing,hit,post,0.75
gpt2-xl,grace,ripple,ripple_popular_row0,ripple_relation_specificity,hit,post,0.0
gpt2-xl,grace,ripple,ripple_popular_row0,ripple_preservation,hit,post,0.0
gpt2-xl,grace,ripple,ripple_popular_row2,efficacy,hit,pre,0.0
gpt2-xl,grace,ripple,ripple_popular_row2,ripple_logical,hit,pre,0.0
gpt2-xl,grace,ripple,ripple_popular_row2,ripple_compositional_i,hit,pre,0.0
gpt2-xl,grace,ripple,ripple_popular_row2,ripple_aliasing,hit,pre,0.0
gpt2-xl,grace,ripple,ripple_popular_row2,ripple_relation_specificity,hit,pre,0.0
gpt2-xl,grace,ripple,ripple_popular_row2,ripple_preservation,hit,pre,0.0
gpt2-xl,grace,ripple,ripple_popular_row2,efficacy,hit,post,0.0
gpt2-xl,grace,ripple,ripple_popular_row2,ripple_logical,hit,post,0.0
gpt2-xl,grace,ripple,ripple_popular_row2,ripple_compositional_i,hit,post,0.0
gpt2-xl,grace,ripple,ripple_popular_row2,ripple_aliasing,hit,post,0.5
gpt2-xl,grace,ripple,ripple_popular_row2,ripple_relation_specificity,hit,post,0.0
gpt2-xl,grace,ripple,ripple_popular_row2,ripple_preservation,hit,post,0.0
gpt2-xl,grace,ripple,ripple_random_row0,efficacy,hit,pre,0.0
gpt2-xl,grace,ripple,ripple_random_row0,ripple_logical,hit,pre,0.0
gpt2-xl,grace,ripple,ripple_random_row0,ripple_aliasing,hit,pre,0.0
gpt2-xl,grace,ripple,ripple_random_row0,ripple_relation_specificity,hit,pre,0.0
gpt2-xl,grace,ripple,ripple_random_row0,efficacy,hit,post,1.0
gpt2-xl,grace,ripple,ripple_random_row0,ripple_logical,hit,post,0.0
gpt2-xl,grace,ripple,ripple_random_row0,ripple_aliasing,hit,post,0.0
gpt2-xl,grace,ripple,ripple_random_row0,ripple_relation_specificity,hit,post,0.0
gpt2-xl,grace,ripple,ripple_random_row1,efficacy,hit,pre,0.0
gpt2-xl,grace,ripple,ripple_random_row1,ripple_compositional_i,hit,pre,0.0
gpt2-xl,grace,ripple,ripple_random_row1,ripple_aliasing,hit,pre,0.0
gpt2-xl,grace,ripple,ripple_random_row1,ripple_relation_specificity,hit,pre,0.0
gpt2-xl,grace,ripple,ripple_random_row1,efficacy,hit,post,1.0
gpt2-xl,grace,ripple,ripple_random_row1,ripple_compositional_i,hit,post,0.0
gpt2-xl,grace,ripple,ripple_random_row1,ripple_aliasing,hit,post,0.0
gpt2-xl,grace,ripple,ripple_random_row1,ripple_relation_specificity,hit,post,0.0
gpt2-xl,grace,ripple,ripple_random_row2,efficacy,hit,pre,0.0
gpt2-xl,grace,ripple,ripple_random_row2,ripple_compositional_i,hit,pre,0.0
gpt2-xl,grace,ripple,ripple_random_row2,ripple_aliasing,hit,pre,0.0
gpt2-xl,grace,ripple,ripple_random_row2,efficacy,hit,post,1.0
gpt2-xl,grace,ripple,ripple_random_row2,ripple_compositional_i,hit,post,0.0
gpt2-xl,grace,ripple,ripple_random_row2,ripple_aliasing,hit,post,0.0
gpt2-xl,grace,zsre,zsre_row0,efficacy,success,pre,0.0
gpt2-xl,grace,zsre,zsre_row0,efficacy,diff,pre,-0.0005764174707755948
gpt2-xl,grace,zsre,zsre_row0,efficacy,acc,pre,0.3333333333333333
gpt2-xl,grace,zsre,zsre_row0,generalisation,success,pre,0.0
gpt2-xl,grace,zsre,zsre_row0,generalisation,diff,pre,-0.002501691335092246
gpt2-xl,grace,zsre,zsre_row0,generalisation,acc,pre,0.3333333333333333
gpt2-xl,grace,zsre,zsre_row0,specificity,success,pre,1.0
gpt2-xl,grace,zsre,zsre_row0,specificity,diff,pre,0.0002046845795470628
gpt2-xl,grace,zsre,zsre_row0,specificity,acc,pre,0.3333333333333333
gpt2-xl,grace,zsre,zsre_row0,efficacy,success,post,1.0
gpt2-xl,grace,zsre,zsre_row0,efficacy,diff,post,0.9957979437865386
gpt2-xl,grace,zsre,zsre_row0,efficacy,acc,post,1.0
gpt2-xl,grace,zsre,zsre_row0,generalisation,success,post,0.0
gpt2-xl,grace,zsre,zsre_row0,generalisation,diff,post,-0.002501691335092246
gpt2-xl,grace,zsre,zsre_row0,generalisation,acc,post,0.3333333333333333
gpt2-xl,grace,zsre,zsre_row0,specificity,success,post,1.0
gpt2-xl,grace,zsre,zsre_row0,specificity,diff,post,0.0002046845795470628
gpt2-xl,grace,zsre,zsre_row0,specificity,acc,post,0.3333333333333333
gpt2-xl,grace,zsre,zsre_row1,efficacy,success,pre,0.0
gpt2-xl,grace,zsre,zsre_row1,efficacy,diff,pre,-0.02953277586544776
gpt2-xl,grace,zsre,zsre_row1,efficacy,acc,pre,0.5
gpt2-xl,grace,zsre,zsre_row1,generalisation,success,pre,0.0
gpt2-xl,grace,zsre,zsre_row1,generalisation,diff,pre,-0.01901215584201373
gpt2-xl,grace,zsre,zsre_row1,generalisation,acc,pre,0.0
gpt2-xl,grace,zsre,zsre_row1,specificity,success,pre,0.0
gpt2-xl,grace,zsre,zsre_row1,specificity,diff,pre,-0.005373715503999106
gpt2-xl,grace,zsre,zsre_row1,specificity,acc,pre,0.5
gpt2-xl,grace,zsre,zsre_row1,efficacy,success,post,1.0
gpt2-xl,grace,zsre,zsre_row1,efficacy,diff,post,0.9102195736528116
gpt2-xl,grace,zsre,zsre_row1,efficacy,acc,post,1.0
gpt2-xl,grace,zsre,zsre_row1,generalisation,success,post,0.0
gpt2-xl,grace,zsre,zsre_row1,generalisation,diff,post,-0.01901215584201373
gpt2-xl,grace,zsre,zsre_row1,generalisation,acc,post,0.0
gpt2-xl,grace,zsre,zsre_row1,specificity,success,post,0.0
gpt2-xl,grace,zsre,zsre_row1,specificity,diff,post,-0.005373715503999106
gpt2-xl,grace,zsre,zsre_row1,specificity,acc,post,0.5
gpt2-xl,grace,zsre,zsre_row2,efficacy,success,pre,0.0
gpt2-xl,grace,zsre,zsre_row2,efficacy,diff,pre,-2.442762706981668e-07
gpt2-xl,grace,zsre,zsre_row2,efficacy,acc,pre,0.0
gpt2-xl,grace,zsre,zsre_row2,generalisation,success,pre,0.0
gpt2-xl,grace,zsre,zsre_row2,generalisation,diff,pre,-3.203728883827346e-07
gpt2-xl,grace,zsre,zsre_row2,generalisation,acc,pre,0.0
gpt2-xl,grace,zsre,zsre_row2,specificity,success,pre,0.0
gpt2-xl,grace,zsre,zsre_row2,specificity,diff,pre,-0.004939125528424883
gpt2-xl,grace,zsre,zsre_row2,specificity,acc,pre,0.6666666666666666
gpt2-xl,grace,zsre,zsre_row2,efficacy,success,post,1.0
gpt2-xl,grace,zsre,zsre_row2,efficacy,diff,post,0.9970404603052015
gpt2-xl,grace,zsre,zsre_row2,efficacy,acc,post,1.0
gpt2-xl,grace,zsre,zsre_row2,generalisation,success,post,0.0
gpt2-xl,grace,zsre,zsre_row2,generalisation,diff,post,-3.203728883827346e-07
gpt2-xl,grace,zsre,zsre_row2,generalisation,acc,post,0.0
gpt2-xl,grace,zsre,zsre_row2,specificity,success,post,0.0
gpt2-xl,grace,zsre,zsre_row2,specificity,diff,post,-0.004939125528424883
gpt2-xl,grace,zsre,zsre_row2,specificity,acc,post,0.6666666666666666
gpt2-xl,memit,counterfact,0,efficacy,success,pre,0.0
gpt2-xl,memit,counterfact,0,efficacy,diff,pre,-0.37617651698075644
gpt2-xl,memit,counterfact,0,efficacy,acc,pre,0.0
gpt2-xl,memit,counterfact,0,generalisation,success,pre,1.0
gpt2-xl,memit,counterfact,0,generalisation,diff,pre,0.0005171306729141865
gpt2-xl,memit,counterfact,0,generalisation,acc,pre,0.0
gpt2-xl,memit,counterfact,0,specificity,success,pre,0.0
gpt2-xl,memit,counterfact,0,specificity,diff,pre,-0.3224642760423937
gpt2-xl,memit,counterfact,0,specificity,acc,pre,0.7
gpt2-xl,memit,counterfact,0,target_close_neighbour,success,pre,1.0
gpt2-xl,memit,counterfact,0,target_close_neighbour,diff,pre,0.07185565722335695
gpt2-xl,memit,counterfact,0,target_close_neighbour,acc,pre,0.4
gpt2-xl,memit,counterfact,0,efficacy,success,post,1.0
gpt2-xl,memit,counterfact,0,efficacy,diff,post,0.993538149759369
gpt2-xl,memit,counterfact,0,efficacy,acc,post,1.0
gpt2-xl,memit,counterfact,0,generalisation,success,post,1.0
gpt2-xl,memit,counterfact,0,generalisation,diff,post,0.008585045954116832
gpt2-xl,memit,counterfact,0,generalisation,acc,post,0.0
gpt2-xl,memit,counterfact,0,specificity,success,post,0.0
gpt2-xl,memit,counterfact,0,specificity,diff,post,-0.3244653434925393
gpt2-xl,memit,counterfact,0,specificity,acc,post,0.7
gpt2-xl,memit,counterfact,0,target_close_neighbour,success,post,1.0
gpt2-xl,memit,counterfact,0,target_close_neighbour,diff,post,0.07596584204944476
gpt2-xl,memit,counterfact,0,target_close_neighbour,acc,post,0.4
gpt2-xl,memit,counterfact,1,efficacy,success,pre,0.0
gpt2-xl,memit,counterfact,1,efficacy,diff,pre,-0.10433664415338888
gpt2-xl,memit,counterfact,1,efficacy,acc,pre,0.0
gpt2-xl,memit,counterfact,1,generalisation,success,pre,0.0
gpt2-xl,memit,counterfact,1,generalisation,diff,pre,-0.0010584796715423853
gpt2-xl,memit,counterfact,1,generalisation,acc,pre,0.0
gpt2-xl,memit,counterfact,1,specificity,success,pre,0.7
gpt2-xl,memit,counterfact,1,specificity,diff,pre,0.025185032982237548
gpt2-xl,memit,counterfact,1,specificity,acc,pre,0.1
gpt2-xl,memit,counterfact,1,target_close_neighbour,success,pre,1.0
gpt2-xl,memit,counterfact,1,target_close_neighbour,diff,pre,0.11009343599061741
gpt2-xl,memit,counterfact,1,target_close_neighbour,acc,pre,0.3
gpt2-xl,memit,counterfact,1,efficacy,success,post,1.0
gpt2-xl,memit,counterfact,1,efficacy,diff,post,0.9836621372626636
gpt2-xl,memit,counterfact,1,efficacy,acc,post,1.0
gpt2-xl,memit,counterfact,1,generalisation,success,post,1.0
gpt2-xl,memit,counterfact,1,generalisation,diff,post,0.03234545982136788
gpt2-xl,memit,counterfact,1,generalisation,acc,post,0.0
gpt2-xl,memit,counterfact,1,specificity,success,post,0.7
gpt2-xl,memit,counterfact,1,specificity,diff,post,0.03236711744307012
gpt2-xl,memit,counterfact,1,specificity,acc,post,0.1
gpt2-xl,memit,counterfact,1,target_close_neighbour,success,post,1.0
gpt2-xl,memit,counterfact,1,target_close_neighbour,diff,post,0.1148903701949628
gpt2-xl,memit,counterfact,1,target_close_neighbour,acc,post,0.2
gpt2-xl,memit,counterfact,2,efficacy,success,pre,1.0
gpt2-xl,memit,counterfact,2,efficacy,diff,pre,2.8234194909068148e-05
gpt2-xl,memit,counterfact,2,efficacy,acc,pre,0.0
gpt2-xl,memit,counterfact,2,generalisation,success,pre,0.5
gpt2-xl,memit,counterfact,2,generalisation,diff,pre,0.013870785335809153
gpt2-xl,memit,counterfact,2,generalisation,acc,pre,0.0
gpt2-xl,memit,counterfact,2,specificity,success,pre,0.6
gpt2-xl,memit,counterfact,2,specificity,diff,pre,-0.0022553692823553133
gpt2-xl,memit,counterfact,2,specificity,acc,pre,0.0
gpt2-xl,memit,counterfact,2,target_close_neighbour,success,pre,0.7
gpt2-xl,memit,counterfact,2,target_close_neighbour,diff,pre,0.006844458774199277
gpt2-xl,memit,counterfact,2,target_close_neighbour,acc,pre,0.0
gpt2-xl,memit,counterfact,2,efficacy,success,post,1.0
gpt2-xl,memit,counterfact,2,efficacy,diff,post,0.8201335560076544
gpt2-xl,memit,counterfact,2,efficacy,acc,post,1.0
gpt2-xl,memit,counterfact,2,generalisation,success,post,1.0
gpt2-xl,memit,counterfact,2,generalisation,diff,post,0.3443916595266168
gpt2-xl,memit,counterfact,2,generalisation,acc,post,0.5
gpt2-xl,memit,counterfact,2,specificity,success,post,0.7
gpt2-xl,memit,counterfact,2,specificity,diff,post,-0.0013743335223287058
gpt2-xl,memit,counterfact,2,specificity,acc,post,0.0
gpt2-xl,memit,counterfact,2,target_close_neighbour,success,post,0.7
gpt2-xl,memit,counterfact,2,target_close_neighbour,diff,post,0.008040275482485258
gpt2-xl,memit,counterfact,2,target_close_neighbour,acc,post,0.0
gpt2-xl,memit,mquake,1,efficacy,success,pre,0.5
gpt2-xl,memit,mquake,1,efficacy,diff,pre,0.07306973828161172
gpt2-xl,memit,mquake,1,efficacy,acc,pre,0.35714285714285715
gpt2-xl,memit,mquake,1,single_hop,success,pre,0.5
gpt2-xl,memit,mquake,1,single_hop,diff,pre,0.07306973828161172
gpt2-xl,memit,mquake,1,single_hop,acc,pre,0.35714285714285715
gpt2-xl,memit,mquake,1,multihop,hit,pre,0.0
gpt2-xl,memit,mquake,1,efficacy,success,post,1.0
gpt2-xl,memit,mquake,1,efficacy,diff,post,0.7324317882169666
gpt2-xl,memit,mquake,1,efficacy,acc,post,0.9285714285714286
gpt2-xl,memit,mquake,1,single_hop,success,post,1.0
gpt2-xl,memit,mquake,1,single_hop,diff,post,0.7324317882169666
gpt2-xl,memit,mquake,1,single_hop,acc,post,0.9285714285714286
gpt2-xl,memit,mquake,1,multihop,hit,post,0.0
gpt2-xl,memit,mquake,2,efficacy,success,pre,0.0
gpt2-xl,memit,mquake,2,efficacy,diff,pre,-0.12840998488189664
gpt2-xl,memit,mquake,2,efficacy,acc,pre,0.0
gpt2-xl,memit,mquake,2,single_hop,success,pre,0.5
gpt2-xl,memit,mquake,2,single_hop,diff,pre,-0.06177679998938742
gpt2-xl,memit,mquake,2,single_hop,acc,pre,0.0
gpt2-xl,memit,mquake,2,multihop,hit,pre,0.0
gpt2-xl,memit,mquake,2,efficacy,success,post,1.0
gpt2-xl,memit,mquake,2,efficacy,diff,post,0.9630287321597059
gpt2-xl,memit,mquake,2,efficacy,acc,post,1.0
gpt2-xl,memit,mquake,2,single_hop,success,post,1.0
gpt2-xl,memit,mquake,2,single_hop,diff,post,0.4837475268397128
gpt2-xl,memit,mquake,2,single_hop,acc,post,0.5
gpt2-xl,memit,mquake,2,multihop,hit,post,0.0
gpt2-xl,memit,mquake,3,efficacy,success,pre,0.0
gpt2-xl,memit,mquake,3,efficacy,diff,pre,-0.08145391641925212
gpt2-xl,memit,mquake,3,efficacy,acc,pre,0.5
gpt2-xl,memit,mquake,3,single_hop,success,pre,0.5
gpt2-xl,memit,mquake,3,single_hop,diff,pre,-0.0405034361357399
gpt2-xl,memit,mquake,3,single_hop,acc,pre,0.25
gpt2-xl,memit,mquake,3,multihop,hit,pre,0.0
gpt2-xl,memit,mquake,3,efficacy,success,post,0.0
gpt2-xl,memit,mquake,3,efficacy,diff,post,-0.06052024683607324
gpt2-xl,memit,mquake,3,efficacy,acc,post,0.5
gpt2-xl,memit,mquake,3,single_hop,success,post,0.5
gpt2-xl,memit,mquake,3,single_hop,diff,post,-0.030029323802175614
gpt2-xl,memit,mquake,3,single_hop,acc,post,0.25
gpt2-xl,memit,mquake,3,multihop,hit,post,0.0
gpt2-xl,memit,ripple,ripple_popular_row0,efficacy,hit,pre,0.0
gpt2-xl,memit,ripple,ripple_popular_row0,ripple_compositional_i,hit,pre,0.0
gpt2-xl,memit,ripple,ripple_popular_row0,ripple_aliasing,hit,pre,0.0
gpt2-xl,memit,ripple,ripple_popular_row0,ripple_relation_specificity,hit,pre,0.0
gpt2-xl,memit,ripple,ripple_popular_row0,ripple_preservation,hit,pre,0.0
gpt2-xl,memit,ripple,ripple_popular_row0,efficacy,hit,post,1.0
gpt2-xl,memit,ripple,ripple_popular_row0,ripple_compositional_i,hit,post,0.2857142857142857
gpt2-xl,memit,ripple,ripple_popular_row0,ripple_aliasing,hit,post,1.0
gpt2-xl,memit,ripple,ripple_popular_row0,ripple_relation_specificity,hit,post,0.0
gpt2-xl,memit,ripple,ripple_popular_row0,ripple_preservation,hit,post,0.0
gpt2-xl,memit,ripple,ripple_popular_row2,efficacy,hit,pre,0.0
gpt2-xl,memit,ripple,ripple_popular_row2,ripple_logical,hit,pre,0.0
gpt2-xl,memit,ripple,ripple_popular_row2,ripple_compositional_i,hit,pre,0.0
gpt2-xl,memit,ripple,ripple_popular_row2,ripple_aliasing,hit,pre,0.0
gpt2-xl,memit,ripple,ripple_popular_row2,ripple_relation_specificity,hit,pre,0.0
gpt2-xl,memit,ripple,ripple_popular_row2,ripple_preservation,hit,pre,0.0
gpt2-xl,memit,ripple,ripple_popular_row2,efficacy,hit,post,1.0
gpt2-xl,memit,ripple,ripple_popular_row2,ripple_logical,hit,post,0.0
gpt2-xl,memit,ripple,ripple_popular_row2,ripple_compositional_i,hit,post,0.0
gpt2-xl,memit,ripple,ripple_popular_row2,ripple_aliasing,hit,post,1.0
gpt2-xl,memit,ripple,ripple_popular_row2,ripple_relation_specificity,hit,post,0.1111111111111111
gpt2-xl,memit,ripple,ripple_popular_row2,ripple_preservation,hit,post,0.0
gpt2-xl,memit,ripple,ripple_random_row0,efficacy,hit,pre,0.0
gpt2-xl,memit,ripple,ripple_random_row0,ripple_logical,hit,pre,0.0
gpt2-xl,memit,ripple,ripple_random_row0,ripple_aliasing,hit,pre,0.0
gpt2-xl,memit,ripple,ripple_random_row0,ripple_relation_specificity,hit,pre,0.0
gpt2-xl,memit,ripple,ripple_random_row0,efficacy,hit,post,1.0
gpt2-xl,memit,ripple,ripple_random_row0,ripple_logical,hit,post,0.0
gpt2-xl,memit,ripple,ripple_random_row0,ripple_aliasing,hit,post,0.0
gpt2-xl,memit,ripple,ripple_random_row0,ripple_relation_specificity,hit,post,0.0
gpt2-xl,memit,ripple,ripple_random_row1,efficacy,hit,pre,0.0
gpt2-xl,memit,ripple,ripple_random_row1,ripple_compositional_i,hit,pre,0.0
gpt2-xl,memit,ripple,ripple_random_row1,ripple_aliasing,hit,pre,0.0
gpt2-xl,memit,ripple,ripple_random_row1,ripple_relation_specificity,hit,pre,0.0
gpt2-xl,memit,ripple,ripple_random_row1,efficacy,hit,post,1.0
gpt2-xl,memit,ripple,ripple_random_row1,ripple_compositional_i,hit,post,0.0
gpt2-xl,memit,ripple,ripple_random_row1,ripple_aliasing,hit,post,0.0
gpt2-xl,memit,ripple,ripple_random_row1,ripple_relation_specificity,hit,post,0.0
gpt2-xl,memit,ripple,ripple_random_row2,efficacy,hit,pre,0.0
gpt2-xl,memit,ripple,ripple_random_row2,ripple_compositional_i,hit,pre,0.0
gpt2-xl,memit,ripple,ripple_random_row2,ripple_aliasing,hit,pre,0.0
gpt2-xl,memit,ripple,ripple_random_row2,efficacy,hit,post,1.0
gpt2-xl,memit,ripple,ripple_random_row2,ripple_compositional_i,hit,post,1.0
gpt2-xl,memit,ripple,ripple_random_row2,ripple_aliasing,hit,post,0.0
gpt2-xl,memit,zsre,zsre_row0,efficacy,success,pre,0.0
gpt2-xl,memit,zsre,zsre_row0,efficacy,diff,pre,-0.0005764174707755948
gpt2-xl,memit,zsre,zsre_row0,efficacy,acc,pre,0.3333333333333333
gpt2-xl,memit,zsre,zsre_row0,generalisation,success,pre,0.0
gpt2-xl,memit,zsre,zsre_row0,generalisation,diff,pre,-0.002501691335092246
gpt2-xl,memit,zsre,zsre_row0,generalisation,acc,pre,0.3333333333333333
gpt2-xl,memit,zsre,zsre_row0,specificity,success,pre,1.0
gpt2-xl,memit,zsre,zsre_row0,specificity,diff,pre,0.0002046845795470628
gpt2-xl,memit,zsre,zsre_row0,specificity,acc,pre,0.3333333333333333
gpt2-xl,memit,zsre,zsre_row0,efficacy,success,post,1.0
gpt2-xl,memit,zsre,zsre_row0,efficacy,diff,post,0.9846739545795892
gpt2-xl,memit,zsre,zsre_row0,efficacy,acc,post,1.0
gpt2-xl,memit,zsre,zsre_row0,generalisation,success,post,1.0
gpt2-xl,memit,zsre,zsre_row0,generalisation,diff,post,0.8231409584530092
gpt2-xl,memit,zsre,zsre_row0,generalisation,acc,post,1.0
gpt2-xl,memit,zsre,zsre_row0,specificity,success,post,1.0
gpt2-xl,memit,zsre,zsre_row0,specificity,diff,post,0.00033352249092940753
gpt2-xl,memit,zsre,zsre_row0,specificity,acc,post,0.3333333333333333
gpt2-xl,memit,zsre,zsre_row1,efficacy,success,pre,0.0
gpt2-xl,memit,zsre,zsre_row1,efficacy,diff,pre,-0.02953277586544776
gpt2-xl,memit,zsre,zsre_row1,efficacy,acc,pre,0.5
gpt2-xl,memit,zsre,zsre_row1,generalisation,success,pre,0.0
gpt2-xl,memit,zsre,zsre_row1,generalisation,diff,pre,-0.01901215584201373
gpt2-xl,memit,zsre,zsre_row1,generalisation,acc,pre,0.0
gpt2-xl,memit,zsre,zsre_row1,specificity,success,pre,0.0
gpt2-xl,memit,zsre,zsre_row1,specificity,diff,pre,-0.005373715503999106
gpt2-xl,memit,zsre,zsre_row1,specificity,acc,pre,0.5
gpt2-xl,memit,zsre,zsre_row1,efficacy,success,post,1.0
gpt2-xl,memit,zsre,zsre_row1,efficacy,diff,post,0.5305250778981269
gpt2-xl,memit,zsre,zsre_row1,efficacy,acc,post,0.75
gpt2-xl,memit,zsre,zsre_row1,generalisation,success,post,1.0
gpt2-xl,memit,zsre,zsre_row1,generalisation,diff,post,0.1992266373856174
gpt2-xl,memit,zsre,zsre_row1,generalisation,acc,post,0.5
gpt2-xl,memit,zsre,zsre_row1,specificity,success,post,0.0
gpt2-xl,memit,zsre,zsre_row1,specificity,diff,post,-0.005591621198738872
gpt2-xl,memit,zsre,zsre_row1,specificity,acc,post,0.5
gpt2-xl,memit,zsre,zsre_row2,efficacy,success,pre,0.0
gpt2-xl,memit,zsre,zsre_row2,efficacy,diff,pre,-2.442762706981668e-07
gpt2-xl,memit,zsre,zsre_row2,efficacy,acc,pre,0.0
gpt2-xl,memit,zsre,zsre_row2,generalisation,success,pre,0.0
gpt2-xl,memit,zsre,zsre_row2,generalisation,diff,pre,-3.203728883827346e-07
gpt2-xl,memit,zsre,zsre_row2,generalisation,acc,pre,0.0
gpt2-xl,memit,zsre,zsre_row2,specificity,success,pre,0.0
gpt2-xl,memit,zsre,zsre_row2,specificity,diff,pre,-0.004939125528424883
gpt2-xl,memit,zsre,zsre_row2,specificity,acc,pre,0.6666666666666666
gpt2-xl,memit,zsre,zsre_row2,efficacy,success,post,1.0
gpt2-xl,memit,zsre,zsre_row2,efficacy,diff,post,0.9610383525333451
gpt2-xl,memit,zsre,zsre_row2,efficacy,acc,post,1.0
gpt2-xl,memit,zsre,zsre_row2,generalisation,success,post,1.0
gpt2-xl,memit,zsre,zsre_row2,generalisation,diff,post,0.1529105510683601
gpt2-xl,memit,zsre,zsre_row2,generalisation,acc,post,1.0
gpt2-xl,memit,zsre,zsre_row2,specificity,success,post,0.0
gpt2-xl,memit,zsre,zsre_row2,specificity,diff,post,-0.004791838898821039
gpt2-xl,memit,zsre,zsre_row2,specificity,acc,post,0.6666666666666666
gpt2-xl,remedi,counterfact,0,efficacy,success,pre,0.0
gpt2-xl,remedi,counterfact,0,efficacy,diff,pre,-0.37617651698075644
gpt2-xl,remedi,counterfact,0,efficacy,acc,pre,0.0
gpt2-xl,remedi,counterfact,0,generalisation,success,pre,1.0
gpt2-xl,remedi,counterfact,0,generalisation,diff,pre,0.0005171306729141865
gpt2-xl,remedi,counterfact,0,generalisation,acc,pre,0.0
gpt2-xl,remedi,counterfact,0,specificity,success,pre,0.0
gpt2-xl,remedi,counterfact,0,specificity,diff,pre,-0.3224642760423937
gpt2-xl,remedi,counterfact,0,specificity,acc,pre,0.7
gpt2-xl,remedi,counterfact,0,target_close_neighbour,success,pre,1.0
gpt2-xl,remedi,counterfact,0,target_close_neighbour,diff,pre,0.07185565722335695
gpt2-xl,remedi,counterfact,0,target_close_neighbour,acc,pre,0.4
gpt2-xl,remedi,counterfact,0,efficacy,success,post,1.0
gpt2-xl,remedi,counterfact,0,efficacy,diff,post,0.9570308613085575
gpt2-xl,remedi,counterfact,0,efficacy,acc,post,1.0
gpt2-xl,remedi,counterfact,0,generalisation,success,post,1.0
gpt2-xl,remedi,counterfact,0,generalisation,diff,post,0.18895413947367753
gpt2-xl,remedi,counterfact,0,generalisation,acc,post,0.0
gpt2-xl,remedi,counterfact,0,specificity,success,post,0.0
gpt2-xl,remedi,counterfact,0,specificity,diff,post,-0.3224642760423937
gpt2-xl,remedi,counterfact,0,specificity,acc,post,0.7
gpt2-xl,remedi,counterfact,0,target_close_neighbour,success,post,1.0
gpt2-xl,remedi,counterfact,0,target_close_neighbour,diff,post,0.07185565722335695
gpt2-xl,remedi,counterfact,0,target_close_neighbour,acc,post,0.4
gpt2-xl,remedi,counterfact,1,efficacy,success,pre,0.0
gpt2-xl,remedi,counterfact,1,efficacy,diff,pre,-0.10433664415338888
gpt2-xl,remedi,counterfact,1,efficacy,acc,pre,0.0
gpt2-xl,remedi,counterfact,1,generalisation,success,pre,0.0
gpt2-xl,remedi,counterfact,1,generalisation,diff,pre,-0.0010584796715423853
gpt2-xl,remedi,counterfact,1,generalisation,acc,pre,0.0
gpt2-xl,remedi,counterfact,1,specificity,success,pre,0.7
gpt2-xl,remedi,counterfact,1,specificity,diff,pre,0.025185032982237548
gpt2-xl,remedi,counterfact,1,specificity,acc,pre,0.1
gpt2-xl,remedi,counterfact,1,target_close_neighbour,success,pre,1.0
gpt2-xl,remedi,counterfact,1,target_close_neighbour,diff,pre,0.11009343599061741
gpt2-xl,remedi,counterfact,1,target_close_neighbour,acc,pre,0.3
gpt2-xl,remedi,counterfact,1,efficacy,success,post,1.0
gpt2-xl,remedi,counterfact,1,efficacy,diff,post,0.9238473068037216
gpt2-xl,remedi,counterfact,1,efficacy,acc,post,1.0
gpt2-xl,remedi,counterfact,1,generalisation,success,post,1.0
gpt2-xl,remedi,counterfact,1,generalisation,diff,post,0.49917655477686573
gpt2-xl,remedi,counterfact,1,generalisation,acc,post,0.5
gpt2-xl,remedi,counterfact,1,specificity,success,post,0.7
gpt2-xl,remedi,counterfact,1,specificity,diff,post,0.025185032982237548
gpt2-xl,remedi,counterfact,1,specificity,acc,post,0.1
gpt2-xl,remedi,counterfact,1,target_close_neighbour,success,post,1.0
gpt2-xl,remedi,counterfact,1,target_close_neighbour,diff,post,0.11009343599061741
gpt2-xl,remedi,counterfact,1,target_close_neighbour,acc,post,0.3
gpt2-xl,remedi,counterfact,2,efficacy,success,pre,1.0
gpt2-xl,remedi,counterfact,2,efficacy,diff,pre,2.8234194909068148e-05
gpt2-xl,remedi,counterfact,2,efficacy,acc,pre,0.0
gpt2-xl,remedi,counterfact,2,generalisation,success,pre,0.5
gpt2-xl,remedi,counterfact,2,generalisation,diff,pre,0.013870785335809153
gpt2-xl,remedi,counterfact,2,generalisation,acc,pre,0.0
gpt2-xl,remedi,counterfact,2,specificity,success,pre,0.6
gpt2-xl,remedi,counterfact,2,specificity,diff,pre,-0.0022553692823553133
gpt2-xl,remedi,counterfact,2,specificity,acc,pre,0.0
gpt2-xl,remedi,counterfact,2,target_close_neighbour,success,pre,0.7
gpt2-xl,remedi,counterfact,2,target_close_neighbour,diff,pre,0.006844458774199277
gpt2-xl,remedi,counterfact,2,target_close_neighbour,acc,pre,0.0
gpt2-xl,remedi,counterfact,2,efficacy,success,post,1.0
gpt2-xl,remedi,counterfact,2,efficacy,diff,post,0.11859138716448846
gpt2-xl,remedi,counterfact,2,efficacy,acc,post,0.0
gpt2-xl,remedi,counterfact,2,generalisation,success,post,1.0
gpt2-xl,remedi,counterfact,2,generalisation,diff,post,0.29291549213800205
gpt2-xl,remedi,counterfact,2,generalisation,acc,post,0.5
gpt2-xl,remedi,counterfact,2,specificity,success,post,0.6
gpt2-xl,remedi,counterfact,2,specificity,diff,post,-0.0022553692823553133
gpt2-xl,remedi,counterfact,2,specificity,acc,post,0.0
gpt2-xl,remedi,counterfact,2,target_close_neighbour,success,post,0.7
gpt2-xl,remedi,counterfact,2,target_close_neighbour,diff,post,0.006844458774199277
gpt2-xl,remedi,counterfact,2,target_close_neighbour,acc,post,0.0
gpt2-xl,remedi,mquake,1,efficacy,success,pre,0.5
gpt2-xl,remedi,mquake,1,efficacy,diff,pre,0.07306973828161172
gpt2-xl,remedi,mquake,1,efficacy,acc,pre,0.35714285714285715
gpt2-xl,remedi,mquake,1,single_hop,success,pre,0.5
gpt2-xl,remedi,mquake,1,single_hop,diff,pre,0.07306973828161172
gpt2-xl,remedi,mquake,1,single_hop,acc,pre,0.35714285714285715
gpt2-xl,remedi,mquake,1,multihop,hit,pre,0.0
gpt2-xl,remedi,mquake,1,efficacy,success,post,0.5
gpt2-xl,remedi,mquake,1,efficacy,diff,post,0.06595952123558797
gpt2-xl,remedi,mquake,1,efficacy,acc,post,0.35714285714285715
gpt2-xl,remedi,mquake,1,single_hop,success,post,0.5
gpt2-xl,remedi,mquake,1,single_hop,diff,post,0.06595952123558797
gpt2-xl,remedi,mquake,1,single_hop,acc,post,0.35714285714285715
gpt2-xl,remedi,mquake,1,multihop,hit,post,0.0
gpt2-xl,remedi,mquake,2,efficacy,success,pre,0.0
gpt2-xl,remedi,mquake,2,efficacy,diff,pre,-0.12840998488189664
gpt2-xl,remedi,mquake,2,efficacy,acc,pre,0.0
gpt2-xl,remedi,mquake,2,single_hop,success,pre,0.5
gpt2-xl,remedi,mquake,2,single_hop,diff,pre,-0.06177679998938742
gpt2-xl,remedi,mquake,2,single_hop,acc,pre,0.0
gpt2-xl,remedi,mquake,2,multihop,hit,pre,0.0
gpt2-xl,remedi,mquake,2,efficacy,success,post,0.0
gpt2-xl,remedi,mquake,2,efficacy,diff,post,-0.25989037444538743
gpt2-xl,remedi,mquake,2,efficacy,acc,post,0.0
gpt2-xl,remedi,mquake,2,single_hop,success,post,0.5
gpt2-xl,remedi,mquake,2,single_hop,diff,post,-0.12751699477113282
gpt2-xl,remedi,mquake,2,single_hop,acc,post,0.0
gpt2-xl,remedi,mquake,2,multihop,hit,post,0.0
gpt2-xl,remedi,mquake,3,efficacy,success,pre,0.0
gpt2-xl,remedi,mquake,3,efficacy,diff,pre,-0.08145391641925212
gpt2-xl,remedi,mquake,3,efficacy,acc,pre,0.5
gpt2-xl,remedi,mquake,3,single_hop,success,pre,0.5
gpt2-xl,remedi,mquake,3,single_hop,diff,pre,-0.0405034361357399
gpt2-xl,remedi,mquake,3,single_hop,acc,pre,0.25
gpt2-xl,remedi,mquake,3,multihop,hit,pre,0.0
gpt2-xl,remedi,mquake,3,efficacy,success,post,0.0
gpt2-xl,remedi,mquake,3,efficacy,diff,post,-0.02180456065429265
gpt2-xl,remedi,mquake,3,efficacy,acc,post,0.5
gpt2-xl,remedi,mquake,3,single_hop,success,post,0.5
gpt2-xl,remedi,mquake,3,single_hop,diff,post,-0.01067875825326017
gpt2-xl,remedi,mquake,3,single_hop,acc,post,0.25
gpt2-xl,remedi,mquake,3,multihop,hit,post,0.0
gpt2-xl,remedi,ripple,ripple_popular_row0,efficacy,hit,pre,0.0
gpt2-xl,remedi,ripple,ripple_popular_row0,ripple_compositional_i,hit,pre,0.0
gpt2-xl,remedi,ripple,ripple_popular_row0,ripple_aliasing,hit,pre,0.0
gpt2-xl,remedi,ripple,ripple_popular_row0,ripple_relation_specificity,hit,pre,0.0
gpt2-xl,remedi,ripple,ripple_popular_row0,ripple_preservation,hit,pre,0.0
gpt2-xl,remedi,ripple,ripple_popular_row0,efficacy,hit,post,1.0
gpt2-xl,remedi,ripple,ripple_popular_row0,ripple_compositional_i,hit,post,0.0
gpt2-xl,remedi,ripple,ripple_popular_row0,ripple_aliasing,hit,post,0.0
gpt2-xl,remedi,ripple,ripple_popular_row0,ripple_relation_specificity,hit,post,0.2222222222222222
gpt2-xl,remedi,ripple,ripple_popular_row0,ripple_preservation,hit,post,0.0
gpt2-xl,remedi,ripple,ripple_popular_row2,efficacy,hit,pre,0.0
gpt2-xl,remedi,ripple,ripple_popular_row2,ripple_logical,hit,pre,0.0
gpt2-xl,remedi,ripple,ripple_popular_row2,ripple_compositional_i,hit,pre,0.0
gpt2-xl,remedi,ripple,ripple_popular_row2,ripple_aliasing,hit,pre,0.0
gpt2-xl,remedi,ripple,ripple_popular_row2,ripple_relation_specificity,hit,pre,0.0
gpt2-xl,remedi,ripple,ripple_popular_row2,ripple_preservation,hit,pre,0.0
gpt2-xl,remedi,ripple,ripple_popular_row2,efficacy,hit,post,0.0
gpt2-xl,remedi,ripple,ripple_popular_row2,ripple_logical,hit,post,0.0
gpt2-xl,remedi,ripple,ripple_popular_row2,ripple_compositional_i,hit,post,0.0
gpt2-xl,remedi,ripple,ripple_popular_row2,ripple_aliasing,hit,post,0.0
gpt2-xl,remedi,ripple,ripple_popular_row2,ripple_relation_specificity,hit,post,0.0
gpt2-xl,remedi,ripple,ripple_popular_row2,ripple_preservation,hit,post,0.0
gpt2-xl,remedi,ripple,ripple_random_row0,efficacy,hit,pre,0.0
gpt2-xl,remedi,ripple,ripple_random_row0,ripple_logical,hit,pre,0.0
gpt2-xl,remedi,ripple,ripple_random_row0,ripple_aliasing,hit,pre,0.0
gpt2-xl,remedi,ripple,ripple_random_row0,ripple_relation_specificity,hit,pre,0.0
gpt2-xl,remedi,ripple,ripple_random_row0,efficacy,hit,post,0.0
gpt2-xl,remedi,ripple,ripple_random_row0,ripple_logical,hit,post,0.0
gpt2-xl,remedi,ripple,ripple_random_row0,ripple_aliasing,hit,post,0.0
gpt2-xl,remedi,ripple,ripple_random_row0,ripple_relation_specificity,hit,post,0.0
gpt2-xl,remedi,ripple,ripple_random_row1,efficacy,hit,pre,0.0
gpt2-xl,remedi,ripple,ripple_random_row1,ripple_compositional_i,hit,pre,0.0
gpt2-xl,remedi,ripple,ripple_random_row1,ripple_aliasing,hit,pre,0.0
gpt2-xl,remedi,ripple,ripple_random_row1,ripple_relation_specificity,hit,pre,0.0
gpt2-xl,remedi,ripple,ripple_random_row1,efficacy,hit,post,0.0
gpt2-xl,remedi,ripple,ripple_random_row1,ripple_compositional_i,hit,post,0.0
gpt2-xl,remedi,ripple,ripple_random_row1,ripple_aliasing,hit,post,0.0
gpt2-xl,remedi,ripple,ripple_random_row1,ripple_relation_specificity,hit,post,0.0
gpt2-xl,remedi,ripple,ripple_random_row2,efficacy,hit,pre,0.0
gpt2-xl,remedi,ripple,ripple_random_row2,ripple_compositional_i,hit,pre,0.0
gpt2-xl,remedi,ripple,ripple_random_row2,ripple_aliasing,hit,pre,0.0
gpt2-xl,remedi,ripple,ripple_random_row2,efficacy,hit,post,0.0
gpt2-xl,remedi,ripple,ripple_random_row2,ripple_compositional_i,hit,post,0.0
gpt2-xl,remedi,ripple,ripple_random_row2,ripple_aliasing,hit,post,0.0
gpt2-xl,remedi,zsre,zsre_row0,efficacy,success,pre,0.0
gpt2-xl,remedi,zsre,zsre_row0,efficacy,diff,pre,-0.0005764174707755948
gpt2-xl,remedi,zsre,zsre_row0,efficacy,acc,pre,0.3333333333333333
gpt2-xl,remedi,zsre,zsre_row0,generalisation,success,pre,0.0
gpt2-xl,remedi,zsre,zsre_row0,generalisation,diff,pre,-0.002501691335092246
gpt2-xl,remedi,zsre,zsre_row0,generalisation,acc,pre,0.3333333333333333
gpt2-xl,remedi,zsre,zsre_row0,specificity,success,pre,1.0
gpt2-xl,remedi,zsre,zsre_row0,specificity,diff,pre,0.0002046845795470628
gpt2-xl,remedi,zsre,zsre_row0,specificity,acc,pre,0.3333333333333333
gpt2-xl,remedi,zsre,zsre_row0,efficacy,success,post,1.0
gpt2-xl,remedi,zsre,zsre_row0,efficacy,diff,post,0.08661687173045543
gpt2-xl,remedi,zsre,zsre_row0,efficacy,acc,post,0.6666666666666666
gpt2-xl,remedi,zsre,zsre_row0,generalisation,success,post,1.0
gpt2-xl,remedi,zsre,zsre_row0,generalisation,diff,post,0.062198230350539035
gpt2-xl,remedi,zsre,zsre_row0,generalisation,acc,post,0.6666666666666666
gpt2-xl,remedi,zsre,zsre_row0,specificity,success,post,1.0
gpt2-xl,remedi,zsre,zsre_row0,specificity,diff,post,0.0002046845795470628
gpt2-xl,remedi,zsre,zsre_row0,specificity,acc,post,0.3333333333333333
gpt2-xl,remedi,zsre,zsre_row1,efficacy,success,pre,0.0
gpt2-xl,remedi,zsre,zsre_row1,efficacy,diff,pre,-0.02953277586544776
gpt2-xl,remedi,zsre,zsre_row1,efficacy,acc,pre,0.5
gpt2-xl,remedi,zsre,zsre_row1,generalisation,success,pre,0.0
gpt2-xl,remedi,zsre,zsre_row1,generalisation,diff,pre,-0.01901215584201373
gpt2-xl,remedi,zsre,zsre_row1,generalisation,acc,pre,0.0
gpt2-xl,remedi,zsre,zsre_row1,specificity,success,pre,0.0
gpt2-xl,remedi,zsre,zsre_row1,specificity,diff,pre,-0.005373715503999106
gpt2-xl,remedi,zsre,zsre_row1,specificity,acc,pre,0.5
gpt2-xl,remedi,zsre,zsre_row1,efficacy,success,post,0.0
gpt2-xl,remedi,zsre,zsre_row1,efficacy,diff,post,-0.02195079828323653
gpt2-xl,remedi,zsre,zsre_row1,efficacy,acc,post,0.5
gpt2-xl,remedi,zsre,zsre_row1,generalisation,success,post,0.0
gpt2-xl,remedi,zsre,zsre_row1,generalisation,diff,post,-0.014273303030104677
gpt2-xl,remedi,zsre,zsre_row1,generalisation,acc,post,0.25
gpt2-xl,remedi,zsre,zsre_row1,specificity,success,post,0.0
gpt2-xl,remedi,zsre,zsre_row1,specificity,diff,post,-0.005373715503999106
gpt2-xl,remedi,zsre,zsre_row1,specificity,acc,post,0.5
gpt2-xl,remedi,zsre,zsre_row2,efficacy,success,pre,0.0
gpt2-xl,remedi,zsre,zsre_row2,efficacy,diff,pre,-2.442762706981668e-07
gpt2-xl,remedi,zsre,zsre_row2,efficacy,acc,pre,0.0
gpt2-xl,remedi,zsre,zsre_row2,generalisation,success,pre,0.0
gpt2-xl,remedi,zsre,zsre_row2,generalisation,diff,pre,-3.203728883827346e-07
gpt2-xl,remedi,zsre,zsre_row2,generalisation,acc,pre,0.0
gpt2-xl,remedi,zsre,zsre_row2,specificity,success,pre,0.0
gpt2-xl,remedi,zsre,zsre_row2,specificity,diff,pre,-0.004939125528424883
gpt2-xl,remedi,zsre,zsre_row2,specificity,acc,pre,0.6666666666666666
gpt2-xl,remedi,zsre,zsre_row2,efficacy,success,post,0.0
gpt2-xl,remedi,zsre,zsre_row2,efficacy,diff,post,-4.176630315588775e-08
gpt2-xl,remedi,zsre,zsre_row2,efficacy,acc,post,0.0
gpt2-xl,remedi,zsre,zsre_row2,generalisation,success,post,0.0
gpt2-xl,remedi,zsre,zsre_row2,generalisation,diff,post,-1.8501385817222065e-07
gpt2-xl,remedi,zsre,zsre_row2,generalisation,acc,post,0.0
gpt2-xl,remedi,zsre,zsre_row2,specificity,success,post,0.0
gpt2-xl,remedi,zsre,zsre_row2,specificity,diff,post,-0.004939125528424883
gpt2-xl,remedi,zsre,zsre_row2,specificity,acc,post,0.6666666666666666
gpt2-xl,rome,counterfact,0,efficacy,success,pre,0.0
gpt2-xl,rome,counterfact,0,efficacy,diff,pre,-0.37617651698075644
gpt2-xl,rome,counterfact,0,efficacy,acc,pre,0.0
gpt2-xl,rome,counterfact,0,generalisation,success,pre,1.0
gpt2-xl,rome,counterfact,0,generalisation,diff,pre,0.0005171306729141865
gpt2-xl,rome,counterfact,0,generalisation,acc,pre,0.0
gpt2-xl,rome,counterfact,0,specificity,success,pre,0.0
gpt2-xl,rome,counterfact,0,specificity,diff,pre,-0.3224642760423937
gpt2-xl,rome,counterfact,0,specificity,acc,pre,0.7
gpt2-xl,rome,counterfact,0,target_close_neighbour,success,pre,1.0
gpt2-xl,rome,counterfact,0,target_close_neighbour,diff,pre,0.07185565722335695
gpt2-xl,rome,counterfact,0,target_close_neighbour,acc,pre,0.4
gpt2-xl,rome,counterfact,0,efficacy,success,post,1.0
gpt2-xl,rome,counterfact,0,efficacy,diff,post,0.9963279256953104
gpt2-xl,rome,counterfact,0,efficacy,acc,post,1.0
gpt2-xl,rome,counterfact,0,generalisation,success,post,1.0
gpt2-xl,rome,counterfact,0,generalisation,diff,post,0.00610061564980654
gpt2-xl,rome,counterfact,0,generalisation,acc,post,0.0
gpt2-xl,rome,counterfact,0,specificity,success,post,0.0
gpt2-xl,rome,counterfact,0,specificity,diff,post,-0.3282468780121933
gpt2-xl,rome,counterfact,0,specificity,acc,post,0.7
gpt2-xl,rome,counterfact,0,target_close_neighbour,success,post,1.0
gpt2-xl,rome,counterfact,0,target_close_neighbour,diff,post,0.0730234725388104
gpt2-xl,rome,counterfact,0,target_close_neighbour,acc,post,0.4
gpt2-xl,rome,counterfact,1,efficacy,success,pre,0.0
gpt2-xl,rome,counterfact,1,efficacy,diff,pre,-0.10433664415338888
gpt2-xl,rome,counterfact,1,efficacy,acc,pre,0.0
gpt2-xl,rome,counterfact,1,generalisation,success,pre,0.0
gpt2-xl,rome,counterfact,1,generalisation,diff,pre,-0.0010584796715423853
gpt2-xl,rome,counterfact,1,generalisation,acc,pre,0.0
gpt2-xl,rome,counterfact,1,specificity,success,pre,0.7
gpt2-xl,rome,counterfact,1,specificity,diff,pre,0.025185032982237548
gpt2-xl,rome,counterfact,1,specificity,acc,pre,0.1
gpt2-xl,rome,counterfact,1,target_close_neighbour,success,pre,1.0
gpt2-xl,rome,counterfact,1,target_close_neighbour,diff,pre,0.11009343599061741
gpt2-xl,rome,counterfact,1,target_close_neighbour,acc,pre,0.3
gpt2-xl,rome,counterfact,1,efficacy,success,post,1.0
gpt2-xl,rome,counterfact,1,efficacy,diff,post,0.9882576588247247
gpt2-xl,rome,counterfact,1,efficacy,acc,post,1.0
gpt2-xl,rome,counterfact,1,generalisation,success,post,1.0
gpt2-xl,rome,counterfact,1,generalisation,diff,post,0.0489991321514095
gpt2-xl,rome,counterfact,1,generalisation,acc,post,0.0
gpt2-xl,rome,counterfact,1,specificity,success,post,0.7
gpt2-xl,rome,counterfact,1,specificity,diff,post,0.03460098435318363
gpt2-xl,rome,counterfact,1,specificity,acc,post,0.1
gpt2-xl,rome,counterfact,1,target_close_neighbour,success,post,1.0
gpt2-xl,rome,counterfact,1,target_close_neighbour,diff,post,0.11198080115113347
gpt2-xl,rome,counterfact,1,target_close_neighbour,acc,post,0.2
gpt2-xl,rome,counterfact,2,efficacy,success,pre,1.0
gpt2-xl,rome,counterfact,2,efficacy,diff,pre,2.8234194909068148e-05
gpt2-xl,rome,counterfact,2,efficacy,acc,pre,0.0
gpt2-xl,rome,counterfact,2,generalisation,success,pre,0.5
gpt2-xl,rome,counterfact,2,generalisation,diff,pre,0.013870785335809153
gpt2-xl,rome,counterfact,2,generalisation,acc,pre,0.0
gpt2-xl,rome,counterfact,2,specificity,success,pre,0.6
gpt2-xl,rome,counterfact,2,specificity,diff,pre,-0.0022553692823553133
gpt2-xl,rome,counterfact,2,specificity,acc,pre,0.0
gpt2-xl,rome,counterfact,2,target_close_neighbour,success,pre,0.7
gpt2-xl,rome,counterfact,2,target_close_neighbour,diff,pre,0.006844458774199277
gpt2-xl,rome,counterfact,2,target_close_neighbour,acc,pre,0.0
gpt2-xl,rome,counterfact,2,efficacy,success,post,1.0
gpt2-xl,rome,counterfact,2,efficacy,diff,post,0.9886938789788459
gpt2-xl,rome,counterfact,2,efficacy,acc,post,1.0
gpt2-xl,rome,counterfact,2,generalisation,success,post,1.0
gpt2-xl,rome,counterfact,2,generalisation,diff,post,0.4891696291553356
gpt2-xl,rome,counterfact,2,generalisation,acc,post,0.5
gpt2-xl,rome,counterfact,2,specificity,success,post,0.6
gpt2-xl,rome,counterfact,2,specificity,diff,post,-0.002024197905930802
gpt2-xl,rome,counterfact,2,specificity,acc,post,0.0
gpt2-xl,rome,counterfact,2,target_close_neighbour,success,post,0.7
gpt2-xl,rome,counterfact,2,target_close_neighbour,diff,post,0.00759509538407224
gpt2-xl,rome,counterfact,2,target_close_neighbour,acc,post,0.0
gpt2-xl,rome,mquake,1,efficacy,success,pre,0.5
gpt2-xl,rome,mquake,1,efficacy,diff,pre,0.07306973828161172
gpt2-xl,rome,mquake,1,efficacy,acc,pre,0.35714285714285715
gpt2-xl,rome,mquake,1,single_hop,success,pre,0.5
gpt2-xl,rome,mquake,1,single_hop,diff,pre,0.07306973828161172
gpt2-xl,rome,mquake,1,single_hop,acc,pre,0.35714285714285715
gpt2-xl,rome,mquake,1,multihop,hit,pre,0.0
gpt2-xl,rome,mquake,1,efficacy,success,post,1.0
gpt2-xl,rome,mquake,1,efficacy,diff,post,0.3968161069460171
gpt2-xl,rome,mquake,1,efficacy,acc,post,0.6785714285714286
gpt2-xl,rome,mquake,1,single_hop,success,post,1.0
gpt2-xl,rome,mquake,1,single_hop,diff,post,0.3968161069460171
gpt2-xl,rome,mquake,1,single_hop,acc,post,0.6785714285714286
gpt2-xl,rome,mquake,1,multihop,hit,post,0.0
gpt2-xl,rome,mquake,2,efficacy,success,pre,0.0
gpt2-xl,rome,mquake,2,efficacy,diff,pre,-0.12840998488189664
gpt2-xl,rome,mquake,2,efficacy,acc,pre,0.0
gpt2-xl,rome,mquake,2,single_hop,success,pre,0.5
gpt2-xl,rome,mquake,2,single_hop,diff,pre,-0.06177679998938742
gpt2-xl,rome,mquake,2,single_hop,acc,pre,0.0
gpt2-xl,rome,mquake,2,multihop,hit,pre,0.0
gpt2-xl,rome,mquake,2,efficacy,success,post,0.0
gpt2-xl,rome,mquake,2,efficacy,diff,post,-0.08616244925789177
gpt2-xl,rome,mquake,2,efficacy,acc,post,0.3333333333333333
gpt2-xl,rome,mquake,2,single_hop,success,post,0.5
gpt2-xl,rome,mquake,2,single_hop,diff,post,-0.04103852239076893
gpt2-xl,rome,mquake,2,single_hop,acc,post,0.16666666666666666
gpt2-xl,rome,mquake,2,multihop,hit,post,0.0
gpt2-xl,rome,mquake,3,efficacy,success,pre,0.0
gpt2-xl,rome,mquake,3,efficacy,diff,pre,-0.08145391641925212
gpt2-xl,rome,mquake,3,efficacy,acc,pre,0.5
gpt2-xl,rome,mquake,3,single_hop,success,pre,0.5
gpt2-xl,rome,mquake,3,single_hop,diff,pre,-0.0405034361357399
gpt2-xl,rome,mquake,3,single_hop,acc,pre,0.25
gpt2-xl,rome,mquake,3,multihop,hit,pre,0.0
gpt2-xl,rome,mquake,3,efficacy,success,post,1.0
gpt2-xl,rome,mquake,3,efficacy,diff,post,0.3589296878709729
gpt2-xl,rome,mquake,3,efficacy,acc,post,1.0
gpt2-xl,rome,mquake,3,single_hop,success,post,1.0
gpt2-xl,rome,mquake,3,single_hop,diff,post,0.1796086672292333
gpt2-xl,rome,mquake,3,single_hop,acc,post,0.5
gpt2-xl,rome,mquake,3,multihop,hit,post,0.0
gpt2-xl,rome,ripple,ripple_popular_row0,efficacy,hit,pre,0.0
gpt2-xl,rome,ripple,ripple_popular_row0,ripple_compositional_i,hit,pre,0.0
gpt2-xl,rome,ripple,ripple_popular_row0,ripple_aliasing,hit,pre,0.0
gpt2-xl,rome,ripple,ripple_popular_row0,ripple_relation_specificity,hit,pre,0.0
gpt2-xl,rome,ripple,ripple_popular_row0,ripple_preservation,hit,pre,0.0
gpt2-xl,rome,ripple,ripple_popular_row0,efficacy,hit,post,1.0
gpt2-xl,rome,ripple,ripple_popular_row0,ripple_compositional_i,hit,post,0.2857142857142857
gpt2-xl,rome,ripple,ripple_popular_row0,ripple_aliasing,hit,post,1.0
gpt2-xl,rome,ripple,ripple_popular_row0,ripple_relation_specificity,hit,post,0.0
gpt2-xl,rome,ripple,ripple_popular_row0,ripple_preservation,hit,post,0.0
gpt2-xl,rome,ripple,ripple_popular_row2,efficacy,hit,pre,0.0
gpt2-xl,rome,ripple,ripple_popular_row2,ripple_logical,hit,pre,0.0
gpt2-xl,rome,ripple,ripple_popular_row2,ripple_compositional_i,hit,pre,0.0
gpt2-xl,rome,ripple,ripple_popular_row2,ripple_aliasing,hit,pre,0.0
gpt2-xl,rome,ripple,ripple_popular_row2,ripple_relation_specificity,hit,pre,0.0
gpt2-xl,rome,ripple,ripple_popular_row2,ripple_preservation,hit,pre,0.0
gpt2-xl,rome,ripple,ripple_popular_row2,efficacy,hit,post,0.0
gpt2-xl,rome,ripple,ripple_popular_row2,ripple_logical,hit,post,0.0
gpt2-xl,rome,ripple,ripple_popular_row2,ripple_compositional_i,hit,post,0.0
gpt2-xl,rome,ripple,ripple_popular_row2,ripple_aliasing,hit,post,1.0
gpt2-xl,rome,ripple,ripple_popular_row2,ripple_relation_specificity,hit,post,0.1111111111111111
gpt2-xl,rome,ripple,ripple_popular_row2,ripple_preservation,hit,post,0.0
gpt2-xl,rome,ripple,ripple_random_row0,efficacy,hit,pre,0.0
gpt2-xl,rome,ripple,ripple_random_row0,ripple_logical,hit,pre,0.0
gpt2-xl,rome,ripple,ripple_random_row0,ripple_aliasing,hit,pre,0.0
gpt2-xl,rome,ripple,ripple_random_row0,ripple_relation_specificity,hit,pre,0.0
gpt2-xl,rome,ripple,ripple_random_row0,efficacy,hit,post,0.0
gpt2-xl,rome,ripple,ripple_random_row0,ripple_logical,hit,post,0.0
gpt2-xl,rome,ripple,ripple_random_row0,ripple_aliasing,hit,post,0.0
gpt2-xl,rome,ripple,ripple_random_row0,ripple_relation_specificity,hit,post,0.0
gpt2-xl,rome,ripple,ripple_random_row1,efficacy,hit,pre,0.0
gpt2-xl,rome,ripple,ripple_random_row1,ripple_compositional_i,hit,pre,0.0
gpt2-xl,rome,ripple,ripple_random_row1,ripple_aliasing,hit,pre,0.0
gpt2-xl,rome,ripple,ripple_random_row1,ripple_relation_specificity,hit,pre,0.0
gpt2-xl,rome,ripple,ripple_random_row1,efficacy,hit,post,1.0
gpt2-xl,rome,ripple,ripple_random_row1,ripple_compositional_i,hit,post,0.0
gpt2-xl,rome,ripple,ripple_random_row1,ripple_aliasing,hit,post,0.0
gpt2-xl,rome,ripple,ripple_random_row1,ripple_relation_specificity,hit,post,0.0
gpt2-xl,rome,ripple,ripple_random_row2,efficacy,hit,pre,0.0
gpt2-xl,rome,ripple,ripple_random_row2,ripple_compositional_i,hit,pre,0.0
gpt2-xl,rome,ripple,ripple_random_row2,ripple_aliasing,hit,pre,0.0
gpt2-xl,rome,ripple,ripple_random_row2,efficacy,hit,post,0.0
gpt2-xl,rome,ripple,ripple_random_row2,ripple_compositional_i,hit,post,0.0
gpt2-xl,rome,ripple,ripple_random_row2,ripple_aliasing,hit,post,0.0
gpt2-xl,rome,zsre,zsre_row0,efficacy,success,pre,0.0
gpt2-xl,rome,zsre,zsre_row0,efficacy,diff,pre,-0.0005764174707755948
gpt2-xl,rome,zsre,zsre_row0,efficacy,acc,pre,0.3333333333333333
gpt2-xl,rome,zsre,zsre_row0,generalisation,success,pre,0.0
gpt2-xl,rome,zsre,zsre_row0,generalisation,diff,pre,-0.002501691335092246
gpt2-xl,rome,zsre,zsre_row0,generalisation,acc,pre,0.3333333333333333
gpt2-xl,rome,zsre,zsre_row0,specificity,success,pre,1.0
gpt2-xl,rome,zsre,zsre_row0,specificity,diff,pre,0.0002046845795470628
gpt2-xl,rome,zsre,zsre_row0,specificity,acc,pre,0.3333333333333333
gpt2-xl,rome,zsre,zsre_row0,efficacy,success,post,1.0
gpt2-xl,rome,zsre,zsre_row0,efficacy,diff,post,0.03959883461273983
gpt2-xl,rome,zsre,zsre_row0,efficacy,acc,post,0.6666666666666666
gpt2-xl,rome,zsre,zsre_row0,generalisation,success,post,1.0
gpt2-xl,rome,zsre,zsre_row0,generalisation,diff,post,0.026037952696240187
gpt2-xl,rome,zsre,zsre_row0,generalisation,acc,post,0.6666666666666666
gpt2-xl,rome,zsre,zsre_row0,specificity,success,post,1.0
gpt2-xl,rome,zsre,zsre_row0,specificity,diff,post,0.00014196075230469164
gpt2-xl,rome,zsre,zsre_row0,specificity,acc,post,0.3333333333333333
gpt2-xl,rome,zsre,zsre_row1,efficacy,success,pre,0.0
gpt2-xl,rome,zsre,zsre_row1,efficacy,diff,pre,-0.02953277586544776
gpt2-xl,rome,zsre,zsre_row1,efficacy,acc,pre,0.5
gpt2-xl,rome,zsre,zsre_row1,generalisation,success,pre,0.0
gpt2-xl,rome,zsre,zsre_row1,generalisation,diff,pre,-0.01901215584201373
gpt2-xl,rome,zsre,zsre_row1,generalisation,acc,pre,0.0
gpt2-xl,rome,zsre,zsre_row1,specificity,success,pre,0.0
gpt2-xl,rome,zsre,zsre_row1,specificity,diff,pre,-0.005373715503999106
gpt2-xl,rome,zsre,zsre_row1,specificity,acc,pre,0.5
gpt2-xl,rome,zsre,zsre_row1,efficacy,success,post,0.0
gpt2-xl,rome,zsre,zsre_row1,efficacy,diff,post,-0.007005078876252272
gpt2-xl,rome,zsre,zsre_row1,efficacy,acc,post,0.25
gpt2-xl,rome,zsre,zsre_row1,generalisation,success,post,0.0
gpt2-xl,rome,zsre,zsre_row1,generalisation,diff,post,-0.007903922574693816
gpt2-xl,rome,zsre,zsre_row1,generalisation,acc,post,0.25
gpt2-xl,rome,zsre,zsre_row1,specificity,success,post,0.0
gpt2-xl,rome,zsre,zsre_row1,specificity,diff,post,-0.005234008849518564
gpt2-xl,rome,zsre,zsre_row1,specificity,acc,post,0.5
gpt2-xl,rome,zsre,zsre_row2,efficacy,success,pre,0.0
gpt2-xl,rome,zsre,zsre_row2,efficacy,diff,pre,-2.442762706981668e-07
gpt2-xl,rome,zsre,zsre_row2,efficacy,acc,pre,0.0
gpt2-xl,rome,zsre,zsre_row2,generalisation,success,pre,0.0
gpt2-xl,rome,zsre,zsre_row2,generalisation,diff,pre,-3.203728883827346e-07
gpt2-xl,rome,zsre,zsre_row2,generalisation,acc,pre,0.0
gpt2-xl,rome,zsre,zsre_row2,specificity,success,pre,0.0
gpt2-xl,rome,zsre,zsre_row2,specificity,diff,pre,-0.004939125528424883
gpt2-xl,rome,zsre,zsre_row2,specificity,acc,pre,0.6666666666666666
gpt2-xl,rome,zsre,zsre_row2,efficacy,success,post,1.0
gpt2-xl,rome,zsre,zsre_row2,efficacy,diff,post,0.979660977232832
gpt2-xl,rome,zsre,zsre_row2,efficacy,acc,post,1.0
gpt2-xl,rome,zsre,zsre_row2,generalisation,success,post,1.0
gpt2-xl,rome,zsre,zsre_row2,generalisation,diff,post,0.7757130817016465
gpt2-xl,rome,zsre,zsre_row2,generalisation,acc,post,1.0
gpt2-xl,rome,zsre,zsre_row2,specificity,success,post,0.0
gpt2-xl,rome,zsre,zsre_row2,specificity,diff,post,-0.0048673009453295574
gpt2-xl,rome,zsre,zsre_row2,specificity,acc,post,0.6666666666666666
llama3-8b,alphaedit,counterfact,0,efficacy,success,pre,0.0
llama3-8b,alphaedit,counterfact,0,efficacy,diff,pre,-0.554447759264991
llama3-8b,alphaedit,counterfact,0,efficacy,acc,pre,0.0
llama3-8b,alphaedit,counterfact,0,generalisation,success,pre,0.0
llama3-8b,alphaedit,counterfact,0,generalisation,diff,pre,-0.017276258042719
llama3-8b,alphaedit,counterfact,0,generalisation,acc,pre,0.0
llama3-8b,alphaedit,counterfact,0,specificity,success,pre,0.0
llama3-8b,alphaedit,counterfact,0,specificity,diff,pre,-0.3691831430535373
llama3-8b,alphaedit,counterfact,0,specificity,acc,pre,0.5
llama3-8b,alphaedit,counterfact,0,target_close_neighbour,success,pre,1.0
llama3-8b,alphaedit,counterfact,0,target_close_neighbour,diff,pre,0.13501298562453548
llama3-8b,alphaedit,counterfact,0,target_close_neighbour,acc,pre,0.4
llama3-8b,alphaedit,counterfact,0,efficacy,success,post,1.0
llama3-8b,alphaedit,counterfact,0,efficacy,diff,post,0.9873171243614872
llama3-8b,alphaedit,counterfact,0,efficacy,acc,post,1.0
llama3-8b,alphaedit,counterfact,0,generalisation,success,post,0.0
llama3-8b,alphaedit,counterfact,0,generalisation,diff,post,-0.0006487149299398201
llama3-8b,alphaedit,counterfact,0,generalisation,acc,post,0.0
llama3-8b,alphaedit,counterfact,0,specificity,success,post,0.0
llama3-8b,alphaedit,counterfact,0,specificity,diff,post,-0.39669845565221407
llama3-8b,alphaedit,counterfact,0,specificity,acc,post,0.6
llama3-8b,alphaedit,counterfact,0,target_close_neighbour,success,post,1.0
llama3-8b,alphaedit,counterfact,0,target_close_neighbour,diff,post,0.15276189143109387
llama3-8b,alphaedit,counterfact,0,target_close_neighbour,acc,post,0.4
llama3-8b,alphaedit,counterfact,1,efficacy,success,pre,0.0
llama3-8b,alphaedit,counterfact,1,efficacy,diff,pre,-0.15195808065583227
llama3-8b,alphaedit,counterfact,1,efficacy,acc,pre,0.0
llama3-8b,alphaedit,counterfact,1,generalisation,success,pre,0.0
llama3-8b,alphaedit,counterfact,1,generalisation,diff,pre,-0.03057342970014454
llama3-8b,alphaedit,counterfact,1,generalisation,acc,pre,0.0
llama3-8b,alphaedit,counterfact,1,specificity,success,pre,0.4
llama3-8b,alphaedit,counterfact,1,specificity,diff,pre,-0.007853033098426339
llama3-8b,alphaedit,counterfact,1,specificity,acc,pre,0.0
llama3-8b,alphaedit,counterfact,1,target_close_neighbour,success,pre,1.0
llama3-8b,alphaedit,counterfact,1,target_close_neighbour,diff,pre,0.12185462705339314
llama3-8b,alphaedit,counterfact,1,target_close_neighbour,acc,pre,0.2
llama3-8b,alphaedit,counterfact,1,efficacy,success,post,1.0
llama3-8b,alphaedit,counterfact,1,efficacy,diff,post,0.984840953805207
llama3-8b,alphaedit,counterfact,1,efficacy,acc,post,1.0
llama3-8b,alphaedit,counterfact,1,generalisation,success,post,0.0
llama3-8b,alphaedit,counterfact,1,generalisation,diff,post,-0.021147653208931597
llama3-8b,alphaedit,counterfact,1,generalisation,acc,post,0.0
llama3-8b,alphaedit,counterfact,1,specificity,success,post,0.4
llama3-8b,alphaedit,counterfact,1,specificity,diff,post,-0.007621573907169096
llama3-8b,alphaedit,counterfact,1,specificity,acc,post,0.0
llama3-8b,alphaedit,counterfact,1,target_close_neighbour,success,post,1.0
llama3-8b,alphaedit,counterfact,1,target_close_neighbour,diff,post,0.13201249301556142
llama3-8b,alphaedit,counterfact,1,target_close_neighbour,acc,post,0.2
llama3-8b,alphaedit,counterfact,2,efficacy,success,pre,1.0
llama3-8b,alphaedit,counterfact,2,efficacy,diff,pre,2.1259822173694097e-05
llama3-8b,alphaedit,counterfact,2,efficacy,acc,pre,0.0
llama3-8b,alphaedit,counterfact,2,generalisation,success,pre,1.0
llama3-8b,alphaedit,counterfact,2,generalisation,diff,pre,0.041588110685158136
llama3-8b,alphaedit,counterfact,2,generalisation,acc,pre,0.5
llama3-8b,alphaedit,counterfact,2,specificity,success,pre,0.6
llama3-8b,alphaedit,counterfact,2,specificity,diff,pre,-0.016179983789135374
llama3-8b,alphaedit,counterfact,2,specificity,acc,pre,0.2
llama3-8b,alphaedit,counterfact,2,target_close_neighbour,success,pre,1.0
llama3-8b,alphaedit,counterfact,2,target_close_neighbour,diff,pre,0.11117857836485087
llama3-8b,alphaedit,counterfact,2,target_close_neighbour,acc,pre,0.6
llama3-8b,alphaedit,counterfact,2,efficacy,success,post,1.0
llama3-8b,alphaedit,counterfact,2,efficacy,diff,post,0.1138238928279963
llama3-8b,alphaedit,counterfact,2,efficacy,acc,post,1.0
llama3-8b,alphaedit,counterfact,2,generalisation,success,post,1.0
llama3-8b,alphaedit,counterfact,2,generalisation,diff,post,0.07598395137740936
llama3-8b,alphaedit,counterfact,2,generalisation,acc,post,0.5
llama3-8b,alphaedit,counterfact,2,specificity,success,post,0.6
llama3-8b,alphaedit,counterfact,2,specificity,diff,post,-0.01608398827032868
llama3-8b,alphaedit,counterfact,2,specificity,acc,post,0.2
llama3-8b,alphaedit,counterfact,2,target_close_neighbour,success,post,1.0
llama3-8b,alphaedit,counterfact,2,target_close_neighbour,diff,post,0.11522251212828913
llama3-8b,alphaedit,counterfact,2,target_close_neighbour,acc,post,0.6
llama3-8b,alphaedit,mquake,1,efficacy,success,pre,0.5
llama3-8b,alphaedit,mquake,1,efficacy,diff,pre,-0.12516460852795738
llama3-8b,alphaedit,mquake,1,efficacy,acc,pre,0.3333333333333333
llama3-8b,alphaedit,mquake,1,single_hop,success,pre,0.5
llama3-8b,alphaedit,mquake,1,single_hop,diff,pre,-0.12516460852795738
llama3-8b,alphaedit,mquake,1,single_hop,acc,pre,0.3333333333333333
llama3-8b,alphaedit,mquake,1,multihop,hit,pre,0.0
llama3-8b,alphaedit,mquake,1,efficacy,success,post,1.0
llama3-8b,alphaedit,mquake,1,efficacy,diff,post,0.62104077170105
llama3-8b,alphaedit,mquake,1,efficacy,acc,post,0.75
llama3-8b,alphaedit,mquake,1,single_hop,success,post,1.0
llama3-8b,alphaedit,mquake,1,single_hop,diff,post,0.62104077170105
llama3-8b,alphaedit,mquake,1,single_hop,acc,post,0.75
llama3-8b,alphaedit,mquake,1,multihop,hit,post,0.0
llama3-8b,alphaedit,mquake,2,efficacy,success,pre,0.0
llama3-8b,alphaedit,mquake,2,efficacy,diff,pre,-0.5267057367602159
llama3-8b,alphaedit,mquake,2,efficacy,acc,pre,0.25
llama3-8b,alphaedit,mquake,2,single_hop,success,pre,0.5
llama3-8b,alphaedit,mquake,2,single_hop,diff,pre,-0.16526882502839385
llama3-8b,alphaedit,mquake,2,single_hop,acc,pre,0.625
llama3-8b,alphaedit,mquake,2,multihop,hit,pre,0.0
llama3-8b,alphaedit,mquake,2,efficacy,success,post,1.0
llama3-8b,alphaedit,mquake,2,efficacy,diff,post,0.2327574410379518
llama3-8b,alphaedit,mquake,2,efficacy,acc,post,0.75
llama3-8b,alphaedit,mquake,2,single_hop,success,post,1.0
llama3-8b,alphaedit,mquake,2,single_hop,diff,post,0.21171365067510461
llama3-8b,alphaedit,mquake,2,single_hop,acc,post,0.875
llama3-8b,alphaedit,mquake,2,multihop,hit,post,0.0
llama3-8b,alphaedit,mquake,3,efficacy,success,pre,0.0
llama3-8b,alphaedit,mquake,3,efficacy,diff,pre,-0.9471558434905721
llama3-8b,alphaedit,mquake,3,efficacy,acc,pre,0.5
llama3-8b,alphaedit,mquake,3,single_hop,success,pre,0.5
llama3-8b,alphaedit,mquake,3,single_hop,diff,pre,-0.44308061206966204
llama3-8b,alphaedit,mquake,3,single_hop,acc,pre,0.25
llama3-8b,alphaedit,mquake,3,multihop,hit,pre,0.0
llama3-8b,alphaedit,mquake,3,efficacy,success,post,1.0
llama3-8b,alphaedit,mquake,3,efficacy,diff,post,0.20398514250976862
llama3-8b,alphaedit,mquake,3,efficacy,acc,post,0.5
llama3-8b,alphaedit,mquake,3,single_hop,success,post,1.0
llama3-8b,alphaedit,mquake,3,single_hop,diff,post,0.14433518822308924
llama3-8b,alphaedit,mquake,3,single_hop,acc,post,0.25
llama3-8b,alphaedit,mquake,3,multihop,hit,post,0.0
llama3-8b,alphaedit,ripple,ripple_popular_row0,efficacy,hit,pre,0.0
llama3-8b,alphaedit,ripple,ripple_popular_row0,ripple_compositional_i,hit,pre,0.0
llama3-8b,alphaedit,ripple,ripple_popular_row0,ripple_aliasing,hit,pre,0.0
llama3-8b,alphaedit,ripple,ripple_popular_row0,ripple_relation_specificity,hit,pre,0.7777777777777778
llama3-8b,alphaedit,ripple,ripple_popular_row0,ripple_preservation,hit,pre,0.0
llama3-8b,alphaedit,ripple,ripple_popular_row0,efficacy,hit,post,1.0
llama3-8b,alphaedit,ripple,ripple_popular_row0,ripple_compositional_i,hit,post,0.5714285714285714
llama3-8b,alphaedit,ripple,ripple_popular_row0,ripple_aliasing,hit,post,1.0
llama3-8b,alphaedit,ripple,ripple_popular_row0,ripple_relation_specificity,hit,post,0.2222222222222222
llama3-8b,alphaedit,ripple,ripple_popular_row0,ripple_preservation,hit,post,0.0
llama3-8b,alphaedit,ripple,ripple_popular_row2,efficacy,hit,pre,0.0
llama3-8b,alphaedit,ripple,ripple_popular_row2,ripple_logical,hit,pre,0.0
llama3-8b,alphaedit,ripple,ripple_popular_row2,ripple_compositional_i,hit,pre,0.0
llama3-8b,alphaedit,ripple,ripple_popular_row2,ripple_aliasing,hit,pre,0.0
llama3-8b,alphaedit,ripple,ripple_popular_row2,ripple_relation_specificity,hit,pre,0.5555555555555556
llama3-8b,alphaedit,ripple,ripple_popular_row2,ripple_preservation,hit,pre,1.0
llama3-8b,alphaedit,ripple,ripple_popular_row2,efficacy,hit,post,1.0
llama3-8b,alphaedit,ripple,ripple_popular_row2,ripple_logical,hit,post,0.0
llama3-8b,alphaedit,ripple,ripple_popular_row2,ripple_compositional_i,hit,post,0.2
llama3-8b,alphaedit,ripple,ripple_popular_row2,ripple_aliasing,hit,post,1.0
llama3-8b,alphaedit,ripple,ripple_popular_row2,ripple_relation_specificity,hit,post,0.2222222222222222
llama3-8b,alphaedit,ripple,ripple_popular_row2,ripple_preservation,hit,post,0.0
llama3-8b,alphaedit,ripple,ripple_random_row0,efficacy,hit,pre,0.0
llama3-8b,alphaedit,ripple,ripple_random_row0,ripple_logical,hit,pre,0.0
llama3-8b,alphaedit,ripple,ripple_random_row0,ripple_aliasing,hit,pre,0.0
llama3-8b,alphaedit,ripple,ripple_random_row0,ripple_relation_specificity,hit,pre,0.0
llama3-8b,alphaedit,ripple,ripple_random_row0,efficacy,hit,post,0.0
llama3-8b,alphaedit,ripple,ripple_random_row0,ripple_logical,hit,post,0.0
llama3-8b,alphaedit,ripple,ripple_random_row0,ripple_aliasing,hit,post,0.0
llama3-8b,alphaedit,ripple,ripple_random_row0,ripple_relation_specificity,hit,post,0.0
llama3-8b,alphaedit,ripple,ripple_random_row1,efficacy,hit,pre,0.0
llama3-8b,alphaedit,ripple,ripple_random_row1,ripple_compositional_i,hit,pre,0.0
llama3-8b,alphaedit,ripple,ripple_random_row1,ripple_aliasing,hit,pre,0.0
llama3-8b,alphaedit,ripple,ripple_random_row1,ripple_relation_specificity,hit,pre,0.0
llama3-8b,alphaedit,ripple,ripple_random_row1,efficacy,hit,post,1.0
llama3-8b,alphaedit,ripple,ripple_random_row1,ripple_compositional_i,hit,post,0.0
llama3-8b,alphaedit,ripple,ripple_random_row1,ripple_aliasing,hit,post,0.0
llama3-8b,alphaedit,ripple,ripple_random_row1,ripple_relation_specificity,hit,post,0.0
llama3-8b,alphaedit,ripple,ripple_random_row2,efficacy,hit,pre,0.0
llama3-8b,alphaedit,ripple,ripple_random_row2,ripple_compositional_i,hit,pre,0.0
llama3-8b,alphaedit,ripple,ripple_random_row2,ripple_aliasing,hit,pre,0.0
llama3-8b,alphaedit,ripple,ripple_random_row2,efficacy,hit,post,0.0
llama3-8b,alphaedit,ripple,ripple_random_row2,ripple_compositional_i,hit,post,0.0
llama3-8b,alphaedit,ripple,ripple_random_row2,ripple_aliasing,hit,post,1.0
llama3-8b,alphaedit,zsre,zsre_row0,efficacy,success,pre,1.0
llama3-8b,alphaedit,zsre,zsre_row0,efficacy,diff,pre,0.0369414045465265
llama3-8b,alphaedit,zsre,zsre_row0,efficacy,acc,pre,0.3333333333333333
llama3-8b,alphaedit,zsre,zsre_row0,generalisation,success,pre,1.0
llama3-8b,alphaedit,zsre,zsre_row0,generalisation,diff,pre,0.016267404748743455
llama3-8b,alphaedit,zsre,zsre_row0,generalisation,acc,pre,0.3333333333333333
llama3-8b,alphaedit,zsre,zsre_row0,specificity,success,pre,0.0
llama3-8b,alphaedit,zsre,zsre_row0,specificity,diff,pre,-0.00038704909303236695
llama3-8b,alphaedit,zsre,zsre_row0,specificity,acc,pre,0.6666666666666666
llama3-8b,alphaedit,zsre,zsre_row0,efficacy,success,post,1.0
llama3-8b,alphaedit,zsre,zsre_row0,efficacy,diff,post,0.9840773325177166
llama3-8b,alphaedit,zsre,zsre_row0,efficacy,acc,post,1.0
llama3-8b,alphaedit,zsre,zsre_row0,generalisation,success,post,1.0
llama3-8b,alphaedit,zsre,zsre_row0,generalisation,diff,post,0.5170750155878885
llama3-8b,alphaedit,zsre,zsre_row0,generalisation,acc,post,1.0
llama3-8b,alphaedit,zsre,zsre_row0,specificity,success,post,0.0
llama3-8b,alphaedit,zsre,zsre_row0,specificity,diff,post,-0.0003473539320272216
llama3-8b,alphaedit,zsre,zsre_row0,specificity,acc,post,0.6666666666666666
llama3-8b,alphaedit,zsre,zsre_row1,efficacy,success,pre,0.0
llama3-8b,alphaedit,zsre,zsre_row1,efficacy,diff,pre,-0.1378009694705405
llama3-8b,alphaedit,zsre,zsre_row1,efficacy,acc,pre,0.0
llama3-8b,alphaedit,zsre,zsre_row1,generalisation,success,pre,0.0
llama3-8b,alphaedit,zsre,zsre_row1,generalisation,diff,pre,-0.1258746068663492
llama3-8b,alphaedit,zsre,zsre_row1,generalisation,acc,pre,0.0
llama3-8b,alphaedit,zsre,zsre_row1,specificity,success,pre,0.0
llama3-8b,alphaedit,zsre,zsre_row1,specificity,diff,pre,-0.0034145509734565573
llama3-8b,alphaedit,zsre,zsre_row1,specificity,acc,pre,0.5
llama3-8b,alphaedit,zsre,zsre_row1,efficacy,success,post,1.0
llama3-8b,alphaedit,zsre,zsre_row1,efficacy,diff,post,0.9884886737293049
llama3-8b,alphaedit,zsre,zsre_row1,efficacy,acc,post,1.0
llama3-8b,alphaedit,zsre,zsre_row1,generalisation,success,post,1.0
llama3-8b,alphaedit,zsre,zsre_row1,generalisation,diff,post,0.6728681716271663
llama3-8b,alphaedit,zsre,zsre_row1,generalisation,acc,post,1.0
llama3-8b,alphaedit,zsre,zsre_row1,specificity,success,post,0.0
llama3-8b,alphaedit,zsre,zsre_row1,specificity,diff,post,-0.003406506512149903
llama3-8b,alphaedit,zsre,zsre_row1,specificity,acc,post,0.5
llama3-8b,alphaedit,zsre,zsre_row2,efficacy,success,pre,1.0
llama3-8b,alphaedit,zsre,zsre_row2,efficacy,diff,pre,1.208607070673092e-06
llama3-8b,alphaedit,zsre,zsre_row2,efficacy,acc,pre,0.0
llama3-8b,alphaedit,zsre,zsre_row2,generalisation,success,pre,0.0
llama3-8b,alphaedit,zsre,zsre_row2,generalisation,diff,pre,-3.4509760115199677e-06
llama3-8b,alphaedit,zsre,zsre_row2,generalisation,acc,pre,0.0
llama3-8b,alphaedit,zsre,zsre_row2,specificity,success,pre,0.0
llama3-8b,alphaedit,zsre,zsre_row2,specificity,diff,pre,-0.004027526213683726
llama3-8b,alphaedit,zsre,zsre_row2,specificity,acc,pre,0.3333333333333333
llama3-8b,alphaedit,zsre,zsre_row2,efficacy,success,post,1.0
llama3-8b,alphaedit,zsre,zsre_row2,efficacy,diff,post,0.00042784022016703713
llama3-8b,alphaedit,zsre,zsre_row2,efficacy,acc,post,0.0
llama3-8b,alphaedit,zsre,zsre_row2,generalisation,success,post,1.0
llama3-8b,alphaedit,zsre,zsre_row2,generalisation,diff,post,0.0002988034448453788
llama3-8b,alphaedit,zsre,zsre_row2,generalisation,acc,post,0.0
llama3-8b,alphaedit,zsre,zsre_row2,specificity,success,post,0.0
llama3-8b,alphaedit,zsre,zsre_row2,specificity,diff,post,-0.004006775089117102
llama3-8b,alphaedit,zsre,zsre_row2,specificity,acc,post,0.3333333333333333
llama3-8b,anyedit,counterfact,0,efficacy,success,pre,0.0
llama3-8b,anyedit,counterfact,0,efficacy,diff,pre,-0.554447759264991
llama3-8b,anyedit,counterfact,0,efficacy,acc,pre,0.0
llama3-8b,anyedit,counterfact,0,generalisation,success,pre,0.0
llama3-8b,anyedit,counterfact,0,generalisation,diff,pre,-0.017276258042719
llama3-8b,anyedit,counterfact,0,generalisation,acc,pre,0.0
llama3-8b,anyedit,counterfact,0,specificity,success,pre,0.0
llama3-8b,anyedit,counterfact,0,specificity,diff,pre,-0.3691831430535373
llama3-8b,anyedit,counterfact,0,specificity,acc,pre,0.5
llama3-8b,anyedit,counterfact,0,target_close_neighbour,success,pre,1.0
llama3-8b,anyedit,counterfact,0,target_close_neighbour,diff,pre,0.13501298562453548
llama3-8b,anyedit,counterfact,0,target_close_neighbour,acc,pre,0.4
llama3-8b,anyedit,counterfact,0,efficacy,success,post,0.0
llama3-8b,anyedit,counterfact,0,efficacy,diff,post,-0.0003331040571466735
llama3-8b,anyedit,counterfact,0,efficacy,acc,post,0.0
llama3-8b,anyedit,counterfact,0,generalisation,success,post,0.0
llama3-8b,anyedit,counterfact,0,generalisation,diff,post,-0.0012875794851291346
llama3-8b,anyedit,counterfact,0,generalisation,acc,post,0.0
llama3-8b,anyedit,counterfact,0,specificity,success,post,0.0
llama3-8b,anyedit,counterfact,0,specificity,diff,post,-0.12271078663227628
llama3-8b,anyedit,counterfact,0,specificity,acc,post,0.2
llama3-8b,anyedit,counterfact,0,target_close_neighbour,success,post,0.9
llama3-8b,anyedit,counterfact,0,target_close_neighbour,diff,post,0.03231956298808334
llama3-8b,anyedit,counterfact,0,target_close_neighbour,acc,post,0.2
llama3-8b,anyedit,counterfact,1,efficacy,success,pre,0.0
llama3-8b,anyedit,counterfact,1,efficacy,diff,pre,-0.15195808065583227
llama3-8b,anyedit,counterfact,1,efficacy,acc,pre,0.0
llama3-8b,anyedit,counterfact,1,generalisation,success,pre,0.0
llama3-8b,anyedit,counterfact,1,generalisation,diff,pre,-0.03057342970014454
llama3-8b,anyedit,counterfact,1,generalisation,acc,pre,0.0
llama3-8b,anyedit,counterfact,1,specificity,success,pre,0.4
llama3-8b,anyedit,counterfact,1,specificity,diff,pre,-0.007853033098426339
llama3-8b,anyedit,counterfact,1,specificity,acc,pre,0.0
llama3-8b,anyedit,counterfact,1,target_close_neighbour,success,pre,1.0
llama3-8b,anyedit,counterfact,1,target_close_neighbour,diff,pre,0.12185462705339314
llama3-8b,anyedit,counterfact,1,target_close_neighbour,acc,pre,0.2
llama3-8b,anyedit,counterfact,1,efficacy,success,post,0.0
llama3-8b,anyedit,counterfact,1,efficacy,diff,post,-0.0002614065858022535
llama3-8b,anyedit,counterfact,1,efficacy,acc,post,0.0
llama3-8b,anyedit,counterfact,1,generalisation,success,post,0.0
llama3-8b,anyedit,counterfact,1,generalisation,diff,post,-0.048326360317102156
llama3-8b,anyedit,counterfact,1,generalisation,acc,post,0.0
llama3-8b,anyedit,counterfact,1,specificity,success,post,0.4
llama3-8b,anyedit,counterfact,1,specificity,diff,post,0.0003386998329604161
llama3-8b,anyedit,counterfact,1,specificity,acc,post,0.0
llama3-8b,anyedit,counterfact,1,target_close_neighbour,success,post,0.9
llama3-8b,anyedit,counterfact,1,target_close_neighbour,diff,post,0.07745635980899644
llama3-8b,anyedit,counterfact,1,target_close_neighbour,acc,post,0.2
llama3-8b,anyedit,counterfact,2,efficacy,success,pre,1.0
llama3-8b,anyedit,counterfact,2,efficacy,diff,pre,2.1259822173694097e-05
llama3-8b,anyedit,counterfact,2,efficacy,acc,pre,0.0
llama3-8b,anyedit,counterfact,2,generalisation,success,pre,1.0
llama3-8b,anyedit,counterfact,2,generalisation,diff,pre,0.041588110685158136
llama3-8b,anyedit,counterfact,2,generalisation,acc,pre,0.5
llama3-8b,anyedit,counterfact,2,specificity,success,pre,0.6
llama3-8b,anyedit,counterfact,2,specificity,diff,pre,-0.016179983789135374
llama3-8b,anyedit,counterfact,2,specificity,acc,pre,0.2
llama3-8b,anyedit,counterfact,2,target_close_neighbour,success,pre,1.0
llama3-8b,anyedit,counterfact,2,target_close_neighbour,diff,pre,0.11117857836485087
llama3-8b,anyedit,counterfact,2,target_close_neighbour,acc,pre,0.6
llama3-8b,anyedit,counterfact,2,efficacy,success,post,1.0
llama3-8b,anyedit,counterfact,2,efficacy,diff,post,0.0009045423365025074
llama3-8b,anyedit,counterfact,2,efficacy,acc,post,0.0
llama3-8b,anyedit,counterfact,2,generalisation,success,post,1.0
llama3-8b,anyedit,counterfact,2,generalisation,diff,post,0.03850305034238287
llama3-8b,anyedit,counterfact,2,generalisation,acc,post,0.5
llama3-8b,anyedit,counterfact,2,specificity,success,post,0.5
llama3-8b,anyedit,counterfact,2,specificity,diff,post,-0.01408579603410835
llama3-8b,anyedit,counterfact,2,specificity,acc,post,0.2
llama3-8b,anyedit,counterfact,2,target_close_neighbour,success,post,1.0
llama3-8b,anyedit,counterfact,2,target_close_neighbour,diff,post,0.10800704973102634
llama3-8b,anyedit,counterfact,2,target_close_neighbour,acc,post,0.6
llama3-8b,anyedit,mquake,1,efficacy,success,pre,0.5
llama3-8b,anyedit,mquake,1,efficacy,diff,pre,-0.12516460852795738
llama3-8b,anyedit,mquake,1,efficacy,acc,pre,0.3333333333333333
llama3-8b,anyedit,mquake,1,single_hop,success,pre,0.5
llama3-8b,anyedit,mquake,1,single_hop,diff,pre,-0.12516460852795738
llama3-8b,anyedit,mquake,1,single_hop,acc,pre,0.3333333333333333
llama3-8b,anyedit,mquake,1,multihop,hit,pre,0.0
llama3-8b,anyedit,mquake,1,efficacy,success,post,1.0
llama3-8b,anyedit,mquake,1,efficacy,diff,post,0.02091971522638409
llama3-8b,anyedit,mquake,1,efficacy,acc,post,0.6666666666666667
llama3-8b,anyedit,mquake,1,single_hop,success,post,1.0
llama3-8b,anyedit,mquake,1,single_hop,diff,post,0.02091971522638409
llama3-8b,anyedit,mquake,1,single_hop,acc,post,0.6666666666666667
llama3-8b,anyedit,mquake,1,multihop,hit,post,0.0
llama3-8b,anyedit,mquake,2,efficacy,success,pre,0.0
llama3-8b,anyedit,mquake,2,efficacy,diff,pre,-0.5267057367602159
llama3-8b,anyedit,mquake,2,efficacy,acc,pre,0.25
llama3-8b,anyedit,mquake,2,single_hop,success,pre,0.5
llama3-8b,anyedit,mquake,2,single_hop,diff,pre,-0.16526882502839385
llama3-8b,anyedit,mquake,2,single_hop,acc,pre,0.625
llama3-8b,anyedit,mquake,2,multihop,hit,pre,0.0
llama3-8b,anyedit,mquake,2,efficacy,success,post,1.0
llama3-8b,anyedit,mquake,2,efficacy,diff,post,0.056399820678955034
llama3-8b,anyedit,mquake,2,efficacy,acc,post,0.75
llama3-8b,anyedit,mquake,2,single_hop,success,post,1.0
llama3-8b,anyedit,mquake,2,single_hop,diff,post,0.11756156108335303
llama3-8b,anyedit,mquake,2,single_hop,acc,post,0.875
llama3-8b,anyedit,mquake,2,multihop,hit,post,0.0
llama3-8b,anyedit,mquake,3,efficacy,success,pre,0.0
llama3-8b,anyedit,mquake,3,efficacy,diff,pre,-0.9471558434905721
llama3-8b,anyedit,mquake,3,efficacy,acc,pre,0.5
llama3-8b,anyedit,mquake,3,single_hop,success,pre,0.5
llama3-8b,anyedit,mquake,3,single_hop,diff,pre,-0.44308061206966204
llama3-8b,anyedit,mquake,3,single_hop,acc,pre,0.25
llama3-8b,anyedit,mquake,3,multihop,hit,pre,0.0
llama3-8b,anyedit,mquake,3,efficacy,success,post,1.0
llama3-8b,anyedit,mquake,3,efficacy,diff,post,8.721977338796293e-05
llama3-8b,anyedit,mquake,3,efficacy,acc,post,0.0
llama3-8b,anyedit,mquake,3,single_hop,success,post,1.0
llama3-8b,anyedit,mquake,3,single_hop,diff,post,0.0552271850961586
llama3-8b,anyedit,mquake,3,single_hop,acc,post,0.0
llama3-8b,anyedit,mquake,3,multihop,hit,post,0.0
llama3-8b,anyedit,ripple,ripple_popular_row0,efficacy,hit,pre,0.0
llama3-8b,anyedit,ripple,ripple_popular_row0,ripple_compositional_i,hit,pre,0.0
llama3-8b,anyedit,ripple,ripple_popular_row0,ripple_aliasing,hit,pre,0.0
llama3-8b,anyedit,ripple,ripple_popular_row0,ripple_relation_specificity,hit,pre,0.7777777777777778
llama3-8b,anyedit,ripple,ripple_popular_row0,ripple_preservation,hit,pre,0.0
llama3-8b,anyedit,ripple,ripple_popular_row0,efficacy,hit,post,0.0
llama3-8b,anyedit,ripple,ripple_popular_row0,ripple_compositional_i,hit,post,0.0
llama3-8b,anyedit,ripple,ripple_popular_row0,ripple_aliasing,hit,post,0.0
llama3-8b,anyedit,ripple,ripple_popular_row0,ripple_relation_specificity,hit,post,0.3333333333333333
llama3-8b,anyedit,ripple,ripple_popular_row0,ripple_preservation,hit,post,0.0
llama3-8b,anyedit,ripple,ripple_popular_row2,efficacy,hit,pre,0.0
llama3-8b,anyedit,ripple,ripple_popular_row2,ripple_logical,hit,pre,0.0
llama3-8b,anyedit,ripple,ripple_popular_row2,ripple_compositional_i,hit,pre,0.0
llama3-8b,anyedit,ripple,ripple_popular_row2,ripple_aliasing,hit,pre,0.0
llama3-8b,anyedit,ripple,ripple_popular_row2,ripple_relation_specificity,hit,pre,0.5555555555555556
llama3-8b,anyedit,ripple,ripple_popular_row2,ripple_preservation,hit,pre,1.0
llama3-8b,anyedit,ripple,ripple_popular_row2,efficacy,hit,post,0.0
llama3-8b,anyedit,ripple,ripple_popular_row2,ripple_logical,hit,post,0.0
llama3-8b,anyedit,ripple,ripple_popular_row2,ripple_compositional_i,hit,post,0.0
llama3-8b,anyedit,ripple,ripple_popular_row2,ripple_aliasing,hit,post,0.0
llama3-8b,anyedit,ripple,ripple_popular_row2,ripple_relation_specificity,hit,post,0.0
llama3-8b,anyedit,ripple,ripple_popular_row2,ripple_preservation,hit,post,0.0
llama3-8b,anyedit,ripple,ripple_random_row0,efficacy,hit,pre,0.0
llama3-8b,anyedit,ripple,ripple_random_row0,ripple_logical,hit,pre,0.0
llama3-8b,anyedit,ripple,ripple_random_row0,ripple_aliasing,hit,pre,0.0
llama3-8b,anyedit,ripple,ripple_random_row0,ripple_relation_specificity,hit,pre,0.0
llama3-8b,anyedit,ripple,ripple_random_row0,efficacy,hit,post,0.0
llama3-8b,anyedit,ripple,ripple_random_row0,ripple_logical,hit,post,0.0
llama3-8b,anyedit,ripple,ripple_random_row0,ripple_aliasing,hit,post,0.0
llama3-8b,anyedit,ripple,ripple_random_row0,ripple_relation_specificity,hit,post,0.0
llama3-8b,anyedit,ripple,ripple_random_row1,efficacy,hit,pre,0.0
llama3-8b,anyedit,ripple,ripple_random_row1,ripple_compositional_i,hit,pre,0.0
llama3-8b,anyedit,ripple,ripple_random_row1,ripple_aliasing,hit,pre,0.0
llama3-8b,anyedit,ripple,ripple_random_row1,ripple_relation_specificity,hit,pre,0.0
llama3-8b,anyedit,ripple,ripple_random_row1,efficacy,hit,post,0.0
llama3-8b,anyedit,ripple,ripple_random_row1,ripple_compositional_i,hit,post,0.0
llama3-8b,anyedit,ripple,ripple_random_row1,ripple_aliasing,hit,post,0.0
llama3-8b,anyedit,ripple,ripple_random_row1,ripple_relation_specificity,hit,post,0.0
llama3-8b,anyedit,ripple,ripple_random_row2,efficacy,hit,pre,0.0
llama3-8b,anyedit,ripple,ripple_random_row2,ripple_compositional_i,hit,pre,0.0
llama3-8b,anyedit,ripple,ripple_random_row2,ripple_aliasing,hit,pre,0.0
llama3-8b,anyedit,ripple,ripple_random_row2,efficacy,hit,post,0.0
llama3-8b,anyedit,ripple,ripple_random_row2,ripple_compositional_i,hit,post,0.0
llama3-8b,anyedit,ripple,ripple_random_row2,ripple_aliasing,hit,post,0.0
llama3-8b,anyedit,zsre,zsre_row0,efficacy,success,pre,1.0
llama3-8b,anyedit,zsre,zsre_row0,efficacy,diff,pre,0.0369414045465265
llama3-8b,anyedit,zsre,zsre_row0,efficacy,acc,pre,0.3333333333333333
llama3-8b,anyedit,zsre,zsre_row0,generalisation,success,pre,1.0
llama3-8b,anyedit,zsre,zsre_row0,generalisation,diff,pre,0.016267404748743455
llama3-8b,anyedit,zsre,zsre_row0,generalisation,acc,pre,0.3333333333333333
llama3-8b,anyedit,zsre,zsre_row0,specificity,success,pre,0.0
llama3-8b,anyedit,zsre,zsre_row0,specificity,diff,pre,-0.00038704909303236695
llama3-8b,anyedit,zsre,zsre_row0,specificity,acc,pre,0.6666666666666666
llama3-8b,anyedit,zsre,zsre_row0,efficacy,success,post,1.0
llama3-8b,anyedit,zsre,zsre_row0,efficacy,diff,post,0.1641513134838894
llama3-8b,anyedit,zsre,zsre_row0,efficacy,acc,post,0.6666666666666666
llama3-8b,anyedit,zsre,zsre_row0,generalisation,success,post,1.0
llama3-8b,anyedit,zsre,zsre_row0,generalisation,diff,post,0.2258158594806037
llama3-8b,anyedit,zsre,zsre_row0,generalisation,acc,post,0.6666666666666666
llama3-8b,anyedit,zsre,zsre_row0,specificity,success,post,0.0
llama3-8b,anyedit,zsre,zsre_row0,specificity,diff,post,-0.0018222166345389622
llama3-8b,anyedit,zsre,zsre_row0,specificity,acc,post,0.6666666666666666
llama3-8b,anyedit,zsre,zsre_row1,efficacy,success,pre,0.0
llama3-8b,anyedit,zsre,zsre_row1,efficacy,diff,pre,-0.1378009694705405
llama3-8b,anyedit,zsre,zsre_row1,efficacy,acc,pre,0.0
llama3-8b,anyedit,zsre,zsre_row1,generalisation,success,pre,0.0
llama3-8b,anyedit,zsre,zsre_row1,generalisation,diff,pre,-0.1258746068663492
llama3-8b,anyedit,zsre,zsre_row1,generalisation,acc,pre,0.0
llama3-8b,anyedit,zsre,zsre_row1,specificity,success,pre,0.0
llama3-8b,anyedit,zsre,zsre_row1,specificity,diff,pre,-0.0034145509734565573
llama3-8b,anyedit,zsre,zsre_row1,specificity,acc,pre,0.5
llama3-8b,anyedit,zsre,zsre_row1,efficacy,success,post,0.0
llama3-8b,anyedit,zsre,zsre_row1,efficacy,diff,post,-0.17595191508293406
llama3-8b,anyedit,zsre,zsre_row1,efficacy,acc,post,0.3333333333333333
llama3-8b,anyedit,zsre,zsre_row1,generalisation,success,post,0.0
llama3-8b,anyedit,zsre,zsre_row1,generalisation,diff,post,-0.10405450880662485
llama3-8b,anyedit,zsre,zsre_row1,generalisation,acc,post,0.0
llama3-8b,anyedit,zsre,zsre_row1,specificity,success,post,0.0
llama3-8b,anyedit,zsre,zsre_row1,specificity,diff,post,-0.003564469045574296
llama3-8b,anyedit,zsre,zsre_row1,specificity,acc,post,0.5
llama3-8b,anyedit,zsre,zsre_row2,efficacy,success,pre,1.0
llama3-8b,anyedit,zsre,zsre_row2,efficacy,diff,pre,1.208607070673092e-06
llama3-8b,anyedit,zsre,zsre_row2,efficacy,acc,pre,0.0
llama3-8b,anyedit,zsre,zsre_row2,generalisation,success,pre,0.0
llama3-8b,anyedit,zsre,zsre_row2,generalisation,diff,pre,-3.4509760115199677e-06
llama3-8b,anyedit,zsre,zsre_row2,generalisation,acc,pre,0.0
llama3-8b,anyedit,zsre,zsre_row2,specificity,success,pre,0.0
llama3-8b,anyedit,zsre,zsre_row2,specificity,diff,pre,-0.004027526213683726
llama3-8b,anyedit,zsre,zsre_row2,specificity,acc,pre,0.3333333333333333
llama3-8b,anyedit,zsre,zsre_row2,efficacy,success,post,0.0
llama3-8b,anyedit,zsre,zsre_row2,efficacy,diff,post,-4.553943213662245e-05
llama3-8b,anyedit,zsre,zsre_row2,efficacy,acc,post,0.0
llama3-8b,anyedit,zsre,zsre_row2,generalisation,success,post,0.0
llama3-8b,anyedit,zsre,zsre_row2,generalisation,diff,post,-0.00012524602694843754
llama3-8b,anyedit,zsre,zsre_row2,generalisation,acc,post,0.0
llama3-8b,anyedit,zsre,zsre_row2,specificity,success,post,0.0
llama3-8b,anyedit,zsre,zsre_row2,specificity,diff,post,-0.0038702351779301017
llama3-8b,anyedit,zsre,zsre_row2,specificity,acc,post,0.3333333333333333
llama3-8b,grace,counterfact,0,efficacy,success,pre,0.0
llama3-8b,grace,counterfact,0,efficacy,diff,pre,-0.554447759264991
llama3-8b,grace,counterfact,0,efficacy,acc,pre,0.0
llama3-8b,grace,counterfact,0,generalisation,success,pre,0.0
llama3-8b,grace,counterfact,0,generalisation,diff,pre,-0.017276258042719
llama3-8b,grace,counterfact,0,generalisation,acc,pre,0.0
llama3-8b,grace,counterfact,0,specificity,success,pre,0.0
llama3-8b,grace,counterfact,0,specificity,diff,pre,-0.3691831430535373
llama3-8b,grace,counterfact,0,specificity,acc,pre,0.5
llama3-8b,grace,counterfact,0,target_close_neighbour,success,pre,1.0
llama3-8b,grace,counterfact,0,target_close_neighbour,diff,pre,0.13501298562453548
llama3-8b,grace,counterfact,0,target_close_neighbour,acc,pre,0.4
llama3-8b,grace,counterfact,0,efficacy,success,post,1.0
llama3-8b,grace,counterfact,0,efficacy,diff,post,0.9992564106329028
llama3-8b,grace,counterfact,0,efficacy,acc,post,1.0
llama3-8b,grace,counterfact,0,generalisation,success,post,0.0
llama3-8b,grace,counterfact,0,generalisation,diff,post,-0.017276258042719
llama3-8b,grace,counterfact,0,generalisation,acc,post,0.0
llama3-8b,grace,counterfact,0,specificity,success,post,0.0
llama3-8b,grace,counterfact,0,specificity,diff,post,-0.3691831430535373
llama3-8b,grace,counterfact,0,specificity,acc,post,0.5
llama3-8b,grace,counterfact,0,target_close_neighbour,success,post,1.0
llama3-8b,grace,counterfact,0,target_close_neighbour,diff,post,0.13501298562453548
llama3-8b,grace,counterfact,0,target_close_neighbour,acc,post,0.4
llama3-8b,grace,counterfact,1,efficacy,success,pre,0.0
llama3-8b,grace,counterfact,1,efficacy,diff,pre,-0.15195808065583227
llama3-8b,grace,counterfact,1,efficacy,acc,pre,0.0
llama3-8b,grace,counterfact,1,generalisation,success,pre,0.0
llama3-8b,grace,counterfact,1,generalisation,diff,pre,-0.03057342970014454
llama3-8b,grace,counterfact,1,generalisation,acc,pre,0.0
llama3-8b,grace,counterfact,1,specificity,success,pre,0.4
llama3-8b,grace,counterfact,1,specificity,diff,pre,-0.007853033098426339
llama3-8b,grace,counterfact,1,specificity,acc,pre,0.0
llama3-8b,grace,counterfact,1,target_close_neighbour,success,pre,1.0
llama3-8b,grace,counterfact,1,target_close_neighbour,diff,pre,0.12185462705339314
llama3-8b,grace,counterfact,1,target_close_neighbour,acc,pre,0.2
llama3-8b,grace,counterfact,1,efficacy,success,post,1.0
llama3-8b,grace,counterfact,1,efficacy,diff,post,0.9999985694895486
llama3-8b,grace,counterfact,1,efficacy,acc,post,1.0
llama3-8b,grace,counterfact,1,generalisation,success,post,0.0
llama3-8b,grace,counterfact,1,generalisation,diff,post,-0.03057342970014454
llama3-8b,grace,counterfact,1,generalisation,acc,post,0.0
llama3-8b,grace,counterfact,1,specificity,success,post,0.4
llama3-8b,grace,counterfact,1,specificity,diff,post,-0.007853033098426339
llama3-8b,grace,counterfact,1,specificity,acc,post,0.0
llama3-8b,grace,counterfact,1,target_close_neighbour,success,post,1.0
llama3-8b,grace,counterfact,1,target_close_neighbour,diff,post,0.12185462705339314
llama3-8b,grace,counterfact,1,target_close_neighbour,acc,post,0.2
llama3-8b,grace,counterfact,2,efficacy,success,pre,1.0
llama3-8b,grace,counterfact,2,efficacy,diff,pre,2.1259822173694097e-05
llama3-8b,grace,counterfact,2,efficacy,acc,pre,0.0
llama3-8b,grace,counterfact,2,generalisation,success,pre,1.0
llama3-8b,grace,counterfact,2,generalisation,diff,pre,0.041588110685158136
llama3-8b,grace,counterfact,2,generalisation,acc,pre,0.5
llama3-8b,grace,counterfact,2,specificity,success,pre,0.6
llama3-8b,grace,counterfact,2,specificity,diff,pre,-0.016179983789135374
llama3-8b,grace,counterfact,2,specificity,acc,pre,0.2
llama3-8b,grace,counterfact,2,target_close_neighbour,success,pre,1.0
llama3-8b,grace,counterfact,2,target_close_neighbour,diff,pre,0.11117857836485087
llama3-8b,grace,counterfact,2,target_close_neighbour,acc,pre,0.6
llama3-8b,grace,counterfact,2,efficacy,success,post,1.0
llama3-8b,grace,counterfact,2,efficacy,diff,post,0.9999870062718582
llama3-8b,grace,counterfact,2,efficacy,acc,post,1.0
llama3-8b,grace,counterfact,2,generalisation,success,post,1.0
llama3-8b,grace,counterfact,2,generalisation,diff,post,0.041588110685158136
llama3-8b,grace,counterfact,2,generalisation,acc,post,0.5
llama3-8b,grace,counterfact,2,specificity,success,post,0.6
llama3-8b,grace,counterfact,2,specificity,diff,post,-0.016179983789135374
llama3-8b,grace,counterfact,2,specificity,acc,post,0.2
llama3-8b,grace,counterfact,2,target_close_neighbour,success,post,1.0
llama3-8b,grace,counterfact,2,target_close_neighbour,diff,post,0.11117857836485087
llama3-8b,grace,counterfact,2,target_close_neighbour,acc,post,0.6
llama3-8b,grace,mquake,1,efficacy,success,pre,0.5
llama3-8b,grace,mquake,1,efficacy,diff,pre,-0.12516460852795738
llama3-8b,grace,mquake,1,efficacy,acc,pre,0.3333333333333333
llama3-8b,grace,mquake,1,single_hop,success,pre,0.5
llama3-8b,grace,mquake,1,single_hop,diff,pre,-0.12516460852795738
llama3-8b,grace,mquake,1,single_hop,acc,pre,0.3333333333333333
llama3-8b,grace,mquake,1,multihop,hit,pre,0.0
llama3-8b,grace,mquake,1,efficacy,success,post,1.0
llama3-8b,grace,mquake,1,efficacy,diff,post,0.9969845414158853
llama3-8b,grace,mquake,1,efficacy,acc,post,1.0
llama3-8b,grace,mquake,1,single_hop,success,post,1.0
llama3-8b,grace,mquake,1,single_hop,diff,post,0.9969845414158853
llama3-8b,grace,mquake,1,single_hop,acc,post,1.0
llama3-8b,grace,mquake,1,multihop,hit,post,0.0
llama3-8b,grace,mquake,2,efficacy,success,pre,0.0
llama3-8b,grace,mquake,2,efficacy,diff,pre,-0.5267057367602159
llama3-8b,grace,mquake,2,efficacy,acc,pre,0.25
llama3-8b,grace,mquake,2,single_hop,success,pre,0.5
llama3-8b,grace,mquake,2,single_hop,diff,pre,-0.16526882502839385
llama3-8b,grace,mquake,2,single_hop,acc,pre,0.625
llama3-8b,grace,mquake,2,multihop,hit,pre,0.0
llama3-8b,grace,mquake,2,efficacy,success,post,1.0
llama3-8b,grace,mquake,2,efficacy,diff,post,0.969887699492673
llama3-8b,grace,mquake,2,efficacy,acc,post,1.0
llama3-8b,grace,mquake,2,single_hop,success,post,1.0
llama3-8b,grace,mquake,2,single_hop,diff,post,0.5830278930980506
llama3-8b,grace,mquake,2,single_hop,acc,post,1.0
llama3-8b,grace,mquake,2,multihop,hit,post,0.0
llama3-8b,grace,mquake,3,efficacy,success,pre,0.0
llama3-8b,grace,mquake,3,efficacy,diff,pre,-0.9471558434905721
llama3-8b,grace,mquake,3,efficacy,acc,pre,0.5
llama3-8b,grace,mquake,3,single_hop,success,pre,0.5
llama3-8b,grace,mquake,3,single_hop,diff,pre,-0.44308061206966204
llama3-8b,grace,mquake,3,single_hop,acc,pre,0.25
llama3-8b,grace,mquake,3,multihop,hit,pre,0.0
llama3-8b,grace,mquake,3,efficacy,success,post,1.0
llama3-8b,grace,mquake,3,efficacy,diff,post,0.9984448140725164
llama3-8b,grace,mquake,3,efficacy,acc,post,1.0
llama3-8b,grace,mquake,3,single_hop,success,post,1.0
llama3-8b,grace,mquake,3,single_hop,diff,post,0.5297197167118822
llama3-8b,grace,mquake,3,single_hop,acc,post,0.5
llama3-8b,grace,mquake,3,multihop,hit,post,0.0
llama3-8b,grace,ripple,ripple_popular_row0,efficacy,hit,pre,0.0
llama3-8b,grace,ripple,ripple_popular_row0,ripple_compositional_i,hit,pre,0.0
llama3-8b,grace,ripple,ripple_popular_row0,ripple_aliasing,hit,pre,0.0
llama3-8b,grace,ripple,ripple_popular_row0,ripple_relation_specificity,hit,pre,0.7777777777777778
llama3-8b,grace,ripple,ripple_popular_row0,ripple_preservation,hit,pre,0.0
llama3-8b,grace,ripple,ripple_popular_row0,efficacy,hit,post,1.0
llama3-8b,grace,ripple,ripple_popular_row0,ripple_compositional_i,hit,post,0.0
llama3-8b,grace,ripple,ripple_popular_row0,ripple_aliasing,hit,post,0.75
llama3-8b,grace,ripple,ripple_popular_row0,ripple_relation_specificity,hit,post,0.7777777777777778
llama3-8b,grace,ripple,ripple_popular_row0,ripple_preservation,hit,post,0.0
llama3-8b,grace,ripple,ripple_popular_row2,efficacy,hit,pre,0.0
llama3-8b,grace,ripple,ripple_popular_row2,ripple_logical,hit,pre,0.0
llama3-8b,grace,ripple,ripple_popular_row2,ripple_compositional_i,hit,pre,0.0
llama3-8b,grace,ripple,ripple_popular_row2,ripple_aliasing,hit,pre,0.0
llama3-8b,grace,ripple,ripple_popular_row2,ripple_relation_specificity,hit,pre,0.5555555555555556
llama3-8b,grace,ripple,ripple_popular_row2,ripple_preservation,hit,pre,1.0
llama3-8b,grace,ripple,ripple_popular_row2,efficacy,hit,post,1.0
llama3-8b,grace,ripple,ripple_popular_row2,ripple_logical,hit,post,0.0
llama3-8b,grace,ripple,ripple_popular_row2,ripple_compositional_i,hit,post,0.0
llama3-8b,grace,ripple,ripple_popular_row2,ripple_aliasing,hit,post,0.0
llama3-8b,grace,ripple,ripple_popular_row2,ripple_relation_specificity,hit,post,0.5555555555555556
llama3-8b,grace,ripple,ripple_popular_row2,ripple_preservation,hit,post,1.0
llama3-8b,grace,ripple,ripple_random_row0,efficacy,hit,pre,0.0
llama3-8b,grace,ripple,ripple_random_row0,ripple_logical,hit,pre,0.0
llama3-8b,grace,ripple,ripple_random_row0,ripple_aliasing,hit,pre,0.0
llama3-8b,grace,ripple,ripple_random_row0,ripple_relation_specificity,hit,pre,0.0
llama3-8b,grace,ripple,ripple_random_row0,efficacy,hit,post,0.0
llama3-8b,grace,ripple,ripple_random_row0,ripple_logical,hit,post,0.0
llama3-8b,grace,ripple,ripple_random_row0,ripple_aliasing,hit,post,0.0
llama3-8b,grace,ripple,ripple_random_row0,ripple_relation_specificity,hit,post,0.0
llama3-8b,grace,ripple,ripple_random_row1,efficacy,hit,pre,0.0
llama3-8b,grace,ripple,ripple_random_row1,ripple_compositional_i,hit,pre,0.0
llama3-8b,grace,ripple,ripple_random_row1,ripple_aliasing,hit,pre,0.0
llama3-8b,grace,ripple,ripple_random_row1,ripple_relation_specificity,hit,pre,0.0
llama3-8b,grace,ripple,ripple_random_row1,efficacy,hit,post,1.0
llama3-8b,grace,ripple,ripple_random_row1,ripple_compositional_i,hit,post,0.0
llama3-8b,grace,ripple,ripple_random_row1,ripple_aliasing,hit,post,0.0
llama3-8b,grace,ripple,ripple_random_row1,ripple_relation_specificity,hit,post,0.0
llama3-8b,grace,ripple,ripple_random_row2,efficacy,hit,pre,0.0
llama3-8b,grace,ripple,ripple_random_row2,ripple_compositional_i,hit,pre,0.0
llama3-8b,grace,ripple,ripple_random_row2,ripple_aliasing,hit,pre,0.0
llama3-8b,grace,ripple,ripple_random_row2,efficacy,hit,post,1.0
llama3-8b,grace,ripple,ripple_random_row2,ripple_compositional_i,hit,post,0.0
llama3-8b,grace,ripple,ripple_random_row2,ripple_aliasing,hit,post,0.0
llama3-8b,grace,zsre,zsre_row0,efficacy,success,pre,1.0
llama3-8b,grace,zsre,zsre_row0,efficacy,diff,pre,0.0369414045465265
llama3-8b,grace,zsre,zsre_row0,efficacy,acc,pre,0.3333333333333333
llama3-8b,grace,zsre,zsre_row0,generalisation,success,pre,1.0
llama3-8b,grace,zsre,zsre_row0,generalisation,diff,pre,0.016267404748743455
llama3-8b,grace,zsre,zsre_row0,generalisation,acc,pre,0.3333333333333333
llama3-8b,grace,zsre,zsre_row0,specificity,success,pre,0.0
llama3-8b,grace,zsre,zsre_row0,specificity,diff,pre,-0.00038704909303236695
llama3-8b,grace,zsre,zsre_row0,specificity,acc,pre,0.6666666666666666
llama3-8b,grace,zsre,zsre_row0,efficacy,success,post,1.0
llama3-8b,grace,zsre,zsre_row0,efficacy,diff,post,0.9805012931091116
llama3-8b,grace,zsre,zsre_row0,efficacy,acc,post,1.0
llama3-8b,grace,zsre,zsre_row0,generalisation,success,post,1.0
llama3-8b,grace,zsre,zsre_row0,generalisation,diff,post,0.016267404748743455
llama3-8b,grace,zsre,zsre_row0,generalisation,acc,post,0.3333333333333333
llama3-8b,grace,zsre,zsre_row0,specificity,success,post,0.0
llama3-8b,grace,zsre,zsre_row0,specificity,diff,post,-0.00038704909303236695
llama3-8b,grace,zsre,zsre_row0,specificity,acc,post,0.6666666666666666
llama3-8b,grace,zsre,zsre_row1,efficacy,success,pre,0.0
llama3-8b,grace,zsre,zsre_row1,efficacy,diff,pre,-0.1378009694705405
llama3-8b,grace,zsre,zsre_row1,efficacy,acc,pre,0.0
llama3-8b,grace,zsre,zsre_row1,generalisation,success,pre,0.0
llama3-8b,grace,zsre,zsre_row1,generalisation,diff,pre,-0.1258746068663492
llama3-8b,grace,zsre,zsre_row1,generalisation,acc,pre,0.0
llama3-8b,grace,zsre,zsre_row1,specificity,success,pre,0.0
llama3-8b,grace,zsre,zsre_row1,specificity,diff,pre,-0.0034145509734565573
llama3-8b,grace,zsre,zsre_row1,specificity,acc,pre,0.5
llama3-8b,grace,zsre,zsre_row1,efficacy,success,post,1.0
llama3-8b,grace,zsre,zsre_row1,efficacy,diff,post,0.8948687883033727
llama3-8b,grace,zsre,zsre_row1,efficacy,acc,post,1.0
llama3-8b,grace,zsre,zsre_row1,generalisation,success,post,0.0
llama3-8b,grace,zsre,zsre_row1,generalisation,diff,post,-0.1258746068663492
llama3-8b,grace,zsre,zsre_row1,generalisation,acc,post,0.0
llama3-8b,grace,zsre,zsre_row1,specificity,success,post,0.0
llama3-8b,grace,zsre,zsre_row1,specificity,diff,post,-0.0034145509734565573
llama3-8b,grace,zsre,zsre_row1,specificity,acc,post,0.5
llama3-8b,grace,zsre,zsre_row2,efficacy,success,pre,1.0
llama3-8b,grace,zsre,zsre_row2,efficacy,diff,pre,1.208607070673092e-06
llama3-8b,grace,zsre,zsre_row2,efficacy,acc,pre,0.0
llama3-8b,grace,zsre,zsre_row2,generalisation,success,pre,0.0
llama3-8b,grace,zsre,zsre_row2,generalisation,diff,pre,-3.4509760115199677e-06
llama3-8b,grace,zsre,zsre_row2,generalisation,acc,pre,0.0
llama3-8b,grace,zsre,zsre_row2,specificity,success,pre,0.0
llama3-8b,grace,zsre,zsre_row2,specificity,diff,pre,-0.004027526213683726
llama3-8b,grace,zsre,zsre_row2,specificity,acc,pre,0.3333333333333333
llama3-8b,grace,zsre,zsre_row2,efficacy,success,post,1.0
llama3-8b,grace,zsre,zsre_row2,efficacy,diff,post,1.0
llama3-8b,grace,zsre,zsre_row2,efficacy,acc,post,1.0
llama3-8b,grace,zsre,zsre_row2,generalisation,success,post,0.0
llama3-8b,grace,zsre,zsre_row2,generalisation,diff,post,-3.4509760115199677e-06
llama3-8b,grace,zsre,zsre_row2,generalisation,acc,post,0.0
llama3-8b,grace,zsre,zsre_row2,specificity,success,post,0.0
llama3-8b,grace,zsre,zsre_row2,specificity,diff,post,-0.004027526213683726
llama3-8b,grace,zsre,zsre_row2,specificity,acc,post,0.3333333333333333
llama3-8b,memit,counterfact,0,efficacy,success,pre,0.0
llama3-8b,memit,counterfact,0,efficacy,diff,pre,-0.554447759264991
llama3-8b,memit,counterfact,0,efficacy,acc,pre,0.0
llama3-8b,memit,counterfact,0,generalisation,success,pre,0.0
llama3-8b,memit,counterfact,0,generalisation,diff,pre,-0.017276258042719
llama3-8b,memit,counterfact,0,generalisation,acc,pre,0.0
llama3-8b,memit,counterfact,0,specificity,success,pre,0.0
llama3-8b,memit,counterfact,0,specificity,diff,pre,-0.3691831430535373
llama3-8b,memit,counterfact,0,specificity,acc,pre,0.5
llama3-8b,memit,counterfact,0,target_close_neighbour,success,pre,1.0
llama3-8b,memit,counterfact,0,target_close_neighbour,diff,pre,0.13501298562453548
llama3-8b,memit,counterfact,0,target_close_neighbour,acc,pre,0.4
llama3-8b,memit,counterfact,0,efficacy,success,post,1.0
llama3-8b,memit,counterfact,0,efficacy,diff,post,0.5262155581611725
llama3-8b,memit,counterfact,0,efficacy,acc,post,1.0
llama3-8b,memit,counterfact,0,generalisation,success,post,0.0
llama3-8b,memit,counterfact,0,generalisation,diff,post,-0.0009580601993199592
llama3-8b,memit,counterfact,0,generalisation,acc,post,0.0
llama3-8b,memit,counterfact,0,specificity,success,post,0.5
llama3-8b,memit,counterfact,0,specificity,diff,post,0.08885754893207279
llama3-8b,memit,counterfact,0,specificity,acc,post,0.2
llama3-8b,memit,counterfact,0,target_close_neighbour,success,post,1.0
llama3-8b,memit,counterfact,0,target_close_neighbour,diff,post,0.1954035884389453
llama3-8b,memit,counterfact,0,target_close_neighbour,acc,post,0.4
llama3-8b,memit,counterfact,1,efficacy,success,pre,0.0
llama3-8b,memit,counterfact,1,efficacy,diff,pre,-0.15195808065583227
llama3-8b,memit,counterfact,1,efficacy,acc,pre,0.0
llama3-8b,memit,counterfact,1,generalisation,success,pre,0.0
llama3-8b,memit,counterfact,1,generalisation,diff,pre,-0.03057342970014454
llama3-8b,memit,counterfact,1,generalisation,acc,pre,0.0
llama3-8b,memit,counterfact,1,specificity,success,pre,0.4
llama3-8b,memit,counterfact,1,specificity,diff,pre,-0.007853033098426339
llama3-8b,memit,counterfact,1,specificity,acc,pre,0.0
llama3-8b,memit,counterfact,1,target_close_neighbour,success,pre,1.0
llama3-8b,memit,counterfact,1,target_close_neighbour,diff,pre,0.12185462705339314
llama3-8b,memit,counterfact,1,target_close_neighbour,acc,pre,0.2
llama3-8b,memit,counterfact,1,efficacy,success,post,1.0
llama3-8b,memit,counterfact,1,efficacy,diff,post,0.5910114079765975
llama3-8b,memit,counterfact,1,efficacy,acc,post,1.0
llama3-8b,memit,counterfact,1,generalisation,success,post,0.5
llama3-8b,memit,counterfact,1,generalisation,diff,post,0.13294409161925952
llama3-8b,memit,counterfact,1,generalisation,acc,post,0.5
llama3-8b,memit,counterfact,1,specificity,success,post,0.4
llama3-8b,memit,counterfact,1,specificity,diff,post,-0.007582896913328996
llama3-8b,memit,counterfact,1,specificity,acc,post,0.0
llama3-8b,memit,counterfact,1,target_close_neighbour,success,post,1.0
llama3-8b,memit,counterfact,1,target_close_neighbour,diff,post,0.16832092704140247
llama3-8b,memit,counterfact,1,target_close_neighbour,acc,post,0.2
llama3-8b,memit,counterfact,2,efficacy,success,pre,1.0
llama3-8b,memit,counterfact,2,efficacy,diff,pre,2.1259822173694097e-05
llama3-8b,memit,counterfact,2,efficacy,acc,pre,0.0
llama3-8b,memit,counterfact,2,generalisation,success,pre,1.0
llama3-8b,memit,counterfact,2,generalisation,diff,pre,0.041588110685158136
llama3-8b,memit,counterfact,2,generalisation,acc,pre,0.5
llama3-8b,memit,counterfact,2,specificity,success,pre,0.6
llama3-8b,memit,counterfact,2,specificity,diff,pre,-0.016179983789135374
llama3-8b,memit,counterfact,2,specificity,acc,pre,0.2
llama3-8b,memit,counterfact,2,target_close_neighbour,success,pre,1.0
llama3-8b,memit,counterfact,2,target_close_neighbour,diff,pre,0.11117857836485087
llama3-8b,memit,counterfact,2,target_close_neighbour,acc,pre,0.6
llama3-8b,memit,counterfact,2,efficacy,success,post,1.0
llama3-8b,memit,counterfact,2,efficacy,diff,post,0.5226709700384358
llama3-8b,memit,counterfact,2,efficacy,acc,post,1.0
llama3-8b,memit,counterfact,2,generalisation,success,post,1.0
llama3-8b,memit,counterfact,2,generalisation,diff,post,0.17138151127938606
llama3-8b,memit,counterfact,2,generalisation,acc,post,0.5
llama3-8b,memit,counterfact,2,specificity,success,post,0.6
llama3-8b,memit,counterfact,2,specificity,diff,post,-0.011577731197386278
llama3-8b,memit,counterfact,2,specificity,acc,post,0.2
llama3-8b,memit,counterfact,2,target_close_neighbour,success,post,1.0
llama3-8b,memit,counterfact,2,target_close_neighbour,diff,post,0.15683444723353943
llama3-8b,memit,counterfact,2,target_close_neighbour,acc,post,0.5
llama3-8b,memit,mquake,1,efficacy,success,pre,0.5
llama3-8b,memit,mquake,1,efficacy,diff,pre,-0.12516460852795738
llama3-8b,memit,mquake,1,efficacy,acc,pre,0.3333333333333333
llama3-8b,memit,mquake,1,single_hop,success,pre,0.5
llama3-8b,memit,mquake,1,single_hop,diff,pre,-0.12516460852795738
llama3-8b,memit,mquake,1,single_hop,acc,pre,0.3333333333333333
llama3-8b,memit,mquake,1,multihop,hit,pre,0.0
llama3-8b,memit,mquake,1,efficacy,success,post,1.0
llama3-8b,memit,mquake,1,efficacy,diff,post,0.8447532098209589
llama3-8b,memit,mquake,1,efficacy,acc,post,1.0
llama3-8b,memit,mquake,1,single_hop,success,post,1.0
llama3-8b,memit,mquake,1,single_hop,diff,post,0.8447532098209589
llama3-8b,memit,mquake,1,single_hop,acc,post,1.0
llama3-8b,memit,mquake,1,multihop,hit,post,0.0
llama3-8b,memit,mquake,2,efficacy,success,pre,0.0
llama3-8b,memit,mquake,2,efficacy,diff,pre,-0.5267057367602159
llama3-8b,memit,mquake,2,efficacy,acc,pre,0.25
llama3-8b,memit,mquake,2,single_hop,success,pre,0.5
llama3-8b,memit,mquake,2,single_hop,diff,pre,-0.16526882502839385
llama3-8b,memit,mquake,2,single_hop,acc,pre,0.625
llama3-8b,memit,mquake,2,multihop,hit,pre,0.0
llama3-8b,memit,mquake,2,efficacy,success,post,1.0
llama3-8b,memit,mquake,2,efficacy,diff,post,0.21049558491382714
llama3-8b,memit,mquake,2,efficacy,acc,post,0.75
llama3-8b,memit,mquake,2,single_hop,success,post,1.0
llama3-8b,memit,mquake,2,single_hop,diff,post,0.20719603730405947
llama3-8b,memit,mquake,2,single_hop,acc,post,0.875
llama3-8b,memit,mquake,2,multihop,hit,post,0.0
llama3-8b,memit,mquake,3,efficacy,success,pre,0.0
llama3-8b,memit,mquake,3,efficacy,diff,pre,-0.9471558434905721
llama3-8b,memit,mquake,3,efficacy,acc,pre,0.5
llama3-8b,memit,mquake,3,single_hop,success,pre,0.5
llama3-8b,memit,mquake,3,single_hop,diff,pre,-0.44308061206966204
llama3-8b,memit,mquake,3,single_hop,acc,pre,0.25
llama3-8b,memit,mquake,3,multihop,hit,pre,0.0
llama3-8b,memit,mquake,3,efficacy,success,post,1.0
llama3-8b,memit,mquake,3,efficacy,diff,post,0.9227311386621664
llama3-8b,memit,mquake,3,efficacy,acc,post,1.0
llama3-8b,memit,mquake,3,single_hop,success,post,1.0
llama3-8b,memit,mquake,3,single_hop,diff,post,0.501136972839802
llama3-8b,memit,mquake,3,single_hop,acc,post,0.5
llama3-8b,memit,mquake,3,multihop,hit,post,0.0
llama3-8b,memit,ripple,ripple_popular_row0,efficacy,hit,pre,0.0
llama3-8b,memit,ripple,ripple_popular_row0,ripple_compositional_i,hit,pre,0.0
llama3-8b,memit,ripple,ripple_popular_row0,ripple_aliasing,hit,pre,0.0
llama3-8b,memit,ripple,ripple_popular_row0,ripple_relation_specificity,hit,pre,0.7777777777777778
llama3-8b,memit,ripple,ripple_popular_row0,ripple_preservation,hit,pre,0.0
llama3-8b,memit,ripple,ripple_popular_row0,efficacy,hit,post,1.0
llama3-8b,memit,ripple,ripple_popular_row0,ripple_compositional_i,hit,post,0.7142857142857143
llama3-8b,memit,ripple,ripple_popular_row0,ripple_aliasing,hit,post,1.0
llama3-8b,memit,ripple,ripple_popular_row0,ripple_relation_specificity,hit,post,0.1111111111111111
llama3-8b,memit,ripple,ripple_popular_row0,ripple_preservation,hit,post,1.0
llama3-8b,memit,ripple,ripple_popular_row2,efficacy,hit,pre,0.0
llama3-8b,memit,ripple,ripple_popular_row2,ripple_logical,hit,pre,0.0
llama3-8b,memit,ripple,ripple_popular_row2,ripple_compositional_i,hit,pre,0.0
llama3-8b,memit,ripple,ripple_popular_row2,ripple_aliasing,hit,pre,0.0
llama3-8b,memit,ripple,ripple_popular_row2,ripple_relation_specificity,hit,pre,0.5555555555555556
llama3-8b,memit,ripple,ripple_popular_row2,ripple_preservation,hit,pre,1.0
llama3-8b,memit,ripple,ripple_popular_row2,efficacy,hit,post,0.0
llama3-8b,memit,ripple,ripple_popular_row2,ripple_logical,hit,post,0.0
llama3-8b,memit,ripple,ripple_popular_row2,ripple_compositional_i,hit,post,0.2
llama3-8b,memit,ripple,ripple_popular_row2,ripple_aliasing,hit,post,0.0
llama3-8b,memit,ripple,ripple_popular_row2,ripple_relation_specificity,hit,post,0.2222222222222222
llama3-8b,memit,ripple,ripple_popular_row2,ripple_preservation,hit,post,0.0
llama3-8b,memit,ripple,ripple_random_row0,efficacy,hit,pre,0.0
llama3-8b,memit,ripple,ripple_random_row0,ripple_logical,hit,pre,0.0
llama3-8b,memit,ripple,ripple_random_row0,ripple_aliasing,hit,pre,0.0
llama3-8b,memit,ripple,ripple_random_row0,ripple_relation_specificity,hit,pre,0.0
llama3-8b,memit,ripple,ripple_random_row0,efficacy,hit,post,0.0
llama3-8b,memit,ripple,ripple_random_row0,ripple_logical,hit,post,0.0
llama3-8b,memit,ripple,ripple_random_row0,ripple_aliasing,hit,post,0.0
llama3-8b,memit,ripple,ripple_random_row0,ripple_relation_specificity,hit,post,0.0
llama3-8b,memit,ripple,ripple_random_row1,efficacy,hit,pre,0.0
llama3-8b,memit,ripple,ripple_random_row1,ripple_compositional_i,hit,pre,0.0
llama3-8b,memit,ripple,ripple_random_row1,ripple_aliasing,hit,pre,0.0
llama3-8b,memit,ripple,ripple_random_row1,ripple_relation_specificity,hit,pre,0.0
llama3-8b,memit,ripple,ripple_random_row1,efficacy,hit,post,1.0
llama3-8b,memit,ripple,ripple_random_row1,ripple_compositional_i,hit,post,0.0
llama3-8b,memit,ripple,ripple_random_row1,ripple_aliasing,hit,post,0.0
llama3-8b,memit,ripple,ripple_random_row1,ripple_relation_specificity,hit,post,0.0
llama3-8b,memit,ripple,ripple_random_row2,efficacy,hit,pre,0.0
llama3-8b,memit,ripple,ripple_random_row2,ripple_compositional_i,hit,pre,0.0
llama3-8b,memit,ripple,ripple_random_row2,ripple_aliasing,hit,pre,0.0
llama3-8b,memit,ripple,ripple_random_row2,efficacy,hit,post,1.0
llama3-8b,memit,ripple,ripple_random_row2,ripple_compositional_i,hit,post,1.0
llama3-8b,memit,ripple,ripple_random_row2,ripple_aliasing,hit,post,1.0
llama3-8b,memit,zsre,zsre_row0,efficacy,success,pre,1.0
llama3-8b,memit,zsre,zsre_row0,efficacy,diff,pre,0.0369414045465265
llama3-8b,memit,zsre,zsre_row0,efficacy,acc,pre,0.3333333333333333
llama3-8b,memit,zsre,zsre_row0,generalisation,success,pre,1.0
llama3-8b,memit,zsre,zsre_row0,generalisation,diff,pre,0.016267404748743455
llama3-8b,memit,zsre,zsre_row0,generalisation,acc,pre,0.3333333333333333
llama3-8b,memit,zsre,zsre_row0,specificity,success,pre,0.0
llama3-8b,memit,zsre,zsre_row0,specificity,diff,pre,-0.00038704909303236695
llama3-8b,memit,zsre,zsre_row0,specificity,acc,pre,0.6666666666666666
llama3-8b,memit,zsre,zsre_row0,efficacy,success,post,1.0
llama3-8b,memit,zsre,zsre_row0,efficacy,diff,post,0.5694017873159347
llama3-8b,memit,zsre,zsre_row0,efficacy,acc,post,1.0
llama3-8b,memit,zsre,zsre_row0,generalisation,success,post,1.0
llama3-8b,memit,zsre,zsre_row0,generalisation,diff,post,0.5616954874244393
llama3-8b,memit,zsre,zsre_row0,generalisation,acc,post,1.0
llama3-8b,memit,zsre,zsre_row0,specificity,success,post,0.0
llama3-8b,memit,zsre,zsre_row0,specificity,diff,post,-0.0004470470234972479
llama3-8b,memit,zsre,zsre_row0,specificity,acc,post,0.6666666666666666
llama3-8b,memit,zsre,zsre_row1,efficacy,success,pre,0.0
llama3-8b,memit,zsre,zsre_row1,efficacy,diff,pre,-0.1378009694705405
llama3-8b,memit,zsre,zsre_row1,efficacy,acc,pre,0.0
llama3-8b,memit,zsre,zsre_row1,generalisation,success,pre,0.0
llama3-8b,memit,zsre,zsre_row1,generalisation,diff,pre,-0.1258746068663492
llama3-8b,memit,zsre,zsre_row1,generalisation,acc,pre,0.0
llama3-8b,memit,zsre,zsre_row1,specificity,success,pre,0.0
llama3-8b,memit,zsre,zsre_row1,specificity,diff,pre,-0.0034145509734565573
llama3-8b,memit,zsre,zsre_row1,specificity,acc,pre,0.5
llama3-8b,memit,zsre,zsre_row1,efficacy,success,post,1.0
llama3-8b,memit,zsre,zsre_row1,efficacy,diff,post,0.040466759866277936
llama3-8b,memit,zsre,zsre_row1,efficacy,acc,post,0.6666666666666666
llama3-8b,memit,zsre,zsre_row1,generalisation,success,post,1.0
llama3-8b,memit,zsre,zsre_row1,generalisation,diff,post,0.653517739591366
llama3-8b,memit,zsre,zsre_row1,generalisation,acc,post,0.6666666666666666
llama3-8b,memit,zsre,zsre_row1,specificity,success,post,0.0
llama3-8b,memit,zsre,zsre_row1,specificity,diff,post,-0.003512425823941033
llama3-8b,memit,zsre,zsre_row1,specificity,acc,post,0.5
llama3-8b,memit,zsre,zsre_row2,efficacy,success,pre,1.0
llama3-8b,memit,zsre,zsre_row2,efficacy,diff,pre,1.208607070673092e-06
llama3-8b,memit,zsre,zsre_row2,efficacy,acc,pre,0.0
llama3-8b,memit,zsre,zsre_row2,generalisation,success,pre,0.0
llama3-8b,memit,zsre,zsre_row2,generalisation,diff,pre,-3.4509760115199677e-06
llama3-8b,memit,zsre,zsre_row2,generalisation,acc,pre,0.0
llama3-8b,memit,zsre,zsre_row2,specificity,success,pre,0.0
llama3-8b,memit,zsre,zsre_row2,specificity,diff,pre,-0.004027526213683726
llama3-8b,memit,zsre,zsre_row2,specificity,acc,pre,0.3333333333333333
llama3-8b,memit,zsre,zsre_row2,efficacy,success,post,1.0
llama3-8b,memit,zsre,zsre_row2,efficacy,diff,post,0.0015403800474263199
llama3-8b,memit,zsre,zsre_row2,efficacy,acc,post,0.0
llama3-8b,memit,zsre,zsre_row2,generalisation,success,post,1.0
llama3-8b,memit,zsre,zsre_row2,generalisation,diff,post,0.00274909425445898
llama3-8b,memit,zsre,zsre_row2,generalisation,acc,post,0.0
llama3-8b,memit,zsre,zsre_row2,specificity,success,post,0.0
llama3-8b,memit,zsre,zsre_row2,specificity,diff,post,-0.0040909527983348385
llama3-8b,memit,zsre,zsre_row2,specificity,acc,post,0.3333333333333333
llama3-8b,remedi,counterfact,0,efficacy,success,pre,0.0
llama3-8b,remedi,counterfact,0,efficacy,diff,pre,-0.554447759264991
llama3-8b,remedi,counterfact,0,efficacy,acc,pre,0.0
llama3-8b,remedi,counterfact,0,generalisation,success,pre,0.0
llama3-8b,remedi,counterfact,0,generalisation,diff,pre,-0.017276258042719
llama3-8b,remedi,counterfact,0,generalisation,acc,pre,0.0
llama3-8b,remedi,counterfact,0,specificity,success,pre,0.0
llama3-8b,remedi,counterfact,0,specificity,diff,pre,-0.3691831430535373
llama3-8b,remedi,counterfact,0,specificity,acc,pre,0.5
llama3-8b,remedi,counterfact,0,target_close_neighbour,success,pre,1.0
llama3-8b,remedi,counterfact,0,target_close_neighbour,diff,pre,0.13501298562453548
llama3-8b,remedi,counterfact,0,target_close_neighbour,acc,pre,0.4
llama3-8b,remedi,counterfact,0,efficacy,success,post,1.0
llama3-8b,remedi,counterfact,0,efficacy,diff,post,0.9998613577961112
llama3-8b,remedi,counterfact,0,efficacy,acc,post,1.0
llama3-8b,remedi,counterfact,0,generalisation,success,post,1.0
llama3-8b,remedi,counterfact,0,generalisation,diff,post,0.36286527114813266
llama3-8b,remedi,counterfact,0,generalisation,acc,post,0.5
llama3-8b,remedi,counterfact,0,specificity,success,post,0.0
llama3-8b,remedi,counterfact,0,specificity,diff,post,-0.3691831430535373
llama3-8b,remedi,counterfact,0,specificity,acc,post,0.5
llama3-8b,remedi,counterfact,0,target_close_neighbour,success,post,1.0
llama3-8b,remedi,counterfact,0,target_close_neighbour,diff,post,0.13501298562453548
llama3-8b,remedi,counterfact,0,target_close_neighbour,acc,post,0.4
llama3-8b,remedi,counterfact,1,efficacy,success,pre,0.0
llama3-8b,remedi,counterfact,1,efficacy,diff,pre,-0.15195808065583227
llama3-8b,remedi,counterfact,1,efficacy,acc,pre,0.0
llama3-8b,remedi,counterfact,1,generalisation,success,pre,0.0
llama3-8b,remedi,counterfact,1,generalisation,diff,pre,-0.03057342970014454
llama3-8b,remedi,counterfact,1,generalisation,acc,pre,0.0
llama3-8b,remedi,counterfact,1,specificity,success,pre,0.4
llama3-8b,remedi,counterfact,1,specificity,diff,pre,-0.007853033098426339
llama3-8b,remedi,counterfact,1,specificity,acc,pre,0.0
llama3-8b,remedi,counterfact,1,target_close_neighbour,success,pre,1.0
llama3-8b,remedi,counterfact,1,target_close_neighbour,diff,pre,0.12185462705339314
llama3-8b,remedi,counterfact,1,target_close_neighbour,acc,pre,0.2
llama3-8b,remedi,counterfact,1,efficacy,success,post,1.0
llama3-8b,remedi,counterfact,1,efficacy,diff,post,0.6121700347915654
llama3-8b,remedi,counterfact,1,efficacy,acc,post,1.0
llama3-8b,remedi,counterfact,1,generalisation,success,post,1.0
llama3-8b,remedi,counterfact,1,generalisation,diff,post,0.5336438971798212
llama3-8b,remedi,counterfact,1,generalisation,acc,post,0.5
llama3-8b,remedi,counterfact,1,specificity,success,post,0.4
llama3-8b,remedi,counterfact,1,specificity,diff,post,-0.007853033098426339
llama3-8b,remedi,counterfact,1,specificity,acc,post,0.0
llama3-8b,remedi,counterfact,1,target_close_neighbour,success,post,1.0
llama3-8b,remedi,counterfact,1,target_close_neighbour,diff,post,0.12185462705339314
llama3-8b,remedi,counterfact,1,target_close_neighbour,acc,post,0.2
llama3-8b,remedi,counterfact,2,efficacy,success,pre,1.0
llama3-8b,remedi,counterfact,2,efficacy,diff,pre,2.1259822173694097e-05
llama3-8b,remedi,counterfact,2,efficacy,acc,pre,0.0
llama3-8b,remedi,counterfact,2,generalisation,success,pre,1.0
llama3-8b,remedi,counterfact,2,generalisation,diff,pre,0.041588110685158136
llama3-8b,remedi,counterfact,2,generalisation,acc,pre,0.5
llama3-8b,remedi,counterfact,2,specificity,success,pre,0.6
llama3-8b,remedi,counterfact,2,specificity,diff,pre,-0.016179983789135374
llama3-8b,remedi,counterfact,2,specificity,acc,pre,0.2
llama3-8b,remedi,counterfact,2,target_close_neighbour,success,pre,1.0
llama3-8b,remedi,counterfact,2,target_close_neighbour,diff,pre,0.11117857836485087
llama3-8b,remedi,counterfact,2,target_close_neighbour,acc,pre,0.6
llama3-8b,remedi,counterfact,2,efficacy,success,post,1.0
llama3-8b,remedi,counterfact,2,efficacy,diff,post,0.8501570517764505
llama3-8b,remedi,counterfact,2,efficacy,acc,post,1.0
llama3-8b,remedi,counterfact,2,generalisation,success,post,1.0
llama3-8b,remedi,counterfact,2,generalisation,diff,post,0.33463790726983217
llama3-8b,remedi,counterfact,2,generalisation,acc,post,0.5
llama3-8b,remedi,counterfact,2,specificity,success,post,0.6
llama3-8b,remedi,counterfact,2,specificity,diff,post,-0.016179983789135374
llama3-8b,remedi,counterfact,2,specificity,acc,post,0.2
llama3-8b,remedi,counterfact,2,target_close_neighbour,success,post,1.0
llama3-8b,remedi,counterfact,2,target_close_neighbour,diff,post,0.11117857836485087
llama3-8b,remedi,counterfact,2,target_close_neighbour,acc,post,0.6
llama3-8b,remedi,mquake,1,efficacy,success,pre,0.5
llama3-8b,remedi,mquake,1,efficacy,diff,pre,-0.12516460852795738
llama3-8b,remedi,mquake,1,efficacy,acc,pre,0.3333333333333333
llama3-8b,remedi,mquake,1,single_hop,success,pre,0.5
llama3-8b,remedi,mquake,1,single_hop,diff,pre,-0.12516460852795738
llama3-8b,remedi,mquake,1,single_hop,acc,pre,0.3333333333333333
llama3-8b,remedi,mquake,1,multihop,hit,pre,0.0
llama3-8b,remedi,mquake,1,efficacy,success,post,1.0
llama3-8b,remedi,mquake,1,efficacy,diff,post,0.055264142232516425
llama3-8b,remedi,mquake,1,efficacy,acc,post,0.4166666666666667
llama3-8b,remedi,mquake,1,single_hop,success,post,1.0
llama3-8b,remedi,mquake,1,single_hop,diff,post,0.055264142232516425
llama3-8b,remedi,mquake,1,single_hop,acc,post,0.4166666666666667
llama3-8b,remedi,mquake,1,multihop,hit,post,0.0
llama3-8b,remedi,mquake,2,efficacy,success,pre,0.0
llama3-8b,remedi,mquake,2,efficacy,diff,pre,-0.5267057367602159
llama3-8b,remedi,mquake,2,efficacy,acc,pre,0.25
llama3-8b,remedi,mquake,2,single_hop,success,pre,0.5
llama3-8b,remedi,mquake,2,single_hop,diff,pre,-0.16526882502839385
llama3-8b,remedi,mquake,2,single_hop,acc,pre,0.625
llama3-8b,remedi,mquake,2,multihop,hit,pre,0.0
llama3-8b,remedi,mquake,2,efficacy,success,post,0.0
llama3-8b,remedi,mquake,2,efficacy,diff,post,-0.15380180816457376
llama3-8b,remedi,mquake,2,efficacy,acc,post,0.25
llama3-8b,remedi,mquake,2,single_hop,success,post,0.5
llama3-8b,remedi,mquake,2,single_hop,diff,post,0.021183139269427234
llama3-8b,remedi,mquake,2,single_hop,acc,post,0.625
llama3-8b,remedi,mquake,2,multihop,hit,post,1.0
llama3-8b,remedi,mquake,3,efficacy,success,pre,0.0
llama3-8b,remedi,mquake,3,efficacy,diff,pre,-0.9471558434905721
llama3-8b,remedi,mquake,3,efficacy,acc,pre,0.5
llama3-8b,remedi,mquake,3,single_hop,success,pre,0.5
llama3-8b,remedi,mquake,3,single_hop,diff,pre,-0.44308061206966204
llama3-8b,remedi,mquake,3,single_hop,acc,pre,0.25
llama3-8b,remedi,mquake,3,multihop,hit,pre,0.0
llama3-8b,remedi,mquake,3,efficacy,success,post,0.0
llama3-8b,remedi,mquake,3,efficacy,diff,post,-0.7880399419111059
llama3-8b,remedi,mquake,3,efficacy,acc,post,0.5
llama3-8b,remedi,mquake,3,single_hop,success,post,0.5
llama3-8b,remedi,mquake,3,single_hop,diff,post,-0.36352266127992894
llama3-8b,remedi,mquake,3,single_hop,acc,post,0.25
llama3-8b,remedi,mquake,3,multihop,hit,post,0.0
llama3-8b,remedi,ripple,ripple_popular_row0,efficacy,hit,pre,0.0
llama3-8b,remedi,ripple,ripple_popular_row0,ripple_compositional_i,hit,pre,0.0
llama3-8b,remedi,ripple,ripple_popular_row0,ripple_aliasing,hit,pre,0.0
llama3-8b,remedi,ripple,ripple_popular_row0,ripple_relation_specificity,hit,pre,0.7777777777777778
llama3-8b,remedi,ripple,ripple_popular_row0,ripple_preservation,hit,pre,0.0
llama3-8b,remedi,ripple,ripple_popular_row0,efficacy,hit,post,1.0
llama3-8b,remedi,ripple,ripple_popular_row0,ripple_compositional_i,hit,post,0.14285714285714285
llama3-8b,remedi,ripple,ripple_popular_row0,ripple_aliasing,hit,post,0.0
llama3-8b,remedi,ripple,ripple_popular_row0,ripple_relation_specificity,hit,post,0.2222222222222222
llama3-8b,remedi,ripple,ripple_popular_row0,ripple_preservation,hit,post,0.0
llama3-8b,remedi,ripple,ripple_popular_row2,efficacy,hit,pre,0.0
llama3-8b,remedi,ripple,ripple_popular_row2,ripple_logical,hit,pre,0.0
llama3-8b,remedi,ripple,ripple_popular_row2,ripple_compositional_i,hit,pre,0.0
llama3-8b,remedi,ripple,ripple_popular_row2,ripple_aliasing,hit,pre,0.0
llama3-8b,remedi,ripple,ripple_popular_row2,ripple_relation_specificity,hit,pre,0.5555555555555556
llama3-8b,remedi,ripple,ripple_popular_row2,ripple_preservation,hit,pre,1.0
llama3-8b,remedi,ripple,ripple_popular_row2,efficacy,hit,post,0.0
llama3-8b,remedi,ripple,ripple_popular_row2,ripple_logical,hit,post,0.0
llama3-8b,remedi,ripple,ripple_popular_row2,ripple_compositional_i,hit,post,0.0
llama3-8b,remedi,ripple,ripple_popular_row2,ripple_aliasing,hit,post,0.0
llama3-8b,remedi,ripple,ripple_popular_row2,ripple_relation_specificity,hit,post,0.2222222222222222
llama3-8b,remedi,ripple,ripple_popular_row2,ripple_preservation,hit,post,0.0
llama3-8b,remedi,ripple,ripple_random_row0,efficacy,hit,pre,0.0
llama3-8b,remedi,ripple,ripple_random_row0,ripple_logical,hit,pre,0.0
llama3-8b,remedi,ripple,ripple_random_row0,ripple_aliasing,hit,pre,0.0
llama3-8b,remedi,ripple,ripple_random_row0,ripple_relation_specificity,hit,pre,0.0
llama3-8b,remedi,ripple,ripple_random_row0,efficacy,hit,post,0.0
llama3-8b,remedi,ripple,ripple_random_row0,ripple_logical,hit,post,0.0
llama3-8b,remedi,ripple,ripple_random_row0,ripple_aliasing,hit,post,0.0
llama3-8b,remedi,ripple,ripple_random_row0,ripple_relation_specificity,hit,post,0.0
llama3-8b,remedi,ripple,ripple_random_row1,efficacy,hit,pre,0.0
llama3-8b,remedi,ripple,ripple_random_row1,ripple_compositional_i,hit,pre,0.0
llama3-8b,remedi,ripple,ripple_random_row1,ripple_aliasing,hit,pre,0.0
llama3-8b,remedi,ripple,ripple_random_row1,ripple_relation_specificity,hit,pre,0.0
llama3-8b,remedi,ripple,ripple_random_row1,efficacy,hit,post,0.0
llama3-8b,remedi,ripple,ripple_random_row1,ripple_compositional_i,hit,post,0.0
llama3-8b,remedi,ripple,ripple_random_row1,ripple_aliasing,hit,post,0.0
llama3-8b,remedi,ripple,ripple_random_row1,ripple_relation_specificity,hit,post,0.0
llama3-8b,remedi,ripple,ripple_random_row2,efficacy,hit,pre,0.0
llama3-8b,remedi,ripple,ripple_random_row2,ripple_compositional_i,hit,pre,0.0
llama3-8b,remedi,ripple,ripple_random_row2,ripple_aliasing,hit,pre,0.0
llama3-8b,remedi,ripple,ripple_random_row2,efficacy,hit,post,0.0
llama3-8b,remedi,ripple,ripple_random_row2,ripple_compositional_i,hit,post,0.0
llama3-8b,remedi,ripple,ripple_random_row2,ripple_aliasing,hit,post,0.0
llama3-8b,remedi,zsre,zsre_row0,efficacy,success,pre,1.0
llama3-8b,remedi,zsre,zsre_row0,efficacy,diff,pre,0.0369414045465265
llama3-8b,remedi,zsre,zsre_row0,efficacy,acc,pre,0.3333333333333333
llama3-8b,remedi,zsre,zsre_row0,generalisation,success,pre,1.0
llama3-8b,remedi,zsre,zsre_row0,generalisation,diff,pre,0.016267404748743455
llama3-8b,remedi,zsre,zsre_row0,generalisation,acc,pre,0.3333333333333333
llama3-8b,remedi,zsre,zsre_row0,specificity,success,pre,0.0
llama3-8b,remedi,zsre,zsre_row0,specificity,diff,pre,-0.00038704909303236695
llama3-8b,remedi,zsre,zsre_row0,specificity,acc,pre,0.6666666666666666
llama3-8b,remedi,zsre,zsre_row0,efficacy,success,post,1.0
llama3-8b,remedi,zsre,zsre_row0,efficacy,diff,post,0.1655110033705182
llama3-8b,remedi,zsre,zsre_row0,efficacy,acc,post,0.6666666666666666
llama3-8b,remedi,zsre,zsre_row0,generalisation,success,post,1.0
llama3-8b,remedi,zsre,zsre_row0,generalisation,diff,post,0.08815579923718045
llama3-8b,remedi,zsre,zsre_row0,generalisation,acc,post,0.3333333333333333
llama3-8b,remedi,zsre,zsre_row0,specificity,success,post,0.0
llama3-8b,remedi,zsre,zsre_row0,specificity,diff,post,-0.00038704909303236695
llama3-8b,remedi,zsre,zsre_row0,specificity,acc,post,0.6666666666666666
llama3-8b,remedi,zsre,zsre_row1,efficacy,success,pre,0.0
llama3-8b,remedi,zsre,zsre_row1,efficacy,diff,pre,-0.1378009694705405
llama3-8b,remedi,zsre,zsre_row1,efficacy,acc,pre,0.0
llama3-8b,remedi,zsre,zsre_row1,generalisation,success,pre,0.0
llama3-8b,remedi,zsre,zsre_row1,generalisation,diff,pre,-0.1258746068663492
llama3-8b,remedi,zsre,zsre_row1,generalisation,acc,pre,0.0
llama3-8b,remedi,zsre,zsre_row1,specificity,success,pre,0.0
llama3-8b,remedi,zsre,zsre_row1,specificity,diff,pre,-0.0034145509734565573
llama3-8b,remedi,zsre,zsre_row1,specificity,acc,pre,0.5
llama3-8b,remedi,zsre,zsre_row1,efficacy,success,post,0.0
llama3-8b,remedi,zsre,zsre_row1,efficacy,diff,post,-0.13774798594359816
llama3-8b,remedi,zsre,zsre_row1,efficacy,acc,post,0.0
llama3-8b,remedi,zsre,zsre_row1,generalisation,success,post,0.0
llama3-8b,remedi,zsre,zsre_row1,generalisation,diff,post,-0.18753661601522872
llama3-8b,remedi,zsre,zsre_row1,generalisation,acc,post,0.0
llama3-8b,remedi,zsre,zsre_row1,specificity,success,post,0.0
llama3-8b,remedi,zsre,zsre_row1,specificity,diff,post,-0.0034145509734565573
llama3-8b,remedi,zsre,zsre_row1,specificity,acc,post,0.5
llama3-8b,remedi,zsre,zsre_row2,efficacy,success,pre,1.0
llama3-8b,remedi,zsre,zsre_row2,efficacy,diff,pre,1.208607070673092e-06
llama3-8b,remedi,zsre,zsre_row2,efficacy,acc,pre,0.0
llama3-8b,remedi,zsre,zsre_row2,generalisation,success,pre,0.0
llama3-8b,remedi,zsre,zsre_row2,generalisation,diff,pre,-3.4509760115199677e-06
llama3-8b,remedi,zsre,zsre_row2,generalisation,acc,pre,0.0
llama3-8b,remedi,zsre,zsre_row2,specificity,success,pre,0.0
llama3-8b,remedi,zsre,zsre_row2,specificity,diff,pre,-0.004027526213683726
llama3-8b,remedi,zsre,zsre_row2,specificity,acc,pre,0.3333333333333333
llama3-8b,remedi,zsre,zsre_row2,efficacy,success,post,1.0
llama3-8b,remedi,zsre,zsre_row2,efficacy,diff,post,5.792553934149875e-07
llama3-8b,remedi,zsre,zsre_row2,efficacy,acc,post,0.0
llama3-8b,remedi,zsre,zsre_row2,generalisation,success,post,0.0
llama3-8b,remedi,zsre,zsre_row2,generalisation,diff,post,-1.1237644045346495e-06
llama3-8b,remedi,zsre,zsre_row2,generalisation,acc,post,0.0
llama3-8b,remedi,zsre,zsre_row2,specificity,success,post,0.0
llama3-8b,remedi,zsre,zsre_row2,specificity,diff,post,-0.004027526213683726
llama3-8b,remedi,zsre,zsre_row2,specificity,acc,post,0.3333333333333333
llama3-8b,rome,counterfact,0,efficacy,success,pre,0.0
llama3-8b,rome,counterfact,0,efficacy,diff,pre,-0.554447759264991
llama3-8b,rome,counterfact,0,efficacy,acc,pre,0.0
llama3-8b,rome,counterfact,0,generalisation,success,pre,0.0
llama3-8b,rome,counterfact,0,generalisation,diff,pre,-0.017276258042719
llama3-8b,rome,counterfact,0,generalisation,acc,pre,0.0
llama3-8b,rome,counterfact,0,specificity,success,pre,0.0
llama3-8b,rome,counterfact,0,specificity,diff,pre,-0.3691831430535373
llama3-8b,rome,counterfact,0,specificity,acc,pre,0.5
llama3-8b,rome,counterfact,0,target_close_neighbour,success,pre,1.0
llama3-8b,rome,counterfact,0,target_close_neighbour,diff,pre,0.13501298562453548
llama3-8b,rome,counterfact,0,target_close_neighbour,acc,pre,0.4
llama3-8b,rome,counterfact,0,efficacy,success,post,0.0
llama3-8b,rome,counterfact,0,efficacy,diff,post,-1.0607056447618552e-09
llama3-8b,rome,counterfact,0,efficacy,acc,post,0.0
llama3-8b,rome,counterfact,0,generalisation,success,post,1.0
llama3-8b,rome,counterfact,0,generalisation,diff,post,1.883894011022729e-06
llama3-8b,rome,counterfact,0,generalisation,acc,post,0.0
llama3-8b,rome,counterfact,0,specificity,success,post,0.0
llama3-8b,rome,counterfact,0,specificity,diff,post,-0.32411553081364664
llama3-8b,rome,counterfact,0,specificity,acc,post,0.4
llama3-8b,rome,counterfact,0,target_close_neighbour,success,post,1.0
llama3-8b,rome,counterfact,0,target_close_neighbour,diff,post,0.11993089886466457
llama3-8b,rome,counterfact,0,target_close_neighbour,acc,post,0.3
llama3-8b,rome,counterfact,1,efficacy,success,pre,0.0
llama3-8b,rome,counterfact,1,efficacy,diff,pre,-0.15195808065583227
llama3-8b,rome,counterfact,1,efficacy,acc,pre,0.0
llama3-8b,rome,counterfact,1,generalisation,success,pre,0.0
llama3-8b,rome,counterfact,1,generalisation,diff,pre,-0.03057342970014454
llama3-8b,rome,counterfact,1,generalisation,acc,pre,0.0
llama3-8b,rome,counterfact,1,specificity,success,pre,0.4
llama3-8b,rome,counterfact,1,specificity,diff,pre,-0.007853033098426339
llama3-8b,rome,counterfact,1,specificity,acc,pre,0.0
llama3-8b,rome,counterfact,1,target_close_neighbour,success,pre,1.0
llama3-8b,rome,counterfact,1,target_close_neighbour,diff,pre,0.12185462705339314
llama3-8b,rome,counterfact,1,target_close_neighbour,acc,pre,0.2
llama3-8b,rome,counterfact,1,efficacy,success,post,0.0
llama3-8b,rome,counterfact,1,efficacy,diff,post,-3.957165946746404e-06
llama3-8b,rome,counterfact,1,efficacy,acc,post,0.0
llama3-8b,rome,counterfact,1,generalisation,success,post,0.0
llama3-8b,rome,counterfact,1,generalisation,diff,post,-5.516810482234613e-07
llama3-8b,rome,counterfact,1,generalisation,acc,post,0.0
llama3-8b,rome,counterfact,1,specificity,success,post,0.3
llama3-8b,rome,counterfact,1,specificity,diff,post,-0.006219713610704073
llama3-8b,rome,counterfact,1,specificity,acc,post,0.0
llama3-8b,rome,counterfact,1,target_close_neighbour,success,post,1.0
llama3-8b,rome,counterfact,1,target_close_neighbour,diff,post,0.14762709688785336
llama3-8b,rome,counterfact,1,target_close_neighbour,acc,post,0.3
llama3-8b,rome,counterfact,2,efficacy,success,pre,1.0
llama3-8b,rome,counterfact,2,efficacy,diff,pre,2.1259822173694097e-05
llama3-8b,rome,counterfact,2,efficacy,acc,pre,0.0
llama3-8b,rome,counterfact,2,generalisation,success,pre,1.0
llama3-8b,rome,counterfact,2,generalisation,diff,pre,0.041588110685158136
llama3-8b,rome,counterfact,2,generalisation,acc,pre,0.5
llama3-8b,rome,counterfact,2,specificity,success,pre,0.6
llama3-8b,rome,counterfact,2,specificity,diff,pre,-0.016179983789135374
llama3-8b,rome,counterfact,2,specificity,acc,pre,0.2
llama3-8b,rome,counterfact,2,target_close_neighbour,success,pre,1.0
llama3-8b,rome,counterfact,2,target_close_neighbour,diff,pre,0.11117857836485087
llama3-8b,rome,counterfact,2,target_close_neighbour,acc,pre,0.6
llama3-8b,rome,counterfact,2,efficacy,success,post,1.0
llama3-8b,rome,counterfact,2,efficacy,diff,post,8.653922616209281e-08
llama3-8b,rome,counterfact,2,efficacy,acc,post,0.0
llama3-8b,rome,counterfact,2,generalisation,success,post,1.0
llama3-8b,rome,counterfact,2,generalisation,diff,post,0.04861048653779659
llama3-8b,rome,counterfact,2,generalisation,acc,post,0.0
llama3-8b,rome,counterfact,2,specificity,success,post,0.5
llama3-8b,rome,counterfact,2,specificity,diff,post,-0.021076108904684247
llama3-8b,rome,counterfact,2,specificity,acc,post,0.3
llama3-8b,rome,counterfact,2,target_close_neighbour,success,post,1.0
llama3-8b,rome,counterfact,2,target_close_neighbour,diff,post,0.08833639017067517
llama3-8b,rome,counterfact,2,target_close_neighbour,acc,post,0.6
llama3-8b,rome,mquake,1,efficacy,success,pre,0.5
llama3-8b,rome,mquake,1,efficacy,diff,pre,-0.12516460852795738
llama3-8b,rome,mquake,1,efficacy,acc,pre,0.3333333333333333
llama3-8b,rome,mquake,1,single_hop,success,pre,0.5
llama3-8b,rome,mquake,1,single_hop,diff,pre,-0.12516460852795738
llama3-8b,rome,mquake,1,single_hop,acc,pre,0.3333333333333333
llama3-8b,rome,mquake,1,multihop,hit,pre,0.0
llama3-8b,rome,mquake,1,efficacy,success,post,1.0
llama3-8b,rome,mquake,1,efficacy,diff,post,0.0008863858554427101
llama3-8b,rome,mquake,1,efficacy,acc,post,0.16666666666666666
llama3-8b,rome,mquake,1,single_hop,success,post,1.0
llama3-8b,rome,mquake,1,single_hop,diff,post,0.0008863858554427101
llama3-8b,rome,mquake,1,single_hop,acc,post,0.16666666666666666
llama3-8b,rome,mquake,1,multihop,hit,post,0.0
llama3-8b,rome,mquake,2,efficacy,success,pre,0.0
llama3-8b,rome,mquake,2,efficacy,diff,pre,-0.5267057367602159
llama3-8b,rome,mquake,2,efficacy,acc,pre,0.25
llama3-8b,rome,mquake,2,single_hop,success,pre,0.5
llama3-8b,rome,mquake,2,single_hop,diff,pre,-0.16526882502839385
llama3-8b,rome,mquake,2,single_hop,acc,pre,0.625
llama3-8b,rome,mquake,2,multihop,hit,pre,0.0
llama3-8b,rome,mquake,2,efficacy,success,post,0.0
llama3-8b,rome,mquake,2,efficacy,diff,post,-0.005236127538156012
llama3-8b,rome,mquake,2,efficacy,acc,post,0.5
llama3-8b,rome,mquake,2,single_hop,success,post,0.5
llama3-8b,rome,mquake,2,single_hop,diff,post,0.1256791239471062
llama3-8b,rome,mquake,2,single_hop,acc,post,0.75
llama3-8b,rome,mquake,2,multihop,hit,post,0.0
llama3-8b,rome,mquake,3,efficacy,success,pre,0.0
llama3-8b,rome,mquake,3,efficacy,diff,pre,-0.9471558434905721
llama3-8b,rome,mquake,3,efficacy,acc,pre,0.5
llama3-8b,rome,mquake,3,single_hop,success,pre,0.5
llama3-8b,rome,mquake,3,single_hop,diff,pre,-0.44308061206966204
llama3-8b,rome,mquake,3,single_hop,acc,pre,0.25
llama3-8b,rome,mquake,3,multihop,hit,pre,0.0
llama3-8b,rome,mquake,3,efficacy,success,post,1.0
llama3-8b,rome,mquake,3,efficacy,diff,post,0.020035541342441624
llama3-8b,rome,mquake,3,efficacy,acc,post,0.5
llama3-8b,rome,mquake,3,single_hop,success,post,1.0
llama3-8b,rome,mquake,3,single_hop,diff,post,0.033039921284413666
llama3-8b,rome,mquake,3,single_hop,acc,post,0.25
llama3-8b,rome,mquake,3,multihop,hit,post,0.0
llama3-8b,rome,ripple,ripple_popular_row0,efficacy,hit,pre,0.0
llama3-8b,rome,ripple,ripple_popular_row0,ripple_compositional_i,hit,pre,0.0
llama3-8b,rome,ripple,ripple_popular_row0,ripple_aliasing,hit,pre,0.0
llama3-8b,rome,ripple,ripple_popular_row0,ripple_relation_specificity,hit,pre,0.7777777777777778
llama3-8b,rome,ripple,ripple_popular_row0,ripple_preservation,hit,pre,0.0
llama3-8b,rome,ripple,ripple_popular_row0,efficacy,hit,post,0.0
llama3-8b,rome,ripple,ripple_popular_row0,ripple_compositional_i,hit,post,0.0
llama3-8b,rome,ripple,ripple_popular_row0,ripple_aliasing,hit,post,0.0
llama3-8b,rome,ripple,ripple_popular_row0,ripple_relation_specificity,hit,post,0.0
llama3-8b,rome,ripple,ripple_popular_row0,ripple_preservation,hit,post,0.0
llama3-8b,rome,ripple,ripple_popular_row2,efficacy,hit,pre,0.0
llama3-8b,rome,ripple,ripple_popular_row2,ripple_logical,hit,pre,0.0
llama3-8b,rome,ripple,ripple_popular_row2,ripple_compositional_i,hit,pre,0.0
llama3-8b,rome,ripple,ripple_popular_row2,ripple_aliasing,hit,pre,0.0
llama3-8b,rome,ripple,ripple_popular_row2,ripple_relation_specificity,hit,pre,0.5555555555555556
llama3-8b,rome,ripple,ripple_popular_row2,ripple_preservation,hit,pre,1.0
llama3-8b,rome,ripple,ripple_popular_row2,efficacy,hit,post,0.0
llama3-8b,rome,ripple,ripple_popular_row2,ripple_logical,hit,post,0.0
llama3-8b,rome,ripple,ripple_popular_row2,ripple_compositional_i,hit,post,0.2
llama3-8b,rome,ripple,ripple_popular_row2,ripple_aliasing,hit,post,0.0
llama3-8b,rome,ripple,ripple_popular_row2,ripple_relation_specificity,hit,post,0.2222222222222222
llama3-8b,rome,ripple,ripple_popular_row2,ripple_preservation,hit,post,0.0
llama3-8b,rome,ripple,ripple_random_row0,efficacy,hit,pre,0.0
llama3-8b,rome,ripple,ripple_random_row0,ripple_logical,hit,pre,0.0
llama3-8b,rome,ripple,ripple_random_row0,ripple_aliasing,hit,pre,0.0
llama3-8b,rome,ripple,ripple_random_row0,ripple_relation_specificity,hit,pre,0.0
llama3-8b,rome,ripple,ripple_random_row0,efficacy,hit,post,0.0
llama3-8b,rome,ripple,ripple_random_row0,ripple_logical,hit,post,0.0
llama3-8b,rome,ripple,ripple_random_row0,ripple_aliasing,hit,post,0.0
llama3-8b,rome,ripple,ripple_random_row0,ripple_relation_specificity,hit,post,0.0
llama3-8b,rome,ripple,ripple_random_row1,efficacy,hit,pre,0.0
llama3-8b,rome,ripple,ripple_random_row1,ripple_compositional_i,hit,pre,0.0
llama3-8b,rome,ripple,ripple_random_row1,ripple_aliasing,hit,pre,0.0
llama3-8b,rome,ripple,ripple_random_row1,ripple_relation_specificity,hit,pre,0.0
llama3-8b,rome,ripple,ripple_random_row1,efficacy,hit,post,0.0
llama3-8b,rome,ripple,ripple_random_row1,ripple_compositional_i,hit,post,0.0
llama3-8b,rome,ripple,ripple_random_row1,ripple_aliasing,hit,post,0.0
llama3-8b,rome,ripple,ripple_random_row1,ripple_relation_specificity,hit,post,0.0
llama3-8b,rome,ripple,ripple_random_row2,efficacy,hit,pre,0.0
llama3-8b,rome,ripple,ripple_random_row2,ripple_compositional_i,hit,pre,0.0
llama3-8b,rome,ripple,ripple_random_row2,ripple_aliasing,hit,pre,0.0
llama3-8b,rome,ripple,ripple_random_row2,efficacy,hit,post,0.0
llama3-8b,rome,ripple,ripple_random_row2,ripple_compositional_i,hit,post,0.0
llama3-8b,rome,ripple,ripple_random_row2,ripple_aliasing,hit,post,0.0
llama3-8b,rome,zsre,zsre_row0,efficacy,success,pre,1.0
llama3-8b,rome,zsre,zsre_row0,efficacy,diff,pre,0.0369414045465265
llama3-8b,rome,zsre,zsre_row0,efficacy,acc,pre,0.3333333333333333
llama3-8b,rome,zsre,zsre_row0,generalisation,success,pre,1.0
llama3-8b,rome,zsre,zsre_row0,generalisation,diff,pre,0.016267404748743455
llama3-8b,rome,zsre,zsre_row0,generalisation,acc,pre,0.3333333333333333
llama3-8b,rome,zsre,zsre_row0,specificity,success,pre,0.0
llama3-8b,rome,zsre,zsre_row0,specificity,diff,pre,-0.00038704909303236695
llama3-8b,rome,zsre,zsre_row0,specificity,acc,pre,0.6666666666666666
llama3-8b,rome,zsre,zsre_row0,efficacy,success,post,0.0
llama3-8b,rome,zsre,zsre_row0,efficacy,diff,post,-0.002326510647860606
llama3-8b,rome,zsre,zsre_row0,efficacy,acc,post,0.3333333333333333
llama3-8b,rome,zsre,zsre_row0,generalisation,success,post,0.0
llama3-8b,rome,zsre,zsre_row0,generalisation,diff,post,-0.002432646021782519
llama3-8b,rome,zsre,zsre_row0,generalisation,acc,post,0.3333333333333333
llama3-8b,rome,zsre,zsre_row0,specificity,success,post,0.0
llama3-8b,rome,zsre,zsre_row0,specificity,diff,post,-0.00018902474630798686
llama3-8b,rome,zsre,zsre_row0,specificity,acc,post,0.6666666666666666
llama3-8b,rome,zsre,zsre_row1,efficacy,success,pre,0.0
llama3-8b,rome,zsre,zsre_row1,efficacy,diff,pre,-0.1378009694705405
llama3-8b,rome,zsre,zsre_row1,efficacy,acc,pre,0.0
llama3-8b,rome,zsre,zsre_row1,generalisation,success,pre,0.0
llama3-8b,rome,zsre,zsre_row1,generalisation,diff,pre,-0.1258746068663492
llama3-8b,rome,zsre,zsre_row1,generalisation,acc,pre,0.0
llama3-8b,rome,zsre,zsre_row1,specificity,success,pre,0.0
llama3-8b,rome,zsre,zsre_row1,specificity,diff,pre,-0.0034145509734565573
llama3-8b,rome,zsre,zsre_row1,specificity,acc,pre,0.5
llama3-8b,rome,zsre,zsre_row1,efficacy,success,post,0.0
llama3-8b,rome,zsre,zsre_row1,efficacy,diff,post,-0.0014482970402538626
llama3-8b,rome,zsre,zsre_row1,efficacy,acc,post,0.3333333333333333
llama3-8b,rome,zsre,zsre_row1,generalisation,success,post,0.0
llama3-8b,rome,zsre,zsre_row1,generalisation,diff,post,-0.0008557250325467421
llama3-8b,rome,zsre,zsre_row1,generalisation,acc,post,0.3333333333333333
llama3-8b,rome,zsre,zsre_row1,specificity,success,post,0.0
llama3-8b,rome,zsre,zsre_row1,specificity,diff,post,-0.003378658468937563
llama3-8b,rome,zsre,zsre_row1,specificity,acc,post,0.5
llama3-8b,rome,zsre,zsre_row2,efficacy,success,pre,1.0
llama3-8b,rome,zsre,zsre_row2,efficacy,diff,pre,1.208607070673092e-06
llama3-8b,rome,zsre,zsre_row2,efficacy,acc,pre,0.0
llama3-8b,rome,zsre,zsre_row2,generalisation,success,pre,0.0
llama3-8b,rome,zsre,zsre_row2,generalisation,diff,pre,-3.4509760115199677e-06
llama3-8b,rome,zsre,zsre_row2,generalisation,acc,pre,0.0
llama3-8b,rome,zsre,zsre_row2,specificity,success,pre,0.0
llama3-8b,rome,zsre,zsre_row2,specificity,diff,pre,-0.004027526213683726
llama3-8b,rome,zsre,zsre_row2,specificity,acc,pre,0.3333333333333333
llama3-8b,rome,zsre,zsre_row2,efficacy,success,post,0.0
llama3-8b,rome,zsre,zsre_row2,efficacy,diff,post,-7.793845921441849e-09
llama3-8b,rome,zsre,zsre_row2,efficacy,acc,post,0.0
llama3-8b,rome,zsre,zsre_row2,generalisation,success,post,0.0
llama3-8b,rome,zsre,zsre_row2,generalisation,diff,post,-5.790014534006545e-08
llama3-8b,rome,zsre,zsre_row2,generalisation,acc,post,0.0
llama3-8b,rome,zsre,zsre_row2,specificity,success,post,0.0
llama3-8b,rome,zsre,zsre_row2,specificity,diff,post,-0.0039002904911736008
llama3-8b,rome,zsre,zsre_row2,specificity,acc,post,0.3333333333333333
