model,method,bench,case,category,measure,phase,value
gpt2-xl,memit,counterfact,0,efficacy,success,pre,0.0
gpt2-xl,memit,counterfact,0,efficacy,diff,pre,-0.37617651698075644
gpt2-xl,memit,counterfact,0,efficacy,acc,pre,0.0
gpt2-xl,memit,counterfact,0,generalisation,success,pre,1.0
gpt2-xl,memit,counterfact,0,generalisation,diff,pre,0.0005171306729141865
gpt2-xl,memit,counterfact,0,generalisation,acc,pre,0.0
gpt2-xl,memit,counterfact,0,specificity,success,pre,0.0
gpt2-xl,memit,counterfact,0,specificity,diff,pre,-0.3224642760423937
gpt2-xl,memit,counterfact,0,specificity,acc,pre,0.7
gpt2-xl,memit,counterfact,0,target_close_neighbour,success,pre,1.0
gpt2-xl,memit,counterfact,0,target_close_neighbour,diff,pre,0.07185565722335695
gpt2-xl,memit,counterfact,0,target_close_neighbour,acc,pre,0.4
gpt2-xl,memit,counterfact,0,efficacy,success,post,1.0
gpt2-xl,memit,counterfact,0,efficacy,diff,post,0.993538149759369
gpt2-xl,memit,counterfact,0,efficacy,acc,post,1.0
gpt2-xl,memit,counterfact,0,generalisation,success,post,1.0
gpt2-xl,memit,counterfact,0,generalisation,diff,post,0.008585045954116832
gpt2-xl,memit,counterfact,0,generalisation,acc,post,0.0
gpt2-xl,memit,counterfact,0,specificity,success,post,0.0
gpt2-xl,memit,counterfact,0,specificity,diff,post,-0.3244653434925393
gpt2-xl,memit,counterfact,0,specificity,acc,post,0.7
gpt2-xl,memit,counterfact,0,target_close_neighbour,success,post,1.0
gpt2-xl,memit,counterfact,0,target_close_neighbour,diff,post,0.07596584204944476
gpt2-xl,memit,counterfact,0,target_close_neighbour,acc,post,0.4
gpt2-xl,memit,counterfact,1,efficacy,success,pre,0.0
gpt2-xl,memit,counterfact,1,efficacy,diff,pre,-0.10433664415338888
gpt2-xl,memit,counterfact,1,efficacy,acc,pre,0.0
gpt2-xl,memit,counterfact,1,generalisation,success,pre,0.0
gpt2-xl,memit,counterfact,1,generalisation,diff,pre,-0.0010584796715423853
gpt2-xl,memit,counterfact,1,generalisation,acc,pre,0.0
gpt2-xl,memit,counterfact,1,specificity,success,pre,0.7
gpt2-xl,memit,counterfact,1,specificity,diff,pre,0.025185032982237548
gpt2-xl,memit,counterfact,1,specificity,acc,pre,0.1
gpt2-xl,memit,counterfact,1,target_close_neighbour,success,pre,1.0
gpt2-xl,memit,counterfact,1,target_close_neighbour,diff,pre,0.11009343599061741
gpt2-xl,memit,counterfact,1,target_close_neighbour,acc,pre,0.3
gpt2-xl,memit,counterfact,1,efficacy,success,post,1.0
gpt2-xl,memit,counterfact,1,efficacy,diff,post,0.9836621372626636
gpt2-xl,memit,counterfact,1,efficacy,acc,post,1.0
gpt2-xl,memit,counterfact,1,generalisation,success,post,1.0
gpt2-xl,memit,counterfact,1,generalisation,diff,post,0.03234545982136788
gpt2-xl,memit,counterfact,1,generalisation,acc,post,0.0
gpt2-xl,memit,counterfact,1,specificity,success,post,0.7
gpt2-xl,memit,counterfact,1,specificity,diff,post,0.03236711744307012
gpt2-xl,memit,counterfact,1,specificity,acc,post,0.1
gpt2-xl,memit,counterfact,1,target_close_neighbour,success,post,1.0
gpt2-xl,memit,counterfact,1,target_close_neighbour,diff,post,0.1148903701949628
gpt2-xl,memit,counterfact,1,target_close_neighbour,acc,post,0.2
gpt2-xl,memit,counterfact,2,efficacy,success,pre,1.0
gpt2-xl,memit,counterfact,2,efficacy,diff,pre,2.8234194909068148e-05
gpt2-xl,memit,counterfact,2,efficacy,acc,pre,0.0
gpt2-xl,memit,counterfact,2,generalisation,success,pre,0.5
gpt2-xl,memit,counterfact,2,generalisation,diff,pre,0.013870785335809153
gpt2-xl,memit,counterfact,2,generalisation,acc,pre,0.0
gpt2-xl,memit,counterfact,2,specificity,success,pre,0.6
gpt2-xl,memit,counterfact,2,specificity,diff,pre,-0.0022553692823553133
gpt2-xl,memit,counterfact,2,specificity,acc,pre,0.0
gpt2-xl,memit,counterfact,2,target_close_neighbour,success,pre,0.7
gpt2-xl,memit,counterfact,2,target_close_neighbour,diff,pre,0.006844458774199277
gpt2-xl,memit,counterfact,2,target_close_neighbour,acc,pre,0.0
gpt2-xl,memit,counterfact,2,efficacy,success,post,1.0
gpt2-xl,memit,counterfact,2,efficacy,diff,post,0.8201335560076544
gpt2-xl,memit,counterfact,2,efficacy,acc,post,1.0
gpt2-xl,memit,counterfact,2,generalisation,success,post,1.0
gpt2-xl,memit,counterfact,2,generalisation,diff,post,0.3443916595266168
gpt2-xl,memit,counterfact,2,generalisation,acc,post,0.5
gpt2-xl,memit,counterfact,2,specificity,success,post,0.7
gpt2-xl,memit,counterfact,2,specificity,diff,post,-0.0013743335223287058
gpt2-xl,memit,counterfact,2,specificity,acc,post,0.0
gpt2-xl,memit,counterfact,2,target_close_neighbour,success,post,0.7
gpt2-xl,memit,counterfact,2,target_close_neighbour,diff,post,0.008040275482485258
gpt2-xl,memit,counterfact,2,target_close_neighbour,acc,post,0.0
gpt2-xl,memit,counterfact,3,efficacy,success,pre,0.0
gpt2-xl,memit,counterfact,3,efficacy,diff,pre,-0.08874552929428017
gpt2-xl,memit,counterfact,3,efficacy,acc,pre,0.0
gpt2-xl,memit,counterfact,3,generalisation,success,pre,0.0
gpt2-xl,memit,counterfact,3,generalisation,diff,pre,-0.10788922980313234
gpt2-xl,memit,counterfact,3,generalisation,acc,pre,0.0
gpt2-xl,memit,counterfact,3,specificity,success,pre,0.0
gpt2-xl,memit,counterfact,3,specificity,diff,pre,-0.01927880385219243
gpt2-xl,memit,counterfact,3,specificity,acc,pre,0.0
gpt2-xl,memit,counterfact,3,target_close_neighbour,success,pre,1.0
gpt2-xl,memit,counterfact,3,target_close_neighbour,diff,pre,0.09144004526728411
gpt2-xl,memit,counterfact,3,target_close_neighbour,acc,pre,0.1
gpt2-xl,memit,counterfact,3,efficacy,success,post,1.0
gpt2-xl,memit,counterfact,3,efficacy,diff,post,0.9517709925258688
gpt2-xl,memit,counterfact,3,efficacy,acc,post,1.0
gpt2-xl,memit,counterfact,3,generalisation,success,post,1.0
gpt2-xl,memit,counterfact,3,generalisation,diff,post,0.9248195199875688
gpt2-xl,memit,counterfact,3,generalisation,acc,post,1.0
gpt2-xl,memit,counterfact,3,specificity,success,post,0.0
gpt2-xl,memit,counterfact,3,specificity,diff,post,-0.0215564722760389
gpt2-xl,memit,counterfact,3,specificity,acc,post,0.0
gpt2-xl,memit,counterfact,3,target_close_neighbour,success,post,1.0
gpt2-xl,memit,counterfact,3,target_close_neighbour,diff,post,0.10657982319071244
gpt2-xl,memit,counterfact,3,target_close_neighbour,acc,post,0.2
gpt2-xl,memit,counterfact,4,efficacy,success,pre,0.0
gpt2-xl,memit,counterfact,4,efficacy,diff,pre,-2.046038752108024e-06
gpt2-xl,memit,counterfact,4,efficacy,acc,pre,0.0
gpt2-xl,memit,counterfact,4,generalisation,success,pre,0.0
gpt2-xl,memit,counterfact,4,generalisation,diff,pre,-5.229205851170455e-06
gpt2-xl,memit,counterfact,4,generalisation,acc,pre,0.0
gpt2-xl,memit,counterfact,4,specificity,success,pre,0.4
gpt2-xl,memit,counterfact,4,specificity,diff,pre,-8.363290483892825e-05
gpt2-xl,memit,counterfact,4,specificity,acc,pre,0.0
gpt2-xl,memit,counterfact,4,target_close_neighbour,success,pre,1.0
gpt2-xl,memit,counterfact,4,target_close_neighbour,diff,pre,0.0013901259861620226
gpt2-xl,memit,counterfact,4,target_close_neighbour,acc,pre,0.0
gpt2-xl,memit,counterfact,4,efficacy,success,post,1.0
gpt2-xl,memit,counterfact,4,efficacy,diff,post,0.0001929220038559967
gpt2-xl,memit,counterfact,4,efficacy,acc,post,0.0
gpt2-xl,memit,counterfact,4,generalisation,success,post,0.5
gpt2-xl,memit,counterfact,4,generalisation,diff,post,8.414244286046608e-06
gpt2-xl,memit,counterfact,4,generalisation,acc,post,0.0
gpt2-xl,memit,counterfact,4,specificity,success,post,0.5
gpt2-xl,memit,counterfact,4,specificity,diff,post,-9.733467706588133e-05
gpt2-xl,memit,counterfact,4,specificity,acc,post,0.0
gpt2-xl,memit,counterfact,4,target_close_neighbour,success,post,1.0
gpt2-xl,memit,counterfact,4,target_close_neighbour,diff,post,0.0019914755878604313
gpt2-xl,memit,counterfact,4,target_close_neighbour,acc,post,0.0
gpt2-xl,memit,counterfact,5,efficacy,success,pre,0.0
gpt2-xl,memit,counterfact,5,efficacy,diff,pre,-0.06645658194091092
gpt2-xl,memit,counterfact,5,efficacy,acc,pre,0.0
gpt2-xl,memit,counterfact,5,generalisation,success,pre,0.5
gpt2-xl,memit,counterfact,5,generalisation,diff,pre,-0.000413328835335311
gpt2-xl,memit,counterfact,5,generalisation,acc,pre,0.0
gpt2-xl,memit,counterfact,5,specificity,success,pre,0.3
gpt2-xl,memit,counterfact,5,specificity,diff,pre,-0.2288711208296151
gpt2-xl,memit,counterfact,5,specificity,acc,pre,0.6
gpt2-xl,memit,counterfact,5,target_close_neighbour,success,pre,1.0
gpt2-xl,memit,counterfact,5,target_close_neighbour,diff,pre,0.09496826466549692
gpt2-xl,memit,counterfact,5,target_close_neighbour,acc,pre,0.4
gpt2-xl,memit,counterfact,5,efficacy,success,post,1.0
gpt2-xl,memit,counterfact,5,efficacy,diff,post,0.9979674956998094
gpt2-xl,memit,counterfact,5,efficacy,acc,post,1.0
gpt2-xl,memit,counterfact,5,generalisation,success,post,1.0
gpt2-xl,memit,counterfact,5,generalisation,diff,post,0.0014025857227650306
gpt2-xl,memit,counterfact,5,generalisation,acc,post,0.0
gpt2-xl,memit,counterfact,5,specificity,success,post,0.3
gpt2-xl,memit,counterfact,5,specificity,diff,post,-0.23399757593327028
gpt2-xl,memit,counterfact,5,specificity,acc,post,0.7
gpt2-xl,memit,counterfact,5,target_close_neighbour,success,post,1.0
gpt2-xl,memit,counterfact,5,target_close_neighbour,diff,post,0.09645048627106165
gpt2-xl,memit,counterfact,5,target_close_neighbour,acc,post,0.4
gpt2-xl,memit,counterfact,6,efficacy,success,pre,1.0
gpt2-xl,memit,counterfact,6,efficacy,diff,pre,3.331736028450795e-05
gpt2-xl,memit,counterfact,6,efficacy,acc,pre,0.0
gpt2-xl,memit,counterfact,6,generalisation,success,pre,0.5
gpt2-xl,memit,counterfact,6,generalisation,diff,pre,0.0002455260226386036
gpt2-xl,memit,counterfact,6,generalisation,acc,pre,0.0
gpt2-xl,memit,counterfact,6,specificity,success,pre,0.6
gpt2-xl,memit,counterfact,6,specificity,diff,pre,0.0010757189628516147
gpt2-xl,memit,counterfact,6,specificity,acc,pre,0.0
gpt2-xl,memit,counterfact,6,target_close_neighbour,success,pre,1.0
gpt2-xl,memit,counterfact,6,target_close_neighbour,diff,pre,0.001489396161460393
gpt2-xl,memit,counterfact,6,target_close_neighbour,acc,pre,0.0
gpt2-xl,memit,counterfact,6,efficacy,success,post,1.0
gpt2-xl,memit,counterfact,6,efficacy,diff,post,0.995007612593152
gpt2-xl,memit,counterfact,6,efficacy,acc,post,1.0
gpt2-xl,memit,counterfact,6,generalisation,success,post,1.0
gpt2-xl,memit,counterfact,6,generalisation,diff,post,0.9753472574728095
gpt2-xl,memit,counterfact,6,generalisation,acc,post,1.0
gpt2-xl,memit,counterfact,6,specificity,success,post,0.6
gpt2-xl,memit,counterfact,6,specificity,diff,post,0.0013019795638055018
gpt2-xl,memit,counterfact,6,specificity,acc,post,0.0
gpt2-xl,memit,counterfact,6,target_close_neighbour,success,post,1.0
gpt2-xl,memit,counterfact,6,target_close_neighbour,diff,post,0.001688079962379638
gpt2-xl,memit,counterfact,6,target_close_neighbour,acc,post,0.0
gpt2-xl,memit,counterfact,7,efficacy,success,pre,0.0
gpt2-xl,memit,counterfact,7,efficacy,diff,pre,-0.08107924661595162
gpt2-xl,memit,counterfact,7,efficacy,acc,pre,0.0
gpt2-xl,memit,counterfact,7,generalisation,success,pre,0.0
gpt2-xl,memit,counterfact,7,generalisation,diff,pre,-0.10055833444501067
gpt2-xl,memit,counterfact,7,generalisation,acc,pre,0.0
gpt2-xl,memit,counterfact,7,specificity,success,pre,0.3
gpt2-xl,memit,counterfact,7,specificity,diff,pre,-0.09980051644687042
gpt2-xl,memit,counterfact,7,specificity,acc,pre,0.3
gpt2-xl,memit,counterfact,7,target_close_neighbour,success,pre,1.0
gpt2-xl,memit,counterfact,7,target_close_neighbour,diff,pre,0.2870562181387737
gpt2-xl,memit,counterfact,7,target_close_neighbour,acc,pre,0.7
gpt2-xl,memit,counterfact,7,efficacy,success,post,1.0
gpt2-xl,memit,counterfact,7,efficacy,diff,post,0.9969922996913873
gpt2-xl,memit,counterfact,7,efficacy,acc,post,1.0
gpt2-xl,memit,counterfact,7,generalisation,success,post,1.0
gpt2-xl,memit,counterfact,7,generalisation,diff,post,0.8345469298000684
gpt2-xl,memit,counterfact,7,generalisation,acc,post,1.0
gpt2-xl,memit,counterfact,7,specificity,success,post,0.3
gpt2-xl,memit,counterfact,7,specificity,diff,post,-0.10718725365640905
gpt2-xl,memit,counterfact,7,specificity,acc,post,0.3
gpt2-xl,memit,counterfact,7,target_close_neighbour,success,post,1.0
gpt2-xl,memit,counterfact,7,target_close_neighbour,diff,post,0.3067364552418391
gpt2-xl,memit,counterfact,7,target_close_neighbour,acc,post,0.7
gpt2-xl,memit,counterfact,8,efficacy,success,pre,0.0
gpt2-xl,memit,counterfact,8,efficacy,diff,pre,-9.537783054237566e-05
gpt2-xl,memit,counterfact,8,efficacy,acc,pre,0.0
gpt2-xl,memit,counterfact,8,generalisation,success,pre,0.0
gpt2-xl,memit,counterfact,8,generalisation,diff,pre,-0.01236854072031907
gpt2-xl,memit,counterfact,8,generalisation,acc,pre,0.0
gpt2-xl,memit,counterfact,8,specificity,success,pre,0.0
gpt2-xl,memit,counterfact,8,specificity,diff,pre,-1.1641816746159209e-05
gpt2-xl,memit,counterfact,8,specificity,acc,pre,0.0
gpt2-xl,memit,counterfact,8,target_close_neighbour,success,pre,0.0
gpt2-xl,memit,counterfact,8,target_close_neighbour,diff,pre,-8.859014498521854e-05
gpt2-xl,memit,counterfact,8,target_close_neighbour,acc,pre,0.0
gpt2-xl,memit,counterfact,8,efficacy,success,post,1.0
gpt2-xl,memit,counterfact,8,efficacy,diff,post,0.00876526582739976
gpt2-xl,memit,counterfact,8,efficacy,acc,post,0.0
gpt2-xl,memit,counterfact,8,generalisation,success,post,0.0
gpt2-xl,memit,counterfact,8,generalisation,diff,post,-0.01123969951982282
gpt2-xl,memit,counterfact,8,generalisation,acc,post,0.0
gpt2-xl,memit,counterfact,8,specificity,success,post,0.0
gpt2-xl,memit,counterfact,8,specificity,diff,post,-1.1749542770327749e-05
gpt2-xl,memit,counterfact,8,specificity,acc,post,0.0
gpt2-xl,memit,counterfact,8,target_close_neighbour,success,post,0.0
gpt2-xl,memit,counterfact,8,target_close_neighbour,diff,post,-8.176806878038667e-05
gpt2-xl,memit,counterfact,8,target_close_neighbour,acc,post,0.0
gpt2-xl,memit,counterfact,9,efficacy,success,pre,0.0
gpt2-xl,memit,counterfact,9,efficacy,diff,pre,-0.009271468412467447
gpt2-xl,memit,counterfact,9,efficacy,acc,pre,0.0
gpt2-xl,memit,counterfact,9,generalisation,success,pre,0.0
gpt2-xl,memit,counterfact,9,generalisation,diff,pre,-0.03953480097185694
gpt2-xl,memit,counterfact,9,generalisation,acc,pre,0.0
gpt2-xl,memit,counterfact,9,specificity,success,pre,0.1
gpt2-xl,memit,counterfact,9,specificity,diff,pre,-0.012745251078952621
gpt2-xl,memit,counterfact,9,specificity,acc,pre,0.0
gpt2-xl,memit,counterfact,9,target_close_neighbour,success,pre,0.6
gpt2-xl,memit,counterfact,9,target_close_neighbour,diff,pre,0.00012506475000464474
gpt2-xl,memit,counterfact,9,target_close_neighbour,acc,pre,0.0
gpt2-xl,memit,counterfact,9,efficacy,success,post,1.0
gpt2-xl,memit,counterfact,9,efficacy,diff,post,0.994400357088038
gpt2-xl,memit,counterfact,9,efficacy,acc,post,1.0
gpt2-xl,memit,counterfact,9,generalisation,success,post,1.0
gpt2-xl,memit,counterfact,9,generalisation,diff,post,0.9714881478497573
gpt2-xl,memit,counterfact,9,generalisation,acc,post,1.0
gpt2-xl,memit,counterfact,9,specificity,success,post,0.1
gpt2-xl,memit,counterfact,9,specificity,diff,post,-0.012700470789496376
gpt2-xl,memit,counterfact,9,specificity,acc,post,0.0
gpt2-xl,memit,counterfact,9,target_close_neighbour,success,post,0.6
gpt2-xl,memit,counterfact,9,target_close_neighbour,diff,post,0.0005578837126282416
gpt2-xl,memit,counterfact,9,target_close_neighbour,acc,post,0.0
gpt2-xl,memit,counterfact,10,efficacy,success,pre,0.0
gpt2-xl,memit,counterfact,10,efficacy,diff,pre,-0.008925792614219153
gpt2-xl,memit,counterfact,10,efficacy,acc,pre,0.0
gpt2-xl,memit,counterfact,10,generalisation,success,pre,0.0
gpt2-xl,memit,counterfact,10,generalisation,diff,pre,-0.010847827573390522
gpt2-xl,memit,counterfact,10,generalisation,acc,pre,0.0
gpt2-xl,memit,counterfact,10,specificity,success,pre,0.0
gpt2-xl,memit,counterfact,10,specificity,diff,pre,-0.014375878468149337
gpt2-xl,memit,counterfact,10,specificity,acc,pre,0.0
gpt2-xl,memit,counterfact,10,target_close_neighbour,success,pre,0.9
gpt2-xl,memit,counterfact,10,target_close_neighbour,diff,pre,0.01566100104992789
gpt2-xl,memit,counterfact,10,target_close_neighbour,acc,pre,0.0
gpt2-xl,memit,counterfact,10,efficacy,success,post,1.0
gpt2-xl,memit,counterfact,10,efficacy,diff,post,0.8942072036396577
gpt2-xl,memit,counterfact,10,efficacy,acc,post,1.0
gpt2-xl,memit,counterfact,10,generalisation,success,post,1.0
gpt2-xl,memit,counterfact,10,generalisation,diff,post,0.2755102184133766
gpt2-xl,memit,counterfact,10,generalisation,acc,post,1.0
gpt2-xl,memit,counterfact,10,specificity,success,post,0.0
gpt2-xl,memit,counterfact,10,specificity,diff,post,-0.01241603505944053
gpt2-xl,memit,counterfact,10,specificity,acc,post,0.0
gpt2-xl,memit,counterfact,10,target_close_neighbour,success,post,0.9
gpt2-xl,memit,counterfact,10,target_close_neighbour,diff,post,0.015668820433587388
gpt2-xl,memit,counterfact,10,target_close_neighbour,acc,post,0.0
gpt2-xl,memit,counterfact,11,efficacy,success,pre,0.0
gpt2-xl,memit,counterfact,11,efficacy,diff,pre,0.0
gpt2-xl,memit,counterfact,11,efficacy,acc,pre,0.0
gpt2-xl,memit,counterfact,11,generalisation,success,pre,1.0
gpt2-xl,memit,counterfact,11,generalisation,diff,pre,0.00015501775458895244
gpt2-xl,memit,counterfact,11,generalisation,acc,pre,0.0
gpt2-xl,memit,counterfact,11,specificity,success,pre,0.5
gpt2-xl,memit,counterfact,11,specificity,diff,pre,-0.022396639185980442
gpt2-xl,memit,counterfact,11,specificity,acc,pre,0.1
gpt2-xl,memit,counterfact,11,target_close_neighbour,success,pre,1.0
gpt2-xl,memit,counterfact,11,target_close_neighbour,diff,pre,0.011690294923325283
gpt2-xl,memit,counterfact,11,target_close_neighbour,acc,pre,0.1
gpt2-xl,memit,counterfact,11,efficacy,success,post,1.0
gpt2-xl,memit,counterfact,11,efficacy,diff,post,0.9709867950832383
gpt2-xl,memit,counterfact,11,efficacy,acc,post,1.0
gpt2-xl,memit,counterfact,11,generalisation,success,post,1.0
gpt2-xl,memit,counterfact,11,generalisation,diff,post,0.36080108837878194
gpt2-xl,memit,counterfact,11,generalisation,acc,post,0.5
gpt2-xl,memit,counterfact,11,specificity,success,post,0.5
gpt2-xl,memit,counterfact,11,specificity,diff,post,-0.023407788748700288
gpt2-xl,memit,counterfact,11,specificity,acc,post,0.1
gpt2-xl,memit,counterfact,11,target_close_neighbour,success,post,1.0
gpt2-xl,memit,counterfact,11,target_close_neighbour,diff,post,0.011876184421044057
gpt2-xl,memit,counterfact,11,target_close_neighbour,acc,post,0.1
gpt2-xl,memit,counterfact,12,efficacy,success,pre,0.0
gpt2-xl,memit,counterfact,12,efficacy,diff,pre,-0.0004581891199744677
gpt2-xl,memit,counterfact,12,efficacy,acc,pre,0.0
gpt2-xl,memit,counterfact,12,generalisation,success,pre,0.0
gpt2-xl,memit,counterfact,12,generalisation,diff,pre,-0.48629509349475386
gpt2-xl,memit,counterfact,12,generalisation,acc,pre,0.0
gpt2-xl,memit,counterfact,12,specificity,success,pre,0.0
gpt2-xl,memit,counterfact,12,specificity,diff,pre,-0.1476079866648709
gpt2-xl,memit,counterfact,12,specificity,acc,pre,0.4
gpt2-xl,memit,counterfact,12,target_close_neighbour,success,pre,1.0
gpt2-xl,memit,counterfact,12,target_close_neighbour,diff,pre,0.23611591537729026
gpt2-xl,memit,counterfact,12,target_close_neighbour,acc,pre,0.4
gpt2-xl,memit,counterfact,12,efficacy,success,post,1.0
gpt2-xl,memit,counterfact,12,efficacy,diff,post,0.9728752061097261
gpt2-xl,memit,counterfact,12,efficacy,acc,post,1.0
gpt2-xl,memit,counterfact,12,generalisation,success,post,1.0
gpt2-xl,memit,counterfact,12,generalisation,diff,post,0.7786923785019622
gpt2-xl,memit,counterfact,12,generalisation,acc,post,1.0
gpt2-xl,memit,counterfact,12,specificity,success,post,0.0
gpt2-xl,memit,counterfact,12,specificity,diff,post,-0.15036890754160032
gpt2-xl,memit,counterfact,12,specificity,acc,post,0.4
gpt2-xl,memit,counterfact,12,target_close_neighbour,success,post,1.0
gpt2-xl,memit,counterfact,12,target_close_neighbour,diff,post,0.23537757547898588
gpt2-xl,memit,counterfact,12,target_close_neighbour,acc,post,0.4
gpt2-xl,memit,counterfact,13,efficacy,success,pre,0.0
gpt2-xl,memit,counterfact,13,efficacy,diff,pre,-0.16069684650009836
gpt2-xl,memit,counterfact,13,efficacy,acc,pre,0.0
gpt2-xl,memit,counterfact,13,generalisation,success,pre,0.0
gpt2-xl,memit,counterfact,13,generalisation,diff,pre,-0.02346459817607362
gpt2-xl,memit,counterfact,13,generalisation,acc,pre,0.0
gpt2-xl,memit,counterfact,13,specificity,success,pre,0.0
gpt2-xl,memit,counterfact,13,specificity,diff,pre,-0.1859048654916275
gpt2-xl,memit,counterfact,13,specificity,acc,pre,0.5
gpt2-xl,memit,counterfact,13,target_close_neighbour,success,pre,1.0
gpt2-xl,memit,counterfact,13,target_close_neighbour,diff,pre,0.33777567286784715
gpt2-xl,memit,counterfact,13,target_close_neighbour,acc,pre,0.6
gpt2-xl,memit,counterfact,13,efficacy,success,post,1.0
gpt2-xl,memit,counterfact,13,efficacy,diff,post,0.9882289991329086
gpt2-xl,memit,counterfact,13,efficacy,acc,post,1.0
gpt2-xl,memit,counterfact,13,generalisation,success,post,1.0
gpt2-xl,memit,counterfact,13,generalisation,diff,post,0.78235320832333
gpt2-xl,memit,counterfact,13,generalisation,acc,post,1.0
gpt2-xl,memit,counterfact,13,specificity,success,post,0.2
gpt2-xl,memit,counterfact,13,specificity,diff,post,0.00754872345176337
gpt2-xl,memit,counterfact,13,specificity,acc,post,0.4
gpt2-xl,memit,counterfact,13,target_close_neighbour,success,post,1.0
gpt2-xl,memit,counterfact,13,target_close_neighbour,diff,post,0.36477461946063033
gpt2-xl,memit,counterfact,13,target_close_neighbour,acc,post,0.8
gpt2-xl,memit,counterfact,14,efficacy,success,pre,0.0
gpt2-xl,memit,counterfact,14,efficacy,diff,pre,-0.4014906412374807
gpt2-xl,memit,counterfact,14,efficacy,acc,pre,0.0
gpt2-xl,memit,counterfact,14,generalisation,success,pre,0.0
gpt2-xl,memit,counterfact,14,generalisation,diff,pre,-0.0004949075289670966
gpt2-xl,memit,counterfact,14,generalisation,acc,pre,0.0
gpt2-xl,memit,counterfact,14,specificity,success,pre,0.1
gpt2-xl,memit,counterfact,14,specificity,diff,pre,-0.21423303271961508
gpt2-xl,memit,counterfact,14,specificity,acc,pre,0.4
gpt2-xl,memit,counterfact,14,target_close_neighbour,success,pre,1.0
gpt2-xl,memit,counterfact,14,target_close_neighbour,diff,pre,0.1922082377439161
gpt2-xl,memit,counterfact,14,target_close_neighbour,acc,pre,0.4
gpt2-xl,memit,counterfact,14,efficacy,success,post,1.0
gpt2-xl,memit,counterfact,14,efficacy,diff,post,0.9987418542792663
gpt2-xl,memit,counterfact,14,efficacy,acc,post,1.0
gpt2-xl,memit,counterfact,14,generalisation,success,post,0.0
gpt2-xl,memit,counterfact,14,generalisation,diff,post,-7.715278813446102e-05
gpt2-xl,memit,counterfact,14,generalisation,acc,post,0.0
gpt2-xl,memit,counterfact,14,specificity,success,post,0.1
gpt2-xl,memit,counterfact,14,specificity,diff,post,-0.1991694131354029
gpt2-xl,memit,counterfact,14,specificity,acc,post,0.4
gpt2-xl,memit,counterfact,14,target_close_neighbour,success,post,1.0
gpt2-xl,memit,counterfact,14,target_close_neighbour,diff,post,0.19688259230152808
gpt2-xl,memit,counterfact,14,target_close_neighbour,acc,post,0.5
gpt2-xl,memit,counterfact,15,efficacy,success,pre,1.0
gpt2-xl,memit,counterfact,15,efficacy,diff,pre,8.086491274020674e-05
gpt2-xl,memit,counterfact,15,efficacy,acc,pre,0.0
gpt2-xl,memit,counterfact,15,generalisation,success,pre,1.0
gpt2-xl,memit,counterfact,15,generalisation,diff,pre,0.0006357184332193589
gpt2-xl,memit,counterfact,15,generalisation,acc,pre,0.0
gpt2-xl,memit,counterfact,15,specificity,success,pre,0.0
gpt2-xl,memit,counterfact,15,specificity,diff,pre,-0.002283478070852915
gpt2-xl,memit,counterfact,15,specificity,acc,pre,0.0
gpt2-xl,memit,counterfact,15,target_close_neighbour,success,pre,0.6
gpt2-xl,memit,counterfact,15,target_close_neighbour,diff,pre,0.0019463428545676005
gpt2-xl,memit,counterfact,15,target_close_neighbour,acc,pre,0.0
gpt2-xl,memit,counterfact,15,efficacy,success,post,1.0
gpt2-xl,memit,counterfact,15,efficacy,diff,post,0.7216807450395898
gpt2-xl,memit,counterfact,15,efficacy,acc,post,1.0
gpt2-xl,memit,counterfact,15,generalisation,success,post,1.0
gpt2-xl,memit,counterfact,15,generalisation,diff,post,0.20165427880085096
gpt2-xl,memit,counterfact,15,generalisation,acc,post,0.5
gpt2-xl,memit,counterfact,15,specificity,success,post,0.0
gpt2-xl,memit,counterfact,15,specificity,diff,post,-0.002387257041850823
gpt2-xl,memit,counterfact,15,specificity,acc,post,0.0
gpt2-xl,memit,counterfact,15,target_close_neighbour,success,post,0.6
gpt2-xl,memit,counterfact,15,target_close_neighbour,diff,post,0.004867988182773914
gpt2-xl,memit,counterfact,15,target_close_neighbour,acc,post,0.0
gpt2-xl,memit,counterfact,16,efficacy,success,pre,0.0
gpt2-xl,memit,counterfact,16,efficacy,diff,pre,-0.00033180098420203854
gpt2-xl,memit,counterfact,16,efficacy,acc,pre,0.0
gpt2-xl,memit,counterfact,16,generalisation,success,pre,0.0
gpt2-xl,memit,counterfact,16,generalisation,diff,pre,-2.547569357029549e-05
gpt2-xl,memit,counterfact,16,generalisation,acc,pre,0.0
gpt2-xl,memit,counterfact,16,specificity,success,pre,0.2
gpt2-xl,memit,counterfact,16,specificity,diff,pre,-0.0019271156846096646
gpt2-xl,memit,counterfact,16,specificity,acc,pre,0.0
gpt2-xl,memit,counterfact,16,target_close_neighbour,success,pre,0.6
gpt2-xl,memit,counterfact,16,target_close_neighbour,diff,pre,1.823914208802756e-05
gpt2-xl,memit,counterfact,16,target_close_neighbour,acc,pre,0.0
gpt2-xl,memit,counterfact,16,efficacy,success,post,1.0
gpt2-xl,memit,counterfact,16,efficacy,diff,post,0.909167452269084
gpt2-xl,memit,counterfact,16,efficacy,acc,post,1.0
gpt2-xl,memit,counterfact,16,generalisation,success,post,1.0
gpt2-xl,memit,counterfact,16,generalisation,diff,post,0.0005864952976511596
gpt2-xl,memit,counterfact,16,generalisation,acc,post,0.0
gpt2-xl,memit,counterfact,16,specificity,success,post,0.3
gpt2-xl,memit,counterfact,16,specificity,diff,post,-0.0010140834548407781
gpt2-xl,memit,counterfact,16,specificity,acc,post,0.0
gpt2-xl,memit,counterfact,16,target_close_neighbour,success,post,0.7
gpt2-xl,memit,counterfact,16,target_close_neighbour,diff,post,0.00010802240728930567
gpt2-xl,memit,counterfact,16,target_close_neighbour,acc,post,0.0
gpt2-xl,memit,counterfact,17,efficacy,success,pre,0.0
gpt2-xl,memit,counterfact,17,efficacy,diff,pre,-0.0018033637391359845
gpt2-xl,memit,counterfact,17,efficacy,acc,pre,0.0
gpt2-xl,memit,counterfact,17,generalisation,success,pre,0.0
gpt2-xl,memit,counterfact,17,generalisation,diff,pre,-0.012642612745905547
gpt2-xl,memit,counterfact,17,generalisation,acc,pre,0.0
gpt2-xl,memit,counterfact,17,specificity,success,pre,0.0
gpt2-xl,memit,counterfact,17,specificity,diff,pre,-0.0005902711850973764
gpt2-xl,memit,counterfact,17,specificity,acc,pre,0.0
gpt2-xl,memit,counterfact,17,target_close_neighbour,success,pre,0.7
gpt2-xl,memit,counterfact,17,target_close_neighbour,diff,pre,0.001000412703699197
gpt2-xl,memit,counterfact,17,target_close_neighbour,acc,pre,0.0
gpt2-xl,memit,counterfact,17,efficacy,success,post,1.0
gpt2-xl,memit,counterfact,17,efficacy,diff,post,0.8764818792481328
gpt2-xl,memit,counterfact,17,efficacy,acc,post,1.0
gpt2-xl,memit,counterfact,17,generalisation,success,post,1.0
gpt2-xl,memit,counterfact,17,generalisation,diff,post,0.4444519056691012
gpt2-xl,memit,counterfact,17,generalisation,acc,post,1.0
gpt2-xl,memit,counterfact,17,specificity,success,post,0.0
gpt2-xl,memit,counterfact,17,specificity,diff,post,-0.0006592608597384656
gpt2-xl,memit,counterfact,17,specificity,acc,post,0.0
gpt2-xl,memit,counterfact,17,target_close_neighbour,success,post,0.7
gpt2-xl,memit,counterfact,17,target_close_neighbour,diff,post,0.0011877887109360565
gpt2-xl,memit,counterfact,17,target_close_neighbour,acc,post,0.0
gpt2-xl,memit,counterfact,18,efficacy,success,pre,0.0
gpt2-xl,memit,counterfact,18,efficacy,diff,pre,-0.08601645063356642
gpt2-xl,memit,counterfact,18,efficacy,acc,pre,0.0
gpt2-xl,memit,counterfact,18,generalisation,success,pre,0.0
gpt2-xl,memit,counterfact,18,generalisation,diff,pre,-0.16946050100424442
gpt2-xl,memit,counterfact,18,generalisation,acc,pre,0.0
gpt2-xl,memit,counterfact,18,specificity,success,pre,0.0
gpt2-xl,memit,counterfact,18,specificity,diff,pre,-0.3019350749598054
gpt2-xl,memit,counterfact,18,specificity,acc,pre,0.6
gpt2-xl,memit,counterfact,18,target_close_neighbour,success,pre,1.0
gpt2-xl,memit,counterfact,18,target_close_neighbour,diff,pre,0.28799756968993223
gpt2-xl,memit,counterfact,18,target_close_neighbour,acc,pre,0.8
gpt2-xl,memit,counterfact,18,efficacy,success,post,1.0
gpt2-xl,memit,counterfact,18,efficacy,diff,post,0.7769990000687735
gpt2-xl,memit,counterfact,18,efficacy,acc,post,1.0
gpt2-xl,memit,counterfact,18,generalisation,success,post,1.0
gpt2-xl,memit,counterfact,18,generalisation,diff,post,0.3367215824501163
gpt2-xl,memit,counterfact,18,generalisation,acc,post,1.0
gpt2-xl,memit,counterfact,18,specificity,success,post,0.1
gpt2-xl,memit,counterfact,18,specificity,diff,post,-0.200021730926193
gpt2-xl,memit,counterfact,18,specificity,acc,post,0.6
gpt2-xl,memit,counterfact,18,target_close_neighbour,success,post,1.0
gpt2-xl,memit,counterfact,18,target_close_neighbour,diff,post,0.3170940455883125
gpt2-xl,memit,counterfact,18,target_close_neighbour,acc,post,0.9
gpt2-xl,memit,counterfact,19,efficacy,success,pre,0.0
gpt2-xl,memit,counterfact,19,efficacy,diff,pre,-2.2590281355489964e-05
gpt2-xl,memit,counterfact,19,efficacy,acc,pre,0.0
gpt2-xl,memit,counterfact,19,generalisation,success,pre,0.0
gpt2-xl,memit,counterfact,19,generalisation,diff,pre,-2.2464727576897937e-05
gpt2-xl,memit,counterfact,19,generalisation,acc,pre,0.0
gpt2-xl,memit,counterfact,19,specificity,success,pre,0.0
gpt2-xl,memit,counterfact,19,specificity,diff,pre,-0.0016107319817968498
gpt2-xl,memit,counterfact,19,specificity,acc,pre,0.0
gpt2-xl,memit,counterfact,19,target_close_neighbour,success,pre,0.5
gpt2-xl,memit,counterfact,19,target_close_neighbour,diff,pre,0.0054459004317825
gpt2-xl,memit,counterfact,19,target_close_neighbour,acc,pre,0.0
gpt2-xl,memit,counterfact,19,efficacy,success,post,1.0
gpt2-xl,memit,counterfact,19,efficacy,diff,post,0.6953901333859874
gpt2-xl,memit,counterfact,19,efficacy,acc,post,1.0
gpt2-xl,memit,counterfact,19,generalisation,success,post,1.0
gpt2-xl,memit,counterfact,19,generalisation,diff,post,0.2540523022070212
gpt2-xl,memit,counterfact,19,generalisation,acc,post,0.5
gpt2-xl,memit,counterfact,19,specificity,success,post,0.0
gpt2-xl,memit,counterfact,19,specificity,diff,post,-0.0017783067471947266
gpt2-xl,memit,counterfact,19,specificity,acc,post,0.0
gpt2-xl,memit,counterfact,19,target_close_neighbour,success,post,0.5
gpt2-xl,memit,counterfact,19,target_close_neighbour,diff,post,0.00562842700685752
gpt2-xl,memit,counterfact,19,target_close_neighbour,acc,post,0.0
gpt2-xl,memit,zsre,zsre_row0,efficacy,success,pre,0.0
gpt2-xl,memit,zsre,zsre_row0,efficacy,diff,pre,-0.0005764174707755948
gpt2-xl,memit,zsre,zsre_row0,efficacy,acc,pre,0.0
gpt2-xl,memit,zsre,zsre_row0,generalisation,success,pre,0.0
gpt2-xl,memit,zsre,zsre_row0,generalisation,diff,pre,-0.002501691335092246
gpt2-xl,memit,zsre,zsre_row0,generalisation,acc,pre,0.0
gpt2-xl,memit,zsre,zsre_row0,specificity,success,pre,1.0
gpt2-xl,memit,zsre,zsre_row0,specificity,diff,pre,0.0002046845795470628
gpt2-xl,memit,zsre,zsre_row0,specificity,acc,pre,0.0
gpt2-xl,memit,zsre,zsre_row0,efficacy,success,post,1.0
gpt2-xl,memit,zsre,zsre_row0,efficacy,diff,post,0.9846739545795892
gpt2-xl,memit,zsre,zsre_row0,efficacy,acc,post,1.0
gpt2-xl,memit,zsre,zsre_row0,generalisation,success,post,1.0
gpt2-xl,memit,zsre,zsre_row0,generalisation,diff,post,0.8231409584530092
gpt2-xl,memit,zsre,zsre_row0,generalisation,acc,post,1.0
gpt2-xl,memit,zsre,zsre_row0,specificity,success,post,1.0
gpt2-xl,memit,zsre,zsre_row0,specificity,diff,post,0.00033352249092940753
gpt2-xl,memit,zsre,zsre_row0,specificity,acc,post,0.0
gpt2-xl,memit,zsre,zsre_row1,efficacy,success,pre,0.0
gpt2-xl,memit,zsre,zsre_row1,efficacy,diff,pre,-0.02953277586544776
gpt2-xl,memit,zsre,zsre_row1,efficacy,acc,pre,0.0
gpt2-xl,memit,zsre,zsre_row1,generalisation,success,pre,0.0
gpt2-xl,memit,zsre,zsre_row1,generalisation,diff,pre,-0.01901215584201373
gpt2-xl,memit,zsre,zsre_row1,generalisation,acc,pre,0.0
gpt2-xl,memit,zsre,zsre_row1,specificity,success,pre,0.0
gpt2-xl,memit,zsre,zsre_row1,specificity,diff,pre,-0.005373715503999106
gpt2-xl,memit,zsre,zsre_row1,specificity,acc,pre,0.0
gpt2-xl,memit,zsre,zsre_row1,efficacy,success,post,1.0
gpt2-xl,memit,zsre,zsre_row1,efficacy,diff,post,0.5305250778981269
gpt2-xl,memit,zsre,zsre_row1,efficacy,acc,post,0.0
gpt2-xl,memit,zsre,zsre_row1,generalisation,success,post,1.0
gpt2-xl,memit,zsre,zsre_row1,generalisation,diff,post,0.1992266373856174
gpt2-xl,memit,zsre,zsre_row1,generalisation,acc,post,0.0
gpt2-xl,memit,zsre,zsre_row1,specificity,success,post,0.0
gpt2-xl,memit,zsre,zsre_row1,specificity,diff,post,-0.005591621198738872
gpt2-xl,memit,zsre,zsre_row1,specificity,acc,post,0.0
gpt2-xl,memit,zsre,zsre_row2,efficacy,success,pre,0.0
gpt2-xl,memit,zsre,zsre_row2,efficacy,diff,pre,-2.442762706981668e-07
gpt2-xl,memit,zsre,zsre_row2,efficacy,acc,pre,0.0
gpt2-xl,memit,zsre,zsre_row2,generalisation,success,pre,0.0
gpt2-xl,memit,zsre,zsre_row2,generalisation,diff,pre,-3.203728883827346e-07
gpt2-xl,memit,zsre,zsre_row2,generalisation,acc,pre,0.0
gpt2-xl,memit,zsre,zsre_row2,specificity,success,pre,0.0
gpt2-xl,memit,zsre,zsre_row2,specificity,diff,pre,-0.004939125528424883
gpt2-xl,memit,zsre,zsre_row2,specificity,acc,pre,0.0
gpt2-xl,memit,zsre,zsre_row2,efficacy,success,post,1.0
gpt2-xl,memit,zsre,zsre_row2,efficacy,diff,post,0.9610383525333451
gpt2-xl,memit,zsre,zsre_row2,efficacy,acc,post,1.0
gpt2-xl,memit,zsre,zsre_row2,generalisation,success,post,1.0
gpt2-xl,memit,zsre,zsre_row2,generalisation,diff,post,0.1529105510683601
gpt2-xl,memit,zsre,zsre_row2,generalisation,acc,post,1.0
gpt2-xl,memit,zsre,zsre_row2,specificity,success,post,0.0
gpt2-xl,memit,zsre,zsre_row2,specificity,diff,post,-0.004791838898821039
gpt2-xl,memit,zsre,zsre_row2,specificity,acc,post,0.0
gpt2-xl,memit,zsre,zsre_row3,efficacy,success,pre,1.0
gpt2-xl,memit,zsre,zsre_row3,efficacy,diff,pre,0.015183308242543096
gpt2-xl,memit,zsre,zsre_row3,efficacy,acc,pre,0.0
gpt2-xl,memit,zsre,zsre_row3,generalisation,success,pre,1.0
gpt2-xl,memit,zsre,zsre_row3,generalisation,diff,pre,0.027180286197004022
gpt2-xl,memit,zsre,zsre_row3,generalisation,acc,pre,0.0
gpt2-xl,memit,zsre,zsre_row3,specificity,success,pre,1.0
gpt2-xl,memit,zsre,zsre_row3,specificity,diff,pre,0.009606811368003695
gpt2-xl,memit,zsre,zsre_row3,specificity,acc,pre,0.0
gpt2-xl,memit,zsre,zsre_row3,efficacy,success,post,1.0
gpt2-xl,memit,zsre,zsre_row3,efficacy,diff,post,0.9898919698883125
gpt2-xl,memit,zsre,zsre_row3,efficacy,acc,post,1.0
gpt2-xl,memit,zsre,zsre_row3,generalisation,success,post,1.0
gpt2-xl,memit,zsre,zsre_row3,generalisation,diff,post,0.9886374015829297
gpt2-xl,memit,zsre,zsre_row3,generalisation,acc,post,1.0
gpt2-xl,memit,zsre,zsre_row3,specificity,success,post,1.0
gpt2-xl,memit,zsre,zsre_row3,specificity,diff,post,0.009907816123401622
gpt2-xl,memit,zsre,zsre_row3,specificity,acc,post,0.0
gpt2-xl,memit,zsre,zsre_row4,efficacy,success,pre,0.0
gpt2-xl,memit,zsre,zsre_row4,efficacy,diff,pre,-0.03172412325269371
gpt2-xl,memit,zsre,zsre_row4,efficacy,acc,pre,0.0
gpt2-xl,memit,zsre,zsre_row4,generalisation,success,pre,0.0
gpt2-xl,memit,zsre,zsre_row4,generalisation,diff,pre,-0.04598370745814568
gpt2-xl,memit,zsre,zsre_row4,generalisation,acc,pre,0.0
gpt2-xl,memit,zsre,zsre_row4,specificity,success,pre,0.0
gpt2-xl,memit,zsre,zsre_row4,specificity,diff,pre,-0.0012575156320287658
gpt2-xl,memit,zsre,zsre_row4,specificity,acc,pre,0.0
gpt2-xl,memit,zsre,zsre_row4,efficacy,success,post,0.0
gpt2-xl,memit,zsre,zsre_row4,efficacy,diff,post,-0.0063859444710060165
gpt2-xl,memit,zsre,zsre_row4,efficacy,acc,post,0.0
gpt2-xl,memit,zsre,zsre_row4,generalisation,success,post,0.0
gpt2-xl,memit,zsre,zsre_row4,generalisation,diff,post,-0.06143460296249138
gpt2-xl,memit,zsre,zsre_row4,generalisation,acc,post,0.0
gpt2-xl,memit,zsre,zsre_row4,specificity,success,post,0.0
gpt2-xl,memit,zsre,zsre_row4,specificity,diff,post,-0.0011760117925648929
gpt2-xl,memit,zsre,zsre_row4,specificity,acc,post,0.0
gpt2-xl,memit,zsre,zsre_row5,efficacy,success,pre,1.0
gpt2-xl,memit,zsre,zsre_row5,efficacy,diff,pre,0.005357689242263632
gpt2-xl,memit,zsre,zsre_row5,efficacy,acc,pre,0.0
gpt2-xl,memit,zsre,zsre_row5,generalisation,success,pre,1.0
gpt2-xl,memit,zsre,zsre_row5,generalisation,diff,pre,0.02457491271761634
gpt2-xl,memit,zsre,zsre_row5,generalisation,acc,pre,0.0
gpt2-xl,memit,zsre,zsre_row5,specificity,success,pre,1.0
gpt2-xl,memit,zsre,zsre_row5,specificity,diff,pre,0.012440527877489388
gpt2-xl,memit,zsre,zsre_row5,specificity,acc,pre,0.0
gpt2-xl,memit,zsre,zsre_row5,efficacy,success,post,1.0
gpt2-xl,memit,zsre,zsre_row5,efficacy,diff,post,0.06286740844153127
gpt2-xl,memit,zsre,zsre_row5,efficacy,acc,post,0.0
gpt2-xl,memit,zsre,zsre_row5,generalisation,success,post,1.0
gpt2-xl,memit,zsre,zsre_row5,generalisation,diff,post,0.0556466183197715
gpt2-xl,memit,zsre,zsre_row5,generalisation,acc,post,0.0
gpt2-xl,memit,zsre,zsre_row5,specificity,success,post,1.0
gpt2-xl,memit,zsre,zsre_row5,specificity,diff,post,0.012835846072064337
gpt2-xl,memit,zsre,zsre_row5,specificity,acc,post,0.0
gpt2-xl,memit,zsre,zsre_row6,efficacy,success,pre,0.0
gpt2-xl,memit,zsre,zsre_row6,efficacy,diff,pre,-0.014618404246571435
gpt2-xl,memit,zsre,zsre_row6,efficacy,acc,pre,0.0
gpt2-xl,memit,zsre,zsre_row6,generalisation,success,pre,0.0
gpt2-xl,memit,zsre,zsre_row6,generalisation,diff,pre,-0.022683441118121372
gpt2-xl,memit,zsre,zsre_row6,generalisation,acc,pre,0.0
gpt2-xl,memit,zsre,zsre_row6,specificity,success,pre,1.0
gpt2-xl,memit,zsre,zsre_row6,specificity,diff,pre,0.0006463426121954871
gpt2-xl,memit,zsre,zsre_row6,specificity,acc,pre,0.0
gpt2-xl,memit,zsre,zsre_row6,efficacy,success,post,0.0
gpt2-xl,memit,zsre,zsre_row6,efficacy,diff,post,-0.03691283153895005
gpt2-xl,memit,zsre,zsre_row6,efficacy,acc,post,0.0
gpt2-xl,memit,zsre,zsre_row6,generalisation,success,post,0.0
gpt2-xl,memit,zsre,zsre_row6,generalisation,diff,post,-0.05114911280708288
gpt2-xl,memit,zsre,zsre_row6,generalisation,acc,post,0.0
gpt2-xl,memit,zsre,zsre_row6,specificity,success,post,1.0
gpt2-xl,memit,zsre,zsre_row6,specificity,diff,post,0.000665124627112687
gpt2-xl,memit,zsre,zsre_row6,specificity,acc,post,0.0
gpt2-xl,memit,zsre,zsre_row7,efficacy,success,pre,1.0
gpt2-xl,memit,zsre,zsre_row7,efficacy,diff,pre,0.013391135635026776
gpt2-xl,memit,zsre,zsre_row7,efficacy,acc,pre,0.0
gpt2-xl,memit,zsre,zsre_row7,generalisation,success,pre,0.0
gpt2-xl,memit,zsre,zsre_row7,generalisation,diff,pre,-0.0037093251638703265
gpt2-xl,memit,zsre,zsre_row7,generalisation,acc,pre,0.0
gpt2-xl,memit,zsre,zsre_row7,specificity,success,pre,1.0
gpt2-xl,memit,zsre,zsre_row7,specificity,diff,pre,0.010137832601203182
gpt2-xl,memit,zsre,zsre_row7,specificity,acc,pre,0.0
gpt2-xl,memit,zsre,zsre_row7,efficacy,success,post,1.0
gpt2-xl,memit,zsre,zsre_row7,efficacy,diff,post,0.27412951666113927
gpt2-xl,memit,zsre,zsre_row7,efficacy,acc,post,0.0
gpt2-xl,memit,zsre,zsre_row7,generalisation,success,post,1.0
gpt2-xl,memit,zsre,zsre_row7,generalisation,diff,post,0.10314382877624537
gpt2-xl,memit,zsre,zsre_row7,generalisation,acc,post,0.0
gpt2-xl,memit,zsre,zsre_row7,specificity,success,post,1.0
gpt2-xl,memit,zsre,zsre_row7,specificity,diff,post,0.010578236521660402
gpt2-xl,memit,zsre,zsre_row7,specificity,acc,post,0.0
gpt2-xl,memit,zsre,zsre_row8,efficacy,success,pre,0.0
gpt2-xl,memit,zsre,zsre_row8,efficacy,diff,pre,-0.00898630260768623
gpt2-xl,memit,zsre,zsre_row8,efficacy,acc,pre,0.0
gpt2-xl,memit,zsre,zsre_row8,generalisation,success,pre,1.0
gpt2-xl,memit,zsre,zsre_row8,generalisation,diff,pre,0.02279623524961475
gpt2-xl,memit,zsre,zsre_row8,generalisation,acc,pre,0.0
gpt2-xl,memit,zsre,zsre_row8,specificity,success,pre,1.0
gpt2-xl,memit,zsre,zsre_row8,specificity,diff,pre,0.0032842996256438866
gpt2-xl,memit,zsre,zsre_row8,specificity,acc,pre,0.0
gpt2-xl,memit,zsre,zsre_row8,efficacy,success,post,1.0
gpt2-xl,memit,zsre,zsre_row8,efficacy,diff,post,0.27716552327654953
gpt2-xl,memit,zsre,zsre_row8,efficacy,acc,post,0.0
gpt2-xl,memit,zsre,zsre_row8,generalisation,success,post,1.0
gpt2-xl,memit,zsre,zsre_row8,generalisation,diff,post,0.1112468564445867
gpt2-xl,memit,zsre,zsre_row8,generalisation,acc,post,0.0
gpt2-xl,memit,zsre,zsre_row8,specificity,success,post,1.0
gpt2-xl,memit,zsre,zsre_row8,specificity,diff,post,0.0036937292024058644
gpt2-xl,memit,zsre,zsre_row8,specificity,acc,post,0.0
gpt2-xl,memit,zsre,zsre_row9,efficacy,success,pre,1.0
gpt2-xl,memit,zsre,zsre_row9,efficacy,diff,pre,0.004895377017388382
gpt2-xl,memit,zsre,zsre_row9,efficacy,acc,pre,0.0
gpt2-xl,memit,zsre,zsre_row9,generalisation,success,pre,0.0
gpt2-xl,memit,zsre,zsre_row9,generalisation,diff,pre,-0.01489939109591323
gpt2-xl,memit,zsre,zsre_row9,generalisation,acc,pre,0.0
gpt2-xl,memit,zsre,zsre_row9,specificity,success,pre,1.0
gpt2-xl,memit,zsre,zsre_row9,specificity,diff,pre,0.011983774684092358
gpt2-xl,memit,zsre,zsre_row9,specificity,acc,pre,0.0
gpt2-xl,memit,zsre,zsre_row9,efficacy,success,post,1.0
gpt2-xl,memit,zsre,zsre_row9,efficacy,diff,post,0.6929309907143262
gpt2-xl,memit,zsre,zsre_row9,efficacy,acc,post,1.0
gpt2-xl,memit,zsre,zsre_row9,generalisation,success,post,1.0
gpt2-xl,memit,zsre,zsre_row9,generalisation,diff,post,0.13023432107077415
gpt2-xl,memit,zsre,zsre_row9,generalisation,acc,post,0.0
gpt2-xl,memit,zsre,zsre_row9,specificity,success,post,1.0
gpt2-xl,memit,zsre,zsre_row9,specificity,diff,post,0.011946901286398727
gpt2-xl,memit,zsre,zsre_row9,specificity,acc,post,0.0
gpt2-xl,memit,zsre,zsre_row10,efficacy,success,pre,0.0
gpt2-xl,memit,zsre,zsre_row10,efficacy,diff,pre,-0.0013723649966016877
gpt2-xl,memit,zsre,zsre_row10,efficacy,acc,pre,0.0
gpt2-xl,memit,zsre,zsre_row10,generalisation,success,pre,0.0
gpt2-xl,memit,zsre,zsre_row10,generalisation,diff,pre,-0.0003581953797440015
gpt2-xl,memit,zsre,zsre_row10,generalisation,acc,pre,0.0
gpt2-xl,memit,zsre,zsre_row10,specificity,success,pre,0.0
gpt2-xl,memit,zsre,zsre_row10,specificity,diff,pre,-0.24760893412470403
gpt2-xl,memit,zsre,zsre_row10,specificity,acc,pre,0.0
gpt2-xl,memit,zsre,zsre_row10,efficacy,success,post,1.0
gpt2-xl,memit,zsre,zsre_row10,efficacy,diff,post,0.9942184366684057
gpt2-xl,memit,zsre,zsre_row10,efficacy,acc,post,1.0
gpt2-xl,memit,zsre,zsre_row10,generalisation,success,post,1.0
gpt2-xl,memit,zsre,zsre_row10,generalisation,diff,post,0.997668126903615
gpt2-xl,memit,zsre,zsre_row10,generalisation,acc,post,1.0
gpt2-xl,memit,zsre,zsre_row10,specificity,success,post,0.0
gpt2-xl,memit,zsre,zsre_row10,specificity,diff,post,-0.25073724449299656
gpt2-xl,memit,zsre,zsre_row10,specificity,acc,post,0.0
gpt2-xl,memit,zsre,zsre_row11,efficacy,success,pre,1.0
gpt2-xl,memit,zsre,zsre_row11,efficacy,diff,pre,7.758555701011403e-05
gpt2-xl,memit,zsre,zsre_row11,efficacy,acc,pre,0.0
gpt2-xl,memit,zsre,zsre_row11,generalisation,success,pre,1.0
gpt2-xl,memit,zsre,zsre_row11,generalisation,diff,pre,0.00011859543122146182
gpt2-xl,memit,zsre,zsre_row11,generalisation,acc,pre,0.0
gpt2-xl,memit,zsre,zsre_row11,specificity,success,pre,1.0
gpt2-xl,memit,zsre,zsre_row11,specificity,diff,pre,6.932580261469063e-06
gpt2-xl,memit,zsre,zsre_row11,specificity,acc,pre,0.0
gpt2-xl,memit,zsre,zsre_row11,efficacy,success,post,1.0
gpt2-xl,memit,zsre,zsre_row11,efficacy,diff,post,0.42545381011690614
gpt2-xl,memit,zsre,zsre_row11,efficacy,acc,post,0.0
gpt2-xl,memit,zsre,zsre_row11,generalisation,success,post,1.0
gpt2-xl,memit,zsre,zsre_row11,generalisation,diff,post,0.36476116551944976
gpt2-xl,memit,zsre,zsre_row11,generalisation,acc,post,0.0
gpt2-xl,memit,zsre,zsre_row11,specificity,success,post,1.0
gpt2-xl,memit,zsre,zsre_row11,specificity,diff,post,7.286083902968607e-06
gpt2-xl,memit,zsre,zsre_row11,specificity,acc,post,0.0
gpt2-xl,memit,zsre,zsre_row12,efficacy,success,pre,1.0
gpt2-xl,memit,zsre,zsre_row12,efficacy,diff,pre,0.0038718606082870292
gpt2-xl,memit,zsre,zsre_row12,efficacy,acc,pre,0.0
gpt2-xl,memit,zsre,zsre_row12,generalisation,success,pre,1.0
gpt2-xl,memit,zsre,zsre_row12,generalisation,diff,pre,0.0024062032954778293
gpt2-xl,memit,zsre,zsre_row12,generalisation,acc,pre,0.0
gpt2-xl,memit,zsre,zsre_row12,specificity,success,pre,0.0
gpt2-xl,memit,zsre,zsre_row12,specificity,diff,pre,-0.004101325725670827
gpt2-xl,memit,zsre,zsre_row12,specificity,acc,pre,0.0
gpt2-xl,memit,zsre,zsre_row12,efficacy,success,post,1.0
gpt2-xl,memit,zsre,zsre_row12,efficacy,diff,post,0.24609822523470054
gpt2-xl,memit,zsre,zsre_row12,efficacy,acc,post,0.0
gpt2-xl,memit,zsre,zsre_row12,generalisation,success,post,1.0
gpt2-xl,memit,zsre,zsre_row12,generalisation,diff,post,0.049771378571970386
gpt2-xl,memit,zsre,zsre_row12,generalisation,acc,post,0.0
gpt2-xl,memit,zsre,zsre_row12,specificity,success,post,0.0
gpt2-xl,memit,zsre,zsre_row12,specificity,diff,post,-0.003934236422643865
gpt2-xl,memit,zsre,zsre_row12,specificity,acc,post,0.0
gpt2-xl,memit,zsre,zsre_row13,efficacy,success,pre,1.0
gpt2-xl,memit,zsre,zsre_row13,efficacy,diff,pre,0.006222829553184171
gpt2-xl,memit,zsre,zsre_row13,efficacy,acc,pre,0.0
gpt2-xl,memit,zsre,zsre_row13,generalisation,success,pre,1.0
gpt2-xl,memit,zsre,zsre_row13,generalisation,diff,pre,0.006240077185210338
gpt2-xl,memit,zsre,zsre_row13,generalisation,acc,pre,0.0
gpt2-xl,memit,zsre,zsre_row13,specificity,success,pre,0.0
gpt2-xl,memit,zsre,zsre_row13,specificity,diff,pre,-0.008422743346122164
gpt2-xl,memit,zsre,zsre_row13,specificity,acc,pre,0.0
gpt2-xl,memit,zsre,zsre_row13,efficacy,success,post,1.0
gpt2-xl,memit,zsre,zsre_row13,efficacy,diff,post,0.14620608710752594
gpt2-xl,memit,zsre,zsre_row13,efficacy,acc,post,0.0
gpt2-xl,memit,zsre,zsre_row13,generalisation,success,post,1.0
gpt2-xl,memit,zsre,zsre_row13,generalisation,diff,post,0.050436867148287864
gpt2-xl,memit,zsre,zsre_row13,generalisation,acc,post,0.0
gpt2-xl,memit,zsre,zsre_row13,specificity,success,post,0.0
gpt2-xl,memit,zsre,zsre_row13,specificity,diff,post,-0.008341348496000564
gpt2-xl,memit,zsre,zsre_row13,specificity,acc,post,0.0
gpt2-xl,memit,zsre,zsre_row14,efficacy,success,pre,1.0
gpt2-xl,memit,zsre,zsre_row14,efficacy,diff,pre,0.001988980122134828
gpt2-xl,memit,zsre,zsre_row14,efficacy,acc,pre,0.0
gpt2-xl,memit,zsre,zsre_row14,generalisation,success,pre,1.0
gpt2-xl,memit,zsre,zsre_row14,generalisation,diff,pre,0.0028966742812229244
gpt2-xl,memit,zsre,zsre_row14,generalisation,acc,pre,0.0
gpt2-xl,memit,zsre,zsre_row14,specificity,success,pre,0.0
gpt2-xl,memit,zsre,zsre_row14,specificity,diff,pre,-0.01973209541019072
gpt2-xl,memit,zsre,zsre_row14,specificity,acc,pre,0.0
gpt2-xl,memit,zsre,zsre_row14,efficacy,success,post,1.0
gpt2-xl,memit,zsre,zsre_row14,efficacy,diff,post,0.0959186798213432
gpt2-xl,memit,zsre,zsre_row14,efficacy,acc,post,0.0
gpt2-xl,memit,zsre,zsre_row14,generalisation,success,post,1.0
gpt2-xl,memit,zsre,zsre_row14,generalisation,diff,post,0.008757265490603745
gpt2-xl,memit,zsre,zsre_row14,generalisation,acc,post,0.0
gpt2-xl,memit,zsre,zsre_row14,specificity,success,post,0.0
gpt2-xl,memit,zsre,zsre_row14,specificity,diff,post,-0.020047249826371502
gpt2-xl,memit,zsre,zsre_row14,specificity,acc,post,0.0
gpt2-xl,memit,zsre,zsre_row15,efficacy,success,pre,1.0
gpt2-xl,memit,zsre,zsre_row15,efficacy,diff,pre,0.013052860202939713
gpt2-xl,memit,zsre,zsre_row15,efficacy,acc,pre,0.0
gpt2-xl,memit,zsre,zsre_row15,generalisation,success,pre,1.0
gpt2-xl,memit,zsre,zsre_row15,generalisation,diff,pre,0.006797289445811222
gpt2-xl,memit,zsre,zsre_row15,generalisation,acc,pre,0.0
gpt2-xl,memit,zsre,zsre_row15,specificity,success,pre,1.0
gpt2-xl,memit,zsre,zsre_row15,specificity,diff,pre,0.0008737294651006018
gpt2-xl,memit,zsre,zsre_row15,specificity,acc,pre,0.0
gpt2-xl,memit,zsre,zsre_row15,efficacy,success,post,1.0
gpt2-xl,memit,zsre,zsre_row15,efficacy,diff,post,0.7840627952309669
gpt2-xl,memit,zsre,zsre_row15,efficacy,acc,post,1.0
gpt2-xl,memit,zsre,zsre_row15,generalisation,success,post,1.0
gpt2-xl,memit,zsre,zsre_row15,generalisation,diff,post,0.5872147627112111
gpt2-xl,memit,zsre,zsre_row15,generalisation,acc,post,0.0
gpt2-xl,memit,zsre,zsre_row15,specificity,success,post,1.0
gpt2-xl,memit,zsre,zsre_row15,specificity,diff,post,0.0009475307938078037
gpt2-xl,memit,zsre,zsre_row15,specificity,acc,post,0.0
gpt2-xl,memit,zsre,zsre_row16,efficacy,success,pre,1.0
gpt2-xl,memit,zsre,zsre_row16,efficacy,diff,pre,0.004708025335543605
gpt2-xl,memit,zsre,zsre_row16,efficacy,acc,pre,0.0
gpt2-xl,memit,zsre,zsre_row16,generalisation,success,pre,1.0
gpt2-xl,memit,zsre,zsre_row16,generalisation,diff,pre,0.007888528023838663
gpt2-xl,memit,zsre,zsre_row16,generalisation,acc,pre,0.0
gpt2-xl,memit,zsre,zsre_row16,specificity,success,pre,0.0
gpt2-xl,memit,zsre,zsre_row16,specificity,diff,pre,-0.003681621505073976
gpt2-xl,memit,zsre,zsre_row16,specificity,acc,pre,0.0
gpt2-xl,memit,zsre,zsre_row16,efficacy,success,post,1.0
gpt2-xl,memit,zsre,zsre_row16,efficacy,diff,post,0.11185677395021167
gpt2-xl,memit,zsre,zsre_row16,efficacy,acc,post,0.0
gpt2-xl,memit,zsre,zsre_row16,generalisation,success,post,1.0
gpt2-xl,memit,zsre,zsre_row16,generalisation,diff,post,0.047333180929400774
gpt2-xl,memit,zsre,zsre_row16,generalisation,acc,post,0.0
gpt2-xl,memit,zsre,zsre_row16,specificity,success,post,0.0
gpt2-xl,memit,zsre,zsre_row16,specificity,diff,post,-0.003597449067552894
gpt2-xl,memit,zsre,zsre_row16,specificity,acc,post,0.0
gpt2-xl,memit,zsre,zsre_row17,efficacy,success,pre,1.0
gpt2-xl,memit,zsre,zsre_row17,efficacy,diff,pre,0.0022992707668044255
gpt2-xl,memit,zsre,zsre_row17,efficacy,acc,pre,0.0
gpt2-xl,memit,zsre,zsre_row17,generalisation,success,pre,1.0
gpt2-xl,memit,zsre,zsre_row17,generalisation,diff,pre,0.0014852487854067281
gpt2-xl,memit,zsre,zsre_row17,generalisation,acc,pre,0.0
gpt2-xl,memit,zsre,zsre_row17,specificity,success,pre,1.0
gpt2-xl,memit,zsre,zsre_row17,specificity,diff,pre,0.00019214828041560632
gpt2-xl,memit,zsre,zsre_row17,specificity,acc,pre,0.0
gpt2-xl,memit,zsre,zsre_row17,efficacy,success,post,1.0
gpt2-xl,memit,zsre,zsre_row17,efficacy,diff,post,0.16298826465904748
gpt2-xl,memit,zsre,zsre_row17,efficacy,acc,post,0.0
gpt2-xl,memit,zsre,zsre_row17,generalisation,success,post,1.0
gpt2-xl,memit,zsre,zsre_row17,generalisation,diff,post,0.018907688360316654
gpt2-xl,memit,zsre,zsre_row17,generalisation,acc,post,0.0
gpt2-xl,memit,zsre,zsre_row17,specificity,success,post,1.0
gpt2-xl,memit,zsre,zsre_row17,specificity,diff,post,0.00020056715598519678
gpt2-xl,memit,zsre,zsre_row17,specificity,acc,post,0.0
gpt2-xl,memit,zsre,zsre_row18,efficacy,success,pre,1.0
gpt2-xl,memit,zsre,zsre_row18,efficacy,diff,pre,0.017808986828595084
gpt2-xl,memit,zsre,zsre_row18,efficacy,acc,pre,0.0
gpt2-xl,memit,zsre,zsre_row18,generalisation,success,pre,1.0
gpt2-xl,memit,zsre,zsre_row18,generalisation,diff,pre,0.007420115006164208
gpt2-xl,memit,zsre,zsre_row18,generalisation,acc,pre,0.0
gpt2-xl,memit,zsre,zsre_row18,specificity,success,pre,1.0
gpt2-xl,memit,zsre,zsre_row18,specificity,diff,pre,0.0004944433020425917
gpt2-xl,memit,zsre,zsre_row18,specificity,acc,pre,0.0
gpt2-xl,memit,zsre,zsre_row18,efficacy,success,post,1.0
gpt2-xl,memit,zsre,zsre_row18,efficacy,diff,post,0.1446709696488469
gpt2-xl,memit,zsre,zsre_row18,efficacy,acc,post,0.0
gpt2-xl,memit,zsre,zsre_row18,generalisation,success,post,1.0
gpt2-xl,memit,zsre,zsre_row18,generalisation,diff,post,0.07710144646013842
gpt2-xl,memit,zsre,zsre_row18,generalisation,acc,post,0.0
gpt2-xl,memit,zsre,zsre_row18,specificity,success,post,1.0
gpt2-xl,memit,zsre,zsre_row18,specificity,diff,post,0.0005353942055826564
gpt2-xl,memit,zsre,zsre_row18,specificity,acc,post,0.0
gpt2-xl,memit,zsre,zsre_row19,efficacy,success,pre,1.0
gpt2-xl,memit,zsre,zsre_row19,efficacy,diff,pre,0.0018069181061248492
gpt2-xl,memit,zsre,zsre_row19,efficacy,acc,pre,0.0
gpt2-xl,memit,zsre,zsre_row19,generalisation,success,pre,1.0
gpt2-xl,memit,zsre,zsre_row19,generalisation,diff,pre,0.0010433980518046017
gpt2-xl,memit,zsre,zsre_row19,generalisation,acc,pre,0.0
gpt2-xl,memit,zsre,zsre_row19,specificity,success,pre,1.0
gpt2-xl,memit,zsre,zsre_row19,specificity,diff,pre,0.0010628179686756488
gpt2-xl,memit,zsre,zsre_row19,specificity,acc,pre,0.0
gpt2-xl,memit,zsre,zsre_row19,efficacy,success,post,1.0
gpt2-xl,memit,zsre,zsre_row19,efficacy,diff,post,0.07633759437794987
gpt2-xl,memit,zsre,zsre_row19,efficacy,acc,post,0.0
gpt2-xl,memit,zsre,zsre_row19,generalisation,success,post,1.0
gpt2-xl,memit,zsre,zsre_row19,generalisation,diff,post,0.02381302001403838
gpt2-xl,memit,zsre,zsre_row19,generalisation,acc,post,0.0
gpt2-xl,memit,zsre,zsre_row19,specificity,success,post,1.0
gpt2-xl,memit,zsre,zsre_row19,specificity,diff,post,0.0009820002258862284
gpt2-xl,memit,zsre,zsre_row19,specificity,acc,post,0.0
gpt2-xl,rome,counterfact,0,efficacy,success,pre,0.0
gpt2-xl,rome,counterfact,0,efficacy,diff,pre,-0.37617651698075644
gpt2-xl,rome,counterfact,0,efficacy,acc,pre,0.0
gpt2-xl,rome,counterfact,0,generalisation,success,pre,1.0
gpt2-xl,rome,counterfact,0,generalisation,diff,pre,0.0005171306729141865
gpt2-xl,rome,counterfact,0,generalisation,acc,pre,0.0
gpt2-xl,rome,counterfact,0,specificity,success,pre,0.0
gpt2-xl,rome,counterfact,0,specificity,diff,pre,-0.3224642760423937
gpt2-xl,rome,counterfact,0,specificity,acc,pre,0.7
gpt2-xl,rome,counterfact,0,target_close_neighbour,success,pre,1.0
gpt2-xl,rome,counterfact,0,target_close_neighbour,diff,pre,0.07185565722335695
gpt2-xl,rome,counterfact,0,target_close_neighbour,acc,pre,0.4
gpt2-xl,rome,counterfact,0,efficacy,success,post,1.0
gpt2-xl,rome,counterfact,0,efficacy,diff,post,0.9963279256953104
gpt2-xl,rome,counterfact,0,efficacy,acc,post,1.0
gpt2-xl,rome,counterfact,0,generalisation,success,post,1.0
gpt2-xl,rome,counterfact,0,generalisation,diff,post,0.00610061564980654
gpt2-xl,rome,counterfact,0,generalisation,acc,post,0.0
gpt2-xl,rome,counterfact,0,specificity,success,post,0.0
gpt2-xl,rome,counterfact,0,specificity,diff,post,-0.3282468780121933
gpt2-xl,rome,counterfact,0,specificity,acc,post,0.7
gpt2-xl,rome,counterfact,0,target_close_neighbour,success,post,1.0
gpt2-xl,rome,counterfact,0,target_close_neighbour,diff,post,0.0730234725388104
gpt2-xl,rome,counterfact,0,target_close_neighbour,acc,post,0.4
gpt2-xl,rome,counterfact,1,efficacy,success,pre,0.0
gpt2-xl,rome,counterfact,1,efficacy,diff,pre,-0.10433664415338888
gpt2-xl,rome,counterfact,1,efficacy,acc,pre,0.0
gpt2-xl,rome,counterfact,1,generalisation,success,pre,0.0
gpt2-xl,rome,counterfact,1,generalisation,diff,pre,-0.0010584796715423853
gpt2-xl,rome,counterfact,1,generalisation,acc,pre,0.0
gpt2-xl,rome,counterfact,1,specificity,success,pre,0.7
gpt2-xl,rome,counterfact,1,specificity,diff,pre,0.025185032982237548
gpt2-xl,rome,counterfact,1,specificity,acc,pre,0.1
gpt2-xl,rome,counterfact,1,target_close_neighbour,success,pre,1.0
gpt2-xl,rome,counterfact,1,target_close_neighbour,diff,pre,0.11009343599061741
gpt2-xl,rome,counterfact,1,target_close_neighbour,acc,pre,0.3
gpt2-xl,rome,counterfact,1,efficacy,success,post,1.0
gpt2-xl,rome,counterfact,1,efficacy,diff,post,0.9882576588247247
gpt2-xl,rome,counterfact,1,efficacy,acc,post,1.0
gpt2-xl,rome,counterfact,1,generalisation,success,post,1.0
gpt2-xl,rome,counterfact,1,generalisation,diff,post,0.0489991321514095
gpt2-xl,rome,counterfact,1,generalisation,acc,post,0.0
gpt2-xl,rome,counterfact,1,specificity,success,post,0.7
gpt2-xl,rome,counterfact,1,specificity,diff,post,0.03460098435318363
gpt2-xl,rome,counterfact,1,specificity,acc,post,0.1
gpt2-xl,rome,counterfact,1,target_close_neighbour,success,post,1.0
gpt2-xl,rome,counterfact,1,target_close_neighbour,diff,post,0.11198080115113347
gpt2-xl,rome,counterfact,1,target_close_neighbour,acc,post,0.2
gpt2-xl,rome,counterfact,2,efficacy,success,pre,1.0
gpt2-xl,rome,counterfact,2,efficacy,diff,pre,2.8234194909068148e-05
gpt2-xl,rome,counterfact,2,efficacy,acc,pre,0.0
gpt2-xl,rome,counterfact,2,generalisation,success,pre,0.5
gpt2-xl,rome,counterfact,2,generalisation,diff,pre,0.013870785335809153
gpt2-xl,rome,counterfact,2,generalisation,acc,pre,0.0
gpt2-xl,rome,counterfact,2,specificity,success,pre,0.6
gpt2-xl,rome,counterfact,2,specificity,diff,pre,-0.0022553692823553133
gpt2-xl,rome,counterfact,2,specificity,acc,pre,0.0
gpt2-xl,rome,counterfact,2,target_close_neighbour,success,pre,0.7
gpt2-xl,rome,counterfact,2,target_close_neighbour,diff,pre,0.006844458774199277
gpt2-xl,rome,counterfact,2,target_close_neighbour,acc,pre,0.0
gpt2-xl,rome,counterfact,2,efficacy,success,post,1.0
gpt2-xl,rome,counterfact,2,efficacy,diff,post,0.9886938789788459
gpt2-xl,rome,counterfact,2,efficacy,acc,post,1.0
gpt2-xl,rome,counterfact,2,generalisation,success,post,1.0
gpt2-xl,rome,counterfact,2,generalisation,diff,post,0.4891696291553356
gpt2-xl,rome,counterfact,2,generalisation,acc,post,0.5
gpt2-xl,rome,counterfact,2,specificity,success,post,0.6
gpt2-xl,rome,counterfact,2,specificity,diff,post,-0.002024197905930802
gpt2-xl,rome,counterfact,2,specificity,acc,post,0.0
gpt2-xl,rome,counterfact,2,target_close_neighbour,success,post,0.7
gpt2-xl,rome,counterfact,2,target_close_neighbour,diff,post,0.00759509538407224
gpt2-xl,rome,counterfact,2,target_close_neighbour,acc,post,0.0
gpt2-xl,rome,counterfact,3,efficacy,success,pre,0.0
gpt2-xl,rome,counterfact,3,efficacy,diff,pre,-0.08874552929428017
gpt2-xl,rome,counterfact,3,efficacy,acc,pre,0.0
gpt2-xl,rome,counterfact,3,generalisation,success,pre,0.0
gpt2-xl,rome,counterfact,3,generalisation,diff,pre,-0.10788922980313234
gpt2-xl,rome,counterfact,3,generalisation,acc,pre,0.0
gpt2-xl,rome,counterfact,3,specificity,success,pre,0.0
gpt2-xl,rome,counterfact,3,specificity,diff,pre,-0.01927880385219243
gpt2-xl,rome,counterfact,3,specificity,acc,pre,0.0
gpt2-xl,rome,counterfact,3,target_close_neighbour,success,pre,1.0
gpt2-xl,rome,counterfact,3,target_close_neighbour,diff,pre,0.09144004526728411
gpt2-xl,rome,counterfact,3,target_close_neighbour,acc,pre,0.1
gpt2-xl,rome,counterfact,3,efficacy,success,post,1.0
gpt2-xl,rome,counterfact,3,efficacy,diff,post,0.968714691654112
gpt2-xl,rome,counterfact,3,efficacy,acc,post,1.0
gpt2-xl,rome,counterfact,3,generalisation,success,post,1.0
gpt2-xl,rome,counterfact,3,generalisation,diff,post,0.9588161309393488
gpt2-xl,rome,counterfact,3,generalisation,acc,post,1.0
gpt2-xl,rome,counterfact,3,specificity,success,post,0.0
gpt2-xl,rome,counterfact,3,specificity,diff,post,-0.021653964035004615
gpt2-xl,rome,counterfact,3,specificity,acc,post,0.0
gpt2-xl,rome,counterfact,3,target_close_neighbour,success,post,1.0
gpt2-xl,rome,counterfact,3,target_close_neighbour,diff,post,0.11425230053362216
gpt2-xl,rome,counterfact,3,target_close_neighbour,acc,post,0.2
gpt2-xl,rome,counterfact,4,efficacy,success,pre,0.0
gpt2-xl,rome,counterfact,4,efficacy,diff,pre,-2.046038752108024e-06
gpt2-xl,rome,counterfact,4,efficacy,acc,pre,0.0
gpt2-xl,rome,counterfact,4,generalisation,success,pre,0.0
gpt2-xl,rome,counterfact,4,generalisation,diff,pre,-5.229205851170455e-06
gpt2-xl,rome,counterfact,4,generalisation,acc,pre,0.0
gpt2-xl,rome,counterfact,4,specificity,success,pre,0.4
gpt2-xl,rome,counterfact,4,specificity,diff,pre,-8.363290483892825e-05
gpt2-xl,rome,counterfact,4,specificity,acc,pre,0.0
gpt2-xl,rome,counterfact,4,target_close_neighbour,success,pre,1.0
gpt2-xl,rome,counterfact,4,target_close_neighbour,diff,pre,0.0013901259861620226
gpt2-xl,rome,counterfact,4,target_close_neighbour,acc,pre,0.0
gpt2-xl,rome,counterfact,4,efficacy,success,post,1.0
gpt2-xl,rome,counterfact,4,efficacy,diff,post,0.9940659124356448
gpt2-xl,rome,counterfact,4,efficacy,acc,post,1.0
gpt2-xl,rome,counterfact,4,generalisation,success,post,0.5
gpt2-xl,rome,counterfact,4,generalisation,diff,post,0.011381420134710649
gpt2-xl,rome,counterfact,4,generalisation,acc,post,0.0
gpt2-xl,rome,counterfact,4,specificity,success,post,0.4
gpt2-xl,rome,counterfact,4,specificity,diff,post,-9.924323865933464e-05
gpt2-xl,rome,counterfact,4,specificity,acc,post,0.0
gpt2-xl,rome,counterfact,4,target_close_neighbour,success,post,1.0
gpt2-xl,rome,counterfact,4,target_close_neighbour,diff,post,0.0019909238700341596
gpt2-xl,rome,counterfact,4,target_close_neighbour,acc,post,0.0
gpt2-xl,rome,counterfact,5,efficacy,success,pre,0.0
gpt2-xl,rome,counterfact,5,efficacy,diff,pre,-0.06645658194091092
gpt2-xl,rome,counterfact,5,efficacy,acc,pre,0.0
gpt2-xl,rome,counterfact,5,generalisation,success,pre,0.5
gpt2-xl,rome,counterfact,5,generalisation,diff,pre,-0.000413328835335311
gpt2-xl,rome,counterfact,5,generalisation,acc,pre,0.0
gpt2-xl,rome,counterfact,5,specificity,success,pre,0.3
gpt2-xl,rome,counterfact,5,specificity,diff,pre,-0.2288711208296151
gpt2-xl,rome,counterfact,5,specificity,acc,pre,0.6
gpt2-xl,rome,counterfact,5,target_close_neighbour,success,pre,1.0
gpt2-xl,rome,counterfact,5,target_close_neighbour,diff,pre,0.09496826466549692
gpt2-xl,rome,counterfact,5,target_close_neighbour,acc,pre,0.4
gpt2-xl,rome,counterfact,5,efficacy,success,post,1.0
gpt2-xl,rome,counterfact,5,efficacy,diff,post,0.9994488750966768
gpt2-xl,rome,counterfact,5,efficacy,acc,post,1.0
gpt2-xl,rome,counterfact,5,generalisation,success,post,1.0
gpt2-xl,rome,counterfact,5,generalisation,diff,post,0.0026757253456271574
gpt2-xl,rome,counterfact,5,generalisation,acc,post,0.0
gpt2-xl,rome,counterfact,5,specificity,success,post,0.3
gpt2-xl,rome,counterfact,5,specificity,diff,post,-0.24457646154431148
gpt2-xl,rome,counterfact,5,specificity,acc,post,0.7
gpt2-xl,rome,counterfact,5,target_close_neighbour,success,post,1.0
gpt2-xl,rome,counterfact,5,target_close_neighbour,diff,post,0.09669485725203011
gpt2-xl,rome,counterfact,5,target_close_neighbour,acc,post,0.4
gpt2-xl,rome,counterfact,6,efficacy,success,pre,1.0
gpt2-xl,rome,counterfact,6,efficacy,diff,pre,3.331736028450795e-05
gpt2-xl,rome,counterfact,6,efficacy,acc,pre,0.0
gpt2-xl,rome,counterfact,6,generalisation,success,pre,0.5
gpt2-xl,rome,counterfact,6,generalisation,diff,pre,0.0002455260226386036
gpt2-xl,rome,counterfact,6,generalisation,acc,pre,0.0
gpt2-xl,rome,counterfact,6,specificity,success,pre,0.6
gpt2-xl,rome,counterfact,6,specificity,diff,pre,0.0010757189628516147
gpt2-xl,rome,counterfact,6,specificity,acc,pre,0.0
gpt2-xl,rome,counterfact,6,target_close_neighbour,success,pre,1.0
gpt2-xl,rome,counterfact,6,target_close_neighbour,diff,pre,0.001489396161460393
gpt2-xl,rome,counterfact,6,target_close_neighbour,acc,pre,0.0
gpt2-xl,rome,counterfact,6,efficacy,success,post,1.0
gpt2-xl,rome,counterfact,6,efficacy,diff,post,0.9856987849504603
gpt2-xl,rome,counterfact,6,efficacy,acc,post,1.0
gpt2-xl,rome,counterfact,6,generalisation,success,post,1.0
gpt2-xl,rome,counterfact,6,generalisation,diff,post,0.9551330703439682
gpt2-xl,rome,counterfact,6,generalisation,acc,post,1.0
gpt2-xl,rome,counterfact,6,specificity,success,post,0.6
gpt2-xl,rome,counterfact,6,specificity,diff,post,0.0012022034212047798
gpt2-xl,rome,counterfact,6,specificity,acc,post,0.0
gpt2-xl,rome,counterfact,6,target_close_neighbour,success,post,1.0
gpt2-xl,rome,counterfact,6,target_close_neighbour,diff,post,0.001706675801991693
gpt2-xl,rome,counterfact,6,target_close_neighbour,acc,post,0.0
gpt2-xl,rome,counterfact,7,efficacy,success,pre,0.0
gpt2-xl,rome,counterfact,7,efficacy,diff,pre,-0.08107924661595162
gpt2-xl,rome,counterfact,7,efficacy,acc,pre,0.0
gpt2-xl,rome,counterfact,7,generalisation,success,pre,0.0
gpt2-xl,rome,counterfact,7,generalisation,diff,pre,-0.10055833444501067
gpt2-xl,rome,counterfact,7,generalisation,acc,pre,0.0
gpt2-xl,rome,counterfact,7,specificity,success,pre,0.3
gpt2-xl,rome,counterfact,7,specificity,diff,pre,-0.09980051644687042
gpt2-xl,rome,counterfact,7,specificity,acc,pre,0.3
gpt2-xl,rome,counterfact,7,target_close_neighbour,success,pre,1.0
gpt2-xl,rome,counterfact,7,target_close_neighbour,diff,pre,0.2870562181387737
gpt2-xl,rome,counterfact,7,target_close_neighbour,acc,pre,0.7
gpt2-xl,rome,counterfact,7,efficacy,success,post,1.0
gpt2-xl,rome,counterfact,7,efficacy,diff,post,0.9977929273706984
gpt2-xl,rome,counterfact,7,efficacy,acc,post,1.0
gpt2-xl,rome,counterfact,7,generalisation,success,post,1.0
gpt2-xl,rome,counterfact,7,generalisation,diff,post,0.9619938048034686
gpt2-xl,rome,counterfact,7,generalisation,acc,post,1.0
gpt2-xl,rome,counterfact,7,specificity,success,post,0.3
gpt2-xl,rome,counterfact,7,specificity,diff,post,-0.10411464435290818
gpt2-xl,rome,counterfact,7,specificity,acc,post,0.3
gpt2-xl,rome,counterfact,7,target_close_neighbour,success,post,1.0
gpt2-xl,rome,counterfact,7,target_close_neighbour,diff,post,0.30313240205822867
gpt2-xl,rome,counterfact,7,target_close_neighbour,acc,post,0.7
gpt2-xl,rome,counterfact,8,efficacy,success,pre,0.0
gpt2-xl,rome,counterfact,8,efficacy,diff,pre,-9.537783054237566e-05
gpt2-xl,rome,counterfact,8,efficacy,acc,pre,0.0
gpt2-xl,rome,counterfact,8,generalisation,success,pre,0.0
gpt2-xl,rome,counterfact,8,generalisation,diff,pre,-0.01236854072031907
gpt2-xl,rome,counterfact,8,generalisation,acc,pre,0.0
gpt2-xl,rome,counterfact,8,specificity,success,pre,0.0
gpt2-xl,rome,counterfact,8,specificity,diff,pre,-1.1641816746159209e-05
gpt2-xl,rome,counterfact,8,specificity,acc,pre,0.0
gpt2-xl,rome,counterfact,8,target_close_neighbour,success,pre,0.0
gpt2-xl,rome,counterfact,8,target_close_neighbour,diff,pre,-8.859014498521854e-05
gpt2-xl,rome,counterfact,8,target_close_neighbour,acc,pre,0.0
gpt2-xl,rome,counterfact,8,efficacy,success,post,1.0
gpt2-xl,rome,counterfact,8,efficacy,diff,post,0.9955530570072447
gpt2-xl,rome,counterfact,8,efficacy,acc,post,1.0
gpt2-xl,rome,counterfact,8,generalisation,success,post,0.5
gpt2-xl,rome,counterfact,8,generalisation,diff,post,-0.010595491997252213
gpt2-xl,rome,counterfact,8,generalisation,acc,post,0.0
gpt2-xl,rome,counterfact,8,specificity,success,post,0.0
gpt2-xl,rome,counterfact,8,specificity,diff,post,-1.1051984614009254e-05
gpt2-xl,rome,counterfact,8,specificity,acc,post,0.0
gpt2-xl,rome,counterfact,8,target_close_neighbour,success,post,0.0
gpt2-xl,rome,counterfact,8,target_close_neighbour,diff,post,-7.831851069129344e-05
gpt2-xl,rome,counterfact,8,target_close_neighbour,acc,post,0.0
gpt2-xl,rome,counterfact,9,efficacy,success,pre,0.0
gpt2-xl,rome,counterfact,9,efficacy,diff,pre,-0.009271468412467447
gpt2-xl,rome,counterfact,9,efficacy,acc,pre,0.0
gpt2-xl,rome,counterfact,9,generalisation,success,pre,0.0
gpt2-xl,rome,counterfact,9,generalisation,diff,pre,-0.03953480097185694
gpt2-xl,rome,counterfact,9,generalisation,acc,pre,0.0
gpt2-xl,rome,counterfact,9,specificity,success,pre,0.1
gpt2-xl,rome,counterfact,9,specificity,diff,pre,-0.012745251078952621
gpt2-xl,rome,counterfact,9,specificity,acc,pre,0.0
gpt2-xl,rome,counterfact,9,target_close_neighbour,success,pre,0.6
gpt2-xl,rome,counterfact,9,target_close_neighbour,diff,pre,0.00012506475000464474
gpt2-xl,rome,counterfact,9,target_close_neighbour,acc,pre,0.0
gpt2-xl,rome,counterfact,9,efficacy,success,post,1.0
gpt2-xl,rome,counterfact,9,efficacy,diff,post,0.9962837308661263
gpt2-xl,rome,counterfact,9,efficacy,acc,post,1.0
gpt2-xl,rome,counterfact,9,generalisation,success,post,1.0
gpt2-xl,rome,counterfact,9,generalisation,diff,post,0.9876539511849372
gpt2-xl,rome,counterfact,9,generalisation,acc,post,1.0
gpt2-xl,rome,counterfact,9,specificity,success,post,0.1
gpt2-xl,rome,counterfact,9,specificity,diff,post,-0.012600914151719173
gpt2-xl,rome,counterfact,9,specificity,acc,post,0.0
gpt2-xl,rome,counterfact,9,target_close_neighbour,success,post,0.6
gpt2-xl,rome,counterfact,9,target_close_neighbour,diff,post,0.00042784199095238985
gpt2-xl,rome,counterfact,9,target_close_neighbour,acc,post,0.0
gpt2-xl,rome,counterfact,10,efficacy,success,pre,0.0
gpt2-xl,rome,counterfact,10,efficacy,diff,pre,-0.008925792614219153
gpt2-xl,rome,counterfact,10,efficacy,acc,pre,0.0
gpt2-xl,rome,counterfact,10,generalisation,success,pre,0.0
gpt2-xl,rome,counterfact,10,generalisation,diff,pre,-0.010847827573390522
gpt2-xl,rome,counterfact,10,generalisation,acc,pre,0.0
gpt2-xl,rome,counterfact,10,specificity,success,pre,0.0
gpt2-xl,rome,counterfact,10,specificity,diff,pre,-0.014375878468149337
gpt2-xl,rome,counterfact,10,specificity,acc,pre,0.0
gpt2-xl,rome,counterfact,10,target_close_neighbour,success,pre,0.9
gpt2-xl,rome,counterfact,10,target_close_neighbour,diff,pre,0.01566100104992789
gpt2-xl,rome,counterfact,10,target_close_neighbour,acc,pre,0.0
gpt2-xl,rome,counterfact,10,efficacy,success,post,1.0
gpt2-xl,rome,counterfact,10,efficacy,diff,post,0.9694698456600919
gpt2-xl,rome,counterfact,10,efficacy,acc,post,1.0
gpt2-xl,rome,counterfact,10,generalisation,success,post,1.0
gpt2-xl,rome,counterfact,10,generalisation,diff,post,0.8447790763663748
gpt2-xl,rome,counterfact,10,generalisation,acc,post,1.0
gpt2-xl,rome,counterfact,10,specificity,success,post,0.1
gpt2-xl,rome,counterfact,10,specificity,diff,post,-0.008895315663203767
gpt2-xl,rome,counterfact,10,specificity,acc,post,0.0
gpt2-xl,rome,counterfact,10,target_close_neighbour,success,post,0.9
gpt2-xl,rome,counterfact,10,target_close_neighbour,diff,post,0.015305175230026113
gpt2-xl,rome,counterfact,10,target_close_neighbour,acc,post,0.0
gpt2-xl,rome,counterfact,11,efficacy,success,pre,0.0
gpt2-xl,rome,counterfact,11,efficacy,diff,pre,0.0
gpt2-xl,rome,counterfact,11,efficacy,acc,pre,0.0
gpt2-xl,rome,counterfact,11,generalisation,success,pre,1.0
gpt2-xl,rome,counterfact,11,generalisation,diff,pre,0.00015501775458895244
gpt2-xl,rome,counterfact,11,generalisation,acc,pre,0.0
gpt2-xl,rome,counterfact,11,specificity,success,pre,0.5
gpt2-xl,rome,counterfact,11,specificity,diff,pre,-0.022396639185980442
gpt2-xl,rome,counterfact,11,specificity,acc,pre,0.1
gpt2-xl,rome,counterfact,11,target_close_neighbour,success,pre,1.0
gpt2-xl,rome,counterfact,11,target_close_neighbour,diff,pre,0.011690294923325283
gpt2-xl,rome,counterfact,11,target_close_neighbour,acc,pre,0.1
gpt2-xl,rome,counterfact,11,efficacy,success,post,1.0
gpt2-xl,rome,counterfact,11,efficacy,diff,post,0.969932657397024
gpt2-xl,rome,counterfact,11,efficacy,acc,post,1.0
gpt2-xl,rome,counterfact,11,generalisation,success,post,1.0
gpt2-xl,rome,counterfact,11,generalisation,diff,post,0.40361926003057824
gpt2-xl,rome,counterfact,11,generalisation,acc,post,0.5
gpt2-xl,rome,counterfact,11,specificity,success,post,0.5
gpt2-xl,rome,counterfact,11,specificity,diff,post,-0.024091754266247302
gpt2-xl,rome,counterfact,11,specificity,acc,post,0.1
gpt2-xl,rome,counterfact,11,target_close_neighbour,success,post,1.0
gpt2-xl,rome,counterfact,11,target_close_neighbour,diff,post,0.012887035118272553
gpt2-xl,rome,counterfact,11,target_close_neighbour,acc,post,0.1
gpt2-xl,rome,counterfact,12,efficacy,success,pre,0.0
gpt2-xl,rome,counterfact,12,efficacy,diff,pre,-0.0004581891199744677
gpt2-xl,rome,counterfact,12,efficacy,acc,pre,0.0
gpt2-xl,rome,counterfact,12,generalisation,success,pre,0.0
gpt2-xl,rome,counterfact,12,generalisation,diff,pre,-0.48629509349475386
gpt2-xl,rome,counterfact,12,generalisation,acc,pre,0.0
gpt2-xl,rome,counterfact,12,specificity,success,pre,0.0
gpt2-xl,rome,counterfact,12,specificity,diff,pre,-0.1476079866648709
gpt2-xl,rome,counterfact,12,specificity,acc,pre,0.4
gpt2-xl,rome,counterfact,12,target_close_neighbour,success,pre,1.0
gpt2-xl,rome,counterfact,12,target_close_neighbour,diff,pre,0.23611591537729026
gpt2-xl,rome,counterfact,12,target_close_neighbour,acc,pre,0.4
gpt2-xl,rome,counterfact,12,efficacy,success,post,1.0
gpt2-xl,rome,counterfact,12,efficacy,diff,post,0.9860527269906226
gpt2-xl,rome,counterfact,12,efficacy,acc,post,1.0
gpt2-xl,rome,counterfact,12,generalisation,success,post,1.0
gpt2-xl,rome,counterfact,12,generalisation,diff,post,0.7560862456784685
gpt2-xl,rome,counterfact,12,generalisation,acc,post,1.0
gpt2-xl,rome,counterfact,12,specificity,success,post,0.0
gpt2-xl,rome,counterfact,12,specificity,diff,post,-0.15022138451438077
gpt2-xl,rome,counterfact,12,specificity,acc,post,0.4
gpt2-xl,rome,counterfact,12,target_close_neighbour,success,post,1.0
gpt2-xl,rome,counterfact,12,target_close_neighbour,diff,post,0.23870351045797727
gpt2-xl,rome,counterfact,12,target_close_neighbour,acc,post,0.4
gpt2-xl,rome,counterfact,13,efficacy,success,pre,0.0
gpt2-xl,rome,counterfact,13,efficacy,diff,pre,-0.16069684650009836
gpt2-xl,rome,counterfact,13,efficacy,acc,pre,0.0
gpt2-xl,rome,counterfact,13,generalisation,success,pre,0.0
gpt2-xl,rome,counterfact,13,generalisation,diff,pre,-0.02346459817607362
gpt2-xl,rome,counterfact,13,generalisation,acc,pre,0.0
gpt2-xl,rome,counterfact,13,specificity,success,pre,0.0
gpt2-xl,rome,counterfact,13,specificity,diff,pre,-0.1859048654916275
gpt2-xl,rome,counterfact,13,specificity,acc,pre,0.5
gpt2-xl,rome,counterfact,13,target_close_neighbour,success,pre,1.0
gpt2-xl,rome,counterfact,13,target_close_neighbour,diff,pre,0.33777567286784715
gpt2-xl,rome,counterfact,13,target_close_neighbour,acc,pre,0.6
gpt2-xl,rome,counterfact,13,efficacy,success,post,1.0
gpt2-xl,rome,counterfact,13,efficacy,diff,post,0.9917335466540755
gpt2-xl,rome,counterfact,13,efficacy,acc,post,1.0
gpt2-xl,rome,counterfact,13,generalisation,success,post,1.0
gpt2-xl,rome,counterfact,13,generalisation,diff,post,0.9342939475906982
gpt2-xl,rome,counterfact,13,generalisation,acc,post,1.0
gpt2-xl,rome,counterfact,13,specificity,success,post,0.2
gpt2-xl,rome,counterfact,13,specificity,diff,post,0.014675051464069468
gpt2-xl,rome,counterfact,13,specificity,acc,post,0.4
gpt2-xl,rome,counterfact,13,target_close_neighbour,success,post,1.0
gpt2-xl,rome,counterfact,13,target_close_neighbour,diff,post,0.3634308750175385
gpt2-xl,rome,counterfact,13,target_close_neighbour,acc,post,0.8
gpt2-xl,rome,counterfact,14,efficacy,success,pre,0.0
gpt2-xl,rome,counterfact,14,efficacy,diff,pre,-0.4014906412374807
gpt2-xl,rome,counterfact,14,efficacy,acc,pre,0.0
gpt2-xl,rome,counterfact,14,generalisation,success,pre,0.0
gpt2-xl,rome,counterfact,14,generalisation,diff,pre,-0.0004949075289670966
gpt2-xl,rome,counterfact,14,generalisation,acc,pre,0.0
gpt2-xl,rome,counterfact,14,specificity,success,pre,0.1
gpt2-xl,rome,counterfact,14,specificity,diff,pre,-0.21423303271961508
gpt2-xl,rome,counterfact,14,specificity,acc,pre,0.4
gpt2-xl,rome,counterfact,14,target_close_neighbour,success,pre,1.0
gpt2-xl,rome,counterfact,14,target_close_neighbour,diff,pre,0.1922082377439161
gpt2-xl,rome,counterfact,14,target_close_neighbour,acc,pre,0.4
gpt2-xl,rome,counterfact,14,efficacy,success,post,1.0
gpt2-xl,rome,counterfact,14,efficacy,diff,post,0.9842510170369111
gpt2-xl,rome,counterfact,14,efficacy,acc,post,1.0
gpt2-xl,rome,counterfact,14,generalisation,success,post,1.0
gpt2-xl,rome,counterfact,14,generalisation,diff,post,0.0021685344090803093
gpt2-xl,rome,counterfact,14,generalisation,acc,post,0.0
gpt2-xl,rome,counterfact,14,specificity,success,post,0.1
gpt2-xl,rome,counterfact,14,specificity,diff,post,-0.16965459377338493
gpt2-xl,rome,counterfact,14,specificity,acc,post,0.4
gpt2-xl,rome,counterfact,14,target_close_neighbour,success,post,1.0
gpt2-xl,rome,counterfact,14,target_close_neighbour,diff,post,0.20139555023589234
gpt2-xl,rome,counterfact,14,target_close_neighbour,acc,post,0.5
gpt2-xl,rome,counterfact,15,efficacy,success,pre,1.0
gpt2-xl,rome,counterfact,15,efficacy,diff,pre,8.086491274020674e-05
gpt2-xl,rome,counterfact,15,efficacy,acc,pre,0.0
gpt2-xl,rome,counterfact,15,generalisation,success,pre,1.0
gpt2-xl,rome,counterfact,15,generalisation,diff,pre,0.0006357184332193589
gpt2-xl,rome,counterfact,15,generalisation,acc,pre,0.0
gpt2-xl,rome,counterfact,15,specificity,success,pre,0.0
gpt2-xl,rome,counterfact,15,specificity,diff,pre,-0.002283478070852915
gpt2-xl,rome,counterfact,15,specificity,acc,pre,0.0
gpt2-xl,rome,counterfact,15,target_close_neighbour,success,pre,0.6
gpt2-xl,rome,counterfact,15,target_close_neighbour,diff,pre,0.0019463428545676005
gpt2-xl,rome,counterfact,15,target_close_neighbour,acc,pre,0.0
gpt2-xl,rome,counterfact,15,efficacy,success,post,1.0
gpt2-xl,rome,counterfact,15,efficacy,diff,post,0.6886328166744128
gpt2-xl,rome,counterfact,15,efficacy,acc,post,1.0
gpt2-xl,rome,counterfact,15,generalisation,success,post,1.0
gpt2-xl,rome,counterfact,15,generalisation,diff,post,0.27928111274744366
gpt2-xl,rome,counterfact,15,generalisation,acc,post,0.5
gpt2-xl,rome,counterfact,15,specificity,success,post,0.0
gpt2-xl,rome,counterfact,15,specificity,diff,post,-0.0022938981806819364
gpt2-xl,rome,counterfact,15,specificity,acc,post,0.0
gpt2-xl,rome,counterfact,15,target_close_neighbour,success,post,0.6
gpt2-xl,rome,counterfact,15,target_close_neighbour,diff,post,0.0062002618025030435
gpt2-xl,rome,counterfact,15,target_close_neighbour,acc,post,0.0
gpt2-xl,rome,counterfact,16,efficacy,success,pre,0.0
gpt2-xl,rome,counterfact,16,efficacy,diff,pre,-0.00033180098420203854
gpt2-xl,rome,counterfact,16,efficacy,acc,pre,0.0
gpt2-xl,rome,counterfact,16,generalisation,success,pre,0.0
gpt2-xl,rome,counterfact,16,generalisation,diff,pre,-2.547569357029549e-05
gpt2-xl,rome,counterfact,16,generalisation,acc,pre,0.0
gpt2-xl,rome,counterfact,16,specificity,success,pre,0.2
gpt2-xl,rome,counterfact,16,specificity,diff,pre,-0.0019271156846096646
gpt2-xl,rome,counterfact,16,specificity,acc,pre,0.0
gpt2-xl,rome,counterfact,16,target_close_neighbour,success,pre,0.6
gpt2-xl,rome,counterfact,16,target_close_neighbour,diff,pre,1.823914208802756e-05
gpt2-xl,rome,counterfact,16,target_close_neighbour,acc,pre,0.0
gpt2-xl,rome,counterfact,16,efficacy,success,post,1.0
gpt2-xl,rome,counterfact,16,efficacy,diff,post,0.9682823945444218
gpt2-xl,rome,counterfact,16,efficacy,acc,post,1.0
gpt2-xl,rome,counterfact,16,generalisation,success,post,0.5
gpt2-xl,rome,counterfact,16,generalisation,diff,post,8.780229745221912e-05
gpt2-xl,rome,counterfact,16,generalisation,acc,post,0.0
gpt2-xl,rome,counterfact,16,specificity,success,post,0.3
gpt2-xl,rome,counterfact,16,specificity,diff,post,-0.0009223911410655382
gpt2-xl,rome,counterfact,16,specificity,acc,post,0.0
gpt2-xl,rome,counterfact,16,target_close_neighbour,success,post,0.7
gpt2-xl,rome,counterfact,16,target_close_neighbour,diff,post,9.331085933489454e-05
gpt2-xl,rome,counterfact,16,target_close_neighbour,acc,post,0.0
gpt2-xl,rome,counterfact,17,efficacy,success,pre,0.0
gpt2-xl,rome,counterfact,17,efficacy,diff,pre,-0.0018033637391359845
gpt2-xl,rome,counterfact,17,efficacy,acc,pre,0.0
gpt2-xl,rome,counterfact,17,generalisation,success,pre,0.0
gpt2-xl,rome,counterfact,17,generalisation,diff,pre,-0.012642612745905547
gpt2-xl,rome,counterfact,17,generalisation,acc,pre,0.0
gpt2-xl,rome,counterfact,17,specificity,success,pre,0.0
gpt2-xl,rome,counterfact,17,specificity,diff,pre,-0.0005902711850973764
gpt2-xl,rome,counterfact,17,specificity,acc,pre,0.0
gpt2-xl,rome,counterfact,17,target_close_neighbour,success,pre,0.7
gpt2-xl,rome,counterfact,17,target_close_neighbour,diff,pre,0.001000412703699197
gpt2-xl,rome,counterfact,17,target_close_neighbour,acc,pre,0.0
gpt2-xl,rome,counterfact,17,efficacy,success,post,1.0
gpt2-xl,rome,counterfact,17,efficacy,diff,post,0.9744528723990866
gpt2-xl,rome,counterfact,17,efficacy,acc,post,1.0
gpt2-xl,rome,counterfact,17,generalisation,success,post,1.0
gpt2-xl,rome,counterfact,17,generalisation,diff,post,0.4932129203352453
gpt2-xl,rome,counterfact,17,generalisation,acc,post,1.0
gpt2-xl,rome,counterfact,17,specificity,success,post,0.0
gpt2-xl,rome,counterfact,17,specificity,diff,post,-0.0005840659580858027
gpt2-xl,rome,counterfact,17,specificity,acc,post,0.0
gpt2-xl,rome,counterfact,17,target_close_neighbour,success,post,0.7
gpt2-xl,rome,counterfact,17,target_close_neighbour,diff,post,0.0010913393689889615
gpt2-xl,rome,counterfact,17,target_close_neighbour,acc,post,0.0
gpt2-xl,rome,counterfact,18,efficacy,success,pre,0.0
gpt2-xl,rome,counterfact,18,efficacy,diff,pre,-0.08601645063356642
gpt2-xl,rome,counterfact,18,efficacy,acc,pre,0.0
gpt2-xl,rome,counterfact,18,generalisation,success,pre,0.0
gpt2-xl,rome,counterfact,18,generalisation,diff,pre,-0.16946050100424442
gpt2-xl,rome,counterfact,18,generalisation,acc,pre,0.0
gpt2-xl,rome,counterfact,18,specificity,success,pre,0.0
gpt2-xl,rome,counterfact,18,specificity,diff,pre,-0.3019350749598054
gpt2-xl,rome,counterfact,18,specificity,acc,pre,0.6
gpt2-xl,rome,counterfact,18,target_close_neighbour,success,pre,1.0
gpt2-xl,rome,counterfact,18,target_close_neighbour,diff,pre,0.28799756968993223
gpt2-xl,rome,counterfact,18,target_close_neighbour,acc,pre,0.8
gpt2-xl,rome,counterfact,18,efficacy,success,post,1.0
gpt2-xl,rome,counterfact,18,efficacy,diff,post,0.9393273017299963
gpt2-xl,rome,counterfact,18,efficacy,acc,post,1.0
gpt2-xl,rome,counterfact,18,generalisation,success,post,1.0
gpt2-xl,rome,counterfact,18,generalisation,diff,post,0.7531361520174354
gpt2-xl,rome,counterfact,18,generalisation,acc,post,1.0
gpt2-xl,rome,counterfact,18,specificity,success,post,0.1
gpt2-xl,rome,counterfact,18,specificity,diff,post,-0.17109644729377418
gpt2-xl,rome,counterfact,18,specificity,acc,post,0.6
gpt2-xl,rome,counterfact,18,target_close_neighbour,success,post,1.0
gpt2-xl,rome,counterfact,18,target_close_neighbour,diff,post,0.31532400065224986
gpt2-xl,rome,counterfact,18,target_close_neighbour,acc,post,0.8
gpt2-xl,rome,counterfact,19,efficacy,success,pre,0.0
gpt2-xl,rome,counterfact,19,efficacy,diff,pre,-2.2590281355489964e-05
gpt2-xl,rome,counterfact,19,efficacy,acc,pre,0.0
gpt2-xl,rome,counterfact,19,generalisation,success,pre,0.0
gpt2-xl,rome,counterfact,19,generalisation,diff,pre,-2.2464727576897937e-05
gpt2-xl,rome,counterfact,19,generalisation,acc,pre,0.0
gpt2-xl,rome,counterfact,19,specificity,success,pre,0.0
gpt2-xl,rome,counterfact,19,specificity,diff,pre,-0.0016107319817968498
gpt2-xl,rome,counterfact,19,specificity,acc,pre,0.0
gpt2-xl,rome,counterfact,19,target_close_neighbour,success,pre,0.5
gpt2-xl,rome,counterfact,19,target_close_neighbour,diff,pre,0.0054459004317825
gpt2-xl,rome,counterfact,19,target_close_neighbour,acc,pre,0.0
gpt2-xl,rome,counterfact,19,efficacy,success,post,1.0
gpt2-xl,rome,counterfact,19,efficacy,diff,post,0.24755078424074958
gpt2-xl,rome,counterfact,19,efficacy,acc,post,1.0
gpt2-xl,rome,counterfact,19,generalisation,success,post,1.0
gpt2-xl,rome,counterfact,19,generalisation,diff,post,0.4310895836365458
gpt2-xl,rome,counterfact,19,generalisation,acc,post,1.0
gpt2-xl,rome,counterfact,19,specificity,success,post,0.0
gpt2-xl,rome,counterfact,19,specificity,diff,post,-0.0017212234295896334
gpt2-xl,rome,counterfact,19,specificity,acc,post,0.0
gpt2-xl,rome,counterfact,19,target_close_neighbour,success,post,0.5
gpt2-xl,rome,counterfact,19,target_close_neighbour,diff,post,0.005381819773971076
gpt2-xl,rome,counterfact,19,target_close_neighbour,acc,post,0.0
gpt2-xl,rome,zsre,zsre_row0,efficacy,success,pre,0.0
gpt2-xl,rome,zsre,zsre_row0,efficacy,diff,pre,-0.0005764174707755948
gpt2-xl,rome,zsre,zsre_row0,efficacy,acc,pre,0.0
gpt2-xl,rome,zsre,zsre_row0,generalisation,success,pre,0.0
gpt2-xl,rome,zsre,zsre_row0,generalisation,diff,pre,-0.002501691335092246
gpt2-xl,rome,zsre,zsre_row0,generalisation,acc,pre,0.0
gpt2-xl,rome,zsre,zsre_row0,specificity,success,pre,1.0
gpt2-xl,rome,zsre,zsre_row0,specificity,diff,pre,0.0002046845795470628
gpt2-xl,rome,zsre,zsre_row0,specificity,acc,pre,0.0
gpt2-xl,rome,zsre,zsre_row0,efficacy,success,post,1.0
gpt2-xl,rome,zsre,zsre_row0,efficacy,diff,post,0.03959883461273983
gpt2-xl,rome,zsre,zsre_row0,efficacy,acc,post,0.0
gpt2-xl,rome,zsre,zsre_row0,generalisation,success,post,1.0
gpt2-xl,rome,zsre,zsre_row0,generalisation,diff,post,0.026037952696240187
gpt2-xl,rome,zsre,zsre_row0,generalisation,acc,post,0.0
gpt2-xl,rome,zsre,zsre_row0,specificity,success,post,1.0
gpt2-xl,rome,zsre,zsre_row0,specificity,diff,post,0.00014196075230469164
gpt2-xl,rome,zsre,zsre_row0,specificity,acc,post,0.0
gpt2-xl,rome,zsre,zsre_row1,efficacy,success,pre,0.0
gpt2-xl,rome,zsre,zsre_row1,efficacy,diff,pre,-0.02953277586544776
gpt2-xl,rome,zsre,zsre_row1,efficacy,acc,pre,0.0
gpt2-xl,rome,zsre,zsre_row1,generalisation,success,pre,0.0
gpt2-xl,rome,zsre,zsre_row1,generalisation,diff,pre,-0.01901215584201373
gpt2-xl,rome,zsre,zsre_row1,generalisation,acc,pre,0.0
gpt2-xl,rome,zsre,zsre_row1,specificity,success,pre,0.0
gpt2-xl,rome,zsre,zsre_row1,specificity,diff,pre,-0.005373715503999106
gpt2-xl,rome,zsre,zsre_row1,specificity,acc,pre,0.0
gpt2-xl,rome,zsre,zsre_row1,efficacy,success,post,0.0
gpt2-xl,rome,zsre,zsre_row1,efficacy,diff,post,-0.007005078876252272
gpt2-xl,rome,zsre,zsre_row1,efficacy,acc,post,0.0
gpt2-xl,rome,zsre,zsre_row1,generalisation,success,post,0.0
gpt2-xl,rome,zsre,zsre_row1,generalisation,diff,post,-0.007903922574693816
gpt2-xl,rome,zsre,zsre_row1,generalisation,acc,post,0.0
gpt2-xl,rome,zsre,zsre_row1,specificity,success,post,0.0
gpt2-xl,rome,zsre,zsre_row1,specificity,diff,post,-0.005234008849518564
gpt2-xl,rome,zsre,zsre_row1,specificity,acc,post,0.0
gpt2-xl,rome,zsre,zsre_row2,efficacy,success,pre,0.0
gpt2-xl,rome,zsre,zsre_row2,efficacy,diff,pre,-2.442762706981668e-07
gpt2-xl,rome,zsre,zsre_row2,efficacy,acc,pre,0.0
gpt2-xl,rome,zsre,zsre_row2,generalisation,success,pre,0.0
gpt2-xl,rome,zsre,zsre_row2,generalisation,diff,pre,-3.203728883827346e-07
gpt2-xl,rome,zsre,zsre_row2,generalisation,acc,pre,0.0
gpt2-xl,rome,zsre,zsre_row2,specificity,success,pre,0.0
gpt2-xl,rome,zsre,zsre_row2,specificity,diff,pre,-0.004939125528424883
gpt2-xl,rome,zsre,zsre_row2,specificity,acc,pre,0.0
gpt2-xl,rome,zsre,zsre_row2,efficacy,success,post,1.0
gpt2-xl,rome,zsre,zsre_row2,efficacy,diff,post,0.979660977232832
gpt2-xl,rome,zsre,zsre_row2,efficacy,acc,post,1.0
gpt2-xl,rome,zsre,zsre_row2,generalisation,success,post,1.0
gpt2-xl,rome,zsre,zsre_row2,generalisation,diff,post,0.7757130817016465
gpt2-xl,rome,zsre,zsre_row2,generalisation,acc,post,1.0
gpt2-xl,rome,zsre,zsre_row2,specificity,success,post,0.0
gpt2-xl,rome,zsre,zsre_row2,specificity,diff,post,-0.0048673009453295574
gpt2-xl,rome,zsre,zsre_row2,specificity,acc,post,0.0
gpt2-xl,rome,zsre,zsre_row3,efficacy,success,pre,1.0
gpt2-xl,rome,zsre,zsre_row3,efficacy,diff,pre,0.015183308242543096
gpt2-xl,rome,zsre,zsre_row3,efficacy,acc,pre,0.0
gpt2-xl,rome,zsre,zsre_row3,generalisation,success,pre,1.0
gpt2-xl,rome,zsre,zsre_row3,generalisation,diff,pre,0.027180286197004022
gpt2-xl,rome,zsre,zsre_row3,generalisation,acc,pre,0.0
gpt2-xl,rome,zsre,zsre_row3,specificity,success,pre,1.0
gpt2-xl,rome,zsre,zsre_row3,specificity,diff,pre,0.009606811368003695
gpt2-xl,rome,zsre,zsre_row3,specificity,acc,pre,0.0
gpt2-xl,rome,zsre,zsre_row3,efficacy,success,post,1.0
gpt2-xl,rome,zsre,zsre_row3,efficacy,diff,post,0.06767563399138934
gpt2-xl,rome,zsre,zsre_row3,efficacy,acc,post,0.0
gpt2-xl,rome,zsre,zsre_row3,generalisation,success,post,1.0
gpt2-xl,rome,zsre,zsre_row3,generalisation,diff,post,0.08656171682665925
gpt2-xl,rome,zsre,zsre_row3,generalisation,acc,post,0.0
gpt2-xl,rome,zsre,zsre_row3,specificity,success,post,1.0
gpt2-xl,rome,zsre,zsre_row3,specificity,diff,post,0.009413974289631533
gpt2-xl,rome,zsre,zsre_row3,specificity,acc,post,0.0
gpt2-xl,rome,zsre,zsre_row4,efficacy,success,pre,0.0
gpt2-xl,rome,zsre,zsre_row4,efficacy,diff,pre,-0.03172412325269371
gpt2-xl,rome,zsre,zsre_row4,efficacy,acc,pre,0.0
gpt2-xl,rome,zsre,zsre_row4,generalisation,success,pre,0.0
gpt2-xl,rome,zsre,zsre_row4,generalisation,diff,pre,-0.04598370745814568
gpt2-xl,rome,zsre,zsre_row4,generalisation,acc,pre,0.0
gpt2-xl,rome,zsre,zsre_row4,specificity,success,pre,0.0
gpt2-xl,rome,zsre,zsre_row4,specificity,diff,pre,-0.0012575156320287658
gpt2-xl,rome,zsre,zsre_row4,specificity,acc,pre,0.0
gpt2-xl,rome,zsre,zsre_row4,efficacy,success,post,1.0
gpt2-xl,rome,zsre,zsre_row4,efficacy,diff,post,0.002849071346736679
gpt2-xl,rome,zsre,zsre_row4,efficacy,acc,post,0.0
gpt2-xl,rome,zsre,zsre_row4,generalisation,success,post,0.0
gpt2-xl,rome,zsre,zsre_row4,generalisation,diff,post,-0.06094309326774515
gpt2-xl,rome,zsre,zsre_row4,generalisation,acc,post,0.0
gpt2-xl,rome,zsre,zsre_row4,specificity,success,post,0.0
gpt2-xl,rome,zsre,zsre_row4,specificity,diff,post,-0.0012113697438724605
gpt2-xl,rome,zsre,zsre_row4,specificity,acc,post,0.0
gpt2-xl,rome,zsre,zsre_row5,efficacy,success,pre,1.0
gpt2-xl,rome,zsre,zsre_row5,efficacy,diff,pre,0.005357689242263632
gpt2-xl,rome,zsre,zsre_row5,efficacy,acc,pre,0.0
gpt2-xl,rome,zsre,zsre_row5,generalisation,success,pre,1.0
gpt2-xl,rome,zsre,zsre_row5,generalisation,diff,pre,0.02457491271761634
gpt2-xl,rome,zsre,zsre_row5,generalisation,acc,pre,0.0
gpt2-xl,rome,zsre,zsre_row5,specificity,success,pre,1.0
gpt2-xl,rome,zsre,zsre_row5,specificity,diff,pre,0.012440527877489388
gpt2-xl,rome,zsre,zsre_row5,specificity,acc,pre,0.0
gpt2-xl,rome,zsre,zsre_row5,efficacy,success,post,1.0
gpt2-xl,rome,zsre,zsre_row5,efficacy,diff,post,0.22370381650571305
gpt2-xl,rome,zsre,zsre_row5,efficacy,acc,post,0.0
gpt2-xl,rome,zsre,zsre_row5,generalisation,success,post,1.0
gpt2-xl,rome,zsre,zsre_row5,generalisation,diff,post,0.09043698510874118
gpt2-xl,rome,zsre,zsre_row5,generalisation,acc,post,0.0
gpt2-xl,rome,zsre,zsre_row5,specificity,success,post,1.0
gpt2-xl,rome,zsre,zsre_row5,specificity,diff,post,0.012682962682471198
gpt2-xl,rome,zsre,zsre_row5,specificity,acc,post,0.0
gpt2-xl,rome,zsre,zsre_row6,efficacy,success,pre,0.0
gpt2-xl,rome,zsre,zsre_row6,efficacy,diff,pre,-0.014618404246571435
gpt2-xl,rome,zsre,zsre_row6,efficacy,acc,pre,0.0
gpt2-xl,rome,zsre,zsre_row6,generalisation,success,pre,0.0
gpt2-xl,rome,zsre,zsre_row6,generalisation,diff,pre,-0.022683441118121372
gpt2-xl,rome,zsre,zsre_row6,generalisation,acc,pre,0.0
gpt2-xl,rome,zsre,zsre_row6,specificity,success,pre,1.0
gpt2-xl,rome,zsre,zsre_row6,specificity,diff,pre,0.0006463426121954871
gpt2-xl,rome,zsre,zsre_row6,specificity,acc,pre,0.0
gpt2-xl,rome,zsre,zsre_row6,efficacy,success,post,0.0
gpt2-xl,rome,zsre,zsre_row6,efficacy,diff,post,-0.004964576890684384
gpt2-xl,rome,zsre,zsre_row6,efficacy,acc,post,0.0
gpt2-xl,rome,zsre,zsre_row6,generalisation,success,post,0.0
gpt2-xl,rome,zsre,zsre_row6,generalisation,diff,post,-0.009191474989982818
gpt2-xl,rome,zsre,zsre_row6,generalisation,acc,post,0.0
gpt2-xl,rome,zsre,zsre_row6,specificity,success,post,1.0
gpt2-xl,rome,zsre,zsre_row6,specificity,diff,post,0.0006008711144081913
gpt2-xl,rome,zsre,zsre_row6,specificity,acc,post,0.0
gpt2-xl,rome,zsre,zsre_row7,efficacy,success,pre,1.0
gpt2-xl,rome,zsre,zsre_row7,efficacy,diff,pre,0.013391135635026776
gpt2-xl,rome,zsre,zsre_row7,efficacy,acc,pre,0.0
gpt2-xl,rome,zsre,zsre_row7,generalisation,success,pre,0.0
gpt2-xl,rome,zsre,zsre_row7,generalisation,diff,pre,-0.0037093251638703265
gpt2-xl,rome,zsre,zsre_row7,generalisation,acc,pre,0.0
gpt2-xl,rome,zsre,zsre_row7,specificity,success,pre,1.0
gpt2-xl,rome,zsre,zsre_row7,specificity,diff,pre,0.010137832601203182
gpt2-xl,rome,zsre,zsre_row7,specificity,acc,pre,0.0
gpt2-xl,rome,zsre,zsre_row7,efficacy,success,post,1.0
gpt2-xl,rome,zsre,zsre_row7,efficacy,diff,post,0.3958161032873089
gpt2-xl,rome,zsre,zsre_row7,efficacy,acc,post,0.0
gpt2-xl,rome,zsre,zsre_row7,generalisation,success,post,1.0
gpt2-xl,rome,zsre,zsre_row7,generalisation,diff,post,0.09804950435341117
gpt2-xl,rome,zsre,zsre_row7,generalisation,acc,post,0.0
gpt2-xl,rome,zsre,zsre_row7,specificity,success,post,1.0
gpt2-xl,rome,zsre,zsre_row7,specificity,diff,post,0.01052620335875247
gpt2-xl,rome,zsre,zsre_row7,specificity,acc,post,0.0
gpt2-xl,rome,zsre,zsre_row8,efficacy,success,pre,0.0
gpt2-xl,rome,zsre,zsre_row8,efficacy,diff,pre,-0.00898630260768623
gpt2-xl,rome,zsre,zsre_row8,efficacy,acc,pre,0.0
gpt2-xl,rome,zsre,zsre_row8,generalisation,success,pre,1.0
gpt2-xl,rome,zsre,zsre_row8,generalisation,diff,pre,0.02279623524961475
gpt2-xl,rome,zsre,zsre_row8,generalisation,acc,pre,0.0
gpt2-xl,rome,zsre,zsre_row8,specificity,success,pre,1.0
gpt2-xl,rome,zsre,zsre_row8,specificity,diff,pre,0.0032842996256438866
gpt2-xl,rome,zsre,zsre_row8,specificity,acc,pre,0.0
gpt2-xl,rome,zsre,zsre_row8,efficacy,success,post,1.0
gpt2-xl,rome,zsre,zsre_row8,efficacy,diff,post,0.271716386274092
gpt2-xl,rome,zsre,zsre_row8,efficacy,acc,post,0.0
gpt2-xl,rome,zsre,zsre_row8,generalisation,success,post,1.0
gpt2-xl,rome,zsre,zsre_row8,generalisation,diff,post,0.06121568676684001
gpt2-xl,rome,zsre,zsre_row8,generalisation,acc,post,0.0
gpt2-xl,rome,zsre,zsre_row8,specificity,success,post,1.0
gpt2-xl,rome,zsre,zsre_row8,specificity,diff,post,0.003633214964370874
gpt2-xl,rome,zsre,zsre_row8,specificity,acc,post,0.0
gpt2-xl,rome,zsre,zsre_row9,efficacy,success,pre,1.0
gpt2-xl,rome,zsre,zsre_row9,efficacy,diff,pre,0.004895377017388382
gpt2-xl,rome,zsre,zsre_row9,efficacy,acc,pre,0.0
gpt2-xl,rome,zsre,zsre_row9,generalisation,success,pre,0.0
gpt2-xl,rome,zsre,zsre_row9,generalisation,diff,pre,-0.01489939109591323
gpt2-xl,rome,zsre,zsre_row9,generalisation,acc,pre,0.0
gpt2-xl,rome,zsre,zsre_row9,specificity,success,pre,1.0
gpt2-xl,rome,zsre,zsre_row9,specificity,diff,pre,0.011983774684092358
gpt2-xl,rome,zsre,zsre_row9,specificity,acc,pre,0.0
gpt2-xl,rome,zsre,zsre_row9,efficacy,success,post,1.0
gpt2-xl,rome,zsre,zsre_row9,efficacy,diff,post,0.058337911789781385
gpt2-xl,rome,zsre,zsre_row9,efficacy,acc,post,0.0
gpt2-xl,rome,zsre,zsre_row9,generalisation,success,post,1.0
gpt2-xl,rome,zsre,zsre_row9,generalisation,diff,post,0.03429895553816632
gpt2-xl,rome,zsre,zsre_row9,generalisation,acc,post,0.0
gpt2-xl,rome,zsre,zsre_row9,specificity,success,post,1.0
gpt2-xl,rome,zsre,zsre_row9,specificity,diff,post,0.011316695202576723
gpt2-xl,rome,zsre,zsre_row9,specificity,acc,post,0.0
gpt2-xl,rome,zsre,zsre_row10,efficacy,success,pre,0.0
gpt2-xl,rome,zsre,zsre_row10,efficacy,diff,pre,-0.0013723649966016877
gpt2-xl,rome,zsre,zsre_row10,efficacy,acc,pre,0.0
gpt2-xl,rome,zsre,zsre_row10,generalisation,success,pre,0.0
gpt2-xl,rome,zsre,zsre_row10,generalisation,diff,pre,-0.0003581953797440015
gpt2-xl,rome,zsre,zsre_row10,generalisation,acc,pre,0.0
gpt2-xl,rome,zsre,zsre_row10,specificity,success,pre,0.0
gpt2-xl,rome,zsre,zsre_row10,specificity,diff,pre,-0.24760893412470403
gpt2-xl,rome,zsre,zsre_row10,specificity,acc,pre,0.0
gpt2-xl,rome,zsre,zsre_row10,efficacy,success,post,1.0
gpt2-xl,rome,zsre,zsre_row10,efficacy,diff,post,0.999683430237312
gpt2-xl,rome,zsre,zsre_row10,efficacy,acc,post,1.0
gpt2-xl,rome,zsre,zsre_row10,generalisation,success,post,1.0
gpt2-xl,rome,zsre,zsre_row10,generalisation,diff,post,0.9997196590443003
gpt2-xl,rome,zsre,zsre_row10,generalisation,acc,post,1.0
gpt2-xl,rome,zsre,zsre_row10,specificity,success,post,0.0
gpt2-xl,rome,zsre,zsre_row10,specificity,diff,post,-0.25276550410070375
gpt2-xl,rome,zsre,zsre_row10,specificity,acc,post,0.0
gpt2-xl,rome,zsre,zsre_row11,efficacy,success,pre,1.0
gpt2-xl,rome,zsre,zsre_row11,efficacy,diff,pre,7.758555701011403e-05
gpt2-xl,rome,zsre,zsre_row11,efficacy,acc,pre,0.0
gpt2-xl,rome,zsre,zsre_row11,generalisation,success,pre,1.0
gpt2-xl,rome,zsre,zsre_row11,generalisation,diff,pre,0.00011859543122146182
gpt2-xl,rome,zsre,zsre_row11,generalisation,acc,pre,0.0
gpt2-xl,rome,zsre,zsre_row11,specificity,success,pre,1.0
gpt2-xl,rome,zsre,zsre_row11,specificity,diff,pre,6.932580261469063e-06
gpt2-xl,rome,zsre,zsre_row11,specificity,acc,pre,0.0
gpt2-xl,rome,zsre,zsre_row11,efficacy,success,post,1.0
gpt2-xl,rome,zsre,zsre_row11,efficacy,diff,post,0.0029698040929660016
gpt2-xl,rome,zsre,zsre_row11,efficacy,acc,post,0.0
gpt2-xl,rome,zsre,zsre_row11,generalisation,success,post,1.0
gpt2-xl,rome,zsre,zsre_row11,generalisation,diff,post,0.0020861546499502787
gpt2-xl,rome,zsre,zsre_row11,generalisation,acc,post,0.0
gpt2-xl,rome,zsre,zsre_row11,specificity,success,post,1.0
gpt2-xl,rome,zsre,zsre_row11,specificity,diff,post,7.379693274337143e-06
gpt2-xl,rome,zsre,zsre_row11,specificity,acc,post,0.0
gpt2-xl,rome,zsre,zsre_row12,efficacy,success,pre,1.0
gpt2-xl,rome,zsre,zsre_row12,efficacy,diff,pre,0.0038718606082870292
gpt2-xl,rome,zsre,zsre_row12,efficacy,acc,pre,0.0
gpt2-xl,rome,zsre,zsre_row12,generalisation,success,pre,1.0
gpt2-xl,rome,zsre,zsre_row12,generalisation,diff,pre,0.0024062032954778293
gpt2-xl,rome,zsre,zsre_row12,generalisation,acc,pre,0.0
gpt2-xl,rome,zsre,zsre_row12,specificity,success,pre,0.0
gpt2-xl,rome,zsre,zsre_row12,specificity,diff,pre,-0.004101325725670827
gpt2-xl,rome,zsre,zsre_row12,specificity,acc,pre,0.0
gpt2-xl,rome,zsre,zsre_row12,efficacy,success,post,1.0
gpt2-xl,rome,zsre,zsre_row12,efficacy,diff,post,0.01062059615999507
gpt2-xl,rome,zsre,zsre_row12,efficacy,acc,post,0.0
gpt2-xl,rome,zsre,zsre_row12,generalisation,success,post,1.0
gpt2-xl,rome,zsre,zsre_row12,generalisation,diff,post,0.002628113817689849
gpt2-xl,rome,zsre,zsre_row12,generalisation,acc,post,0.0
gpt2-xl,rome,zsre,zsre_row12,specificity,success,post,0.0
gpt2-xl,rome,zsre,zsre_row12,specificity,diff,post,-0.004170907472867672
gpt2-xl,rome,zsre,zsre_row12,specificity,acc,post,0.0
gpt2-xl,rome,zsre,zsre_row13,efficacy,success,pre,1.0
gpt2-xl,rome,zsre,zsre_row13,efficacy,diff,pre,0.006222829553184171
gpt2-xl,rome,zsre,zsre_row13,efficacy,acc,pre,0.0
gpt2-xl,rome,zsre,zsre_row13,generalisation,success,pre,1.0
gpt2-xl,rome,zsre,zsre_row13,generalisation,diff,pre,0.006240077185210338
gpt2-xl,rome,zsre,zsre_row13,generalisation,acc,pre,0.0
gpt2-xl,rome,zsre,zsre_row13,specificity,success,pre,0.0
gpt2-xl,rome,zsre,zsre_row13,specificity,diff,pre,-0.008422743346122164
gpt2-xl,rome,zsre,zsre_row13,specificity,acc,pre,0.0
gpt2-xl,rome,zsre,zsre_row13,efficacy,success,post,1.0
gpt2-xl,rome,zsre,zsre_row13,efficacy,diff,post,0.014396428041823037
gpt2-xl,rome,zsre,zsre_row13,efficacy,acc,post,0.0
gpt2-xl,rome,zsre,zsre_row13,generalisation,success,post,1.0
gpt2-xl,rome,zsre,zsre_row13,generalisation,diff,post,0.042574708093546014
gpt2-xl,rome,zsre,zsre_row13,generalisation,acc,post,0.0
gpt2-xl,rome,zsre,zsre_row13,specificity,success,post,0.0
gpt2-xl,rome,zsre,zsre_row13,specificity,diff,post,-0.008219266783907815
gpt2-xl,rome,zsre,zsre_row13,specificity,acc,post,0.0
gpt2-xl,rome,zsre,zsre_row14,efficacy,success,pre,1.0
gpt2-xl,rome,zsre,zsre_row14,efficacy,diff,pre,0.001988980122134828
gpt2-xl,rome,zsre,zsre_row14,efficacy,acc,pre,0.0
gpt2-xl,rome,zsre,zsre_row14,generalisation,success,pre,1.0
gpt2-xl,rome,zsre,zsre_row14,generalisation,diff,pre,0.0028966742812229244
gpt2-xl,rome,zsre,zsre_row14,generalisation,acc,pre,0.0
gpt2-xl,rome,zsre,zsre_row14,specificity,success,pre,0.0
gpt2-xl,rome,zsre,zsre_row14,specificity,diff,pre,-0.01973209541019072
gpt2-xl,rome,zsre,zsre_row14,specificity,acc,pre,0.0
gpt2-xl,rome,zsre,zsre_row14,efficacy,success,post,1.0
gpt2-xl,rome,zsre,zsre_row14,efficacy,diff,post,0.008188894607847951
gpt2-xl,rome,zsre,zsre_row14,efficacy,acc,post,0.0
gpt2-xl,rome,zsre,zsre_row14,generalisation,success,post,1.0
gpt2-xl,rome,zsre,zsre_row14,generalisation,diff,post,0.006776305014781287
gpt2-xl,rome,zsre,zsre_row14,generalisation,acc,post,0.0
gpt2-xl,rome,zsre,zsre_row14,specificity,success,post,0.0
gpt2-xl,rome,zsre,zsre_row14,specificity,diff,post,-0.01940705032990654
gpt2-xl,rome,zsre,zsre_row14,specificity,acc,post,0.0
gpt2-xl,rome,zsre,zsre_row15,efficacy,success,pre,1.0
gpt2-xl,rome,zsre,zsre_row15,efficacy,diff,pre,0.013052860202939713
gpt2-xl,rome,zsre,zsre_row15,efficacy,acc,pre,0.0
gpt2-xl,rome,zsre,zsre_row15,generalisation,success,pre,1.0
gpt2-xl,rome,zsre,zsre_row15,generalisation,diff,pre,0.006797289445811222
gpt2-xl,rome,zsre,zsre_row15,generalisation,acc,pre,0.0
gpt2-xl,rome,zsre,zsre_row15,specificity,success,pre,1.0
gpt2-xl,rome,zsre,zsre_row15,specificity,diff,pre,0.0008737294651006018
gpt2-xl,rome,zsre,zsre_row15,specificity,acc,pre,0.0
gpt2-xl,rome,zsre,zsre_row15,efficacy,success,post,1.0
gpt2-xl,rome,zsre,zsre_row15,efficacy,diff,post,0.0038167858339612885
gpt2-xl,rome,zsre,zsre_row15,efficacy,acc,post,0.0
gpt2-xl,rome,zsre,zsre_row15,generalisation,success,post,1.0
gpt2-xl,rome,zsre,zsre_row15,generalisation,diff,post,0.003803433625749553
gpt2-xl,rome,zsre,zsre_row15,generalisation,acc,post,0.0
gpt2-xl,rome,zsre,zsre_row15,specificity,success,post,1.0
gpt2-xl,rome,zsre,zsre_row15,specificity,diff,post,0.0009176621508068715
gpt2-xl,rome,zsre,zsre_row15,specificity,acc,post,0.0
gpt2-xl,rome,zsre,zsre_row16,efficacy,success,pre,1.0
gpt2-xl,rome,zsre,zsre_row16,efficacy,diff,pre,0.004708025335543605
gpt2-xl,rome,zsre,zsre_row16,efficacy,acc,pre,0.0
gpt2-xl,rome,zsre,zsre_row16,generalisation,success,pre,1.0
gpt2-xl,rome,zsre,zsre_row16,generalisation,diff,pre,0.007888528023838663
gpt2-xl,rome,zsre,zsre_row16,generalisation,acc,pre,0.0
gpt2-xl,rome,zsre,zsre_row16,specificity,success,pre,0.0
gpt2-xl,rome,zsre,zsre_row16,specificity,diff,pre,-0.003681621505073976
gpt2-xl,rome,zsre,zsre_row16,specificity,acc,pre,0.0
gpt2-xl,rome,zsre,zsre_row16,efficacy,success,post,1.0
gpt2-xl,rome,zsre,zsre_row16,efficacy,diff,post,0.003294163000285415
gpt2-xl,rome,zsre,zsre_row16,efficacy,acc,post,0.0
gpt2-xl,rome,zsre,zsre_row16,generalisation,success,post,1.0
gpt2-xl,rome,zsre,zsre_row16,generalisation,diff,post,0.012074584323646973
gpt2-xl,rome,zsre,zsre_row16,generalisation,acc,post,0.0
gpt2-xl,rome,zsre,zsre_row16,specificity,success,post,0.0
gpt2-xl,rome,zsre,zsre_row16,specificity,diff,post,-0.0037796484173610503
gpt2-xl,rome,zsre,zsre_row16,specificity,acc,post,0.0
gpt2-xl,rome,zsre,zsre_row17,efficacy,success,pre,1.0
gpt2-xl,rome,zsre,zsre_row17,efficacy,diff,pre,0.0022992707668044255
gpt2-xl,rome,zsre,zsre_row17,efficacy,acc,pre,0.0
gpt2-xl,rome,zsre,zsre_row17,generalisation,success,pre,1.0
gpt2-xl,rome,zsre,zsre_row17,generalisation,diff,pre,0.0014852487854067281
gpt2-xl,rome,zsre,zsre_row17,generalisation,acc,pre,0.0
gpt2-xl,rome,zsre,zsre_row17,specificity,success,pre,1.0
gpt2-xl,rome,zsre,zsre_row17,specificity,diff,pre,0.00019214828041560632
gpt2-xl,rome,zsre,zsre_row17,specificity,acc,pre,0.0
gpt2-xl,rome,zsre,zsre_row17,efficacy,success,post,1.0
gpt2-xl,rome,zsre,zsre_row17,efficacy,diff,post,0.011054625108636243
gpt2-xl,rome,zsre,zsre_row17,efficacy,acc,post,0.0
gpt2-xl,rome,zsre,zsre_row17,generalisation,success,post,1.0
gpt2-xl,rome,zsre,zsre_row17,generalisation,diff,post,0.004734395542993631
gpt2-xl,rome,zsre,zsre_row17,generalisation,acc,post,0.0
gpt2-xl,rome,zsre,zsre_row17,specificity,success,post,1.0
gpt2-xl,rome,zsre,zsre_row17,specificity,diff,post,0.00020038982374886706
gpt2-xl,rome,zsre,zsre_row17,specificity,acc,post,0.0
gpt2-xl,rome,zsre,zsre_row18,efficacy,success,pre,1.0
gpt2-xl,rome,zsre,zsre_row18,efficacy,diff,pre,0.017808986828595084
gpt2-xl,rome,zsre,zsre_row18,efficacy,acc,pre,0.0
gpt2-xl,rome,zsre,zsre_row18,generalisation,success,pre,1.0
gpt2-xl,rome,zsre,zsre_row18,generalisation,diff,pre,0.007420115006164208
gpt2-xl,rome,zsre,zsre_row18,generalisation,acc,pre,0.0
gpt2-xl,rome,zsre,zsre_row18,specificity,success,pre,1.0
gpt2-xl,rome,zsre,zsre_row18,specificity,diff,pre,0.0004944433020425917
gpt2-xl,rome,zsre,zsre_row18,specificity,acc,pre,0.0
gpt2-xl,rome,zsre,zsre_row18,efficacy,success,post,1.0
gpt2-xl,rome,zsre,zsre_row18,efficacy,diff,post,0.2764409383595384
gpt2-xl,rome,zsre,zsre_row18,efficacy,acc,post,0.0
gpt2-xl,rome,zsre,zsre_row18,generalisation,success,post,1.0
gpt2-xl,rome,zsre,zsre_row18,generalisation,diff,post,0.11551488020985065
gpt2-xl,rome,zsre,zsre_row18,generalisation,acc,post,0.0
gpt2-xl,rome,zsre,zsre_row18,specificity,success,post,1.0
gpt2-xl,rome,zsre,zsre_row18,specificity,diff,post,0.0005141978190529646
gpt2-xl,rome,zsre,zsre_row18,specificity,acc,post,0.0
gpt2-xl,rome,zsre,zsre_row19,efficacy,success,pre,1.0
gpt2-xl,rome,zsre,zsre_row19,efficacy,diff,pre,0.0018069181061248492
gpt2-xl,rome,zsre,zsre_row19,efficacy,acc,pre,0.0
gpt2-xl,rome,zsre,zsre_row19,generalisation,success,pre,1.0
gpt2-xl,rome,zsre,zsre_row19,generalisation,diff,pre,0.0010433980518046017
gpt2-xl,rome,zsre,zsre_row19,generalisation,acc,pre,0.0
gpt2-xl,rome,zsre,zsre_row19,specificity,success,pre,1.0
gpt2-xl,rome,zsre,zsre_row19,specificity,diff,pre,0.0010628179686756488
gpt2-xl,rome,zsre,zsre_row19,specificity,acc,pre,0.0
gpt2-xl,rome,zsre,zsre_row19,efficacy,success,post,1.0
gpt2-xl,rome,zsre,zsre_row19,efficacy,diff,post,0.0031539805080625363
gpt2-xl,rome,zsre,zsre_row19,efficacy,acc,post,0.0
gpt2-xl,rome,zsre,zsre_row19,generalisation,success,post,1.0
gpt2-xl,rome,zsre,zsre_row19,generalisation,diff,post,0.0010952262110931793
gpt2-xl,rome,zsre,zsre_row19,generalisation,acc,post,0.0
gpt2-xl,rome,zsre,zsre_row19,specificity,success,post,1.0
gpt2-xl,rome,zsre,zsre_row19,specificity,diff,post,0.0004300018951954083
gpt2-xl,rome,zsre,zsre_row19,specificity,acc,post,0.0
llama3-8b,memit,counterfact,0,efficacy,success,pre,0.0
llama3-8b,memit,counterfact,0,efficacy,diff,pre,-0.554447759264991
llama3-8b,memit,counterfact,0,efficacy,acc,pre,0.0
llama3-8b,memit,counterfact,0,generalisation,success,pre,0.0
llama3-8b,memit,counterfact,0,generalisation,diff,pre,-0.017276258042719
llama3-8b,memit,counterfact,0,generalisation,acc,pre,0.0
llama3-8b,memit,counterfact,0,specificity,success,pre,0.0
llama3-8b,memit,counterfact,0,specificity,diff,pre,-0.3691831430535373
llama3-8b,memit,counterfact,0,specificity,acc,pre,0.5
llama3-8b,memit,counterfact,0,target_close_neighbour,success,pre,1.0
llama3-8b,memit,counterfact,0,target_close_neighbour,diff,pre,0.13501298562453548
llama3-8b,memit,counterfact,0,target_close_neighbour,acc,pre,0.4
llama3-8b,memit,counterfact,0,efficacy,success,post,0.0
llama3-8b,memit,counterfact,0,efficacy,diff,post,-0.4996489256716789
llama3-8b,memit,counterfact,0,efficacy,acc,post,0.0
llama3-8b,memit,counterfact,0,generalisation,success,post,0.0
llama3-8b,memit,counterfact,0,generalisation,diff,post,-0.015745307923583106
llama3-8b,memit,counterfact,0,generalisation,acc,post,0.0
llama3-8b,memit,counterfact,0,specificity,success,post,0.0
llama3-8b,memit,counterfact,0,specificity,diff,post,-0.37883767955282877
llama3-8b,memit,counterfact,0,specificity,acc,post,0.5
llama3-8b,memit,counterfact,0,target_close_neighbour,success,post,1.0
llama3-8b,memit,counterfact,0,target_close_neighbour,diff,post,0.1361932709525035
llama3-8b,memit,counterfact,0,target_close_neighbour,acc,post,0.4
llama3-8b,memit,counterfact,1,efficacy,success,pre,0.0
llama3-8b,memit,counterfact,1,efficacy,diff,pre,-0.15195808065583227
llama3-8b,memit,counterfact,1,efficacy,acc,pre,0.0
llama3-8b,memit,counterfact,1,generalisation,success,pre,0.0
llama3-8b,memit,counterfact,1,generalisation,diff,pre,-0.03057342970014454
llama3-8b,memit,counterfact,1,generalisation,acc,pre,0.0
llama3-8b,memit,counterfact,1,specificity,success,pre,0.4
llama3-8b,memit,counterfact,1,specificity,diff,pre,-0.007853033098426339
llama3-8b,memit,counterfact,1,specificity,acc,pre,0.0
llama3-8b,memit,counterfact,1,target_close_neighbour,success,pre,1.0
llama3-8b,memit,counterfact,1,target_close_neighbour,diff,pre,0.12185462705339314
llama3-8b,memit,counterfact,1,target_close_neighbour,acc,pre,0.2
llama3-8b,memit,counterfact,1,efficacy,success,post,0.0
llama3-8b,memit,counterfact,1,efficacy,diff,post,-0.009813576772460586
llama3-8b,memit,counterfact,1,efficacy,acc,post,0.0
llama3-8b,memit,counterfact,1,generalisation,success,post,0.0
llama3-8b,memit,counterfact,1,generalisation,diff,post,-0.011057254378616575
llama3-8b,memit,counterfact,1,generalisation,acc,post,0.0
llama3-8b,memit,counterfact,1,specificity,success,post,0.4
llama3-8b,memit,counterfact,1,specificity,diff,post,-0.006567361028810616
llama3-8b,memit,counterfact,1,specificity,acc,post,0.0
llama3-8b,memit,counterfact,1,target_close_neighbour,success,post,1.0
llama3-8b,memit,counterfact,1,target_close_neighbour,diff,post,0.12233428086954626
llama3-8b,memit,counterfact,1,target_close_neighbour,acc,post,0.2
llama3-8b,memit,counterfact,2,efficacy,success,pre,1.0
llama3-8b,memit,counterfact,2,efficacy,diff,pre,2.1259822173694097e-05
llama3-8b,memit,counterfact,2,efficacy,acc,pre,0.0
llama3-8b,memit,counterfact,2,generalisation,success,pre,1.0
llama3-8b,memit,counterfact,2,generalisation,diff,pre,0.041588110685158136
llama3-8b,memit,counterfact,2,generalisation,acc,pre,0.5
llama3-8b,memit,counterfact,2,specificity,success,pre,0.6
llama3-8b,memit,counterfact,2,specificity,diff,pre,-0.016179983789135374
llama3-8b,memit,counterfact,2,specificity,acc,pre,0.2
llama3-8b,memit,counterfact,2,target_close_neighbour,success,pre,1.0
llama3-8b,memit,counterfact,2,target_close_neighbour,diff,pre,0.11117857836485087
llama3-8b,memit,counterfact,2,target_close_neighbour,acc,pre,0.6
llama3-8b,memit,counterfact,2,efficacy,success,post,1.0
llama3-8b,memit,counterfact,2,efficacy,diff,post,0.022781173585958277
llama3-8b,memit,counterfact,2,efficacy,acc,post,0.0
llama3-8b,memit,counterfact,2,generalisation,success,post,1.0
llama3-8b,memit,counterfact,2,generalisation,diff,post,0.11805354595573603
llama3-8b,memit,counterfact,2,generalisation,acc,post,0.5
llama3-8b,memit,counterfact,2,specificity,success,post,0.6
llama3-8b,memit,counterfact,2,specificity,diff,post,-0.01474025842884857
llama3-8b,memit,counterfact,2,specificity,acc,post,0.2
llama3-8b,memit,counterfact,2,target_close_neighbour,success,post,1.0
llama3-8b,memit,counterfact,2,target_close_neighbour,diff,post,0.12734867439889538
llama3-8b,memit,counterfact,2,target_close_neighbour,acc,post,0.6
llama3-8b,memit,counterfact,3,efficacy,success,pre,0.0
llama3-8b,memit,counterfact,3,efficacy,diff,pre,-0.1697459130973153
llama3-8b,memit,counterfact,3,efficacy,acc,pre,0.0
llama3-8b,memit,counterfact,3,generalisation,success,pre,0.0
llama3-8b,memit,counterfact,3,generalisation,diff,pre,-0.13498591406009813
llama3-8b,memit,counterfact,3,generalisation,acc,pre,0.0
llama3-8b,memit,counterfact,3,specificity,success,pre,0.3
llama3-8b,memit,counterfact,3,specificity,diff,pre,-0.03252874393447408
llama3-8b,memit,counterfact,3,specificity,acc,pre,0.0
llama3-8b,memit,counterfact,3,target_close_neighbour,success,pre,1.0
llama3-8b,memit,counterfact,3,target_close_neighbour,diff,pre,0.1456747153974075
llama3-8b,memit,counterfact,3,target_close_neighbour,acc,pre,0.1
llama3-8b,memit,counterfact,3,efficacy,success,post,0.0
llama3-8b,memit,counterfact,3,efficacy,diff,post,-0.25070765410164864
llama3-8b,memit,counterfact,3,efficacy,acc,post,0.0
llama3-8b,memit,counterfact,3,generalisation,success,post,0.0
llama3-8b,memit,counterfact,3,generalisation,diff,post,-0.4729028530761269
llama3-8b,memit,counterfact,3,generalisation,acc,post,0.0
llama3-8b,memit,counterfact,3,specificity,success,post,0.3
llama3-8b,memit,counterfact,3,specificity,diff,post,-0.03803453721526388
llama3-8b,memit,counterfact,3,specificity,acc,post,0.0
llama3-8b,memit,counterfact,3,target_close_neighbour,success,post,1.0
llama3-8b,memit,counterfact,3,target_close_neighbour,diff,post,0.15140462005657215
llama3-8b,memit,counterfact,3,target_close_neighbour,acc,post,0.1
llama3-8b,memit,counterfact,4,efficacy,success,pre,0.0
llama3-8b,memit,counterfact,4,efficacy,diff,pre,-2.2771917746545605e-05
llama3-8b,memit,counterfact,4,efficacy,acc,pre,0.0
llama3-8b,memit,counterfact,4,generalisation,success,pre,0.0
llama3-8b,memit,counterfact,4,generalisation,diff,pre,-1.0676113748920616e-05
llama3-8b,memit,counterfact,4,generalisation,acc,pre,0.0
llama3-8b,memit,counterfact,4,specificity,success,pre,0.2
llama3-8b,memit,counterfact,4,specificity,diff,pre,-0.00018899709688531834
llama3-8b,memit,counterfact,4,specificity,acc,pre,0.0
llama3-8b,memit,counterfact,4,target_close_neighbour,success,pre,0.9
llama3-8b,memit,counterfact,4,target_close_neighbour,diff,pre,0.001214846095154634
llama3-8b,memit,counterfact,4,target_close_neighbour,acc,pre,0.0
llama3-8b,memit,counterfact,4,efficacy,success,post,1.0
llama3-8b,memit,counterfact,4,efficacy,diff,post,0.0001341602756633481
llama3-8b,memit,counterfact,4,efficacy,acc,post,0.0
llama3-8b,memit,counterfact,4,generalisation,success,post,0.5
llama3-8b,memit,counterfact,4,generalisation,diff,post,6.0164352415467294e-05
llama3-8b,memit,counterfact,4,generalisation,acc,post,0.0
llama3-8b,memit,counterfact,4,specificity,success,post,0.3
llama3-8b,memit,counterfact,4,specificity,diff,post,-0.0003354734281462668
llama3-8b,memit,counterfact,4,specificity,acc,post,0.0
llama3-8b,memit,counterfact,4,target_close_neighbour,success,post,1.0
llama3-8b,memit,counterfact,4,target_close_neighbour,diff,post,0.0020340445005113264
llama3-8b,memit,counterfact,4,target_close_neighbour,acc,post,0.0
llama3-8b,memit,counterfact,5,efficacy,success,pre,0.0
llama3-8b,memit,counterfact,5,efficacy,diff,pre,-0.23859706235086905
llama3-8b,memit,counterfact,5,efficacy,acc,pre,0.0
llama3-8b,memit,counterfact,5,generalisation,success,pre,0.0
llama3-8b,memit,counterfact,5,generalisation,diff,pre,-0.0033263543810262315
llama3-8b,memit,counterfact,5,generalisation,acc,pre,0.0
llama3-8b,memit,counterfact,5,specificity,success,pre,0.0
llama3-8b,memit,counterfact,5,specificity,diff,pre,-0.34807936519738975
llama3-8b,memit,counterfact,5,specificity,acc,pre,0.8
llama3-8b,memit,counterfact,5,target_close_neighbour,success,pre,1.0
llama3-8b,memit,counterfact,5,target_close_neighbour,diff,pre,0.20361480595863046
llama3-8b,memit,counterfact,5,target_close_neighbour,acc,pre,0.6
llama3-8b,memit,counterfact,5,efficacy,success,post,0.0
llama3-8b,memit,counterfact,5,efficacy,diff,post,-0.6761439876314094
llama3-8b,memit,counterfact,5,efficacy,acc,post,0.0
llama3-8b,memit,counterfact,5,generalisation,success,post,0.0
llama3-8b,memit,counterfact,5,generalisation,diff,post,-0.002333813867943302
llama3-8b,memit,counterfact,5,generalisation,acc,post,0.0
llama3-8b,memit,counterfact,5,specificity,success,post,0.0
llama3-8b,memit,counterfact,5,specificity,diff,post,-0.35327960587830176
llama3-8b,memit,counterfact,5,specificity,acc,post,0.9
llama3-8b,memit,counterfact,5,target_close_neighbour,success,post,1.0
llama3-8b,memit,counterfact,5,target_close_neighbour,diff,post,0.20899586315199975
llama3-8b,memit,counterfact,5,target_close_neighbour,acc,post,0.6
llama3-8b,memit,counterfact,6,efficacy,success,pre,0.0
llama3-8b,memit,counterfact,6,efficacy,diff,pre,-0.1418292168418608
llama3-8b,memit,counterfact,6,efficacy,acc,pre,0.0
llama3-8b,memit,counterfact,6,generalisation,success,pre,0.0
llama3-8b,memit,counterfact,6,generalisation,diff,pre,-0.12972441527154552
llama3-8b,memit,counterfact,6,generalisation,acc,pre,0.0
llama3-8b,memit,counterfact,6,specificity,success,pre,0.1
llama3-8b,memit,counterfact,6,specificity,diff,pre,-0.2690972620928476
llama3-8b,memit,counterfact,6,specificity,acc,pre,0.3
llama3-8b,memit,counterfact,6,target_close_neighbour,success,pre,1.0
llama3-8b,memit,counterfact,6,target_close_neighbour,diff,pre,0.05435788907233334
llama3-8b,memit,counterfact,6,target_close_neighbour,acc,pre,0.1
llama3-8b,memit,counterfact,6,efficacy,success,post,0.0
llama3-8b,memit,counterfact,6,efficacy,diff,post,-0.008336557228383279
llama3-8b,memit,counterfact,6,efficacy,acc,post,0.0
llama3-8b,memit,counterfact,6,generalisation,success,post,0.0
llama3-8b,memit,counterfact,6,generalisation,diff,post,-0.04339271549205547
llama3-8b,memit,counterfact,6,generalisation,acc,post,0.0
llama3-8b,memit,counterfact,6,specificity,success,post,0.1
llama3-8b,memit,counterfact,6,specificity,diff,post,-0.26213352779291343
llama3-8b,memit,counterfact,6,specificity,acc,post,0.3
llama3-8b,memit,counterfact,6,target_close_neighbour,success,post,1.0
llama3-8b,memit,counterfact,6,target_close_neighbour,diff,post,0.05389943044496152
llama3-8b,memit,counterfact,6,target_close_neighbour,acc,post,0.1
llama3-8b,memit,counterfact,7,efficacy,success,pre,0.0
llama3-8b,memit,counterfact,7,efficacy,diff,pre,-0.23381086366473497
llama3-8b,memit,counterfact,7,efficacy,acc,pre,0.0
llama3-8b,memit,counterfact,7,generalisation,success,pre,0.0
llama3-8b,memit,counterfact,7,generalisation,diff,pre,-0.3262829215707285
llama3-8b,memit,counterfact,7,generalisation,acc,pre,0.0
llama3-8b,memit,counterfact,7,specificity,success,pre,0.0
llama3-8b,memit,counterfact,7,specificity,diff,pre,-0.32324565157269936
llama3-8b,memit,counterfact,7,specificity,acc,pre,0.7
llama3-8b,memit,counterfact,7,target_close_neighbour,success,pre,1.0
llama3-8b,memit,counterfact,7,target_close_neighbour,diff,pre,0.7259143307481835
llama3-8b,memit,counterfact,7,target_close_neighbour,acc,pre,1.0
llama3-8b,memit,counterfact,7,efficacy,success,post,1.0
llama3-8b,memit,counterfact,7,efficacy,diff,post,0.6137425172420206
llama3-8b,memit,counterfact,7,efficacy,acc,post,1.0
llama3-8b,memit,counterfact,7,generalisation,success,post,1.0
llama3-8b,memit,counterfact,7,generalisation,diff,post,0.44802024190806644
llama3-8b,memit,counterfact,7,generalisation,acc,post,1.0
llama3-8b,memit,counterfact,7,specificity,success,post,0.0
llama3-8b,memit,counterfact,7,specificity,diff,post,-0.3401926483533225
llama3-8b,memit,counterfact,7,specificity,acc,post,0.7
llama3-8b,memit,counterfact,7,target_close_neighbour,success,post,1.0
llama3-8b,memit,counterfact,7,target_close_neighbour,diff,post,0.7410173576642654
llama3-8b,memit,counterfact,7,target_close_neighbour,acc,post,1.0
llama3-8b,memit,counterfact,8,efficacy,success,pre,0.0
llama3-8b,memit,counterfact,8,efficacy,diff,pre,-0.0033796680716253946
llama3-8b,memit,counterfact,8,efficacy,acc,pre,0.0
llama3-8b,memit,counterfact,8,generalisation,success,pre,0.0
llama3-8b,memit,counterfact,8,generalisation,diff,pre,-0.00092254115164388
llama3-8b,memit,counterfact,8,generalisation,acc,pre,0.0
llama3-8b,memit,counterfact,8,specificity,success,pre,0.0
llama3-8b,memit,counterfact,8,specificity,diff,pre,-0.00031942647830782855
llama3-8b,memit,counterfact,8,specificity,acc,pre,0.0
llama3-8b,memit,counterfact,8,target_close_neighbour,success,pre,0.3
llama3-8b,memit,counterfact,8,target_close_neighbour,diff,pre,0.0009765999807356297
llama3-8b,memit,counterfact,8,target_close_neighbour,acc,pre,0.0
llama3-8b,memit,counterfact,8,efficacy,success,post,1.0
llama3-8b,memit,counterfact,8,efficacy,diff,post,0.007814053406142728
llama3-8b,memit,counterfact,8,efficacy,acc,post,0.0
llama3-8b,memit,counterfact,8,generalisation,success,post,0.0
llama3-8b,memit,counterfact,8,generalisation,diff,post,-0.00038117297953558593
llama3-8b,memit,counterfact,8,generalisation,acc,post,0.0
llama3-8b,memit,counterfact,8,specificity,success,post,0.1
llama3-8b,memit,counterfact,8,specificity,diff,post,-0.0004047551292883981
llama3-8b,memit,counterfact,8,specificity,acc,post,0.0
llama3-8b,memit,counterfact,8,target_close_neighbour,success,post,0.3
llama3-8b,memit,counterfact,8,target_close_neighbour,diff,post,0.001321303293207033
llama3-8b,memit,counterfact,8,target_close_neighbour,acc,post,0.0
llama3-8b,memit,counterfact,9,efficacy,success,pre,0.0
llama3-8b,memit,counterfact,9,efficacy,diff,pre,-0.002164662599860645
llama3-8b,memit,counterfact,9,efficacy,acc,pre,0.0
llama3-8b,memit,counterfact,9,generalisation,success,pre,0.0
llama3-8b,memit,counterfact,9,generalisation,diff,pre,-0.005177490762780812
llama3-8b,memit,counterfact,9,generalisation,acc,pre,0.0
llama3-8b,memit,counterfact,9,specificity,success,pre,0.0
llama3-8b,memit,counterfact,9,specificity,diff,pre,-0.09732540950541006
llama3-8b,memit,counterfact,9,specificity,acc,pre,0.2
llama3-8b,memit,counterfact,9,target_close_neighbour,success,pre,0.7
llama3-8b,memit,counterfact,9,target_close_neighbour,diff,pre,0.003477227967008019
llama3-8b,memit,counterfact,9,target_close_neighbour,acc,pre,0.0
llama3-8b,memit,counterfact,9,efficacy,success,post,1.0
llama3-8b,memit,counterfact,9,efficacy,diff,post,0.9966790421207042
llama3-8b,memit,counterfact,9,efficacy,acc,post,1.0
llama3-8b,memit,counterfact,9,generalisation,success,post,0.5
llama3-8b,memit,counterfact,9,generalisation,diff,post,0.49741265517206573
llama3-8b,memit,counterfact,9,generalisation,acc,post,0.5
llama3-8b,memit,counterfact,9,specificity,success,post,0.0
llama3-8b,memit,counterfact,9,specificity,diff,post,-0.09494489594032449
llama3-8b,memit,counterfact,9,specificity,acc,post,0.2
llama3-8b,memit,counterfact,9,target_close_neighbour,success,post,0.7
llama3-8b,memit,counterfact,9,target_close_neighbour,diff,post,0.004305507375371062
llama3-8b,memit,counterfact,9,target_close_neighbour,acc,post,0.0
llama3-8b,memit,counterfact,10,efficacy,success,pre,0.0
llama3-8b,memit,counterfact,10,efficacy,diff,pre,-0.03642312345846917
llama3-8b,memit,counterfact,10,efficacy,acc,pre,0.0
llama3-8b,memit,counterfact,10,generalisation,success,pre,0.0
llama3-8b,memit,counterfact,10,generalisation,diff,pre,-0.023562893147986312
llama3-8b,memit,counterfact,10,generalisation,acc,pre,0.0
llama3-8b,memit,counterfact,10,specificity,success,pre,0.0
llama3-8b,memit,counterfact,10,specificity,diff,pre,-0.09027259977370243
llama3-8b,memit,counterfact,10,specificity,acc,pre,0.0
llama3-8b,memit,counterfact,10,target_close_neighbour,success,pre,1.0
llama3-8b,memit,counterfact,10,target_close_neighbour,diff,pre,0.20986215546519665
llama3-8b,memit,counterfact,10,target_close_neighbour,acc,pre,0.4
llama3-8b,memit,counterfact,10,efficacy,success,post,1.0
llama3-8b,memit,counterfact,10,efficacy,diff,post,0.20104213365966705
llama3-8b,memit,counterfact,10,efficacy,acc,post,1.0
llama3-8b,memit,counterfact,10,generalisation,success,post,0.0
llama3-8b,memit,counterfact,10,generalisation,diff,post,-0.009522894010286517
llama3-8b,memit,counterfact,10,generalisation,acc,post,0.0
llama3-8b,memit,counterfact,10,specificity,success,post,0.0
llama3-8b,memit,counterfact,10,specificity,diff,post,-0.09746187483899275
llama3-8b,memit,counterfact,10,specificity,acc,post,0.0
llama3-8b,memit,counterfact,10,target_close_neighbour,success,post,1.0
llama3-8b,memit,counterfact,10,target_close_neighbour,diff,post,0.21743598174386497
llama3-8b,memit,counterfact,10,target_close_neighbour,acc,post,0.4
llama3-8b,memit,counterfact,11,efficacy,success,pre,1.0
llama3-8b,memit,counterfact,11,efficacy,diff,pre,0.003936489293233607
llama3-8b,memit,counterfact,11,efficacy,acc,pre,0.0
llama3-8b,memit,counterfact,11,generalisation,success,pre,0.5
llama3-8b,memit,counterfact,11,generalisation,diff,pre,-0.011503068362090321
llama3-8b,memit,counterfact,11,generalisation,acc,pre,0.0
llama3-8b,memit,counterfact,11,specificity,success,pre,0.6
llama3-8b,memit,counterfact,11,specificity,diff,pre,0.053595075173296036
llama3-8b,memit,counterfact,11,specificity,acc,pre,0.0
llama3-8b,memit,counterfact,11,target_close_neighbour,success,pre,1.0
llama3-8b,memit,counterfact,11,target_close_neighbour,diff,pre,0.05173514260274573
llama3-8b,memit,counterfact,11,target_close_neighbour,acc,pre,0.2
llama3-8b,memit,counterfact,11,efficacy,success,post,1.0
llama3-8b,memit,counterfact,11,efficacy,diff,post,0.9549347220149279
llama3-8b,memit,counterfact,11,efficacy,acc,post,1.0
llama3-8b,memit,counterfact,11,generalisation,success,post,0.5
llama3-8b,memit,counterfact,11,generalisation,diff,post,2.31315597514839e-05
llama3-8b,memit,counterfact,11,generalisation,acc,post,0.0
llama3-8b,memit,counterfact,11,specificity,success,post,0.7
llama3-8b,memit,counterfact,11,specificity,diff,post,0.053812606632587544
llama3-8b,memit,counterfact,11,specificity,acc,post,0.0
llama3-8b,memit,counterfact,11,target_close_neighbour,success,post,1.0
llama3-8b,memit,counterfact,11,target_close_neighbour,diff,post,0.054795615888324455
llama3-8b,memit,counterfact,11,target_close_neighbour,acc,post,0.2
llama3-8b,memit,counterfact,12,efficacy,success,pre,0.0
llama3-8b,memit,counterfact,12,efficacy,diff,pre,-0.00023965774815557303
llama3-8b,memit,counterfact,12,efficacy,acc,pre,0.0
llama3-8b,memit,counterfact,12,generalisation,success,pre,0.0
llama3-8b,memit,counterfact,12,generalisation,diff,pre,-0.6860409690470783
llama3-8b,memit,counterfact,12,generalisation,acc,pre,0.0
llama3-8b,memit,counterfact,12,specificity,success,pre,0.0
llama3-8b,memit,counterfact,12,specificity,diff,pre,-0.28558442811006163
llama3-8b,memit,counterfact,12,specificity,acc,pre,0.4
llama3-8b,memit,counterfact,12,target_close_neighbour,success,pre,1.0
llama3-8b,memit,counterfact,12,target_close_neighbour,diff,pre,0.2060788197076256
llama3-8b,memit,counterfact,12,target_close_neighbour,acc,pre,0.4
llama3-8b,memit,counterfact,12,efficacy,success,post,1.0
llama3-8b,memit,counterfact,12,efficacy,diff,post,0.09284742901641525
llama3-8b,memit,counterfact,12,efficacy,acc,post,0.0
llama3-8b,memit,counterfact,12,generalisation,success,post,0.0
llama3-8b,memit,counterfact,12,generalisation,diff,post,-0.808160519690764
llama3-8b,memit,counterfact,12,generalisation,acc,post,0.0
llama3-8b,memit,counterfact,12,specificity,success,post,0.0
llama3-8b,memit,counterfact,12,specificity,diff,post,-0.28890703916944627
llama3-8b,memit,counterfact,12,specificity,acc,post,0.4
llama3-8b,memit,counterfact,12,target_close_neighbour,success,post,1.0
llama3-8b,memit,counterfact,12,target_close_neighbour,diff,post,0.2112324281598869
llama3-8b,memit,counterfact,12,target_close_neighbour,acc,post,0.4
llama3-8b,memit,counterfact,13,efficacy,success,pre,0.0
llama3-8b,memit,counterfact,13,efficacy,diff,pre,-0.06392672464170512
llama3-8b,memit,counterfact,13,efficacy,acc,pre,0.0
llama3-8b,memit,counterfact,13,generalisation,success,pre,0.0
llama3-8b,memit,counterfact,13,generalisation,diff,pre,-0.10792271996068581
llama3-8b,memit,counterfact,13,generalisation,acc,pre,0.0
llama3-8b,memit,counterfact,13,specificity,success,pre,0.0
llama3-8b,memit,counterfact,13,specificity,diff,pre,-0.18839437365827258
llama3-8b,memit,counterfact,13,specificity,acc,pre,0.2
llama3-8b,memit,counterfact,13,target_close_neighbour,success,pre,1.0
llama3-8b,memit,counterfact,13,target_close_neighbour,diff,pre,0.5772169166091442
llama3-8b,memit,counterfact,13,target_close_neighbour,acc,pre,1.0
llama3-8b,memit,counterfact,13,efficacy,success,post,1.0
llama3-8b,memit,counterfact,13,efficacy,diff,post,0.7216942224365449
llama3-8b,memit,counterfact,13,efficacy,acc,post,1.0
llama3-8b,memit,counterfact,13,generalisation,success,post,0.5
llama3-8b,memit,counterfact,13,generalisation,diff,post,0.09303186264382117
llama3-8b,memit,counterfact,13,generalisation,acc,post,0.5
llama3-8b,memit,counterfact,13,specificity,success,post,0.0
llama3-8b,memit,counterfact,13,specificity,diff,post,-0.1890485024983503
llama3-8b,memit,counterfact,13,specificity,acc,post,0.2
llama3-8b,memit,counterfact,13,target_close_neighbour,success,post,1.0
llama3-8b,memit,counterfact,13,target_close_neighbour,diff,post,0.5973346504345176
llama3-8b,memit,counterfact,13,target_close_neighbour,acc,post,1.0
llama3-8b,memit,counterfact,14,efficacy,success,pre,0.0
llama3-8b,memit,counterfact,14,efficacy,diff,pre,-0.2270207222136591
llama3-8b,memit,counterfact,14,efficacy,acc,pre,0.0
llama3-8b,memit,counterfact,14,generalisation,success,pre,0.0
llama3-8b,memit,counterfact,14,generalisation,diff,pre,-0.0006849199989256033
llama3-8b,memit,counterfact,14,generalisation,acc,pre,0.0
llama3-8b,memit,counterfact,14,specificity,success,pre,0.1
llama3-8b,memit,counterfact,14,specificity,diff,pre,-0.3052785462286574
llama3-8b,memit,counterfact,14,specificity,acc,pre,0.4
llama3-8b,memit,counterfact,14,target_close_neighbour,success,pre,1.0
llama3-8b,memit,counterfact,14,target_close_neighbour,diff,pre,0.3020740417667754
llama3-8b,memit,counterfact,14,target_close_neighbour,acc,pre,0.5
llama3-8b,memit,counterfact,14,efficacy,success,post,0.0
llama3-8b,memit,counterfact,14,efficacy,diff,post,-0.027422011824949244
llama3-8b,memit,counterfact,14,efficacy,acc,post,0.0
llama3-8b,memit,counterfact,14,generalisation,success,post,0.5
llama3-8b,memit,counterfact,14,generalisation,diff,post,-0.0004885336037034891
llama3-8b,memit,counterfact,14,generalisation,acc,post,0.0
llama3-8b,memit,counterfact,14,specificity,success,post,0.1
llama3-8b,memit,counterfact,14,specificity,diff,post,-0.2818581423142909
llama3-8b,memit,counterfact,14,specificity,acc,post,0.4
llama3-8b,memit,counterfact,14,target_close_neighbour,success,post,1.0
llama3-8b,memit,counterfact,14,target_close_neighbour,diff,post,0.3056898442609478
llama3-8b,memit,counterfact,14,target_close_neighbour,acc,post,0.5
llama3-8b,memit,counterfact,15,efficacy,success,pre,1.0
llama3-8b,memit,counterfact,15,efficacy,diff,pre,0.0032849151404813195
llama3-8b,memit,counterfact,15,efficacy,acc,pre,0.0
llama3-8b,memit,counterfact,15,generalisation,success,pre,1.0
llama3-8b,memit,counterfact,15,generalisation,diff,pre,0.0324307563785914
llama3-8b,memit,counterfact,15,generalisation,acc,pre,0.0
llama3-8b,memit,counterfact,15,specificity,success,pre,0.1
llama3-8b,memit,counterfact,15,specificity,diff,pre,-0.025877013623734135
llama3-8b,memit,counterfact,15,specificity,acc,pre,0.1
llama3-8b,memit,counterfact,15,target_close_neighbour,success,pre,1.0
llama3-8b,memit,counterfact,15,target_close_neighbour,diff,pre,0.08354599683812979
llama3-8b,memit,counterfact,15,target_close_neighbour,acc,pre,0.0
llama3-8b,memit,counterfact,15,efficacy,success,post,1.0
llama3-8b,memit,counterfact,15,efficacy,diff,post,0.24559733402179518
llama3-8b,memit,counterfact,15,efficacy,acc,post,0.0
llama3-8b,memit,counterfact,15,generalisation,success,post,1.0
llama3-8b,memit,counterfact,15,generalisation,diff,post,0.30178026289884435
llama3-8b,memit,counterfact,15,generalisation,acc,post,0.5
llama3-8b,memit,counterfact,15,specificity,success,post,0.1
llama3-8b,memit,counterfact,15,specificity,diff,post,-0.021731879968549157
llama3-8b,memit,counterfact,15,specificity,acc,post,0.0
llama3-8b,memit,counterfact,15,target_close_neighbour,success,post,1.0
llama3-8b,memit,counterfact,15,target_close_neighbour,diff,post,0.10651499410452003
llama3-8b,memit,counterfact,15,target_close_neighbour,acc,post,0.0
llama3-8b,memit,counterfact,16,efficacy,success,pre,0.0
llama3-8b,memit,counterfact,16,efficacy,diff,pre,-0.005661749346807574
llama3-8b,memit,counterfact,16,efficacy,acc,pre,0.0
llama3-8b,memit,counterfact,16,generalisation,success,pre,0.0
llama3-8b,memit,counterfact,16,generalisation,diff,pre,-0.0005179367371406391
llama3-8b,memit,counterfact,16,generalisation,acc,pre,0.0
llama3-8b,memit,counterfact,16,specificity,success,pre,0.1
llama3-8b,memit,counterfact,16,specificity,diff,pre,-0.0034820292324989266
llama3-8b,memit,counterfact,16,specificity,acc,pre,0.0
llama3-8b,memit,counterfact,16,target_close_neighbour,success,pre,0.6
llama3-8b,memit,counterfact,16,target_close_neighbour,diff,pre,0.0007354153000161868
llama3-8b,memit,counterfact,16,target_close_neighbour,acc,pre,0.0
llama3-8b,memit,counterfact,16,efficacy,success,post,1.0
llama3-8b,memit,counterfact,16,efficacy,diff,post,0.5493194479223193
llama3-8b,memit,counterfact,16,efficacy,acc,post,1.0
llama3-8b,memit,counterfact,16,generalisation,success,post,0.5
llama3-8b,memit,counterfact,16,generalisation,diff,post,-0.0003206648551323404
llama3-8b,memit,counterfact,16,generalisation,acc,post,0.0
llama3-8b,memit,counterfact,16,specificity,success,post,0.3
llama3-8b,memit,counterfact,16,specificity,diff,post,-0.00501364420120005
llama3-8b,memit,counterfact,16,specificity,acc,post,0.0
llama3-8b,memit,counterfact,16,target_close_neighbour,success,post,0.8
llama3-8b,memit,counterfact,16,target_close_neighbour,diff,post,0.003867946824146136
llama3-8b,memit,counterfact,16,target_close_neighbour,acc,post,0.0
llama3-8b,memit,counterfact,17,efficacy,success,pre,0.0
llama3-8b,memit,counterfact,17,efficacy,diff,pre,-0.3707596616578545
llama3-8b,memit,counterfact,17,efficacy,acc,pre,0.0
llama3-8b,memit,counterfact,17,generalisation,success,pre,0.0
llama3-8b,memit,counterfact,17,generalisation,diff,pre,-0.15754122972028944
llama3-8b,memit,counterfact,17,generalisation,acc,pre,0.0
llama3-8b,memit,counterfact,17,specificity,success,pre,0.0
llama3-8b,memit,counterfact,17,specificity,diff,pre,-0.6451198259109139
llama3-8b,memit,counterfact,17,specificity,acc,pre,1.0
llama3-8b,memit,counterfact,17,target_close_neighbour,success,pre,1.0
llama3-8b,memit,counterfact,17,target_close_neighbour,diff,pre,0.2383702543420824
llama3-8b,memit,counterfact,17,target_close_neighbour,acc,pre,0.6
llama3-8b,memit,counterfact,17,efficacy,success,post,0.0
llama3-8b,memit,counterfact,17,efficacy,diff,post,-0.2187551295090611
llama3-8b,memit,counterfact,17,efficacy,acc,post,0.0
llama3-8b,memit,counterfact,17,generalisation,success,post,0.0
llama3-8b,memit,counterfact,17,generalisation,diff,post,-0.12010855511439318
llama3-8b,memit,counterfact,17,generalisation,acc,post,0.0
llama3-8b,memit,counterfact,17,specificity,success,post,0.0
llama3-8b,memit,counterfact,17,specificity,diff,post,-0.652619160329666
llama3-8b,memit,counterfact,17,specificity,acc,post,1.0
llama3-8b,memit,counterfact,17,target_close_neighbour,success,post,1.0
llama3-8b,memit,counterfact,17,target_close_neighbour,diff,post,0.2427041847995713
llama3-8b,memit,counterfact,17,target_close_neighbour,acc,post,0.6
llama3-8b,memit,counterfact,18,efficacy,success,pre,0.0
llama3-8b,memit,counterfact,18,efficacy,diff,pre,-0.05819476078424384
llama3-8b,memit,counterfact,18,efficacy,acc,pre,0.0
llama3-8b,memit,counterfact,18,generalisation,success,pre,0.0
llama3-8b,memit,counterfact,18,generalisation,diff,pre,-0.18286880998509839
llama3-8b,memit,counterfact,18,generalisation,acc,pre,0.0
llama3-8b,memit,counterfact,18,specificity,success,pre,0.0
llama3-8b,memit,counterfact,18,specificity,diff,pre,-0.38453830048649895
llama3-8b,memit,counterfact,18,specificity,acc,pre,0.7
llama3-8b,memit,counterfact,18,target_close_neighbour,success,pre,1.0
llama3-8b,memit,counterfact,18,target_close_neighbour,diff,pre,0.34218972517705104
llama3-8b,memit,counterfact,18,target_close_neighbour,acc,pre,0.7
llama3-8b,memit,counterfact,18,efficacy,success,post,0.0
llama3-8b,memit,counterfact,18,efficacy,diff,post,-0.05225767522675528
llama3-8b,memit,counterfact,18,efficacy,acc,post,0.0
llama3-8b,memit,counterfact,18,generalisation,success,post,0.0
llama3-8b,memit,counterfact,18,generalisation,diff,post,-0.1007099755272994
llama3-8b,memit,counterfact,18,generalisation,acc,post,0.0
llama3-8b,memit,counterfact,18,specificity,success,post,0.0
llama3-8b,memit,counterfact,18,specificity,diff,post,-0.376423991884544
llama3-8b,memit,counterfact,18,specificity,acc,post,0.7
llama3-8b,memit,counterfact,18,target_close_neighbour,success,post,1.0
llama3-8b,memit,counterfact,18,target_close_neighbour,diff,post,0.35784242930770266
llama3-8b,memit,counterfact,18,target_close_neighbour,acc,post,0.7
llama3-8b,memit,counterfact,19,efficacy,success,pre,0.0
llama3-8b,memit,counterfact,19,efficacy,diff,pre,-0.0002030993803782868
llama3-8b,memit,counterfact,19,efficacy,acc,pre,0.0
llama3-8b,memit,counterfact,19,generalisation,success,pre,0.0
llama3-8b,memit,counterfact,19,generalisation,diff,pre,-0.00018884578047464196
llama3-8b,memit,counterfact,19,generalisation,acc,pre,0.0
llama3-8b,memit,counterfact,19,specificity,success,pre,0.0
llama3-8b,memit,counterfact,19,specificity,diff,pre,-0.03572608312087734
llama3-8b,memit,counterfact,19,specificity,acc,pre,0.1
llama3-8b,memit,counterfact,19,target_close_neighbour,success,pre,0.8
llama3-8b,memit,counterfact,19,target_close_neighbour,diff,pre,0.020635466256338518
llama3-8b,memit,counterfact,19,target_close_neighbour,acc,pre,0.0
llama3-8b,memit,counterfact,19,efficacy,success,post,1.0
llama3-8b,memit,counterfact,19,efficacy,diff,post,0.12352916979601986
llama3-8b,memit,counterfact,19,efficacy,acc,post,0.0
llama3-8b,memit,counterfact,19,generalisation,success,post,1.0
llama3-8b,memit,counterfact,19,generalisation,diff,post,0.08435940724609046
llama3-8b,memit,counterfact,19,generalisation,acc,post,0.0
llama3-8b,memit,counterfact,19,specificity,success,post,0.0
llama3-8b,memit,counterfact,19,specificity,diff,post,-0.04213951281060334
llama3-8b,memit,counterfact,19,specificity,acc,post,0.1
llama3-8b,memit,counterfact,19,target_close_neighbour,success,post,0.8
llama3-8b,memit,counterfact,19,target_close_neighbour,diff,post,0.02244591439647827
llama3-8b,memit,counterfact,19,target_close_neighbour,acc,post,0.0
llama3-8b,memit,zsre,zsre_row0,efficacy,success,pre,1.0
llama3-8b,memit,zsre,zsre_row0,efficacy,diff,pre,0.0369414045465265
llama3-8b,memit,zsre,zsre_row0,efficacy,acc,pre,0.0
llama3-8b,memit,zsre,zsre_row0,generalisation,success,pre,1.0
llama3-8b,memit,zsre,zsre_row0,generalisation,diff,pre,0.016267404748743455
llama3-8b,memit,zsre,zsre_row0,generalisation,acc,pre,0.0
llama3-8b,memit,zsre,zsre_row0,specificity,success,pre,0.0
llama3-8b,memit,zsre,zsre_row0,specificity,diff,pre,-0.00038704909303236695
llama3-8b,memit,zsre,zsre_row0,specificity,acc,pre,0.0
llama3-8b,memit,zsre,zsre_row0,efficacy,success,post,1.0
llama3-8b,memit,zsre,zsre_row0,efficacy,diff,post,0.10842057827356821
llama3-8b,memit,zsre,zsre_row0,efficacy,acc,post,0.0
llama3-8b,memit,zsre,zsre_row0,generalisation,success,post,1.0
llama3-8b,memit,zsre,zsre_row0,generalisation,diff,post,0.08030914299631124
llama3-8b,memit,zsre,zsre_row0,generalisation,acc,post,0.0
llama3-8b,memit,zsre,zsre_row0,specificity,success,post,0.0
llama3-8b,memit,zsre,zsre_row0,specificity,diff,post,-0.0003533746955039496
llama3-8b,memit,zsre,zsre_row0,specificity,acc,post,0.0
llama3-8b,memit,zsre,zsre_row1,efficacy,success,pre,0.0
llama3-8b,memit,zsre,zsre_row1,efficacy,diff,pre,-0.1378009694705405
llama3-8b,memit,zsre,zsre_row1,efficacy,acc,pre,0.0
llama3-8b,memit,zsre,zsre_row1,generalisation,success,pre,0.0
llama3-8b,memit,zsre,zsre_row1,generalisation,diff,pre,-0.1258746068663492
llama3-8b,memit,zsre,zsre_row1,generalisation,acc,pre,0.0
llama3-8b,memit,zsre,zsre_row1,specificity,success,pre,0.0
llama3-8b,memit,zsre,zsre_row1,specificity,diff,pre,-0.0034145509734565573
llama3-8b,memit,zsre,zsre_row1,specificity,acc,pre,0.0
llama3-8b,memit,zsre,zsre_row1,efficacy,success,post,1.0
llama3-8b,memit,zsre,zsre_row1,efficacy,diff,post,0.04958157242225522
llama3-8b,memit,zsre,zsre_row1,efficacy,acc,post,0.0
llama3-8b,memit,zsre,zsre_row1,generalisation,success,post,0.0
llama3-8b,memit,zsre,zsre_row1,generalisation,diff,post,-0.07992006667321462
llama3-8b,memit,zsre,zsre_row1,generalisation,acc,post,0.0
llama3-8b,memit,zsre,zsre_row1,specificity,success,post,0.0
llama3-8b,memit,zsre,zsre_row1,specificity,diff,post,-0.003406506512149903
llama3-8b,memit,zsre,zsre_row1,specificity,acc,post,0.0
llama3-8b,memit,zsre,zsre_row2,efficacy,success,pre,1.0
llama3-8b,memit,zsre,zsre_row2,efficacy,diff,pre,1.208607070673092e-06
llama3-8b,memit,zsre,zsre_row2,efficacy,acc,pre,0.0
llama3-8b,memit,zsre,zsre_row2,generalisation,success,pre,0.0
llama3-8b,memit,zsre,zsre_row2,generalisation,diff,pre,-3.4509760115199677e-06
llama3-8b,memit,zsre,zsre_row2,generalisation,acc,pre,0.0
llama3-8b,memit,zsre,zsre_row2,specificity,success,pre,0.0
llama3-8b,memit,zsre,zsre_row2,specificity,diff,pre,-0.004027526213683726
llama3-8b,memit,zsre,zsre_row2,specificity,acc,pre,0.0
llama3-8b,memit,zsre,zsre_row2,efficacy,success,post,1.0
llama3-8b,memit,zsre,zsre_row2,efficacy,diff,post,8.369747286474541e-06
llama3-8b,memit,zsre,zsre_row2,efficacy,acc,post,0.0
llama3-8b,memit,zsre,zsre_row2,generalisation,success,post,1.0
llama3-8b,memit,zsre,zsre_row2,generalisation,diff,post,4.196056776763277e-05
llama3-8b,memit,zsre,zsre_row2,generalisation,acc,post,0.0
llama3-8b,memit,zsre,zsre_row2,specificity,success,post,0.0
llama3-8b,memit,zsre,zsre_row2,specificity,diff,post,-0.004052843951290267
llama3-8b,memit,zsre,zsre_row2,specificity,acc,post,0.0
llama3-8b,memit,zsre,zsre_row3,efficacy,success,pre,0.0
llama3-8b,memit,zsre,zsre_row3,efficacy,diff,pre,-0.058418318212685255
llama3-8b,memit,zsre,zsre_row3,efficacy,acc,pre,0.0
llama3-8b,memit,zsre,zsre_row3,generalisation,success,pre,0.0
llama3-8b,memit,zsre,zsre_row3,generalisation,diff,pre,-0.11300777712207462
llama3-8b,memit,zsre,zsre_row3,generalisation,acc,pre,0.0
llama3-8b,memit,zsre,zsre_row3,specificity,success,pre,1.0
llama3-8b,memit,zsre,zsre_row3,specificity,diff,pre,0.0058963752025680315
llama3-8b,memit,zsre,zsre_row3,specificity,acc,pre,0.0
llama3-8b,memit,zsre,zsre_row3,efficacy,success,post,1.0
llama3-8b,memit,zsre,zsre_row3,efficacy,diff,post,0.05774273761629145
llama3-8b,memit,zsre,zsre_row3,efficacy,acc,post,0.0
llama3-8b,memit,zsre,zsre_row3,generalisation,success,post,1.0
llama3-8b,memit,zsre,zsre_row3,generalisation,diff,post,0.11085940360629984
llama3-8b,memit,zsre,zsre_row3,generalisation,acc,post,0.0
llama3-8b,memit,zsre,zsre_row3,specificity,success,post,1.0
llama3-8b,memit,zsre,zsre_row3,specificity,diff,post,0.006257019507151418
llama3-8b,memit,zsre,zsre_row3,specificity,acc,post,0.0
llama3-8b,memit,zsre,zsre_row4,efficacy,success,pre,0.0
llama3-8b,memit,zsre,zsre_row4,efficacy,diff,pre,-0.14452349405602496
llama3-8b,memit,zsre,zsre_row4,efficacy,acc,pre,0.0
llama3-8b,memit,zsre,zsre_row4,generalisation,success,pre,0.0
llama3-8b,memit,zsre,zsre_row4,generalisation,diff,pre,-0.14434793225138798
llama3-8b,memit,zsre,zsre_row4,generalisation,acc,pre,0.0
llama3-8b,memit,zsre,zsre_row4,specificity,success,pre,0.0
llama3-8b,memit,zsre,zsre_row4,specificity,diff,pre,-0.013939163292535884
llama3-8b,memit,zsre,zsre_row4,specificity,acc,pre,0.0
llama3-8b,memit,zsre,zsre_row4,efficacy,success,post,0.0
llama3-8b,memit,zsre,zsre_row4,efficacy,diff,post,-0.13950491256086614
llama3-8b,memit,zsre,zsre_row4,efficacy,acc,post,0.0
llama3-8b,memit,zsre,zsre_row4,generalisation,success,post,0.0
llama3-8b,memit,zsre,zsre_row4,generalisation,diff,post,-0.14096316088871816
llama3-8b,memit,zsre,zsre_row4,generalisation,acc,post,0.0
llama3-8b,memit,zsre,zsre_row4,specificity,success,post,0.0
llama3-8b,memit,zsre,zsre_row4,specificity,diff,post,-0.01378588008774863
llama3-8b,memit,zsre,zsre_row4,specificity,acc,post,0.0
llama3-8b,memit,zsre,zsre_row5,efficacy,success,pre,0.0
llama3-8b,memit,zsre,zsre_row5,efficacy,diff,pre,-0.01714010637398808
llama3-8b,memit,zsre,zsre_row5,efficacy,acc,pre,0.0
llama3-8b,memit,zsre,zsre_row5,generalisation,success,pre,0.0
llama3-8b,memit,zsre,zsre_row5,generalisation,diff,pre,-0.005500530224067074
llama3-8b,memit,zsre,zsre_row5,generalisation,acc,pre,0.0
llama3-8b,memit,zsre,zsre_row5,specificity,success,pre,1.0
llama3-8b,memit,zsre,zsre_row5,specificity,diff,pre,0.03307465135036847
llama3-8b,memit,zsre,zsre_row5,specificity,acc,pre,0.0
llama3-8b,memit,zsre,zsre_row5,efficacy,success,post,1.0
llama3-8b,memit,zsre,zsre_row5,efficacy,diff,post,0.10898708117162748
llama3-8b,memit,zsre,zsre_row5,efficacy,acc,post,0.0
llama3-8b,memit,zsre,zsre_row5,generalisation,success,post,1.0
llama3-8b,memit,zsre,zsre_row5,generalisation,diff,post,0.042638571899481476
llama3-8b,memit,zsre,zsre_row5,generalisation,acc,post,0.0
llama3-8b,memit,zsre,zsre_row5,specificity,success,post,1.0
llama3-8b,memit,zsre,zsre_row5,specificity,diff,post,0.033748950421426005
llama3-8b,memit,zsre,zsre_row5,specificity,acc,post,0.0
llama3-8b,memit,zsre,zsre_row6,efficacy,success,pre,0.0
llama3-8b,memit,zsre,zsre_row6,efficacy,diff,pre,-0.07983376846632695
llama3-8b,memit,zsre,zsre_row6,efficacy,acc,pre,0.0
llama3-8b,memit,zsre,zsre_row6,generalisation,success,pre,0.0
llama3-8b,memit,zsre,zsre_row6,generalisation,diff,pre,-0.08749358988444648
llama3-8b,memit,zsre,zsre_row6,generalisation,acc,pre,0.0
llama3-8b,memit,zsre,zsre_row6,specificity,success,pre,1.0
llama3-8b,memit,zsre,zsre_row6,specificity,diff,pre,0.0027106652333898826
llama3-8b,memit,zsre,zsre_row6,specificity,acc,pre,0.0
llama3-8b,memit,zsre,zsre_row6,efficacy,success,post,1.0
llama3-8b,memit,zsre,zsre_row6,efficacy,diff,post,0.0948355192411611
llama3-8b,memit,zsre,zsre_row6,efficacy,acc,post,0.0
llama3-8b,memit,zsre,zsre_row6,generalisation,success,post,1.0
llama3-8b,memit,zsre,zsre_row6,generalisation,diff,post,0.09605315023543476
llama3-8b,memit,zsre,zsre_row6,generalisation,acc,post,0.0
llama3-8b,memit,zsre,zsre_row6,specificity,success,post,1.0
llama3-8b,memit,zsre,zsre_row6,specificity,diff,post,0.002802732977108325
llama3-8b,memit,zsre,zsre_row6,specificity,acc,post,0.0
llama3-8b,memit,zsre,zsre_row7,efficacy,success,pre,0.0
llama3-8b,memit,zsre,zsre_row7,efficacy,diff,pre,-0.015310232954961728
llama3-8b,memit,zsre,zsre_row7,efficacy,acc,pre,0.0
llama3-8b,memit,zsre,zsre_row7,generalisation,success,pre,0.0
llama3-8b,memit,zsre,zsre_row7,generalisation,diff,pre,-0.012536400552686677
llama3-8b,memit,zsre,zsre_row7,generalisation,acc,pre,0.0
llama3-8b,memit,zsre,zsre_row7,specificity,success,pre,1.0
llama3-8b,memit,zsre,zsre_row7,specificity,diff,pre,0.03498771949102448
llama3-8b,memit,zsre,zsre_row7,specificity,acc,pre,0.0
llama3-8b,memit,zsre,zsre_row7,efficacy,success,post,0.0
llama3-8b,memit,zsre,zsre_row7,efficacy,diff,post,-0.041354434989885946
llama3-8b,memit,zsre,zsre_row7,efficacy,acc,post,0.0
llama3-8b,memit,zsre,zsre_row7,generalisation,success,post,1.0
llama3-8b,memit,zsre,zsre_row7,generalisation,diff,post,0.02178082113328661
llama3-8b,memit,zsre,zsre_row7,generalisation,acc,post,0.0
llama3-8b,memit,zsre,zsre_row7,specificity,success,post,1.0
llama3-8b,memit,zsre,zsre_row7,specificity,diff,post,0.035615483703207454
llama3-8b,memit,zsre,zsre_row7,specificity,acc,post,0.0
llama3-8b,memit,zsre,zsre_row8,efficacy,success,pre,0.0
llama3-8b,memit,zsre,zsre_row8,efficacy,diff,pre,-0.00010769521459616516
llama3-8b,memit,zsre,zsre_row8,efficacy,acc,pre,0.0
llama3-8b,memit,zsre,zsre_row8,generalisation,success,pre,0.0
llama3-8b,memit,zsre,zsre_row8,generalisation,diff,pre,-0.036994891683474515
llama3-8b,memit,zsre,zsre_row8,generalisation,acc,pre,0.0
llama3-8b,memit,zsre,zsre_row8,specificity,success,pre,0.0
llama3-8b,memit,zsre,zsre_row8,specificity,diff,pre,-0.12258019460058633
llama3-8b,memit,zsre,zsre_row8,specificity,acc,pre,0.0
llama3-8b,memit,zsre,zsre_row8,efficacy,success,post,1.0
llama3-8b,memit,zsre,zsre_row8,efficacy,diff,post,0.04192114828164048
llama3-8b,memit,zsre,zsre_row8,efficacy,acc,post,0.0
llama3-8b,memit,zsre,zsre_row8,generalisation,success,post,1.0
llama3-8b,memit,zsre,zsre_row8,generalisation,diff,post,0.011270598323868564
llama3-8b,memit,zsre,zsre_row8,generalisation,acc,post,0.0
llama3-8b,memit,zsre,zsre_row8,specificity,success,post,0.0
llama3-8b,memit,zsre,zsre_row8,specificity,diff,post,-0.12330029326641345
llama3-8b,memit,zsre,zsre_row8,specificity,acc,post,0.0
llama3-8b,memit,zsre,zsre_row9,efficacy,success,pre,0.0
llama3-8b,memit,zsre,zsre_row9,efficacy,diff,pre,-0.10639787555064878
llama3-8b,memit,zsre,zsre_row9,efficacy,acc,pre,0.0
llama3-8b,memit,zsre,zsre_row9,generalisation,success,pre,0.0
llama3-8b,memit,zsre,zsre_row9,generalisation,diff,pre,-0.10585412219267243
llama3-8b,memit,zsre,zsre_row9,generalisation,acc,pre,0.0
llama3-8b,memit,zsre,zsre_row9,specificity,success,pre,0.0
llama3-8b,memit,zsre,zsre_row9,specificity,diff,pre,-0.04588601092720199
llama3-8b,memit,zsre,zsre_row9,specificity,acc,pre,0.0
llama3-8b,memit,zsre,zsre_row9,efficacy,success,post,0.0
llama3-8b,memit,zsre,zsre_row9,efficacy,diff,post,-0.01910618320301423
llama3-8b,memit,zsre,zsre_row9,efficacy,acc,post,0.0
llama3-8b,memit,zsre,zsre_row9,generalisation,success,post,0.0
llama3-8b,memit,zsre,zsre_row9,generalisation,diff,post,-0.01018821839640699
llama3-8b,memit,zsre,zsre_row9,generalisation,acc,post,0.0
llama3-8b,memit,zsre,zsre_row9,specificity,success,post,0.0
llama3-8b,memit,zsre,zsre_row9,specificity,diff,post,-0.04646164705476369
llama3-8b,memit,zsre,zsre_row9,specificity,acc,post,0.0
llama3-8b,memit,zsre,zsre_row10,efficacy,success,pre,0.0
llama3-8b,memit,zsre,zsre_row10,efficacy,diff,pre,-0.0005690876525228668
llama3-8b,memit,zsre,zsre_row10,efficacy,acc,pre,0.0
llama3-8b,memit,zsre,zsre_row10,generalisation,success,pre,0.0
llama3-8b,memit,zsre,zsre_row10,generalisation,diff,pre,-0.00045502218099259463
llama3-8b,memit,zsre,zsre_row10,generalisation,acc,pre,0.0
llama3-8b,memit,zsre,zsre_row10,specificity,success,pre,0.0
llama3-8b,memit,zsre,zsre_row10,specificity,diff,pre,-0.16608364779017085
llama3-8b,memit,zsre,zsre_row10,specificity,acc,pre,0.0
llama3-8b,memit,zsre,zsre_row10,efficacy,success,post,0.0
llama3-8b,memit,zsre,zsre_row10,efficacy,diff,post,-0.009402638824126867
llama3-8b,memit,zsre,zsre_row10,efficacy,acc,post,0.0
llama3-8b,memit,zsre,zsre_row10,generalisation,success,post,0.0
llama3-8b,memit,zsre,zsre_row10,generalisation,diff,post,-0.006669410796216933
llama3-8b,memit,zsre,zsre_row10,generalisation,acc,post,0.0
llama3-8b,memit,zsre,zsre_row10,specificity,success,post,0.0
llama3-8b,memit,zsre,zsre_row10,specificity,diff,post,-0.16603094405671365
llama3-8b,memit,zsre,zsre_row10,specificity,acc,post,0.0
llama3-8b,memit,zsre,zsre_row11,efficacy,success,pre,1.0
llama3-8b,memit,zsre,zsre_row11,efficacy,diff,pre,0.0027464665229877294
llama3-8b,memit,zsre,zsre_row11,efficacy,acc,pre,0.0
llama3-8b,memit,zsre,zsre_row11,generalisation,success,pre,1.0
llama3-8b,memit,zsre,zsre_row11,generalisation,diff,pre,0.010568825803775227
llama3-8b,memit,zsre,zsre_row11,generalisation,acc,pre,0.0
llama3-8b,memit,zsre,zsre_row11,specificity,success,pre,0.0
llama3-8b,memit,zsre,zsre_row11,specificity,diff,pre,-2.3515984405746745e-05
llama3-8b,memit,zsre,zsre_row11,specificity,acc,pre,0.0
llama3-8b,memit,zsre,zsre_row11,efficacy,success,post,1.0
llama3-8b,memit,zsre,zsre_row11,efficacy,diff,post,0.009072191741702984
llama3-8b,memit,zsre,zsre_row11,efficacy,acc,post,0.0
llama3-8b,memit,zsre,zsre_row11,generalisation,success,post,1.0
llama3-8b,memit,zsre,zsre_row11,generalisation,diff,post,0.012880406751062225
llama3-8b,memit,zsre,zsre_row11,generalisation,acc,post,0.0
llama3-8b,memit,zsre,zsre_row11,specificity,success,post,0.0
llama3-8b,memit,zsre,zsre_row11,specificity,diff,post,-2.5937512169131832e-05
llama3-8b,memit,zsre,zsre_row11,specificity,acc,post,0.0
llama3-8b,memit,zsre,zsre_row12,efficacy,success,pre,1.0
llama3-8b,memit,zsre,zsre_row12,efficacy,diff,pre,0.0028851335304826064
llama3-8b,memit,zsre,zsre_row12,efficacy,acc,pre,0.0
llama3-8b,memit,zsre,zsre_row12,generalisation,success,pre,1.0
llama3-8b,memit,zsre,zsre_row12,generalisation,diff,pre,0.005366487392739844
llama3-8b,memit,zsre,zsre_row12,generalisation,acc,pre,0.0
llama3-8b,memit,zsre,zsre_row12,specificity,success,pre,0.0
llama3-8b,memit,zsre,zsre_row12,specificity,diff,pre,-0.09930802533112151
llama3-8b,memit,zsre,zsre_row12,specificity,acc,pre,0.0
llama3-8b,memit,zsre,zsre_row12,efficacy,success,post,1.0
llama3-8b,memit,zsre,zsre_row12,efficacy,diff,post,0.2384560779814114
llama3-8b,memit,zsre,zsre_row12,efficacy,acc,post,0.0
llama3-8b,memit,zsre,zsre_row12,generalisation,success,post,1.0
llama3-8b,memit,zsre,zsre_row12,generalisation,diff,post,0.006451858678618276
llama3-8b,memit,zsre,zsre_row12,generalisation,acc,post,0.0
llama3-8b,memit,zsre,zsre_row12,specificity,success,post,0.0
llama3-8b,memit,zsre,zsre_row12,specificity,diff,post,-0.09835994535483707
llama3-8b,memit,zsre,zsre_row12,specificity,acc,post,0.0
llama3-8b,memit,zsre,zsre_row13,efficacy,success,pre,1.0
llama3-8b,memit,zsre,zsre_row13,efficacy,diff,pre,0.01718035087800542
llama3-8b,memit,zsre,zsre_row13,efficacy,acc,pre,0.0
llama3-8b,memit,zsre,zsre_row13,generalisation,success,pre,1.0
llama3-8b,memit,zsre,zsre_row13,generalisation,diff,pre,0.014862361905989904
llama3-8b,memit,zsre,zsre_row13,generalisation,acc,pre,0.0
llama3-8b,memit,zsre,zsre_row13,specificity,success,pre,0.0
llama3-8b,memit,zsre,zsre_row13,specificity,diff,pre,-0.019696072748152913
llama3-8b,memit,zsre,zsre_row13,specificity,acc,pre,0.0
llama3-8b,memit,zsre,zsre_row13,efficacy,success,post,1.0
llama3-8b,memit,zsre,zsre_row13,efficacy,diff,post,0.025346265962965762
llama3-8b,memit,zsre,zsre_row13,efficacy,acc,post,0.0
llama3-8b,memit,zsre,zsre_row13,generalisation,success,post,1.0
llama3-8b,memit,zsre,zsre_row13,generalisation,diff,post,0.01844191334380944
llama3-8b,memit,zsre,zsre_row13,generalisation,acc,post,0.0
llama3-8b,memit,zsre,zsre_row13,specificity,success,post,0.0
llama3-8b,memit,zsre,zsre_row13,specificity,diff,post,-0.019799278731026396
llama3-8b,memit,zsre,zsre_row13,specificity,acc,post,0.0
llama3-8b,memit,zsre,zsre_row14,efficacy,success,pre,1.0
llama3-8b,memit,zsre,zsre_row14,efficacy,diff,pre,0.004082436509511506
llama3-8b,memit,zsre,zsre_row14,efficacy,acc,pre,0.0
llama3-8b,memit,zsre,zsre_row14,generalisation,success,pre,1.0
llama3-8b,memit,zsre,zsre_row14,generalisation,diff,pre,0.0070041884879246995
llama3-8b,memit,zsre,zsre_row14,generalisation,acc,pre,0.0
llama3-8b,memit,zsre,zsre_row14,specificity,success,pre,0.0
llama3-8b,memit,zsre,zsre_row14,specificity,diff,pre,-0.9187573760873677
llama3-8b,memit,zsre,zsre_row14,specificity,acc,pre,1.0
llama3-8b,memit,zsre,zsre_row14,efficacy,success,post,1.0
llama3-8b,memit,zsre,zsre_row14,efficacy,diff,post,0.12535814492032307
llama3-8b,memit,zsre,zsre_row14,efficacy,acc,post,0.0
llama3-8b,memit,zsre,zsre_row14,generalisation,success,post,1.0
llama3-8b,memit,zsre,zsre_row14,generalisation,diff,post,0.031990184469727394
llama3-8b,memit,zsre,zsre_row14,generalisation,acc,post,0.0
llama3-8b,memit,zsre,zsre_row14,specificity,success,post,0.0
llama3-8b,memit,zsre,zsre_row14,specificity,diff,post,-0.9188820697862913
llama3-8b,memit,zsre,zsre_row14,specificity,acc,post,1.0
llama3-8b,memit,zsre,zsre_row15,efficacy,success,pre,1.0
llama3-8b,memit,zsre,zsre_row15,efficacy,diff,pre,0.03240450293919638
llama3-8b,memit,zsre,zsre_row15,efficacy,acc,pre,0.0
llama3-8b,memit,zsre,zsre_row15,generalisation,success,pre,1.0
llama3-8b,memit,zsre,zsre_row15,generalisation,diff,pre,0.00737901116939809
llama3-8b,memit,zsre,zsre_row15,generalisation,acc,pre,0.0
llama3-8b,memit,zsre,zsre_row15,specificity,success,pre,0.0
llama3-8b,memit,zsre,zsre_row15,specificity,diff,pre,-0.01974578510116906
llama3-8b,memit,zsre,zsre_row15,specificity,acc,pre,0.0
llama3-8b,memit,zsre,zsre_row15,efficacy,success,post,1.0
llama3-8b,memit,zsre,zsre_row15,efficacy,diff,post,0.1666341904789998
llama3-8b,memit,zsre,zsre_row15,efficacy,acc,post,0.0
llama3-8b,memit,zsre,zsre_row15,generalisation,success,post,1.0
llama3-8b,memit,zsre,zsre_row15,generalisation,diff,post,0.018918386872451565
llama3-8b,memit,zsre,zsre_row15,generalisation,acc,post,0.0
llama3-8b,memit,zsre,zsre_row15,specificity,success,post,0.0
llama3-8b,memit,zsre,zsre_row15,specificity,diff,post,-0.02013824764482096
llama3-8b,memit,zsre,zsre_row15,specificity,acc,post,0.0
llama3-8b,memit,zsre,zsre_row16,efficacy,success,pre,1.0
llama3-8b,memit,zsre,zsre_row16,efficacy,diff,pre,0.018966116185248693
llama3-8b,memit,zsre,zsre_row16,efficacy,acc,pre,0.0
llama3-8b,memit,zsre,zsre_row16,generalisation,success,pre,1.0
llama3-8b,memit,zsre,zsre_row16,generalisation,diff,pre,0.017105515755022893
llama3-8b,memit,zsre,zsre_row16,generalisation,acc,pre,0.0
llama3-8b,memit,zsre,zsre_row16,specificity,success,pre,0.0
llama3-8b,memit,zsre,zsre_row16,specificity,diff,pre,-0.09245596372738317
llama3-8b,memit,zsre,zsre_row16,specificity,acc,pre,0.0
llama3-8b,memit,zsre,zsre_row16,efficacy,success,post,1.0
llama3-8b,memit,zsre,zsre_row16,efficacy,diff,post,0.023833952843753094
llama3-8b,memit,zsre,zsre_row16,efficacy,acc,post,0.0
llama3-8b,memit,zsre,zsre_row16,generalisation,success,post,1.0
llama3-8b,memit,zsre,zsre_row16,generalisation,diff,post,0.023315832783976278
llama3-8b,memit,zsre,zsre_row16,generalisation,acc,post,0.0
llama3-8b,memit,zsre,zsre_row16,specificity,success,post,0.0
llama3-8b,memit,zsre,zsre_row16,specificity,diff,post,-0.0925241296435617
llama3-8b,memit,zsre,zsre_row16,specificity,acc,post,0.0
llama3-8b,memit,zsre,zsre_row17,efficacy,success,pre,1.0
llama3-8b,memit,zsre,zsre_row17,efficacy,diff,pre,0.007300494180903171
llama3-8b,memit,zsre,zsre_row17,efficacy,acc,pre,0.0
llama3-8b,memit,zsre,zsre_row17,generalisation,success,pre,1.0
llama3-8b,memit,zsre,zsre_row17,generalisation,diff,pre,0.0027689164354286113
llama3-8b,memit,zsre,zsre_row17,generalisation,acc,pre,0.0
llama3-8b,memit,zsre,zsre_row17,specificity,success,pre,0.0
llama3-8b,memit,zsre,zsre_row17,specificity,diff,pre,-0.0024025830768946224
llama3-8b,memit,zsre,zsre_row17,specificity,acc,pre,0.0
llama3-8b,memit,zsre,zsre_row17,efficacy,success,post,1.0
llama3-8b,memit,zsre,zsre_row17,efficacy,diff,post,0.2631161363072974
llama3-8b,memit,zsre,zsre_row17,efficacy,acc,post,0.0
llama3-8b,memit,zsre,zsre_row17,generalisation,success,post,1.0
llama3-8b,memit,zsre,zsre_row17,generalisation,diff,post,0.013675478661662813
llama3-8b,memit,zsre,zsre_row17,generalisation,acc,post,0.0
llama3-8b,memit,zsre,zsre_row17,specificity,success,post,0.0
llama3-8b,memit,zsre,zsre_row17,specificity,diff,post,-0.0022635757277065195
llama3-8b,memit,zsre,zsre_row17,specificity,acc,post,0.0
llama3-8b,memit,zsre,zsre_row18,efficacy,success,pre,1.0
llama3-8b,memit,zsre,zsre_row18,efficacy,diff,pre,0.08684317121127196
llama3-8b,memit,zsre,zsre_row18,efficacy,acc,pre,0.0
llama3-8b,memit,zsre,zsre_row18,generalisation,success,pre,1.0
llama3-8b,memit,zsre,zsre_row18,generalisation,diff,pre,0.0805338390728148
llama3-8b,memit,zsre,zsre_row18,generalisation,acc,pre,0.0
llama3-8b,memit,zsre,zsre_row18,specificity,success,pre,1.0
llama3-8b,memit,zsre,zsre_row18,specificity,diff,pre,0.00048408661281819614
llama3-8b,memit,zsre,zsre_row18,specificity,acc,pre,0.0
llama3-8b,memit,zsre,zsre_row18,efficacy,success,post,1.0
llama3-8b,memit,zsre,zsre_row18,efficacy,diff,post,0.5512091795405032
llama3-8b,memit,zsre,zsre_row18,efficacy,acc,post,0.0
llama3-8b,memit,zsre,zsre_row18,generalisation,success,post,1.0
llama3-8b,memit,zsre,zsre_row18,generalisation,diff,post,0.07300175876004879
llama3-8b,memit,zsre,zsre_row18,generalisation,acc,post,0.0
llama3-8b,memit,zsre,zsre_row18,specificity,success,post,1.0
llama3-8b,memit,zsre,zsre_row18,specificity,diff,post,0.0004728806262302555
llama3-8b,memit,zsre,zsre_row18,specificity,acc,post,0.0
llama3-8b,memit,zsre,zsre_row19,efficacy,success,pre,0.0
llama3-8b,memit,zsre,zsre_row19,efficacy,diff,pre,-0.03419375466191363
llama3-8b,memit,zsre,zsre_row19,efficacy,acc,pre,0.0
llama3-8b,memit,zsre,zsre_row19,generalisation,success,pre,0.0
llama3-8b,memit,zsre,zsre_row19,generalisation,diff,pre,-0.02360428600517984
llama3-8b,memit,zsre,zsre_row19,generalisation,acc,pre,0.0
llama3-8b,memit,zsre,zsre_row19,specificity,success,pre,1.0
llama3-8b,memit,zsre,zsre_row19,specificity,diff,pre,0.00013076837963757812
llama3-8b,memit,zsre,zsre_row19,specificity,acc,pre,0.0
llama3-8b,memit,zsre,zsre_row19,efficacy,success,post,0.0
llama3-8b,memit,zsre,zsre_row19,efficacy,diff,post,-0.012580912415277035
llama3-8b,memit,zsre,zsre_row19,efficacy,acc,post,0.0
llama3-8b,memit,zsre,zsre_row19,generalisation,success,post,0.0
llama3-8b,memit,zsre,zsre_row19,generalisation,diff,post,-0.008325097663670308
llama3-8b,memit,zsre,zsre_row19,generalisation,acc,post,0.0
llama3-8b,memit,zsre,zsre_row19,specificity,success,post,1.0
llama3-8b,memit,zsre,zsre_row19,specificity,diff,post,0.0001269993929410291
llama3-8b,memit,zsre,zsre_row19,specificity,acc,post,0.0
llama3-8b,rome,counterfact,0,efficacy,success,pre,0.0
llama3-8b,rome,counterfact,0,efficacy,diff,pre,-0.554447759264991
llama3-8b,rome,counterfact,0,efficacy,acc,pre,0.0
llama3-8b,rome,counterfact,0,generalisation,success,pre,0.0
llama3-8b,rome,counterfact,0,generalisation,diff,pre,-0.017276258042719
llama3-8b,rome,counterfact,0,generalisation,acc,pre,0.0
llama3-8b,rome,counterfact,0,specificity,success,pre,0.0
llama3-8b,rome,counterfact,0,specificity,diff,pre,-0.3691831430535373
llama3-8b,rome,counterfact,0,specificity,acc,pre,0.5
llama3-8b,rome,counterfact,0,target_close_neighbour,success,pre,1.0
llama3-8b,rome,counterfact,0,target_close_neighbour,diff,pre,0.13501298562453548
llama3-8b,rome,counterfact,0,target_close_neighbour,acc,pre,0.4
llama3-8b,rome,counterfact,0,efficacy,success,post,1.0
llama3-8b,rome,counterfact,0,efficacy,diff,post,0.00014772407376202344
llama3-8b,rome,counterfact,0,efficacy,acc,post,0.0
llama3-8b,rome,counterfact,0,generalisation,success,post,0.5
llama3-8b,rome,counterfact,0,generalisation,diff,post,-1.2639880188951637e-05
llama3-8b,rome,counterfact,0,generalisation,acc,post,0.0
llama3-8b,rome,counterfact,0,specificity,success,post,0.0
llama3-8b,rome,counterfact,0,specificity,diff,post,-0.3131692156854906
llama3-8b,rome,counterfact,0,specificity,acc,post,0.4
llama3-8b,rome,counterfact,0,target_close_neighbour,success,post,1.0
llama3-8b,rome,counterfact,0,target_close_neighbour,diff,post,0.12124722668619803
llama3-8b,rome,counterfact,0,target_close_neighbour,acc,post,0.4
llama3-8b,rome,counterfact,1,efficacy,success,pre,0.0
llama3-8b,rome,counterfact,1,efficacy,diff,pre,-0.15195808065583227
llama3-8b,rome,counterfact,1,efficacy,acc,pre,0.0
llama3-8b,rome,counterfact,1,generalisation,success,pre,0.0
llama3-8b,rome,counterfact,1,generalisation,diff,pre,-0.03057342970014454
llama3-8b,rome,counterfact,1,generalisation,acc,pre,0.0
llama3-8b,rome,counterfact,1,specificity,success,pre,0.4
llama3-8b,rome,counterfact,1,specificity,diff,pre,-0.007853033098426339
llama3-8b,rome,counterfact,1,specificity,acc,pre,0.0
llama3-8b,rome,counterfact,1,target_close_neighbour,success,pre,1.0
llama3-8b,rome,counterfact,1,target_close_neighbour,diff,pre,0.12185462705339314
llama3-8b,rome,counterfact,1,target_close_neighbour,acc,pre,0.2
llama3-8b,rome,counterfact,1,efficacy,success,post,0.0
llama3-8b,rome,counterfact,1,efficacy,diff,post,-0.00026973804497487116
llama3-8b,rome,counterfact,1,efficacy,acc,post,0.0
llama3-8b,rome,counterfact,1,generalisation,success,post,0.0
llama3-8b,rome,counterfact,1,generalisation,diff,post,-0.002160618270173172
llama3-8b,rome,counterfact,1,generalisation,acc,post,0.0
llama3-8b,rome,counterfact,1,specificity,success,post,0.4
llama3-8b,rome,counterfact,1,specificity,diff,post,-0.007666222503814345
llama3-8b,rome,counterfact,1,specificity,acc,post,0.0
llama3-8b,rome,counterfact,1,target_close_neighbour,success,post,1.0
llama3-8b,rome,counterfact,1,target_close_neighbour,diff,post,0.12027852297063797
llama3-8b,rome,counterfact,1,target_close_neighbour,acc,post,0.2
llama3-8b,rome,counterfact,2,efficacy,success,pre,1.0
llama3-8b,rome,counterfact,2,efficacy,diff,pre,2.1259822173694097e-05
llama3-8b,rome,counterfact,2,efficacy,acc,pre,0.0
llama3-8b,rome,counterfact,2,generalisation,success,pre,1.0
llama3-8b,rome,counterfact,2,generalisation,diff,pre,0.041588110685158136
llama3-8b,rome,counterfact,2,generalisation,acc,pre,0.5
llama3-8b,rome,counterfact,2,specificity,success,pre,0.6
llama3-8b,rome,counterfact,2,specificity,diff,pre,-0.016179983789135374
llama3-8b,rome,counterfact,2,specificity,acc,pre,0.2
llama3-8b,rome,counterfact,2,target_close_neighbour,success,pre,1.0
llama3-8b,rome,counterfact,2,target_close_neighbour,diff,pre,0.11117857836485087
llama3-8b,rome,counterfact,2,target_close_neighbour,acc,pre,0.6
llama3-8b,rome,counterfact,2,efficacy,success,post,1.0
llama3-8b,rome,counterfact,2,efficacy,diff,post,2.517829693274138e-07
llama3-8b,rome,counterfact,2,efficacy,acc,post,0.0
llama3-8b,rome,counterfact,2,generalisation,success,post,1.0
llama3-8b,rome,counterfact,2,generalisation,diff,post,0.0001066696661646642
llama3-8b,rome,counterfact,2,generalisation,acc,post,0.0
llama3-8b,rome,counterfact,2,specificity,success,post,0.6
llama3-8b,rome,counterfact,2,specificity,diff,post,-0.016431921228551152
llama3-8b,rome,counterfact,2,specificity,acc,post,0.2
llama3-8b,rome,counterfact,2,target_close_neighbour,success,post,1.0
llama3-8b,rome,counterfact,2,target_close_neighbour,diff,post,0.11047757722195395
llama3-8b,rome,counterfact,2,target_close_neighbour,acc,post,0.6
llama3-8b,rome,counterfact,3,efficacy,success,pre,0.0
llama3-8b,rome,counterfact,3,efficacy,diff,pre,-0.1697459130973153
llama3-8b,rome,counterfact,3,efficacy,acc,pre,0.0
llama3-8b,rome,counterfact,3,generalisation,success,pre,0.0
llama3-8b,rome,counterfact,3,generalisation,diff,pre,-0.13498591406009813
llama3-8b,rome,counterfact,3,generalisation,acc,pre,0.0
llama3-8b,rome,counterfact,3,specificity,success,pre,0.3
llama3-8b,rome,counterfact,3,specificity,diff,pre,-0.03252874393447408
llama3-8b,rome,counterfact,3,specificity,acc,pre,0.0
llama3-8b,rome,counterfact,3,target_close_neighbour,success,pre,1.0
llama3-8b,rome,counterfact,3,target_close_neighbour,diff,pre,0.1456747153974075
llama3-8b,rome,counterfact,3,target_close_neighbour,acc,pre,0.1
llama3-8b,rome,counterfact,3,efficacy,success,post,1.0
llama3-8b,rome,counterfact,3,efficacy,diff,post,1.8308747850598364e-08
llama3-8b,rome,counterfact,3,efficacy,acc,post,0.0
llama3-8b,rome,counterfact,3,generalisation,success,post,1.0
llama3-8b,rome,counterfact,3,generalisation,diff,post,1.6003388418766367e-06
llama3-8b,rome,counterfact,3,generalisation,acc,post,0.0
llama3-8b,rome,counterfact,3,specificity,success,post,0.3
llama3-8b,rome,counterfact,3,specificity,diff,post,-0.03066869775553565
llama3-8b,rome,counterfact,3,specificity,acc,post,0.0
llama3-8b,rome,counterfact,3,target_close_neighbour,success,post,1.0
llama3-8b,rome,counterfact,3,target_close_neighbour,diff,post,0.13683343891190256
llama3-8b,rome,counterfact,3,target_close_neighbour,acc,post,0.1
llama3-8b,rome,counterfact,4,efficacy,success,pre,0.0
llama3-8b,rome,counterfact,4,efficacy,diff,pre,-2.2771917746545605e-05
llama3-8b,rome,counterfact,4,efficacy,acc,pre,0.0
llama3-8b,rome,counterfact,4,generalisation,success,pre,0.0
llama3-8b,rome,counterfact,4,generalisation,diff,pre,-1.0676113748920616e-05
llama3-8b,rome,counterfact,4,generalisation,acc,pre,0.0
llama3-8b,rome,counterfact,4,specificity,success,pre,0.2
llama3-8b,rome,counterfact,4,specificity,diff,pre,-0.00018899709688531834
llama3-8b,rome,counterfact,4,specificity,acc,pre,0.0
llama3-8b,rome,counterfact,4,target_close_neighbour,success,pre,0.9
llama3-8b,rome,counterfact,4,target_close_neighbour,diff,pre,0.001214846095154634
llama3-8b,rome,counterfact,4,target_close_neighbour,acc,pre,0.0
llama3-8b,rome,counterfact,4,efficacy,success,post,0.0
llama3-8b,rome,counterfact,4,efficacy,diff,post,-8.378233000053183e-09
llama3-8b,rome,counterfact,4,efficacy,acc,post,0.0
llama3-8b,rome,counterfact,4,generalisation,success,post,0.0
llama3-8b,rome,counterfact,4,generalisation,diff,post,-2.391602428393991e-05
llama3-8b,rome,counterfact,4,generalisation,acc,post,0.0
llama3-8b,rome,counterfact,4,specificity,success,post,0.1
llama3-8b,rome,counterfact,4,specificity,diff,post,-0.0006722196370959074
llama3-8b,rome,counterfact,4,specificity,acc,post,0.0
llama3-8b,rome,counterfact,4,target_close_neighbour,success,post,0.8
llama3-8b,rome,counterfact,4,target_close_neighbour,diff,post,0.0008307422131219367
llama3-8b,rome,counterfact,4,target_close_neighbour,acc,post,0.0
llama3-8b,rome,counterfact,5,efficacy,success,pre,0.0
llama3-8b,rome,counterfact,5,efficacy,diff,pre,-0.23859706235086905
llama3-8b,rome,counterfact,5,efficacy,acc,pre,0.0
llama3-8b,rome,counterfact,5,generalisation,success,pre,0.0
llama3-8b,rome,counterfact,5,generalisation,diff,pre,-0.0033263543810262315
llama3-8b,rome,counterfact,5,generalisation,acc,pre,0.0
llama3-8b,rome,counterfact,5,specificity,success,pre,0.0
llama3-8b,rome,counterfact,5,specificity,diff,pre,-0.34807936519738975
llama3-8b,rome,counterfact,5,specificity,acc,pre,0.8
llama3-8b,rome,counterfact,5,target_close_neighbour,success,pre,1.0
llama3-8b,rome,counterfact,5,target_close_neighbour,diff,pre,0.20361480595863046
llama3-8b,rome,counterfact,5,target_close_neighbour,acc,pre,0.6
llama3-8b,rome,counterfact,5,efficacy,success,post,0.0
llama3-8b,rome,counterfact,5,efficacy,diff,post,-8.71213409456475e-08
llama3-8b,rome,counterfact,5,efficacy,acc,post,0.0
llama3-8b,rome,counterfact,5,generalisation,success,post,0.5
llama3-8b,rome,counterfact,5,generalisation,diff,post,-5.550325118063565e-05
llama3-8b,rome,counterfact,5,generalisation,acc,post,0.0
llama3-8b,rome,counterfact,5,specificity,success,post,0.0
llama3-8b,rome,counterfact,5,specificity,diff,post,-0.35855112434503267
llama3-8b,rome,counterfact,5,specificity,acc,post,0.9
llama3-8b,rome,counterfact,5,target_close_neighbour,success,post,1.0
llama3-8b,rome,counterfact,5,target_close_neighbour,diff,post,0.20326249441597377
llama3-8b,rome,counterfact,5,target_close_neighbour,acc,post,0.6
llama3-8b,rome,counterfact,6,efficacy,success,pre,0.0
llama3-8b,rome,counterfact,6,efficacy,diff,pre,-0.1418292168418608
llama3-8b,rome,counterfact,6,efficacy,acc,pre,0.0
llama3-8b,rome,counterfact,6,generalisation,success,pre,0.0
llama3-8b,rome,counterfact,6,generalisation,diff,pre,-0.12972441527154552
llama3-8b,rome,counterfact,6,generalisation,acc,pre,0.0
llama3-8b,rome,counterfact,6,specificity,success,pre,0.1
llama3-8b,rome,counterfact,6,specificity,diff,pre,-0.2690972620928476
llama3-8b,rome,counterfact,6,specificity,acc,pre,0.3
llama3-8b,rome,counterfact,6,target_close_neighbour,success,pre,1.0
llama3-8b,rome,counterfact,6,target_close_neighbour,diff,pre,0.05435788907233334
llama3-8b,rome,counterfact,6,target_close_neighbour,acc,pre,0.1
llama3-8b,rome,counterfact,6,efficacy,success,post,0.0
llama3-8b,rome,counterfact,6,efficacy,diff,post,-4.493951632395557e-06
llama3-8b,rome,counterfact,6,efficacy,acc,post,0.0
llama3-8b,rome,counterfact,6,generalisation,success,post,0.0
llama3-8b,rome,counterfact,6,generalisation,diff,post,-0.023337966330304025
llama3-8b,rome,counterfact,6,generalisation,acc,post,0.0
llama3-8b,rome,counterfact,6,specificity,success,post,0.1
llama3-8b,rome,counterfact,6,specificity,diff,post,-0.07902351384293985
llama3-8b,rome,counterfact,6,specificity,acc,post,0.0
llama3-8b,rome,counterfact,6,target_close_neighbour,success,post,1.0
llama3-8b,rome,counterfact,6,target_close_neighbour,diff,post,0.053001739025116054
llama3-8b,rome,counterfact,6,target_close_neighbour,acc,post,0.0
llama3-8b,rome,counterfact,7,efficacy,success,pre,0.0
llama3-8b,rome,counterfact,7,efficacy,diff,pre,-0.23381086366473497
llama3-8b,rome,counterfact,7,efficacy,acc,pre,0.0
llama3-8b,rome,counterfact,7,generalisation,success,pre,0.0
llama3-8b,rome,counterfact,7,generalisation,diff,pre,-0.3262829215707285
llama3-8b,rome,counterfact,7,generalisation,acc,pre,0.0
llama3-8b,rome,counterfact,7,specificity,success,pre,0.0
llama3-8b,rome,counterfact,7,specificity,diff,pre,-0.32324565157269936
llama3-8b,rome,counterfact,7,specificity,acc,pre,0.7
llama3-8b,rome,counterfact,7,target_close_neighbour,success,pre,1.0
llama3-8b,rome,counterfact,7,target_close_neighbour,diff,pre,0.7259143307481835
llama3-8b,rome,counterfact,7,target_close_neighbour,acc,pre,1.0
llama3-8b,rome,counterfact,7,efficacy,success,post,1.0
llama3-8b,rome,counterfact,7,efficacy,diff,post,9.039648268023355e-07
llama3-8b,rome,counterfact,7,efficacy,acc,post,0.0
llama3-8b,rome,counterfact,7,generalisation,success,post,1.0
llama3-8b,rome,counterfact,7,generalisation,diff,post,0.000360069105575698
llama3-8b,rome,counterfact,7,generalisation,acc,post,0.0
llama3-8b,rome,counterfact,7,specificity,success,post,0.0
llama3-8b,rome,counterfact,7,specificity,diff,post,-0.3208685525673089
llama3-8b,rome,counterfact,7,specificity,acc,post,0.7
llama3-8b,rome,counterfact,7,target_close_neighbour,success,post,1.0
llama3-8b,rome,counterfact,7,target_close_neighbour,diff,post,0.7189459476275835
llama3-8b,rome,counterfact,7,target_close_neighbour,acc,post,1.0
llama3-8b,rome,counterfact,8,efficacy,success,pre,0.0
llama3-8b,rome,counterfact,8,efficacy,diff,pre,-0.0033796680716253946
llama3-8b,rome,counterfact,8,efficacy,acc,pre,0.0
llama3-8b,rome,counterfact,8,generalisation,success,pre,0.0
llama3-8b,rome,counterfact,8,generalisation,diff,pre,-0.00092254115164388
llama3-8b,rome,counterfact,8,generalisation,acc,pre,0.0
llama3-8b,rome,counterfact,8,specificity,success,pre,0.0
llama3-8b,rome,counterfact,8,specificity,diff,pre,-0.00031942647830782855
llama3-8b,rome,counterfact,8,specificity,acc,pre,0.0
llama3-8b,rome,counterfact,8,target_close_neighbour,success,pre,0.3
llama3-8b,rome,counterfact,8,target_close_neighbour,diff,pre,0.0009765999807356297
llama3-8b,rome,counterfact,8,target_close_neighbour,acc,pre,0.0
llama3-8b,rome,counterfact,8,efficacy,success,post,0.0
llama3-8b,rome,counterfact,8,efficacy,diff,post,-4.392040288227362e-08
llama3-8b,rome,counterfact,8,efficacy,acc,post,0.0
llama3-8b,rome,counterfact,8,generalisation,success,post,0.0
llama3-8b,rome,counterfact,8,generalisation,diff,post,-0.00026611245039157076
llama3-8b,rome,counterfact,8,generalisation,acc,post,0.0
llama3-8b,rome,counterfact,8,specificity,success,post,0.0
llama3-8b,rome,counterfact,8,specificity,diff,post,-0.00042397213779403275
llama3-8b,rome,counterfact,8,specificity,acc,post,0.0
llama3-8b,rome,counterfact,8,target_close_neighbour,success,post,0.3
llama3-8b,rome,counterfact,8,target_close_neighbour,diff,post,0.00099942157502286
llama3-8b,rome,counterfact,8,target_close_neighbour,acc,post,0.0
llama3-8b,rome,counterfact,9,efficacy,success,pre,0.0
llama3-8b,rome,counterfact,9,efficacy,diff,pre,-0.002164662599860645
llama3-8b,rome,counterfact,9,efficacy,acc,pre,0.0
llama3-8b,rome,counterfact,9,generalisation,success,pre,0.0
llama3-8b,rome,counterfact,9,generalisation,diff,pre,-0.005177490762780812
llama3-8b,rome,counterfact,9,generalisation,acc,pre,0.0
llama3-8b,rome,counterfact,9,specificity,success,pre,0.0
llama3-8b,rome,counterfact,9,specificity,diff,pre,-0.09732540950541006
llama3-8b,rome,counterfact,9,specificity,acc,pre,0.2
llama3-8b,rome,counterfact,9,target_close_neighbour,success,pre,0.7
llama3-8b,rome,counterfact,9,target_close_neighbour,diff,pre,0.003477227967008019
llama3-8b,rome,counterfact,9,target_close_neighbour,acc,pre,0.0
llama3-8b,rome,counterfact,9,efficacy,success,post,0.0
llama3-8b,rome,counterfact,9,efficacy,diff,post,-3.372129900748651e-06
llama3-8b,rome,counterfact,9,efficacy,acc,post,0.0
llama3-8b,rome,counterfact,9,generalisation,success,post,0.5
llama3-8b,rome,counterfact,9,generalisation,diff,post,-0.00019002453248214966
llama3-8b,rome,counterfact,9,generalisation,acc,post,0.0
llama3-8b,rome,counterfact,9,specificity,success,post,0.0
llama3-8b,rome,counterfact,9,specificity,diff,post,-0.09700152834312813
llama3-8b,rome,counterfact,9,specificity,acc,post,0.2
llama3-8b,rome,counterfact,9,target_close_neighbour,success,post,0.7
llama3-8b,rome,counterfact,9,target_close_neighbour,diff,post,0.0038409306966486053
llama3-8b,rome,counterfact,9,target_close_neighbour,acc,post,0.0
llama3-8b,rome,counterfact,10,efficacy,success,pre,0.0
llama3-8b,rome,counterfact,10,efficacy,diff,pre,-0.03642312345846917
llama3-8b,rome,counterfact,10,efficacy,acc,pre,0.0
llama3-8b,rome,counterfact,10,generalisation,success,pre,0.0
llama3-8b,rome,counterfact,10,generalisation,diff,pre,-0.023562893147986312
llama3-8b,rome,counterfact,10,generalisation,acc,pre,0.0
llama3-8b,rome,counterfact,10,specificity,success,pre,0.0
llama3-8b,rome,counterfact,10,specificity,diff,pre,-0.09027259977370243
llama3-8b,rome,counterfact,10,specificity,acc,pre,0.0
llama3-8b,rome,counterfact,10,target_close_neighbour,success,pre,1.0
llama3-8b,rome,counterfact,10,target_close_neighbour,diff,pre,0.20986215546519665
llama3-8b,rome,counterfact,10,target_close_neighbour,acc,pre,0.4
llama3-8b,rome,counterfact,10,efficacy,success,post,0.0
llama3-8b,rome,counterfact,10,efficacy,diff,post,-5.761175394415849e-07
llama3-8b,rome,counterfact,10,efficacy,acc,post,0.0
llama3-8b,rome,counterfact,10,generalisation,success,post,0.0
llama3-8b,rome,counterfact,10,generalisation,diff,post,-0.0028644181950995395
llama3-8b,rome,counterfact,10,generalisation,acc,post,0.0
llama3-8b,rome,counterfact,10,specificity,success,post,0.0
llama3-8b,rome,counterfact,10,specificity,diff,post,-0.05303221284578852
llama3-8b,rome,counterfact,10,specificity,acc,post,0.0
llama3-8b,rome,counterfact,10,target_close_neighbour,success,post,1.0
llama3-8b,rome,counterfact,10,target_close_neighbour,diff,post,0.21390813026167493
llama3-8b,rome,counterfact,10,target_close_neighbour,acc,post,0.4
llama3-8b,rome,counterfact,11,efficacy,success,pre,1.0
llama3-8b,rome,counterfact,11,efficacy,diff,pre,0.003936489293233607
llama3-8b,rome,counterfact,11,efficacy,acc,pre,0.0
llama3-8b,rome,counterfact,11,generalisation,success,pre,0.5
llama3-8b,rome,counterfact,11,generalisation,diff,pre,-0.011503068362090321
llama3-8b,rome,counterfact,11,generalisation,acc,pre,0.0
llama3-8b,rome,counterfact,11,specificity,success,pre,0.6
llama3-8b,rome,counterfact,11,specificity,diff,pre,0.053595075173296036
llama3-8b,rome,counterfact,11,specificity,acc,pre,0.0
llama3-8b,rome,counterfact,11,target_close_neighbour,success,pre,1.0
llama3-8b,rome,counterfact,11,target_close_neighbour,diff,pre,0.05173514260274573
llama3-8b,rome,counterfact,11,target_close_neighbour,acc,pre,0.2
llama3-8b,rome,counterfact,11,efficacy,success,post,1.0
llama3-8b,rome,counterfact,11,efficacy,diff,post,5.8630510323679175e-08
llama3-8b,rome,counterfact,11,efficacy,acc,post,0.0
llama3-8b,rome,counterfact,11,generalisation,success,post,1.0
llama3-8b,rome,counterfact,11,generalisation,diff,post,0.001471495284873393
llama3-8b,rome,counterfact,11,generalisation,acc,post,0.0
llama3-8b,rome,counterfact,11,specificity,success,post,0.6
llama3-8b,rome,counterfact,11,specificity,diff,post,0.052193441831114684
llama3-8b,rome,counterfact,11,specificity,acc,post,0.0
llama3-8b,rome,counterfact,11,target_close_neighbour,success,post,1.0
llama3-8b,rome,counterfact,11,target_close_neighbour,diff,post,0.046314528409622656
llama3-8b,rome,counterfact,11,target_close_neighbour,acc,post,0.2
llama3-8b,rome,counterfact,12,efficacy,success,pre,0.0
llama3-8b,rome,counterfact,12,efficacy,diff,pre,-0.00023965774815557303
llama3-8b,rome,counterfact,12,efficacy,acc,pre,0.0
llama3-8b,rome,counterfact,12,generalisation,success,pre,0.0
llama3-8b,rome,counterfact,12,generalisation,diff,pre,-0.6860409690470783
llama3-8b,rome,counterfact,12,generalisation,acc,pre,0.0
llama3-8b,rome,counterfact,12,specificity,success,pre,0.0
llama3-8b,rome,counterfact,12,specificity,diff,pre,-0.28558442811006163
llama3-8b,rome,counterfact,12,specificity,acc,pre,0.4
llama3-8b,rome,counterfact,12,target_close_neighbour,success,pre,1.0
llama3-8b,rome,counterfact,12,target_close_neighbour,diff,pre,0.2060788197076256
llama3-8b,rome,counterfact,12,target_close_neighbour,acc,pre,0.4
llama3-8b,rome,counterfact,12,efficacy,success,post,0.0
llama3-8b,rome,counterfact,12,efficacy,diff,post,-3.9045076150930457e-07
llama3-8b,rome,counterfact,12,efficacy,acc,post,0.0
llama3-8b,rome,counterfact,12,generalisation,success,post,0.0
llama3-8b,rome,counterfact,12,generalisation,diff,post,-0.3392524143174374
llama3-8b,rome,counterfact,12,generalisation,acc,post,0.0
llama3-8b,rome,counterfact,12,specificity,success,post,0.0
llama3-8b,rome,counterfact,12,specificity,diff,post,-0.29094941654349527
llama3-8b,rome,counterfact,12,specificity,acc,post,0.4
llama3-8b,rome,counterfact,12,target_close_neighbour,success,post,1.0
llama3-8b,rome,counterfact,12,target_close_neighbour,diff,post,0.2091632836062801
llama3-8b,rome,counterfact,12,target_close_neighbour,acc,post,0.4
llama3-8b,rome,counterfact,13,efficacy,success,pre,0.0
llama3-8b,rome,counterfact,13,efficacy,diff,pre,-0.06392672464170512
llama3-8b,rome,counterfact,13,efficacy,acc,pre,0.0
llama3-8b,rome,counterfact,13,generalisation,success,pre,0.0
llama3-8b,rome,counterfact,13,generalisation,diff,pre,-0.10792271996068581
llama3-8b,rome,counterfact,13,generalisation,acc,pre,0.0
llama3-8b,rome,counterfact,13,specificity,success,pre,0.0
llama3-8b,rome,counterfact,13,specificity,diff,pre,-0.18839437365827258
llama3-8b,rome,counterfact,13,specificity,acc,pre,0.2
llama3-8b,rome,counterfact,13,target_close_neighbour,success,pre,1.0
llama3-8b,rome,counterfact,13,target_close_neighbour,diff,pre,0.5772169166091442
llama3-8b,rome,counterfact,13,target_close_neighbour,acc,pre,1.0
llama3-8b,rome,counterfact,13,efficacy,success,post,0.0
llama3-8b,rome,counterfact,13,efficacy,diff,post,-1.1682350035962512e-05
llama3-8b,rome,counterfact,13,efficacy,acc,post,0.0
llama3-8b,rome,counterfact,13,generalisation,success,post,0.0
llama3-8b,rome,counterfact,13,generalisation,diff,post,-0.0036104036356159365
llama3-8b,rome,counterfact,13,generalisation,acc,post,0.0
llama3-8b,rome,counterfact,13,specificity,success,post,0.0
llama3-8b,rome,counterfact,13,specificity,diff,post,-0.13110341294038547
llama3-8b,rome,counterfact,13,specificity,acc,post,0.2
llama3-8b,rome,counterfact,13,target_close_neighbour,success,post,1.0
llama3-8b,rome,counterfact,13,target_close_neighbour,diff,post,0.5721177260229899
llama3-8b,rome,counterfact,13,target_close_neighbour,acc,post,1.0
llama3-8b,rome,counterfact,14,efficacy,success,pre,0.0
llama3-8b,rome,counterfact,14,efficacy,diff,pre,-0.2270207222136591
llama3-8b,rome,counterfact,14,efficacy,acc,pre,0.0
llama3-8b,rome,counterfact,14,generalisation,success,pre,0.0
llama3-8b,rome,counterfact,14,generalisation,diff,pre,-0.0006849199989256033
llama3-8b,rome,counterfact,14,generalisation,acc,pre,0.0
llama3-8b,rome,counterfact,14,specificity,success,pre,0.1
llama3-8b,rome,counterfact,14,specificity,diff,pre,-0.3052785462286574
llama3-8b,rome,counterfact,14,specificity,acc,pre,0.4
llama3-8b,rome,counterfact,14,target_close_neighbour,success,pre,1.0
llama3-8b,rome,counterfact,14,target_close_neighbour,diff,pre,0.3020740417667754
llama3-8b,rome,counterfact,14,target_close_neighbour,acc,pre,0.5
llama3-8b,rome,counterfact,14,efficacy,success,post,0.0
llama3-8b,rome,counterfact,14,efficacy,diff,post,-1.737085631009742e-07
llama3-8b,rome,counterfact,14,efficacy,acc,post,0.0
llama3-8b,rome,counterfact,14,generalisation,success,post,0.0
llama3-8b,rome,counterfact,14,generalisation,diff,post,-0.0016761472306329756
llama3-8b,rome,counterfact,14,generalisation,acc,post,0.0
llama3-8b,rome,counterfact,14,specificity,success,post,0.1
llama3-8b,rome,counterfact,14,specificity,diff,post,-0.23181279303144717
llama3-8b,rome,counterfact,14,specificity,acc,post,0.4
llama3-8b,rome,counterfact,14,target_close_neighbour,success,post,1.0
llama3-8b,rome,counterfact,14,target_close_neighbour,diff,post,0.30775432297911404
llama3-8b,rome,counterfact,14,target_close_neighbour,acc,post,0.5
llama3-8b,rome,counterfact,15,efficacy,success,pre,1.0
llama3-8b,rome,counterfact,15,efficacy,diff,pre,0.0032849151404813195
llama3-8b,rome,counterfact,15,efficacy,acc,pre,0.0
llama3-8b,rome,counterfact,15,generalisation,success,pre,1.0
llama3-8b,rome,counterfact,15,generalisation,diff,pre,0.0324307563785914
llama3-8b,rome,counterfact,15,generalisation,acc,pre,0.0
llama3-8b,rome,counterfact,15,specificity,success,pre,0.1
llama3-8b,rome,counterfact,15,specificity,diff,pre,-0.025877013623734135
llama3-8b,rome,counterfact,15,specificity,acc,pre,0.1
llama3-8b,rome,counterfact,15,target_close_neighbour,success,pre,1.0
llama3-8b,rome,counterfact,15,target_close_neighbour,diff,pre,0.08354599683812979
llama3-8b,rome,counterfact,15,target_close_neighbour,acc,pre,0.0
llama3-8b,rome,counterfact,15,efficacy,success,post,1.0
llama3-8b,rome,counterfact,15,efficacy,diff,post,0.00040562909845223905
llama3-8b,rome,counterfact,15,efficacy,acc,post,0.0
llama3-8b,rome,counterfact,15,generalisation,success,post,1.0
llama3-8b,rome,counterfact,15,generalisation,diff,post,0.003954908628244134
llama3-8b,rome,counterfact,15,generalisation,acc,post,0.0
llama3-8b,rome,counterfact,15,specificity,success,post,0.1
llama3-8b,rome,counterfact,15,specificity,diff,post,-0.030363527939066833
llama3-8b,rome,counterfact,15,specificity,acc,post,0.1
llama3-8b,rome,counterfact,15,target_close_neighbour,success,post,1.0
llama3-8b,rome,counterfact,15,target_close_neighbour,diff,post,0.08591100520101945
llama3-8b,rome,counterfact,15,target_close_neighbour,acc,post,0.0
llama3-8b,rome,counterfact,16,efficacy,success,pre,0.0
llama3-8b,rome,counterfact,16,efficacy,diff,pre,-0.005661749346807574
llama3-8b,rome,counterfact,16,efficacy,acc,pre,0.0
llama3-8b,rome,counterfact,16,generalisation,success,pre,0.0
llama3-8b,rome,counterfact,16,generalisation,diff,pre,-0.0005179367371406391
llama3-8b,rome,counterfact,16,generalisation,acc,pre,0.0
llama3-8b,rome,counterfact,16,specificity,success,pre,0.1
llama3-8b,rome,counterfact,16,specificity,diff,pre,-0.0034820292324989266
llama3-8b,rome,counterfact,16,specificity,acc,pre,0.0
llama3-8b,rome,counterfact,16,target_close_neighbour,success,pre,0.6
llama3-8b,rome,counterfact,16,target_close_neighbour,diff,pre,0.0007354153000161868
llama3-8b,rome,counterfact,16,target_close_neighbour,acc,pre,0.0
llama3-8b,rome,counterfact,16,efficacy,success,post,1.0
llama3-8b,rome,counterfact,16,efficacy,diff,post,1.4611230585911852e-08
llama3-8b,rome,counterfact,16,efficacy,acc,post,0.0
llama3-8b,rome,counterfact,16,generalisation,success,post,0.5
llama3-8b,rome,counterfact,16,generalisation,diff,post,-1.164574676235792e-05
llama3-8b,rome,counterfact,16,generalisation,acc,post,0.0
llama3-8b,rome,counterfact,16,specificity,success,post,0.1
llama3-8b,rome,counterfact,16,specificity,diff,post,-0.0039626255627992985
llama3-8b,rome,counterfact,16,specificity,acc,post,0.0
llama3-8b,rome,counterfact,16,target_close_neighbour,success,post,0.6
llama3-8b,rome,counterfact,16,target_close_neighbour,diff,post,0.0012016893430945783
llama3-8b,rome,counterfact,16,target_close_neighbour,acc,post,0.0
llama3-8b,rome,counterfact,17,efficacy,success,pre,0.0
llama3-8b,rome,counterfact,17,efficacy,diff,pre,-0.3707596616578545
llama3-8b,rome,counterfact,17,efficacy,acc,pre,0.0
llama3-8b,rome,counterfact,17,generalisation,success,pre,0.0
llama3-8b,rome,counterfact,17,generalisation,diff,pre,-0.15754122972028944
llama3-8b,rome,counterfact,17,generalisation,acc,pre,0.0
llama3-8b,rome,counterfact,17,specificity,success,pre,0.0
llama3-8b,rome,counterfact,17,specificity,diff,pre,-0.6451198259109139
llama3-8b,rome,counterfact,17,specificity,acc,pre,1.0
llama3-8b,rome,counterfact,17,target_close_neighbour,success,pre,1.0
llama3-8b,rome,counterfact,17,target_close_neighbour,diff,pre,0.2383702543420824
llama3-8b,rome,counterfact,17,target_close_neighbour,acc,pre,0.6
llama3-8b,rome,counterfact,17,efficacy,success,post,0.0
llama3-8b,rome,counterfact,17,efficacy,diff,post,-3.4539550302076353e-06
llama3-8b,rome,counterfact,17,efficacy,acc,post,0.0
llama3-8b,rome,counterfact,17,generalisation,success,post,0.0
llama3-8b,rome,counterfact,17,generalisation,diff,post,-4.6295044877770624e-05
llama3-8b,rome,counterfact,17,generalisation,acc,post,0.0
llama3-8b,rome,counterfact,17,specificity,success,post,0.0
llama3-8b,rome,counterfact,17,specificity,diff,post,-0.6236936337298823
llama3-8b,rome,counterfact,17,specificity,acc,post,1.0
llama3-8b,rome,counterfact,17,target_close_neighbour,success,post,1.0
llama3-8b,rome,counterfact,17,target_close_neighbour,diff,post,0.23850091881742355
llama3-8b,rome,counterfact,17,target_close_neighbour,acc,post,0.6
llama3-8b,rome,counterfact,18,efficacy,success,pre,0.0
llama3-8b,rome,counterfact,18,efficacy,diff,pre,-0.05819476078424384
llama3-8b,rome,counterfact,18,efficacy,acc,pre,0.0
llama3-8b,rome,counterfact,18,generalisation,success,pre,0.0
llama3-8b,rome,counterfact,18,generalisation,diff,pre,-0.18286880998509839
llama3-8b,rome,counterfact,18,generalisation,acc,pre,0.0
llama3-8b,rome,counterfact,18,specificity,success,pre,0.0
llama3-8b,rome,counterfact,18,specificity,diff,pre,-0.38453830048649895
llama3-8b,rome,counterfact,18,specificity,acc,pre,0.7
llama3-8b,rome,counterfact,18,target_close_neighbour,success,pre,1.0
llama3-8b,rome,counterfact,18,target_close_neighbour,diff,pre,0.34218972517705104
llama3-8b,rome,counterfact,18,target_close_neighbour,acc,pre,0.7
llama3-8b,rome,counterfact,18,efficacy,success,post,0.0
llama3-8b,rome,counterfact,18,efficacy,diff,post,-1.247597847452209e-06
llama3-8b,rome,counterfact,18,efficacy,acc,post,0.0
llama3-8b,rome,counterfact,18,generalisation,success,post,0.0
llama3-8b,rome,counterfact,18,generalisation,diff,post,-0.0012846913828428418
llama3-8b,rome,counterfact,18,generalisation,acc,post,0.0
llama3-8b,rome,counterfact,18,specificity,success,post,0.0
llama3-8b,rome,counterfact,18,specificity,diff,post,-0.2451044122741203
llama3-8b,rome,counterfact,18,specificity,acc,post,0.5
llama3-8b,rome,counterfact,18,target_close_neighbour,success,post,1.0
llama3-8b,rome,counterfact,18,target_close_neighbour,diff,post,0.3334971148857563
llama3-8b,rome,counterfact,18,target_close_neighbour,acc,post,0.6
llama3-8b,rome,counterfact,19,efficacy,success,pre,0.0
llama3-8b,rome,counterfact,19,efficacy,diff,pre,-0.0002030993803782868
llama3-8b,rome,counterfact,19,efficacy,acc,pre,0.0
llama3-8b,rome,counterfact,19,generalisation,success,pre,0.0
llama3-8b,rome,counterfact,19,generalisation,diff,pre,-0.00018884578047464196
llama3-8b,rome,counterfact,19,generalisation,acc,pre,0.0
llama3-8b,rome,counterfact,19,specificity,success,pre,0.0
llama3-8b,rome,counterfact,19,specificity,diff,pre,-0.03572608312087734
llama3-8b,rome,counterfact,19,specificity,acc,pre,0.1
llama3-8b,rome,counterfact,19,target_close_neighbour,success,pre,0.8
llama3-8b,rome,counterfact,19,target_close_neighbour,diff,pre,0.020635466256338518
llama3-8b,rome,counterfact,19,target_close_neighbour,acc,pre,0.0
llama3-8b,rome,counterfact,19,efficacy,success,post,0.0
llama3-8b,rome,counterfact,19,efficacy,diff,post,-1.4932644295751699e-06
llama3-8b,rome,counterfact,19,efficacy,acc,post,0.0
llama3-8b,rome,counterfact,19,generalisation,success,post,0.0
llama3-8b,rome,counterfact,19,generalisation,diff,post,-1.1058795891319167e-06
llama3-8b,rome,counterfact,19,generalisation,acc,post,0.0
llama3-8b,rome,counterfact,19,specificity,success,post,0.0
llama3-8b,rome,counterfact,19,specificity,diff,post,-0.0358427042106987
llama3-8b,rome,counterfact,19,specificity,acc,post,0.1
llama3-8b,rome,counterfact,19,target_close_neighbour,success,post,0.8
llama3-8b,rome,counterfact,19,target_close_neighbour,diff,post,0.020251427251749176
llama3-8b,rome,counterfact,19,target_close_neighbour,acc,post,0.0
llama3-8b,rome,zsre,zsre_row0,efficacy,success,pre,1.0
llama3-8b,rome,zsre,zsre_row0,efficacy,diff,pre,0.0369414045465265
llama3-8b,rome,zsre,zsre_row0,efficacy,acc,pre,0.0
llama3-8b,rome,zsre,zsre_row0,generalisation,success,pre,1.0
llama3-8b,rome,zsre,zsre_row0,generalisation,diff,pre,0.016267404748743455
llama3-8b,rome,zsre,zsre_row0,generalisation,acc,pre,0.0
llama3-8b,rome,zsre,zsre_row0,specificity,success,pre,0.0
llama3-8b,rome,zsre,zsre_row0,specificity,diff,pre,-0.00038704909303236695
llama3-8b,rome,zsre,zsre_row0,specificity,acc,pre,0.0
llama3-8b,rome,zsre,zsre_row0,efficacy,success,post,1.0
llama3-8b,rome,zsre,zsre_row0,efficacy,diff,post,0.001135094039579427
llama3-8b,rome,zsre,zsre_row0,efficacy,acc,post,0.0
llama3-8b,rome,zsre,zsre_row0,generalisation,success,post,1.0
llama3-8b,rome,zsre,zsre_row0,generalisation,diff,post,0.0394073733872732
llama3-8b,rome,zsre,zsre_row0,generalisation,acc,post,0.0
llama3-8b,rome,zsre,zsre_row0,specificity,success,post,0.0
llama3-8b,rome,zsre,zsre_row0,specificity,diff,post,-9.038007968963134e-05
llama3-8b,rome,zsre,zsre_row0,specificity,acc,post,0.0
llama3-8b,rome,zsre,zsre_row1,efficacy,success,pre,0.0
llama3-8b,rome,zsre,zsre_row1,efficacy,diff,pre,-0.1378009694705405
llama3-8b,rome,zsre,zsre_row1,efficacy,acc,pre,0.0
llama3-8b,rome,zsre,zsre_row1,generalisation,success,pre,0.0
llama3-8b,rome,zsre,zsre_row1,generalisation,diff,pre,-0.1258746068663492
llama3-8b,rome,zsre,zsre_row1,generalisation,acc,pre,0.0
llama3-8b,rome,zsre,zsre_row1,specificity,success,pre,0.0
llama3-8b,rome,zsre,zsre_row1,specificity,diff,pre,-0.0034145509734565573
llama3-8b,rome,zsre,zsre_row1,specificity,acc,pre,0.0
llama3-8b,rome,zsre,zsre_row1,efficacy,success,post,0.0
llama3-8b,rome,zsre,zsre_row1,efficacy,diff,post,-0.0032147111340123315
llama3-8b,rome,zsre,zsre_row1,efficacy,acc,post,0.0
llama3-8b,rome,zsre,zsre_row1,generalisation,success,post,0.0
llama3-8b,rome,zsre,zsre_row1,generalisation,diff,post,-0.011165318002292651
llama3-8b,rome,zsre,zsre_row1,generalisation,acc,post,0.0
llama3-8b,rome,zsre,zsre_row1,specificity,success,post,0.0
llama3-8b,rome,zsre,zsre_row1,specificity,diff,post,-0.0032922307429401314
llama3-8b,rome,zsre,zsre_row1,specificity,acc,post,0.0
llama3-8b,rome,zsre,zsre_row2,efficacy,success,pre,1.0
llama3-8b,rome,zsre,zsre_row2,efficacy,diff,pre,1.208607070673092e-06
llama3-8b,rome,zsre,zsre_row2,efficacy,acc,pre,0.0
llama3-8b,rome,zsre,zsre_row2,generalisation,success,pre,0.0
llama3-8b,rome,zsre,zsre_row2,generalisation,diff,pre,-3.4509760115199677e-06
llama3-8b,rome,zsre,zsre_row2,generalisation,acc,pre,0.0
llama3-8b,rome,zsre,zsre_row2,specificity,success,pre,0.0
llama3-8b,rome,zsre,zsre_row2,specificity,diff,pre,-0.004027526213683726
llama3-8b,rome,zsre,zsre_row2,specificity,acc,pre,0.0
llama3-8b,rome,zsre,zsre_row2,efficacy,success,post,1.0
llama3-8b,rome,zsre,zsre_row2,efficacy,diff,post,6.973908196959846e-10
llama3-8b,rome,zsre,zsre_row2,efficacy,acc,post,0.0
llama3-8b,rome,zsre,zsre_row2,generalisation,success,post,0.0
llama3-8b,rome,zsre,zsre_row2,generalisation,diff,post,0.0
llama3-8b,rome,zsre,zsre_row2,generalisation,acc,post,0.0
llama3-8b,rome,zsre,zsre_row2,specificity,success,post,0.0
llama3-8b,rome,zsre,zsre_row2,specificity,diff,post,-0.004053182552448689
llama3-8b,rome,zsre,zsre_row2,specificity,acc,post,0.0
llama3-8b,rome,zsre,zsre_row3,efficacy,success,pre,0.0
llama3-8b,rome,zsre,zsre_row3,efficacy,diff,pre,-0.058418318212685255
llama3-8b,rome,zsre,zsre_row3,efficacy,acc,pre,0.0
llama3-8b,rome,zsre,zsre_row3,generalisation,success,pre,0.0
llama3-8b,rome,zsre,zsre_row3,generalisation,diff,pre,-0.11300777712207462
llama3-8b,rome,zsre,zsre_row3,generalisation,acc,pre,0.0
llama3-8b,rome,zsre,zsre_row3,specificity,success,pre,1.0
llama3-8b,rome,zsre,zsre_row3,specificity,diff,pre,0.0058963752025680315
llama3-8b,rome,zsre,zsre_row3,specificity,acc,pre,0.0
llama3-8b,rome,zsre,zsre_row3,efficacy,success,post,0.0
llama3-8b,rome,zsre,zsre_row3,efficacy,diff,post,-0.008139397398230311
llama3-8b,rome,zsre,zsre_row3,efficacy,acc,post,0.0
llama3-8b,rome,zsre,zsre_row3,generalisation,success,post,0.0
llama3-8b,rome,zsre,zsre_row3,generalisation,diff,post,-0.007766341365357816
llama3-8b,rome,zsre,zsre_row3,generalisation,acc,post,0.0
llama3-8b,rome,zsre,zsre_row3,specificity,success,post,1.0
llama3-8b,rome,zsre,zsre_row3,specificity,diff,post,0.00616088540975232
llama3-8b,rome,zsre,zsre_row3,specificity,acc,post,0.0
llama3-8b,rome,zsre,zsre_row4,efficacy,success,pre,0.0
llama3-8b,rome,zsre,zsre_row4,efficacy,diff,pre,-0.14452349405602496
llama3-8b,rome,zsre,zsre_row4,efficacy,acc,pre,0.0
llama3-8b,rome,zsre,zsre_row4,generalisation,success,pre,0.0
llama3-8b,rome,zsre,zsre_row4,generalisation,diff,pre,-0.14434793225138798
llama3-8b,rome,zsre,zsre_row4,generalisation,acc,pre,0.0
llama3-8b,rome,zsre,zsre_row4,specificity,success,pre,0.0
llama3-8b,rome,zsre,zsre_row4,specificity,diff,pre,-0.013939163292535884
llama3-8b,rome,zsre,zsre_row4,specificity,acc,pre,0.0
llama3-8b,rome,zsre,zsre_row4,efficacy,success,post,0.0
llama3-8b,rome,zsre,zsre_row4,efficacy,diff,post,-0.03588497895764387
llama3-8b,rome,zsre,zsre_row4,efficacy,acc,post,0.0
llama3-8b,rome,zsre,zsre_row4,generalisation,success,post,0.0
llama3-8b,rome,zsre,zsre_row4,generalisation,diff,post,-0.5064125251663311
llama3-8b,rome,zsre,zsre_row4,generalisation,acc,post,0.0
llama3-8b,rome,zsre,zsre_row4,specificity,success,post,0.0
llama3-8b,rome,zsre,zsre_row4,specificity,diff,post,-0.014037281015357875
llama3-8b,rome,zsre,zsre_row4,specificity,acc,post,0.0
llama3-8b,rome,zsre,zsre_row5,efficacy,success,pre,0.0
llama3-8b,rome,zsre,zsre_row5,efficacy,diff,pre,-0.01714010637398808
llama3-8b,rome,zsre,zsre_row5,efficacy,acc,pre,0.0
llama3-8b,rome,zsre,zsre_row5,generalisation,success,pre,0.0
llama3-8b,rome,zsre,zsre_row5,generalisation,diff,pre,-0.005500530224067074
llama3-8b,rome,zsre,zsre_row5,generalisation,acc,pre,0.0
llama3-8b,rome,zsre,zsre_row5,specificity,success,pre,1.0
llama3-8b,rome,zsre,zsre_row5,specificity,diff,pre,0.03307465135036847
llama3-8b,rome,zsre,zsre_row5,specificity,acc,pre,0.0
llama3-8b,rome,zsre,zsre_row5,efficacy,success,post,0.0
llama3-8b,rome,zsre,zsre_row5,efficacy,diff,post,-0.0034475478847615718
llama3-8b,rome,zsre,zsre_row5,efficacy,acc,post,0.0
llama3-8b,rome,zsre,zsre_row5,generalisation,success,post,1.0
llama3-8b,rome,zsre,zsre_row5,generalisation,diff,post,0.0004261856820988695
llama3-8b,rome,zsre,zsre_row5,generalisation,acc,post,0.0
llama3-8b,rome,zsre,zsre_row5,specificity,success,post,1.0
llama3-8b,rome,zsre,zsre_row5,specificity,diff,post,0.03261051684187017
llama3-8b,rome,zsre,zsre_row5,specificity,acc,post,0.0
llama3-8b,rome,zsre,zsre_row6,efficacy,success,pre,0.0
llama3-8b,rome,zsre,zsre_row6,efficacy,diff,pre,-0.07983376846632695
llama3-8b,rome,zsre,zsre_row6,efficacy,acc,pre,0.0
llama3-8b,rome,zsre,zsre_row6,generalisation,success,pre,0.0
llama3-8b,rome,zsre,zsre_row6,generalisation,diff,pre,-0.08749358988444648
llama3-8b,rome,zsre,zsre_row6,generalisation,acc,pre,0.0
llama3-8b,rome,zsre,zsre_row6,specificity,success,pre,1.0
llama3-8b,rome,zsre,zsre_row6,specificity,diff,pre,0.0027106652333898826
llama3-8b,rome,zsre,zsre_row6,specificity,acc,pre,0.0
llama3-8b,rome,zsre,zsre_row6,efficacy,success,post,0.0
llama3-8b,rome,zsre,zsre_row6,efficacy,diff,post,-0.026230208722093057
llama3-8b,rome,zsre,zsre_row6,efficacy,acc,post,0.0
llama3-8b,rome,zsre,zsre_row6,generalisation,success,post,0.0
llama3-8b,rome,zsre,zsre_row6,generalisation,diff,post,-0.029907822159370736
llama3-8b,rome,zsre,zsre_row6,generalisation,acc,post,0.0
llama3-8b,rome,zsre,zsre_row6,specificity,success,post,1.0
llama3-8b,rome,zsre,zsre_row6,specificity,diff,post,0.0027677897855076963
llama3-8b,rome,zsre,zsre_row6,specificity,acc,post,0.0
llama3-8b,rome,zsre,zsre_row7,efficacy,success,pre,0.0
llama3-8b,rome,zsre,zsre_row7,efficacy,diff,pre,-0.015310232954961728
llama3-8b,rome,zsre,zsre_row7,efficacy,acc,pre,0.0
llama3-8b,rome,zsre,zsre_row7,generalisation,success,pre,0.0
llama3-8b,rome,zsre,zsre_row7,generalisation,diff,pre,-0.012536400552686677
llama3-8b,rome,zsre,zsre_row7,generalisation,acc,pre,0.0
llama3-8b,rome,zsre,zsre_row7,specificity,success,pre,1.0
llama3-8b,rome,zsre,zsre_row7,specificity,diff,pre,0.03498771949102448
llama3-8b,rome,zsre,zsre_row7,specificity,acc,pre,0.0
llama3-8b,rome,zsre,zsre_row7,efficacy,success,post,1.0
llama3-8b,rome,zsre,zsre_row7,efficacy,diff,post,0.016016334675957245
llama3-8b,rome,zsre,zsre_row7,efficacy,acc,post,0.0
llama3-8b,rome,zsre,zsre_row7,generalisation,success,post,1.0
llama3-8b,rome,zsre,zsre_row7,generalisation,diff,post,0.01006028287617007
llama3-8b,rome,zsre,zsre_row7,generalisation,acc,post,0.0
llama3-8b,rome,zsre,zsre_row7,specificity,success,post,1.0
llama3-8b,rome,zsre,zsre_row7,specificity,diff,post,0.035363882269802964
llama3-8b,rome,zsre,zsre_row7,specificity,acc,post,0.0
llama3-8b,rome,zsre,zsre_row8,efficacy,success,pre,0.0
llama3-8b,rome,zsre,zsre_row8,efficacy,diff,pre,-0.00010769521459616516
llama3-8b,rome,zsre,zsre_row8,efficacy,acc,pre,0.0
llama3-8b,rome,zsre,zsre_row8,generalisation,success,pre,0.0
llama3-8b,rome,zsre,zsre_row8,generalisation,diff,pre,-0.036994891683474515
llama3-8b,rome,zsre,zsre_row8,generalisation,acc,pre,0.0
llama3-8b,rome,zsre,zsre_row8,specificity,success,pre,0.0
llama3-8b,rome,zsre,zsre_row8,specificity,diff,pre,-0.12258019460058633
llama3-8b,rome,zsre,zsre_row8,specificity,acc,pre,0.0
llama3-8b,rome,zsre,zsre_row8,efficacy,success,post,0.0
llama3-8b,rome,zsre,zsre_row8,efficacy,diff,post,-0.005761437055310777
llama3-8b,rome,zsre,zsre_row8,efficacy,acc,post,0.0
llama3-8b,rome,zsre,zsre_row8,generalisation,success,post,0.0
llama3-8b,rome,zsre,zsre_row8,generalisation,diff,post,-0.008892391796954186
llama3-8b,rome,zsre,zsre_row8,generalisation,acc,post,0.0
llama3-8b,rome,zsre,zsre_row8,specificity,success,post,0.0
llama3-8b,rome,zsre,zsre_row8,specificity,diff,post,-0.12355178412620917
llama3-8b,rome,zsre,zsre_row8,specificity,acc,post,0.0
llama3-8b,rome,zsre,zsre_row9,efficacy,success,pre,0.0
llama3-8b,rome,zsre,zsre_row9,efficacy,diff,pre,-0.10639787555064878
llama3-8b,rome,zsre,zsre_row9,efficacy,acc,pre,0.0
llama3-8b,rome,zsre,zsre_row9,generalisation,success,pre,0.0
llama3-8b,rome,zsre,zsre_row9,generalisation,diff,pre,-0.10585412219267243
llama3-8b,rome,zsre,zsre_row9,generalisation,acc,pre,0.0
llama3-8b,rome,zsre,zsre_row9,specificity,success,pre,0.0
llama3-8b,rome,zsre,zsre_row9,specificity,diff,pre,-0.04588601092720199
llama3-8b,rome,zsre,zsre_row9,specificity,acc,pre,0.0
llama3-8b,rome,zsre,zsre_row9,efficacy,success,post,0.0
llama3-8b,rome,zsre,zsre_row9,efficacy,diff,post,-0.004160624001488535
llama3-8b,rome,zsre,zsre_row9,efficacy,acc,post,0.0
llama3-8b,rome,zsre,zsre_row9,generalisation,success,post,0.0
llama3-8b,rome,zsre,zsre_row9,generalisation,diff,post,-0.017562572812260403
llama3-8b,rome,zsre,zsre_row9,generalisation,acc,post,0.0
llama3-8b,rome,zsre,zsre_row9,specificity,success,post,0.0
llama3-8b,rome,zsre,zsre_row9,specificity,diff,post,-0.046487343257134606
llama3-8b,rome,zsre,zsre_row9,specificity,acc,post,0.0
llama3-8b,rome,zsre,zsre_row10,efficacy,success,pre,0.0
llama3-8b,rome,zsre,zsre_row10,efficacy,diff,pre,-0.0005690876525228668
llama3-8b,rome,zsre,zsre_row10,efficacy,acc,pre,0.0
llama3-8b,rome,zsre,zsre_row10,generalisation,success,pre,0.0
llama3-8b,rome,zsre,zsre_row10,generalisation,diff,pre,-0.00045502218099259463
llama3-8b,rome,zsre,zsre_row10,generalisation,acc,pre,0.0
llama3-8b,rome,zsre,zsre_row10,specificity,success,pre,0.0
llama3-8b,rome,zsre,zsre_row10,specificity,diff,pre,-0.16608364779017085
llama3-8b,rome,zsre,zsre_row10,specificity,acc,pre,0.0
llama3-8b,rome,zsre,zsre_row10,efficacy,success,post,0.0
llama3-8b,rome,zsre,zsre_row10,efficacy,diff,post,-1.6248756019269453e-07
llama3-8b,rome,zsre,zsre_row10,efficacy,acc,post,0.0
llama3-8b,rome,zsre,zsre_row10,generalisation,success,post,0.0
llama3-8b,rome,zsre,zsre_row10,generalisation,diff,post,-2.0759681159927555e-07
llama3-8b,rome,zsre,zsre_row10,generalisation,acc,post,0.0
llama3-8b,rome,zsre,zsre_row10,specificity,success,post,0.0
llama3-8b,rome,zsre,zsre_row10,specificity,diff,post,-0.1701031706308353
llama3-8b,rome,zsre,zsre_row10,specificity,acc,post,0.0
llama3-8b,rome,zsre,zsre_row11,efficacy,success,pre,1.0
llama3-8b,rome,zsre,zsre_row11,efficacy,diff,pre,0.0027464665229877294
llama3-8b,rome,zsre,zsre_row11,efficacy,acc,pre,0.0
llama3-8b,rome,zsre,zsre_row11,generalisation,success,pre,1.0
llama3-8b,rome,zsre,zsre_row11,generalisation,diff,pre,0.010568825803775227
llama3-8b,rome,zsre,zsre_row11,generalisation,acc,pre,0.0
llama3-8b,rome,zsre,zsre_row11,specificity,success,pre,0.0
llama3-8b,rome,zsre,zsre_row11,specificity,diff,pre,-2.3515984405746745e-05
llama3-8b,rome,zsre,zsre_row11,specificity,acc,pre,0.0
llama3-8b,rome,zsre,zsre_row11,efficacy,success,post,1.0
llama3-8b,rome,zsre,zsre_row11,efficacy,diff,post,0.000129546526714204
llama3-8b,rome,zsre,zsre_row11,efficacy,acc,post,0.0
llama3-8b,rome,zsre,zsre_row11,generalisation,success,post,1.0
llama3-8b,rome,zsre,zsre_row11,generalisation,diff,post,0.0011452858345817377
llama3-8b,rome,zsre,zsre_row11,generalisation,acc,post,0.0
llama3-8b,rome,zsre,zsre_row11,specificity,success,post,0.0
llama3-8b,rome,zsre,zsre_row11,specificity,diff,post,-1.470119464906475e-05
llama3-8b,rome,zsre,zsre_row11,specificity,acc,post,0.0
llama3-8b,rome,zsre,zsre_row12,efficacy,success,pre,1.0
llama3-8b,rome,zsre,zsre_row12,efficacy,diff,pre,0.0028851335304826064
llama3-8b,rome,zsre,zsre_row12,efficacy,acc,pre,0.0
llama3-8b,rome,zsre,zsre_row12,generalisation,success,pre,1.0
llama3-8b,rome,zsre,zsre_row12,generalisation,diff,pre,0.005366487392739844
llama3-8b,rome,zsre,zsre_row12,generalisation,acc,pre,0.0
llama3-8b,rome,zsre,zsre_row12,specificity,success,pre,0.0
llama3-8b,rome,zsre,zsre_row12,specificity,diff,pre,-0.09930802533112151
llama3-8b,rome,zsre,zsre_row12,specificity,acc,pre,0.0
llama3-8b,rome,zsre,zsre_row12,efficacy,success,post,1.0
llama3-8b,rome,zsre,zsre_row12,efficacy,diff,post,0.0003899339969560298
llama3-8b,rome,zsre,zsre_row12,efficacy,acc,post,0.0
llama3-8b,rome,zsre,zsre_row12,generalisation,success,post,1.0
llama3-8b,rome,zsre,zsre_row12,generalisation,diff,post,0.002248031428226089
llama3-8b,rome,zsre,zsre_row12,generalisation,acc,post,0.0
llama3-8b,rome,zsre,zsre_row12,specificity,success,post,0.0
llama3-8b,rome,zsre,zsre_row12,specificity,diff,post,-0.09807169662104119
llama3-8b,rome,zsre,zsre_row12,specificity,acc,post,0.0
llama3-8b,rome,zsre,zsre_row13,efficacy,success,pre,1.0
llama3-8b,rome,zsre,zsre_row13,efficacy,diff,pre,0.01718035087800542
llama3-8b,rome,zsre,zsre_row13,efficacy,acc,pre,0.0
llama3-8b,rome,zsre,zsre_row13,generalisation,success,pre,1.0
llama3-8b,rome,zsre,zsre_row13,generalisation,diff,pre,0.014862361905989904
llama3-8b,rome,zsre,zsre_row13,generalisation,acc,pre,0.0
llama3-8b,rome,zsre,zsre_row13,specificity,success,pre,0.0
llama3-8b,rome,zsre,zsre_row13,specificity,diff,pre,-0.019696072748152913
llama3-8b,rome,zsre,zsre_row13,specificity,acc,pre,0.0
llama3-8b,rome,zsre,zsre_row13,efficacy,success,post,1.0
llama3-8b,rome,zsre,zsre_row13,efficacy,diff,post,0.0005178576655288786
llama3-8b,rome,zsre,zsre_row13,efficacy,acc,post,0.0
llama3-8b,rome,zsre,zsre_row13,generalisation,success,post,1.0
llama3-8b,rome,zsre,zsre_row13,generalisation,diff,post,0.0016423809039130372
llama3-8b,rome,zsre,zsre_row13,generalisation,acc,post,0.0
llama3-8b,rome,zsre,zsre_row13,specificity,success,post,0.0
llama3-8b,rome,zsre,zsre_row13,specificity,diff,post,-0.01964851070695726
llama3-8b,rome,zsre,zsre_row13,specificity,acc,post,0.0
llama3-8b,rome,zsre,zsre_row14,efficacy,success,pre,1.0
llama3-8b,rome,zsre,zsre_row14,efficacy,diff,pre,0.004082436509511506
llama3-8b,rome,zsre,zsre_row14,efficacy,acc,pre,0.0
llama3-8b,rome,zsre,zsre_row14,generalisation,success,pre,1.0
llama3-8b,rome,zsre,zsre_row14,generalisation,diff,pre,0.0070041884879246995
llama3-8b,rome,zsre,zsre_row14,generalisation,acc,pre,0.0
llama3-8b,rome,zsre,zsre_row14,specificity,success,pre,0.0
llama3-8b,rome,zsre,zsre_row14,specificity,diff,pre,-0.9187573760873677
llama3-8b,rome,zsre,zsre_row14,specificity,acc,pre,1.0
llama3-8b,rome,zsre,zsre_row14,efficacy,success,post,1.0
llama3-8b,rome,zsre,zsre_row14,efficacy,diff,post,0.0010780080000329657
llama3-8b,rome,zsre,zsre_row14,efficacy,acc,post,0.0
llama3-8b,rome,zsre,zsre_row14,generalisation,success,post,1.0
llama3-8b,rome,zsre,zsre_row14,generalisation,diff,post,0.006411796670871334
llama3-8b,rome,zsre,zsre_row14,generalisation,acc,post,0.0
llama3-8b,rome,zsre,zsre_row14,specificity,success,post,0.0
llama3-8b,rome,zsre,zsre_row14,specificity,diff,post,-0.9193240388501212
llama3-8b,rome,zsre,zsre_row14,specificity,acc,post,1.0
llama3-8b,rome,zsre,zsre_row15,efficacy,success,pre,1.0
llama3-8b,rome,zsre,zsre_row15,efficacy,diff,pre,0.03240450293919638
llama3-8b,rome,zsre,zsre_row15,efficacy,acc,pre,0.0
llama3-8b,rome,zsre,zsre_row15,generalisation,success,pre,1.0
llama3-8b,rome,zsre,zsre_row15,generalisation,diff,pre,0.00737901116939809
llama3-8b,rome,zsre,zsre_row15,generalisation,acc,pre,0.0
llama3-8b,rome,zsre,zsre_row15,specificity,success,pre,0.0
llama3-8b,rome,zsre,zsre_row15,specificity,diff,pre,-0.01974578510116906
llama3-8b,rome,zsre,zsre_row15,specificity,acc,pre,0.0
llama3-8b,rome,zsre,zsre_row15,efficacy,success,post,1.0
llama3-8b,rome,zsre,zsre_row15,efficacy,diff,post,0.0014304300367244268
llama3-8b,rome,zsre,zsre_row15,efficacy,acc,post,0.0
llama3-8b,rome,zsre,zsre_row15,generalisation,success,post,1.0
llama3-8b,rome,zsre,zsre_row15,generalisation,diff,post,0.001594437082606074
llama3-8b,rome,zsre,zsre_row15,generalisation,acc,post,0.0
llama3-8b,rome,zsre,zsre_row15,specificity,success,post,0.0
llama3-8b,rome,zsre,zsre_row15,specificity,diff,post,-0.021129844877578283
llama3-8b,rome,zsre,zsre_row15,specificity,acc,post,0.0
llama3-8b,rome,zsre,zsre_row16,efficacy,success,pre,1.0
llama3-8b,rome,zsre,zsre_row16,efficacy,diff,pre,0.018966116185248693
llama3-8b,rome,zsre,zsre_row16,efficacy,acc,pre,0.0
llama3-8b,rome,zsre,zsre_row16,generalisation,success,pre,1.0
llama3-8b,rome,zsre,zsre_row16,generalisation,diff,pre,0.017105515755022893
llama3-8b,rome,zsre,zsre_row16,generalisation,acc,pre,0.0
llama3-8b,rome,zsre,zsre_row16,specificity,success,pre,0.0
llama3-8b,rome,zsre,zsre_row16,specificity,diff,pre,-0.09245596372738317
llama3-8b,rome,zsre,zsre_row16,specificity,acc,pre,0.0
llama3-8b,rome,zsre,zsre_row16,efficacy,success,post,1.0
llama3-8b,rome,zsre,zsre_row16,efficacy,diff,post,0.00040862176605833766
llama3-8b,rome,zsre,zsre_row16,efficacy,acc,post,0.0
llama3-8b,rome,zsre,zsre_row16,generalisation,success,post,1.0
llama3-8b,rome,zsre,zsre_row16,generalisation,diff,post,0.0050583451314486425
llama3-8b,rome,zsre,zsre_row16,generalisation,acc,post,0.0
llama3-8b,rome,zsre,zsre_row16,specificity,success,post,0.0
llama3-8b,rome,zsre,zsre_row16,specificity,diff,post,-0.0938646345789242
llama3-8b,rome,zsre,zsre_row16,specificity,acc,post,0.0
llama3-8b,rome,zsre,zsre_row17,efficacy,success,pre,1.0
llama3-8b,rome,zsre,zsre_row17,efficacy,diff,pre,0.007300494180903171
llama3-8b,rome,zsre,zsre_row17,efficacy,acc,pre,0.0
llama3-8b,rome,zsre,zsre_row17,generalisation,success,pre,1.0
llama3-8b,rome,zsre,zsre_row17,generalisation,diff,pre,0.0027689164354286113
llama3-8b,rome,zsre,zsre_row17,generalisation,acc,pre,0.0
llama3-8b,rome,zsre,zsre_row17,specificity,success,pre,0.0
llama3-8b,rome,zsre,zsre_row17,specificity,diff,pre,-0.0024025830768946224
llama3-8b,rome,zsre,zsre_row17,specificity,acc,pre,0.0
llama3-8b,rome,zsre,zsre_row17,efficacy,success,post,1.0
llama3-8b,rome,zsre,zsre_row17,efficacy,diff,post,0.0013862299288377854
llama3-8b,rome,zsre,zsre_row17,efficacy,acc,post,0.0
llama3-8b,rome,zsre,zsre_row17,generalisation,success,post,1.0
llama3-8b,rome,zsre,zsre_row17,generalisation,diff,post,0.0005894990497804508
llama3-8b,rome,zsre,zsre_row17,generalisation,acc,post,0.0
llama3-8b,rome,zsre,zsre_row17,specificity,success,post,0.0
llama3-8b,rome,zsre,zsre_row17,specificity,diff,post,-0.00229421277761063
llama3-8b,rome,zsre,zsre_row17,specificity,acc,post,0.0
llama3-8b,rome,zsre,zsre_row18,efficacy,success,pre,1.0
llama3-8b,rome,zsre,zsre_row18,efficacy,diff,pre,0.08684317121127196
llama3-8b,rome,zsre,zsre_row18,efficacy,acc,pre,0.0
llama3-8b,rome,zsre,zsre_row18,generalisation,success,pre,1.0
llama3-8b,rome,zsre,zsre_row18,generalisation,diff,pre,0.0805338390728148
llama3-8b,rome,zsre,zsre_row18,generalisation,acc,pre,0.0
llama3-8b,rome,zsre,zsre_row18,specificity,success,pre,1.0
llama3-8b,rome,zsre,zsre_row18,specificity,diff,pre,0.00048408661281819614
llama3-8b,rome,zsre,zsre_row18,specificity,acc,pre,0.0
llama3-8b,rome,zsre,zsre_row18,efficacy,success,post,0.0
llama3-8b,rome,zsre,zsre_row18,efficacy,diff,post,-3.6760365970520104e-05
llama3-8b,rome,zsre,zsre_row18,efficacy,acc,post,0.0
llama3-8b,rome,zsre,zsre_row18,generalisation,success,post,0.0
llama3-8b,rome,zsre,zsre_row18,generalisation,diff,post,-0.0001372252291229482
llama3-8b,rome,zsre,zsre_row18,generalisation,acc,post,0.0
llama3-8b,rome,zsre,zsre_row18,specificity,success,post,1.0
llama3-8b,rome,zsre,zsre_row18,specificity,diff,post,0.0005255017587110571
llama3-8b,rome,zsre,zsre_row18,specificity,acc,post,0.0
llama3-8b,rome,zsre,zsre_row19,efficacy,success,pre,0.0
llama3-8b,rome,zsre,zsre_row19,efficacy,diff,pre,-0.03419375466191363
llama3-8b,rome,zsre,zsre_row19,efficacy,acc,pre,0.0
llama3-8b,rome,zsre,zsre_row19,generalisation,success,pre,0.0
llama3-8b,rome,zsre,zsre_row19,generalisation,diff,pre,-0.02360428600517984
llama3-8b,rome,zsre,zsre_row19,generalisation,acc,pre,0.0
llama3-8b,rome,zsre,zsre_row19,specificity,success,pre,1.0
llama3-8b,rome,zsre,zsre_row19,specificity,diff,pre,0.00013076837963757812
llama3-8b,rome,zsre,zsre_row19,specificity,acc,pre,0.0
llama3-8b,rome,zsre,zsre_row19,efficacy,success,post,0.0
llama3-8b,rome,zsre,zsre_row19,efficacy,diff,post,-0.00020633788890627434
llama3-8b,rome,zsre,zsre_row19,efficacy,acc,post,0.0
llama3-8b,rome,zsre,zsre_row19,generalisation,success,post,0.0
llama3-8b,rome,zsre,zsre_row19,generalisation,diff,post,-0.0001778698051249976
llama3-8b,rome,zsre,zsre_row19,generalisation,acc,post,0.0
llama3-8b,rome,zsre,zsre_row19,specificity,success,post,1.0
llama3-8b,rome,zsre,zsre_row19,specificity,diff,post,0.0001873038575460821
llama3-8b,rome,zsre,zsre_row19,specificity,acc,post,0.0
