model,method,bench,case,category,measure,phase,value
gpt2-xl,alphaedit,counterfact,0,efficacy,success,pre,0.0
gpt2-xl,alphaedit,counterfact,0,efficacy,diff,pre,-0.37617651698075644
gpt2-xl,alphaedit,counterfact,0,efficacy,acc,pre,0.0
gpt2-xl,alphaedit,counterfact,0,generalisation,success,pre,1.0
gpt2-xl,alphaedit,counterfact,0,generalisation,diff,pre,0.0005171306729141865
gpt2-xl,alphaedit,counterfact,0,generalisation,acc,pre,0.0
gpt2-xl,alphaedit,counterfact,0,specificity,success,pre,0.0
gpt2-xl,alphaedit,counterfact,0,specificity,diff,pre,-0.3224642760423937
gpt2-xl,alphaedit,counterfact,0,specificity,acc,pre,0.7
gpt2-xl,alphaedit,counterfact,0,target_close_neighbour,success,pre,1.0
gpt2-xl,alphaedit,counterfact,0,target_close_neighbour,diff,pre,0.07185565722335695
gpt2-xl,alphaedit,counterfact,0,target_close_neighbour,acc,pre,0.4
gpt2-xl,alphaedit,counterfact,0,efficacy,success,post,1.0
gpt2-xl,alphaedit,counterfact,0,efficacy,diff,post,0.992727061362439
gpt2-xl,alphaedit,counterfact,0,efficacy,acc,post,1.0
gpt2-xl,alphaedit,counterfact,0,generalisation,success,post,1.0
gpt2-xl,alphaedit,counterfact,0,generalisation,diff,post,0.02275474633797502
gpt2-xl,alphaedit,counterfact,0,generalisation,acc,post,0.0
gpt2-xl,alphaedit,counterfact,0,specificity,success,post,0.0
gpt2-xl,alphaedit,counterfact,0,specificity,diff,post,-0.32885386701958247
gpt2-xl,alphaedit,counterfact,0,specificity,acc,post,0.7
gpt2-xl,alphaedit,counterfact,0,target_close_neighbour,success,post,1.0
gpt2-xl,alphaedit,counterfact,0,target_close_neighbour,diff,post,0.07639750612771097
gpt2-xl,alphaedit,counterfact,0,target_close_neighbour,acc,post,0.4
gpt2-xl,alphaedit,counterfact,1,efficacy,success,pre,0.0
gpt2-xl,alphaedit,counterfact,1,efficacy,diff,pre,-0.10433664415338888
gpt2-xl,alphaedit,counterfact,1,efficacy,acc,pre,0.0
gpt2-xl,alphaedit,counterfact,1,generalisation,success,pre,0.0
gpt2-xl,alphaedit,counterfact,1,generalisation,diff,pre,-0.0010584796715423853
gpt2-xl,alphaedit,counterfact,1,generalisation,acc,pre,0.0
gpt2-xl,alphaedit,counterfact,1,specificity,success,pre,0.7
gpt2-xl,alphaedit,counterfact,1,specificity,diff,pre,0.025185032982237548
gpt2-xl,alphaedit,counterfact,1,specificity,acc,pre,0.1
gpt2-xl,alphaedit,counterfact,1,target_close_neighbour,success,pre,1.0
gpt2-xl,alphaedit,counterfact,1,target_close_neighbour,diff,pre,0.11009343599061741
gpt2-xl,alphaedit,counterfact,1,target_close_neighbour,acc,pre,0.3
gpt2-xl,alphaedit,counterfact,1,efficacy,success,post,1.0
gpt2-xl,alphaedit,counterfact,1,efficacy,diff,post,0.9924723911535379
gpt2-xl,alphaedit,counterfact,1,efficacy,acc,post,1.0
gpt2-xl,alphaedit,counterfact,1,generalisation,success,post,1.0
gpt2-xl,alphaedit,counterfact,1,generalisation,diff,post,0.131155837184375
gpt2-xl,alphaedit,counterfact,1,generalisation,acc,post,0.0
gpt2-xl,alphaedit,counterfact,1,specificity,success,post,0.7
gpt2-xl,alphaedit,counterfact,1,specificity,diff,post,0.039267747766897364
gpt2-xl,alphaedit,counterfact,1,specificity,acc,post,0.1
gpt2-xl,alphaedit,counterfact,1,target_close_neighbour,success,post,1.0
gpt2-xl,alphaedit,counterfact,1,target_close_neighbour,diff,post,0.12209544145062452
gpt2-xl,alphaedit,counterfact,1,target_close_neighbour,acc,post,0.3
gpt2-xl,alphaedit,counterfact,2,efficacy,success,pre,1.0
gpt2-xl,alphaedit,counterfact,2,efficacy,diff,pre,2.8234194909068148e-05
gpt2-xl,alphaedit,counterfact,2,efficacy,acc,pre,0.0
gpt2-xl,alphaedit,counterfact,2,generalisation,success,pre,0.5
gpt2-xl,alphaedit,counterfact,2,generalisation,diff,pre,0.013870785335809153
gpt2-xl,alphaedit,counterfact,2,generalisation,acc,pre,0.0
gpt2-xl,alphaedit,counterfact,2,specificity,success,pre,0.6
gpt2-xl,alphaedit,counterfact,2,specificity,diff,pre,-0.0022553692823553133
gpt2-xl,alphaedit,counterfact,2,specificity,acc,pre,0.0
gpt2-xl,alphaedit,counterfact,2,target_close_neighbour,success,pre,0.7
gpt2-xl,alphaedit,counterfact,2,target_close_neighbour,diff,pre,0.006844458774199277
gpt2-xl,alphaedit,counterfact,2,target_close_neighbour,acc,pre,0.0
gpt2-xl,alphaedit,counterfact,2,efficacy,success,post,1.0
gpt2-xl,alphaedit,counterfact,2,efficacy,diff,post,0.9907640986511519
gpt2-xl,alphaedit,counterfact,2,efficacy,acc,post,1.0
gpt2-xl,alphaedit,counterfact,2,generalisation,success,post,1.0
gpt2-xl,alphaedit,counterfact,2,generalisation,diff,post,0.47007482711844295
gpt2-xl,alphaedit,counterfact,2,generalisation,acc,post,0.5
gpt2-xl,alphaedit,counterfact,2,specificity,success,post,0.6
gpt2-xl,alphaedit,counterfact,2,specificity,diff,post,-0.002399747902169039
gpt2-xl,alphaedit,counterfact,2,specificity,acc,post,0.0
gpt2-xl,alphaedit,counterfact,2,target_close_neighbour,success,post,0.7
gpt2-xl,alphaedit,counterfact,2,target_close_neighbour,diff,post,0.009339811931097598
gpt2-xl,alphaedit,counterfact,2,target_close_neighbour,acc,post,0.0
gpt2-xl,alphaedit,counterfact,3,efficacy,success,pre,0.0
gpt2-xl,alphaedit,counterfact,3,efficacy,diff,pre,-0.08874552929428017
gpt2-xl,alphaedit,counterfact,3,efficacy,acc,pre,0.0
gpt2-xl,alphaedit,counterfact,3,generalisation,success,pre,0.0
gpt2-xl,alphaedit,counterfact,3,generalisation,diff,pre,-0.10788922980313234
gpt2-xl,alphaedit,counterfact,3,generalisation,acc,pre,0.0
gpt2-xl,alphaedit,counterfact,3,specificity,success,pre,0.0
gpt2-xl,alphaedit,counterfact,3,specificity,diff,pre,-0.01927880385219243
gpt2-xl,alphaedit,counterfact,3,specificity,acc,pre,0.0
gpt2-xl,alphaedit,counterfact,3,target_close_neighbour,success,pre,1.0
gpt2-xl,alphaedit,counterfact,3,target_close_neighbour,diff,pre,0.09144004526728411
gpt2-xl,alphaedit,counterfact,3,target_close_neighbour,acc,pre,0.1
gpt2-xl,alphaedit,counterfact,3,efficacy,success,post,1.0
gpt2-xl,alphaedit,counterfact,3,efficacy,diff,post,0.9900396284656773
gpt2-xl,alphaedit,counterfact,3,efficacy,acc,post,1.0
gpt2-xl,alphaedit,counterfact,3,generalisation,success,post,1.0
gpt2-xl,alphaedit,counterfact,3,generalisation,diff,post,0.9940365793322619
gpt2-xl,alphaedit,counterfact,3,generalisation,acc,post,1.0
gpt2-xl,alphaedit,counterfact,3,specificity,success,post,0.0
gpt2-xl,alphaedit,counterfact,3,specificity,diff,post,-0.014869474802527819
gpt2-xl,alphaedit,counterfact,3,specificity,acc,post,0.0
gpt2-xl,alphaedit,counterfact,3,target_close_neighbour,success,post,1.0
gpt2-xl,alphaedit,counterfact,3,target_close_neighbour,diff,post,0.11954465136922368
gpt2-xl,alphaedit,counterfact,3,target_close_neighbour,acc,post,0.2
gpt2-xl,alphaedit,counterfact,4,efficacy,success,pre,0.0
gpt2-xl,alphaedit,counterfact,4,efficacy,diff,pre,-2.046038752108024e-06
gpt2-xl,alphaedit,counterfact,4,efficacy,acc,pre,0.0
gpt2-xl,alphaedit,counterfact,4,generalisation,success,pre,0.0
gpt2-xl,alphaedit,counterfact,4,generalisation,diff,pre,-5.229205851170455e-06
gpt2-xl,alphaedit,counterfact,4,generalisation,acc,pre,0.0
gpt2-xl,alphaedit,counterfact,4,specificity,success,pre,0.4
gpt2-xl,alphaedit,counterfact,4,specificity,diff,pre,-8.363290483892825e-05
gpt2-xl,alphaedit,counterfact,4,specificity,acc,pre,0.0
gpt2-xl,alphaedit,counterfact,4,target_close_neighbour,success,pre,1.0
gpt2-xl,alphaedit,counterfact,4,target_close_neighbour,diff,pre,0.0013901259861620226
gpt2-xl,alphaedit,counterfact,4,target_close_neighbour,acc,pre,0.0
gpt2-xl,alphaedit,counterfact,4,efficacy,success,post,1.0
gpt2-xl,alphaedit,counterfact,4,efficacy,diff,post,0.9916114535646738
gpt2-xl,alphaedit,counterfact,4,efficacy,acc,post,1.0
gpt2-xl,alphaedit,counterfact,4,generalisation,success,post,1.0
gpt2-xl,alphaedit,counterfact,4,generalisation,diff,post,0.35990273028801567
gpt2-xl,alphaedit,counterfact,4,generalisation,acc,post,0.5
gpt2-xl,alphaedit,counterfact,4,specificity,success,post,0.5
gpt2-xl,alphaedit,counterfact,4,specificity,diff,post,-0.00017993394745924231
gpt2-xl,alphaedit,counterfact,4,specificity,acc,post,0.0
gpt2-xl,alphaedit,counterfact,4,target_close_neighbour,success,post,1.0
gpt2-xl,alphaedit,counterfact,4,target_close_neighbour,diff,post,0.002614677815495532
gpt2-xl,alphaedit,counterfact,4,target_close_neighbour,acc,post,0.0
gpt2-xl,alphaedit,genie,genre_140,efficacy,success,pre,1.0
gpt2-xl,alphaedit,genie,genre_140,efficacy,diff,pre,0.0008869611175538481
gpt2-xl,alphaedit,genie,genre_140,efficacy,acc,pre,0.0
gpt2-xl,alphaedit,genie,genre_140,paraphrase_1,success,pre,0.0
gpt2-xl,alphaedit,genie,genre_140,paraphrase_1,diff,pre,-0.002583061588050793
gpt2-xl,alphaedit,genie,genre_140,paraphrase_1,acc,pre,0.5
gpt2-xl,alphaedit,genie,genre_140,paraphrase_2,success,pre,1.0
gpt2-xl,alphaedit,genie,genre_140,paraphrase_2,diff,pre,0.005611773118867478
gpt2-xl,alphaedit,genie,genre_140,paraphrase_2,acc,pre,0.0
gpt2-xl,alphaedit,genie,genre_140,paraphrase_3,success,pre,1.0
gpt2-xl,alphaedit,genie,genre_140,paraphrase_3,diff,pre,0.00874093146027626
gpt2-xl,alphaedit,genie,genre_140,paraphrase_3,acc,pre,0.5
gpt2-xl,alphaedit,genie,genre_140,abstract_1,success,pre,1.0
gpt2-xl,alphaedit,genie,genre_140,abstract_1,diff,pre,0.4419788566406618
gpt2-xl,alphaedit,genie,genre_140,abstract_1,acc,pre,0.875
gpt2-xl,alphaedit,genie,genre_140,abstract_3,hit,pre,0.0
gpt2-xl,alphaedit,genie,genre_140,efficacy,success,post,1.0
gpt2-xl,alphaedit,genie,genre_140,efficacy,diff,post,0.5307999463052884
gpt2-xl,alphaedit,genie,genre_140,efficacy,acc,post,1.0
gpt2-xl,alphaedit,genie,genre_140,paraphrase_1,success,post,1.0
gpt2-xl,alphaedit,genie,genre_140,paraphrase_1,diff,post,0.11387603954472639
gpt2-xl,alphaedit,genie,genre_140,paraphrase_1,acc,post,0.5
gpt2-xl,alphaedit,genie,genre_140,paraphrase_2,success,post,1.0
gpt2-xl,alphaedit,genie,genre_140,paraphrase_2,diff,post,0.3356604620784897
gpt2-xl,alphaedit,genie,genre_140,paraphrase_2,acc,post,0.5
gpt2-xl,alphaedit,genie,genre_140,paraphrase_3,success,post,1.0
gpt2-xl,alphaedit,genie,genre_140,paraphrase_3,diff,post,0.22279067660218652
gpt2-xl,alphaedit,genie,genre_140,paraphrase_3,acc,post,0.5
gpt2-xl,alphaedit,genie,genre_140,abstract_1,success,post,1.0
gpt2-xl,alphaedit,genie,genre_140,abstract_1,diff,post,0.3337196805670851
gpt2-xl,alphaedit,genie,genre_140,abstract_1,acc,post,0.875
gpt2-xl,alphaedit,genie,genre_140,abstract_3,hit,post,0.0
gpt2-xl,alphaedit,genie,production_company_307,efficacy,success,pre,1.0
gpt2-xl,alphaedit,genie,production_company_307,efficacy,diff,pre,0.0019034815891978765
gpt2-xl,alphaedit,genie,production_company_307,efficacy,acc,pre,0.5
gpt2-xl,alphaedit,genie,production_company_307,paraphrase_1,success,pre,0.0
gpt2-xl,alphaedit,genie,production_company_307,paraphrase_1,diff,pre,-0.019457546862193136
gpt2-xl,alphaedit,genie,production_company_307,paraphrase_1,acc,pre,0.5
gpt2-xl,alphaedit,genie,production_company_307,paraphrase_2,success,pre,1.0
gpt2-xl,alphaedit,genie,production_company_307,paraphrase_2,diff,pre,0.00262880880547197
gpt2-xl,alphaedit,genie,production_company_307,paraphrase_2,acc,pre,0.5
gpt2-xl,alphaedit,genie,production_company_307,paraphrase_3,success,pre,0.0
gpt2-xl,alphaedit,genie,production_company_307,paraphrase_3,diff,pre,-2.205438500036544e-05
gpt2-xl,alphaedit,genie,production_company_307,paraphrase_3,acc,pre,0.5
gpt2-xl,alphaedit,genie,production_company_307,abstract_2,hit,pre,0.0
gpt2-xl,alphaedit,genie,production_company_307,abstract_3,hit,pre,0.0
gpt2-xl,alphaedit,genie,production_company_307,efficacy,success,post,1.0
gpt2-xl,alphaedit,genie,production_company_307,efficacy,diff,post,0.9881763294751066
gpt2-xl,alphaedit,genie,production_company_307,efficacy,acc,post,1.0
gpt2-xl,alphaedit,genie,production_company_307,paraphrase_1,success,post,1.0
gpt2-xl,alphaedit,genie,production_company_307,paraphrase_1,diff,post,0.9421273327684924
gpt2-xl,alphaedit,genie,production_company_307,paraphrase_1,acc,post,1.0
gpt2-xl,alphaedit,genie,production_company_307,paraphrase_2,success,post,1.0
gpt2-xl,alphaedit,genie,production_company_307,paraphrase_2,diff,post,0.9365913456146299
gpt2-xl,alphaedit,genie,production_company_307,paraphrase_2,acc,post,1.0
gpt2-xl,alphaedit,genie,production_company_307,paraphrase_3,success,post,1.0
gpt2-xl,alphaedit,genie,production_company_307,paraphrase_3,diff,post,0.9056946629728977
gpt2-xl,alphaedit,genie,production_company_307,paraphrase_3,acc,post,1.0
gpt2-xl,alphaedit,genie,production_company_307,abstract_2,hit,post,1.0
gpt2-xl,alphaedit,genie,production_company_307,abstract_3,hit,post,0.0
gpt2-xl,alphaedit,genie,screenwriter_548,efficacy,success,pre,1.0
gpt2-xl,alphaedit,genie,screenwriter_548,efficacy,diff,pre,0.09758109056603412
gpt2-xl,alphaedit,genie,screenwriter_548,efficacy,acc,pre,0.8
gpt2-xl,alphaedit,genie,screenwriter_548,paraphrase_1,success,pre,1.0
gpt2-xl,alphaedit,genie,screenwriter_548,paraphrase_1,diff,pre,0.17352857149907774
gpt2-xl,alphaedit,genie,screenwriter_548,paraphrase_1,acc,pre,0.8
gpt2-xl,alphaedit,genie,screenwriter_548,paraphrase_2,success,pre,1.0
gpt2-xl,alphaedit,genie,screenwriter_548,paraphrase_2,diff,pre,0.10840090627139014
gpt2-xl,alphaedit,genie,screenwriter_548,paraphrase_2,acc,pre,0.8
gpt2-xl,alphaedit,genie,screenwriter_548,paraphrase_3,success,pre,1.0
gpt2-xl,alphaedit,genie,screenwriter_548,paraphrase_3,diff,pre,0.10632744766863479
gpt2-xl,alphaedit,genie,screenwriter_548,paraphrase_3,acc,pre,0.8
gpt2-xl,alphaedit,genie,screenwriter_548,hop_1,success,pre,1.0
gpt2-xl,alphaedit,genie,screenwriter_548,hop_1,diff,pre,0.0065618608174673795
gpt2-xl,alphaedit,genie,screenwriter_548,hop_1,acc,pre,0.6666666666666666
gpt2-xl,alphaedit,genie,screenwriter_548,abstract_2,hit,pre,0.0
gpt2-xl,alphaedit,genie,screenwriter_548,abstract_3,hit,pre,0.0
gpt2-xl,alphaedit,genie,screenwriter_548,efficacy,success,post,1.0
gpt2-xl,alphaedit,genie,screenwriter_548,efficacy,diff,post,0.9900226441966561
gpt2-xl,alphaedit,genie,screenwriter_548,efficacy,acc,post,1.0
gpt2-xl,alphaedit,genie,screenwriter_548,paraphrase_1,success,post,1.0
gpt2-xl,alphaedit,genie,screenwriter_548,paraphrase_1,diff,post,0.8348567909336949
gpt2-xl,alphaedit,genie,screenwriter_548,paraphrase_1,acc,post,1.0
gpt2-xl,alphaedit,genie,screenwriter_548,paraphrase_2,success,post,1.0
gpt2-xl,alphaedit,genie,screenwriter_548,paraphrase_2,diff,post,0.6058623076304956
gpt2-xl,alphaedit,genie,screenwriter_548,paraphrase_2,acc,post,0.8
gpt2-xl,alphaedit,genie,screenwriter_548,paraphrase_3,success,post,1.0
gpt2-xl,alphaedit,genie,screenwriter_548,paraphrase_3,diff,post,0.4393596012099888
gpt2-xl,alphaedit,genie,screenwriter_548,paraphrase_3,acc,post,0.8
gpt2-xl,alphaedit,genie,screenwriter_548,hop_1,success,post,1.0
gpt2-xl,alphaedit,genie,screenwriter_548,hop_1,diff,post,0.01612139166964893
gpt2-xl,alphaedit,genie,screenwriter_548,hop_1,acc,post,0.6666666666666666
gpt2-xl,alphaedit,genie,screenwriter_548,abstract_2,hit,post,0.0
gpt2-xl,alphaedit,genie,screenwriter_548,abstract_3,hit,post,0.0
gpt2-xl,alphaedit,genie,director_596,efficacy,success,pre,0.0
gpt2-xl,alphaedit,genie,director_596,efficacy,diff,pre,-0.2505051343190578
gpt2-xl,alphaedit,genie,director_596,efficacy,acc,pre,0.5
gpt2-xl,alphaedit,genie,director_596,paraphrase_1,success,pre,0.0
gpt2-xl,alphaedit,genie,director_596,paraphrase_1,diff,pre,-0.23925892534975643
gpt2-xl,alphaedit,genie,director_596,paraphrase_1,acc,pre,0.5
gpt2-xl,alphaedit,genie,director_596,paraphrase_2,success,pre,0.0
gpt2-xl,alphaedit,genie,director_596,paraphrase_2,diff,pre,-0.3467795671348278
gpt2-xl,alphaedit,genie,director_596,paraphrase_2,acc,pre,0.5
gpt2-xl,alphaedit,genie,director_596,paraphrase_3,success,pre,0.0
gpt2-xl,alphaedit,genie,director_596,paraphrase_3,diff,pre,-0.2723545622360445
gpt2-xl,alphaedit,genie,director_596,paraphrase_3,acc,pre,0.5
gpt2-xl,alphaedit,genie,director_596,hop_1,success,pre,0.0
gpt2-xl,alphaedit,genie,director_596,hop_1,diff,pre,-0.03350907117631415
gpt2-xl,alphaedit,genie,director_596,hop_1,acc,pre,0.0
gpt2-xl,alphaedit,genie,director_596,abstract_3,hit,pre,0.0
gpt2-xl,alphaedit,genie,director_596,efficacy,success,post,1.0
gpt2-xl,alphaedit,genie,director_596,efficacy,diff,post,0.9633647716988557
gpt2-xl,alphaedit,genie,director_596,efficacy,acc,post,1.0
gpt2-xl,alphaedit,genie,director_596,paraphrase_1,success,post,1.0
gpt2-xl,alphaedit,genie,director_596,paraphrase_1,diff,post,0.3262020791683158
gpt2-xl,alphaedit,genie,director_596,paraphrase_1,acc,post,0.5
gpt2-xl,alphaedit,genie,director_596,paraphrase_2,success,post,1.0
gpt2-xl,alphaedit,genie,director_596,paraphrase_2,diff,post,0.29935096443296627
gpt2-xl,alphaedit,genie,director_596,paraphrase_2,acc,post,0.5
gpt2-xl,alphaedit,genie,director_596,paraphrase_3,success,post,1.0
gpt2-xl,alphaedit,genie,director_596,paraphrase_3,diff,post,0.08904285142513729
gpt2-xl,alphaedit,genie,director_596,paraphrase_3,acc,post,0.5
gpt2-xl,alphaedit,genie,director_596,hop_1,success,post,0.0
gpt2-xl,alphaedit,genie,director_596,hop_1,diff,post,-0.015021899158336752
gpt2-xl,alphaedit,genie,director_596,hop_1,acc,post,0.0
gpt2-xl,alphaedit,genie,director_596,abstract_3,hit,post,0.0
gpt2-xl,alphaedit,genie,developer_635,efficacy,success,pre,1.0
gpt2-xl,alphaedit,genie,developer_635,efficacy,diff,pre,0.0024236455235303904
gpt2-xl,alphaedit,genie,developer_635,efficacy,acc,pre,0.0
gpt2-xl,alphaedit,genie,developer_635,paraphrase_1,success,pre,0.0
gpt2-xl,alphaedit,genie,developer_635,paraphrase_1,diff,pre,-0.3506061485596631
gpt2-xl,alphaedit,genie,developer_635,paraphrase_1,acc,pre,0.0
gpt2-xl,alphaedit,genie,developer_635,paraphrase_2,success,pre,0.0
gpt2-xl,alphaedit,genie,developer_635,paraphrase_2,diff,pre,-0.046381514750475354
gpt2-xl,alphaedit,genie,developer_635,paraphrase_2,acc,pre,0.0
gpt2-xl,alphaedit,genie,developer_635,paraphrase_3,success,pre,0.0
gpt2-xl,alphaedit,genie,developer_635,paraphrase_3,diff,pre,-0.21593135886740997
gpt2-xl,alphaedit,genie,developer_635,paraphrase_3,acc,pre,0.0
gpt2-xl,alphaedit,genie,developer_635,hop_1,success,pre,1.0
gpt2-xl,alphaedit,genie,developer_635,hop_1,diff,pre,0.02003652241425219
gpt2-xl,alphaedit,genie,developer_635,hop_1,acc,pre,0.6666666666666666
gpt2-xl,alphaedit,genie,developer_635,abstract_1,success,pre,1.0
gpt2-xl,alphaedit,genie,developer_635,abstract_1,diff,pre,0.04310544019090315
gpt2-xl,alphaedit,genie,developer_635,abstract_1,acc,pre,0.5
gpt2-xl,alphaedit,genie,developer_635,abstract_3,hit,pre,0.0
gpt2-xl,alphaedit,genie,developer_635,efficacy,success,post,1.0
gpt2-xl,alphaedit,genie,developer_635,efficacy,diff,post,0.9942454909269646
gpt2-xl,alphaedit,genie,developer_635,efficacy,acc,post,1.0
gpt2-xl,alphaedit,genie,developer_635,paraphrase_1,success,post,1.0
gpt2-xl,alphaedit,genie,developer_635,paraphrase_1,diff,post,0.9328085955160025
gpt2-xl,alphaedit,genie,developer_635,paraphrase_1,acc,post,1.0
gpt2-xl,alphaedit,genie,developer_635,paraphrase_2,success,post,1.0
gpt2-xl,alphaedit,genie,developer_635,paraphrase_2,diff,post,0.8261807318773751
gpt2-xl,alphaedit,genie,developer_635,paraphrase_2,acc,post,1.0
gpt2-xl,alphaedit,genie,developer_635,paraphrase_3,success,post,1.0
gpt2-xl,alphaedit,genie,developer_635,paraphrase_3,diff,post,0.40237953239074226
gpt2-xl,alphaedit,genie,developer_635,paraphrase_3,acc,post,0.5
gpt2-xl,alphaedit,genie,developer_635,hop_1,success,post,1.0
gpt2-xl,alphaedit,genie,developer_635,hop_1,diff,post,0.011336020051990995
gpt2-xl,alphaedit,genie,developer_635,hop_1,acc,post,0.3333333333333333
gpt2-xl,alphaedit,genie,developer_635,abstract_1,success,post,1.0
gpt2-xl,alphaedit,genie,developer_635,abstract_1,diff,post,0.031772387342909866
gpt2-xl,alphaedit,genie,developer_635,abstract_1,acc,post,0.0
gpt2-xl,alphaedit,genie,developer_635,abstract_3,hit,post,0.0
gpt2-xl,alphaedit,mquake,1,efficacy,success,pre,0.5
gpt2-xl,alphaedit,mquake,1,efficacy,diff,pre,0.07306973828161172
gpt2-xl,alphaedit,mquake,1,efficacy,acc,pre,0.35714285714285715
gpt2-xl,alphaedit,mquake,1,single_hop,success,pre,0.5
gpt2-xl,alphaedit,mquake,1,single_hop,diff,pre,0.07306973828161172
gpt2-xl,alphaedit,mquake,1,single_hop,acc,pre,0.35714285714285715
gpt2-xl,alphaedit,mquake,1,multihop,hit,pre,0.0
gpt2-xl,alphaedit,mquake,1,efficacy,success,post,1.0
gpt2-xl,alphaedit,mquake,1,efficacy,diff,post,0.9827395884202655
gpt2-xl,alphaedit,mquake,1,efficacy,acc,post,1.0
gpt2-xl,alphaedit,mquake,1,single_hop,success,post,1.0
gpt2-xl,alphaedit,mquake,1,single_hop,diff,post,0.9827395884202655
gpt2-xl,alphaedit,mquake,1,single_hop,acc,post,1.0
gpt2-xl,alphaedit,mquake,1,multihop,hit,post,0.0
gpt2-xl,alphaedit,mquake,2,efficacy,success,pre,0.0
gpt2-xl,alphaedit,mquake,2,efficacy,diff,pre,-0.12840998488189664
gpt2-xl,alphaedit,mquake,2,efficacy,acc,pre,0.0
gpt2-xl,alphaedit,mquake,2,single_hop,success,pre,0.5
gpt2-xl,alphaedit,mquake,2,single_hop,diff,pre,-0.06177679998938742
gpt2-xl,alphaedit,mquake,2,single_hop,acc,pre,0.0
gpt2-xl,alphaedit,mquake,2,multihop,hit,pre,0.0
gpt2-xl,alphaedit,mquake,2,efficacy,success,post,1.0
gpt2-xl,alphaedit,mquake,2,efficacy,diff,post,0.979358092122796
gpt2-xl,alphaedit,mquake,2,efficacy,acc,post,1.0
gpt2-xl,alphaedit,mquake,2,single_hop,success,post,1.0
gpt2-xl,alphaedit,mquake,2,single_hop,diff,post,0.4920345620804876
gpt2-xl,alphaedit,mquake,2,single_hop,acc,post,0.5
gpt2-xl,alphaedit,mquake,2,multihop,hit,post,0.0
gpt2-xl,alphaedit,mquake,3,efficacy,success,pre,0.0
gpt2-xl,alphaedit,mquake,3,efficacy,diff,pre,-0.08145391641925212
gpt2-xl,alphaedit,mquake,3,efficacy,acc,pre,0.5
gpt2-xl,alphaedit,mquake,3,single_hop,success,pre,0.5
gpt2-xl,alphaedit,mquake,3,single_hop,diff,pre,-0.0405034361357399
gpt2-xl,alphaedit,mquake,3,single_hop,acc,pre,0.25
gpt2-xl,alphaedit,mquake,3,multihop,hit,pre,0.0
gpt2-xl,alphaedit,mquake,3,efficacy,success,post,1.0
gpt2-xl,alphaedit,mquake,3,efficacy,diff,post,0.0564453611049176
gpt2-xl,alphaedit,mquake,3,efficacy,acc,post,0.5
gpt2-xl,alphaedit,mquake,3,single_hop,success,post,1.0
gpt2-xl,alphaedit,mquake,3,single_hop,diff,post,0.028501497479977177
gpt2-xl,alphaedit,mquake,3,single_hop,acc,post,0.25
gpt2-xl,alphaedit,mquake,3,multihop,hit,post,0.0
gpt2-xl,alphaedit,mquake,4,efficacy,success,pre,0.0
gpt2-xl,alphaedit,mquake,4,efficacy,diff,pre,-0.0011610279311289953
gpt2-xl,alphaedit,mquake,4,efficacy,acc,pre,0.3333333333333333
gpt2-xl,alphaedit,mquake,4,single_hop,success,pre,0.0
gpt2-xl,alphaedit,mquake,4,single_hop,diff,pre,-0.000974658855342664
gpt2-xl,alphaedit,mquake,4,single_hop,acc,pre,0.16666666666666666
gpt2-xl,alphaedit,mquake,4,multihop,hit,pre,0.0
gpt2-xl,alphaedit,mquake,4,efficacy,success,post,1.0
gpt2-xl,alphaedit,mquake,4,efficacy,diff,post,0.8934113176033933
gpt2-xl,alphaedit,mquake,4,efficacy,acc,post,1.0
gpt2-xl,alphaedit,mquake,4,single_hop,success,post,0.5
gpt2-xl,alphaedit,mquake,4,single_hop,diff,post,0.4463296539516285
gpt2-xl,alphaedit,mquake,4,single_hop,acc,post,0.5
gpt2-xl,alphaedit,mquake,4,multihop,hit,post,0.0
gpt2-xl,alphaedit,mquake,5,efficacy,success,pre,0.0
gpt2-xl,alphaedit,mquake,5,efficacy,diff,pre,-0.04395206602233042
gpt2-xl,alphaedit,mquake,5,efficacy,acc,pre,0.5
gpt2-xl,alphaedit,mquake,5,single_hop,success,pre,0.0
gpt2-xl,alphaedit,mquake,5,single_hop,diff,pre,-0.04395206602233042
gpt2-xl,alphaedit,mquake,5,single_hop,acc,pre,0.5
gpt2-xl,alphaedit,mquake,5,multihop,hit,pre,0.0
gpt2-xl,alphaedit,mquake,5,efficacy,success,post,1.0
gpt2-xl,alphaedit,mquake,5,efficacy,diff,post,0.991199997434836
gpt2-xl,alphaedit,mquake,5,efficacy,acc,post,1.0
gpt2-xl,alphaedit,mquake,5,single_hop,success,post,1.0
gpt2-xl,alphaedit,mquake,5,single_hop,diff,post,0.991199997434836
gpt2-xl,alphaedit,mquake,5,single_hop,acc,post,1.0
gpt2-xl,alphaedit,mquake,5,multihop,hit,post,0.0
gpt2-xl,alphaedit,ripple,ripple_popular_row0,efficacy,hit,pre,0.0
gpt2-xl,alphaedit,ripple,ripple_popular_row0,ripple_compositional_i,hit,pre,0.0
gpt2-xl,alphaedit,ripple,ripple_popular_row0,ripple_aliasing,hit,pre,0.0
gpt2-xl,alphaedit,ripple,ripple_popular_row0,ripple_relation_specificity,hit,pre,0.0
gpt2-xl,alphaedit,ripple,ripple_popular_row0,ripple_preservation,hit,pre,0.0
gpt2-xl,alphaedit,ripple,ripple_popular_row0,efficacy,hit,post,1.0
gpt2-xl,alphaedit,ripple,ripple_popular_row0,ripple_compositional_i,hit,post,0.42857142857142855
gpt2-xl,alphaedit,ripple,ripple_popular_row0,ripple_aliasing,hit,post,1.0
gpt2-xl,alphaedit,ripple,ripple_popular_row0,ripple_relation_specificity,hit,post,0.1111111111111111
gpt2-xl,alphaedit,ripple,ripple_popular_row0,ripple_preservation,hit,post,0.0
gpt2-xl,alphaedit,ripple,ripple_popular_row2,efficacy,hit,pre,0.0
gpt2-xl,alphaedit,ripple,ripple_popular_row2,ripple_logical,hit,pre,0.0
gpt2-xl,alphaedit,ripple,ripple_popular_row2,ripple_compositional_i,hit,pre,0.0
gpt2-xl,alphaedit,ripple,ripple_popular_row2,ripple_aliasing,hit,pre,0.0
gpt2-xl,alphaedit,ripple,ripple_popular_row2,ripple_relation_specificity,hit,pre,0.0
gpt2-xl,alphaedit,ripple,ripple_popular_row2,ripple_preservation,hit,pre,0.0
gpt2-xl,alphaedit,ripple,ripple_popular_row2,efficacy,hit,post,1.0
gpt2-xl,alphaedit,ripple,ripple_popular_row2,ripple_logical,hit,post,0.0
gpt2-xl,alphaedit,ripple,ripple_popular_row2,ripple_compositional_i,hit,post,0.0
gpt2-xl,alphaedit,ripple,ripple_popular_row2,ripple_aliasing,hit,post,1.0
gpt2-xl,alphaedit,ripple,ripple_popular_row2,ripple_relation_specificity,hit,post,0.1111111111111111
gpt2-xl,alphaedit,ripple,ripple_popular_row2,ripple_preservation,hit,post,0.0
gpt2-xl,alphaedit,ripple,ripple_popular_row4,efficacy,hit,pre,0.0
gpt2-xl,alphaedit,ripple,ripple_popular_row4,ripple_logical,hit,pre,0.0
gpt2-xl,alphaedit,ripple,ripple_popular_row4,ripple_aliasing,hit,pre,0.0
gpt2-xl,alphaedit,ripple,ripple_popular_row4,ripple_relation_specificity,hit,pre,0.16666666666666666
gpt2-xl,alphaedit,ripple,ripple_popular_row4,ripple_preservation,hit,pre,0.0
gpt2-xl,alphaedit,ripple,ripple_popular_row4,efficacy,hit,post,0.0
gpt2-xl,alphaedit,ripple,ripple_popular_row4,ripple_logical,hit,post,0.0
gpt2-xl,alphaedit,ripple,ripple_popular_row4,ripple_aliasing,hit,post,0.0
gpt2-xl,alphaedit,ripple,ripple_popular_row4,ripple_relation_specificity,hit,post,0.0
gpt2-xl,alphaedit,ripple,ripple_popular_row4,ripple_preservation,hit,post,0.0
gpt2-xl,alphaedit,ripple,ripple_random_row0,efficacy,hit,pre,0.0
gpt2-xl,alphaedit,ripple,ripple_random_row0,ripple_logical,hit,pre,0.0
gpt2-xl,alphaedit,ripple,ripple_random_row0,ripple_aliasing,hit,pre,0.0
gpt2-xl,alphaedit,ripple,ripple_random_row0,ripple_relation_specificity,hit,pre,0.0
gpt2-xl,alphaedit,ripple,ripple_random_row0,efficacy,hit,post,0.0
gpt2-xl,alphaedit,ripple,ripple_random_row0,ripple_logical,hit,post,0.0
gpt2-xl,alphaedit,ripple,ripple_random_row0,ripple_aliasing,hit,post,0.0
gpt2-xl,alphaedit,ripple,ripple_random_row0,ripple_relation_specificity,hit,post,0.0
gpt2-xl,alphaedit,ripple,ripple_random_row1,efficacy,hit,pre,0.0
gpt2-xl,alphaedit,ripple,ripple_random_row1,ripple_compositional_i,hit,pre,0.0
gpt2-xl,alphaedit,ripple,ripple_random_row1,ripple_aliasing,hit,pre,0.0
gpt2-xl,alphaedit,ripple,ripple_random_row1,ripple_relation_specificity,hit,pre,0.0
gpt2-xl,alphaedit,ripple,ripple_random_row1,efficacy,hit,post,1.0
gpt2-xl,alphaedit,ripple,ripple_random_row1,ripple_compositional_i,hit,post,0.0
gpt2-xl,alphaedit,ripple,ripple_random_row1,ripple_aliasing,hit,post,0.0
gpt2-xl,alphaedit,ripple,ripple_random_row1,ripple_relation_specificity,hit,post,0.0
gpt2-xl,alphaedit,ripple,ripple_random_row2,efficacy,hit,pre,0.0
gpt2-xl,alphaedit,ripple,ripple_random_row2,ripple_compositional_i,hit,pre,0.0
gpt2-xl,alphaedit,ripple,ripple_random_row2,ripple_aliasing,hit,pre,0.0
gpt2-xl,alphaedit,ripple,ripple_random_row2,efficacy,hit,post,1.0
gpt2-xl,alphaedit,ripple,ripple_random_row2,ripple_compositional_i,hit,post,1.0
gpt2-xl,alphaedit,ripple,ripple_random_row2,ripple_aliasing,hit,post,1.0
gpt2-xl,alphaedit,ripple,ripple_random_row3,efficacy,hit,pre,0.0
gpt2-xl,alphaedit,ripple,ripple_random_row3,ripple_aliasing,hit,pre,0.0
gpt2-xl,alphaedit,ripple,ripple_random_row3,ripple_relation_specificity,hit,pre,0.0
gpt2-xl,alphaedit,ripple,ripple_random_row3,ripple_preservation,hit,pre,0.0
gpt2-xl,alphaedit,ripple,ripple_random_row3,efficacy,hit,post,0.0
gpt2-xl,alphaedit,ripple,ripple_random_row3,ripple_aliasing,hit,post,0.0
gpt2-xl,alphaedit,ripple,ripple_random_row3,ripple_relation_specificity,hit,post,0.0
gpt2-xl,alphaedit,ripple,ripple_random_row3,ripple_preservation,hit,post,0.0
gpt2-xl,alphaedit,ripple,ripple_random_row4,efficacy,hit,pre,0.0
gpt2-xl,alphaedit,ripple,ripple_random_row4,ripple_aliasing,hit,pre,0.0
gpt2-xl,alphaedit,ripple,ripple_random_row4,ripple_relation_specificity,hit,pre,0.3333333333333333
gpt2-xl,alphaedit,ripple,ripple_random_row4,ripple_preservation,hit,pre,0.0
gpt2-xl,alphaedit,ripple,ripple_random_row4,efficacy,hit,post,1.0
gpt2-xl,alphaedit,ripple,ripple_random_row4,ripple_aliasing,hit,post,0.0
gpt2-xl,alphaedit,ripple,ripple_random_row4,ripple_relation_specificity,hit,post,0.0
gpt2-xl,alphaedit,ripple,ripple_random_row4,ripple_preservation,hit,post,0.0
gpt2-xl,alphaedit,zsre,zsre_row0,efficacy,success,pre,0.0
gpt2-xl,alphaedit,zsre,zsre_row0,efficacy,diff,pre,-0.0005764174707755948
gpt2-xl,alphaedit,zsre,zsre_row0,efficacy,acc,pre,0.3333333333333333
gpt2-xl,alphaedit,zsre,zsre_row0,generalisation,success,pre,0.0
gpt2-xl,alphaedit,zsre,zsre_row0,generalisation,diff,pre,-0.002501691335092246
gpt2-xl,alphaedit,zsre,zsre_row0,generalisation,acc,pre,0.3333333333333333
gpt2-xl,alphaedit,zsre,zsre_row0,specificity,success,pre,1.0
gpt2-xl,alphaedit,zsre,zsre_row0,specificity,diff,pre,0.0002046845795470628
gpt2-xl,alphaedit,zsre,zsre_row0,specificity,acc,pre,0.3333333333333333
gpt2-xl,alphaedit,zsre,zsre_row0,efficacy,success,post,1.0
gpt2-xl,alphaedit,zsre,zsre_row0,efficacy,diff,post,0.9295042024969625
gpt2-xl,alphaedit,zsre,zsre_row0,efficacy,acc,post,1.0
gpt2-xl,alphaedit,zsre,zsre_row0,generalisation,success,post,1.0
gpt2-xl,alphaedit,zsre,zsre_row0,generalisation,diff,post,0.15550902432789665
gpt2-xl,alphaedit,zsre,zsre_row0,generalisation,acc,post,0.6666666666666666
gpt2-xl,alphaedit,zsre,zsre_row0,specificity,success,post,1.0
gpt2-xl,alphaedit,zsre,zsre_row0,specificity,diff,post,0.000317121831884658
gpt2-xl,alphaedit,zsre,zsre_row0,specificity,acc,post,0.3333333333333333
gpt2-xl,alphaedit,zsre,zsre_row1,efficacy,success,pre,0.0
gpt2-xl,alphaedit,zsre,zsre_row1,efficacy,diff,pre,-0.02953277586544776
gpt2-xl,alphaedit,zsre,zsre_row1,efficacy,acc,pre,0.5
gpt2-xl,alphaedit,zsre,zsre_row1,generalisation,success,pre,0.0
gpt2-xl,alphaedit,zsre,zsre_row1,generalisation,diff,pre,-0.01901215584201373
gpt2-xl,alphaedit,zsre,zsre_row1,generalisation,acc,pre,0.0
gpt2-xl,alphaedit,zsre,zsre_row1,specificity,success,pre,0.0
gpt2-xl,alphaedit,zsre,zsre_row1,specificity,diff,pre,-0.005373715503999106
gpt2-xl,alphaedit,zsre,zsre_row1,specificity,acc,pre,0.5
gpt2-xl,alphaedit,zsre,zsre_row1,efficacy,success,post,1.0
gpt2-xl,alphaedit,zsre,zsre_row1,efficacy,diff,post,0.8490024704786816
gpt2-xl,alphaedit,zsre,zsre_row1,efficacy,acc,post,1.0
gpt2-xl,alphaedit,zsre,zsre_row1,generalisation,success,post,1.0
gpt2-xl,alphaedit,zsre,zsre_row1,generalisation,diff,post,0.5738588716734263
gpt2-xl,alphaedit,zsre,zsre_row1,generalisation,acc,post,1.0
gpt2-xl,alphaedit,zsre,zsre_row1,specificity,success,post,0.0
gpt2-xl,alphaedit,zsre,zsre_row1,specificity,diff,post,-0.0053918838903811266
gpt2-xl,alphaedit,zsre,zsre_row1,specificity,acc,post,0.5
gpt2-xl,alphaedit,zsre,zsre_row2,efficacy,success,pre,0.0
gpt2-xl,alphaedit,zsre,zsre_row2,efficacy,diff,pre,-2.442762706981668e-07
gpt2-xl,alphaedit,zsre,zsre_row2,efficacy,acc,pre,0.0
gpt2-xl,alphaedit,zsre,zsre_row2,generalisation,success,pre,0.0
gpt2-xl,alphaedit,zsre,zsre_row2,generalisation,diff,pre,-3.203728883827346e-07
gpt2-xl,alphaedit,zsre,zsre_row2,generalisation,acc,pre,0.0
gpt2-xl,alphaedit,zsre,zsre_row2,specificity,success,pre,0.0
gpt2-xl,alphaedit,zsre,zsre_row2,specificity,diff,pre,-0.004939125528424883
gpt2-xl,alphaedit,zsre,zsre_row2,specificity,acc,pre,0.6666666666666666
gpt2-xl,alphaedit,zsre,zsre_row2,efficacy,success,post,1.0
gpt2-xl,alphaedit,zsre,zsre_row2,efficacy,diff,post,0.9901788144203105
gpt2-xl,alphaedit,zsre,zsre_row2,efficacy,acc,post,1.0
gpt2-xl,alphaedit,zsre,zsre_row2,generalisation,success,post,1.0
gpt2-xl,alphaedit,zsre,zsre_row2,generalisation,diff,post,0.7741660219262021
gpt2-xl,alphaedit,zsre,zsre_row2,generalisation,acc,post,1.0
gpt2-xl,alphaedit,zsre,zsre_row2,specificity,success,post,0.0
gpt2-xl,alphaedit,zsre,zsre_row2,specificity,diff,post,-0.004865703539766212
gpt2-xl,alphaedit,zsre,zsre_row2,specificity,acc,post,0.6666666666666666
gpt2-xl,alphaedit,zsre,zsre_row3,efficacy,success,pre,1.0
gpt2-xl,alphaedit,zsre,zsre_row3,efficacy,diff,pre,0.015183308242543096
gpt2-xl,alphaedit,zsre,zsre_row3,efficacy,acc,pre,0.5
gpt2-xl,alphaedit,zsre,zsre_row3,generalisation,success,pre,1.0
gpt2-xl,alphaedit,zsre,zsre_row3,generalisation,diff,pre,0.027180286197004022
gpt2-xl,alphaedit,zsre,zsre_row3,generalisation,acc,pre,0.5
gpt2-xl,alphaedit,zsre,zsre_row3,specificity,success,pre,1.0
gpt2-xl,alphaedit,zsre,zsre_row3,specificity,diff,pre,0.009606811368003695
gpt2-xl,alphaedit,zsre,zsre_row3,specificity,acc,pre,0.0
gpt2-xl,alphaedit,zsre,zsre_row3,efficacy,success,post,1.0
gpt2-xl,alphaedit,zsre,zsre_row3,efficacy,diff,post,0.9929039231356066
gpt2-xl,alphaedit,zsre,zsre_row3,efficacy,acc,post,1.0
gpt2-xl,alphaedit,zsre,zsre_row3,generalisation,success,post,1.0
gpt2-xl,alphaedit,zsre,zsre_row3,generalisation,diff,post,0.9911709381934166
gpt2-xl,alphaedit,zsre,zsre_row3,generalisation,acc,post,1.0
gpt2-xl,alphaedit,zsre,zsre_row3,specificity,success,post,1.0
gpt2-xl,alphaedit,zsre,zsre_row3,specificity,diff,post,0.009648707137321222
gpt2-xl,alphaedit,zsre,zsre_row3,specificity,acc,post,0.0
gpt2-xl,alphaedit,zsre,zsre_row4,efficacy,success,pre,0.0
gpt2-xl,alphaedit,zsre,zsre_row4,efficacy,diff,pre,-0.03172412325269371
gpt2-xl,alphaedit,zsre,zsre_row4,efficacy,acc,pre,0.3333333333333333
gpt2-xl,alphaedit,zsre,zsre_row4,generalisation,success,pre,0.0
gpt2-xl,alphaedit,zsre,zsre_row4,generalisation,diff,pre,-0.04598370745814568
gpt2-xl,alphaedit,zsre,zsre_row4,generalisation,acc,pre,0.3333333333333333
gpt2-xl,alphaedit,zsre,zsre_row4,specificity,success,pre,0.0
gpt2-xl,alphaedit,zsre,zsre_row4,specificity,diff,pre,-0.0012575156320287658
gpt2-xl,alphaedit,zsre,zsre_row4,specificity,acc,pre,0.3333333333333333
gpt2-xl,alphaedit,zsre,zsre_row4,efficacy,success,post,1.0
gpt2-xl,alphaedit,zsre,zsre_row4,efficacy,diff,post,0.887800851973804
gpt2-xl,alphaedit,zsre,zsre_row4,efficacy,acc,post,1.0
gpt2-xl,alphaedit,zsre,zsre_row4,generalisation,success,post,1.0
gpt2-xl,alphaedit,zsre,zsre_row4,generalisation,diff,post,0.012321024562359228
gpt2-xl,alphaedit,zsre,zsre_row4,generalisation,acc,post,0.6666666666666666
gpt2-xl,alphaedit,zsre,zsre_row4,specificity,success,post,0.0
gpt2-xl,alphaedit,zsre,zsre_row4,specificity,diff,post,-0.0011646336760209308
gpt2-xl,alphaedit,zsre,zsre_row4,specificity,acc,post,0.3333333333333333
gpt2-xl,anyedit,counterfact,0,efficacy,success,pre,0.0
gpt2-xl,anyedit,counterfact,0,efficacy,diff,pre,-0.37617651698075644
gpt2-xl,anyedit,counterfact,0,efficacy,acc,pre,0.0
gpt2-xl,anyedit,counterfact,0,generalisation,success,pre,1.0
gpt2-xl,anyedit,counterfact,0,generalisation,diff,pre,0.0005171306729141865
gpt2-xl,anyedit,counterfact,0,generalisation,acc,pre,0.0
gpt2-xl,anyedit,counterfact,0,specificity,success,pre,0.0
gpt2-xl,anyedit,counterfact,0,specificity,diff,pre,-0.3224642760423937
gpt2-xl,anyedit,counterfact,0,specificity,acc,pre,0.7
gpt2-xl,anyedit,counterfact,0,target_close_neighbour,success,pre,1.0
gpt2-xl,anyedit,counterfact,0,target_close_neighbour,diff,pre,0.07185565722335695
gpt2-xl,anyedit,counterfact,0,target_close_neighbour,acc,pre,0.4
gpt2-xl,anyedit,counterfact,0,efficacy,success,post,1.0
gpt2-xl,anyedit,counterfact,0,efficacy,diff,post,0.810057145550344
gpt2-xl,anyedit,counterfact,0,efficacy,acc,post,1.0
gpt2-xl,anyedit,counterfact,0,generalisation,success,post,1.0
gpt2-xl,anyedit,counterfact,0,generalisation,diff,post,0.0012681173629869565
gpt2-xl,anyedit,counterfact,0,generalisation,acc,post,0.0
gpt2-xl,anyedit,counterfact,0,specificity,success,post,0.2
gpt2-xl,anyedit,counterfact,0,specificity,diff,post,-0.2152517442800496
gpt2-xl,anyedit,counterfact,0,specificity,acc,post,0.5
gpt2-xl,anyedit,counterfact,0,target_close_neighbour,success,post,1.0
gpt2-xl,anyedit,counterfact,0,target_close_neighbour,diff,post,0.2032581730448076
gpt2-xl,anyedit,counterfact,0,target_close_neighbour,acc,post,0.4
gpt2-xl,anyedit,counterfact,1,efficacy,success,pre,0.0
gpt2-xl,anyedit,counterfact,1,efficacy,diff,pre,-0.10433664415338888
gpt2-xl,anyedit,counterfact,1,efficacy,acc,pre,0.0
gpt2-xl,anyedit,counterfact,1,generalisation,success,pre,0.0
gpt2-xl,anyedit,counterfact,1,generalisation,diff,pre,-0.0010584796715423853
gpt2-xl,anyedit,counterfact,1,generalisation,acc,pre,0.0
gpt2-xl,anyedit,counterfact,1,specificity,success,pre,0.7
gpt2-xl,anyedit,counterfact,1,specificity,diff,pre,0.025185032982237548
gpt2-xl,anyedit,counterfact,1,specificity,acc,pre,0.1
gpt2-xl,anyedit,counterfact,1,target_close_neighbour,success,pre,1.0
gpt2-xl,anyedit,counterfact,1,target_close_neighbour,diff,pre,0.11009343599061741
gpt2-xl,anyedit,counterfact,1,target_close_neighbour,acc,pre,0.3
gpt2-xl,anyedit,counterfact,1,efficacy,success,post,1.0
gpt2-xl,anyedit,counterfact,1,efficacy,diff,post,0.9379651991950944
gpt2-xl,anyedit,counterfact,1,efficacy,acc,post,1.0
gpt2-xl,anyedit,counterfact,1,generalisation,success,post,0.0
gpt2-xl,anyedit,counterfact,1,generalisation,diff,post,-0.0012297479495582521
gpt2-xl,anyedit,counterfact,1,generalisation,acc,post,0.0
gpt2-xl,anyedit,counterfact,1,specificity,success,post,1.0
gpt2-xl,anyedit,counterfact,1,specificity,diff,post,0.2686836167367302
gpt2-xl,anyedit,counterfact,1,specificity,acc,post,0.0
gpt2-xl,anyedit,counterfact,1,target_close_neighbour,success,post,1.0
gpt2-xl,anyedit,counterfact,1,target_close_neighbour,diff,post,0.24365039156199947
gpt2-xl,anyedit,counterfact,1,target_close_neighbour,acc,post,0.5
gpt2-xl,anyedit,counterfact,2,efficacy,success,pre,1.0
gpt2-xl,anyedit,counterfact,2,efficacy,diff,pre,2.8234194909068148e-05
gpt2-xl,anyedit,counterfact,2,efficacy,acc,pre,0.0
gpt2-xl,anyedit,counterfact,2,generalisation,success,pre,0.5
gpt2-xl,anyedit,counterfact,2,generalisation,diff,pre,0.013870785335809153
gpt2-xl,anyedit,counterfact,2,generalisation,acc,pre,0.0
gpt2-xl,anyedit,counterfact,2,specificity,success,pre,0.6
gpt2-xl,anyedit,counterfact,2,specificity,diff,pre,-0.0022553692823553133
gpt2-xl,anyedit,counterfact,2,specificity,acc,pre,0.0
gpt2-xl,anyedit,counterfact,2,target_close_neighbour,success,pre,0.7
gpt2-xl,anyedit,counterfact,2,target_close_neighbour,diff,pre,0.006844458774199277
gpt2-xl,anyedit,counterfact,2,target_close_neighbour,acc,pre,0.0
gpt2-xl,anyedit,counterfact,2,efficacy,success,post,1.0
gpt2-xl,anyedit,counterfact,2,efficacy,diff,post,0.00136550294692295
gpt2-xl,anyedit,counterfact,2,efficacy,acc,post,0.0
gpt2-xl,anyedit,counterfact,2,generalisation,success,post,0.5
gpt2-xl,anyedit,counterfact,2,generalisation,diff,post,0.019829451303874417
gpt2-xl,anyedit,counterfact,2,generalisation,acc,post,0.0
gpt2-xl,anyedit,counterfact,2,specificity,success,post,0.7
gpt2-xl,anyedit,counterfact,2,specificity,diff,post,0.0006667545259834586
gpt2-xl,anyedit,counterfact,2,specificity,acc,post,0.0
gpt2-xl,anyedit,counterfact,2,target_close_neighbour,success,post,1.0
gpt2-xl,anyedit,counterfact,2,target_close_neighbour,diff,post,0.009049069267881318
gpt2-xl,anyedit,counterfact,2,target_close_neighbour,acc,post,0.0
gpt2-xl,anyedit,counterfact,3,efficacy,success,pre,0.0
gpt2-xl,anyedit,counterfact,3,efficacy,diff,pre,-0.08874552929428017
gpt2-xl,anyedit,counterfact,3,efficacy,acc,pre,0.0
gpt2-xl,anyedit,counterfact,3,generalisation,success,pre,0.0
gpt2-xl,anyedit,counterfact,3,generalisation,diff,pre,-0.10788922980313234
gpt2-xl,anyedit,counterfact,3,generalisation,acc,pre,0.0
gpt2-xl,anyedit,counterfact,3,specificity,success,pre,0.0
gpt2-xl,anyedit,counterfact,3,specificity,diff,pre,-0.01927880385219243
gpt2-xl,anyedit,counterfact,3,specificity,acc,pre,0.0
gpt2-xl,anyedit,counterfact,3,target_close_neighbour,success,pre,1.0
gpt2-xl,anyedit,counterfact,3,target_close_neighbour,diff,pre,0.09144004526728411
gpt2-xl,anyedit,counterfact,3,target_close_neighbour,acc,pre,0.1
gpt2-xl,anyedit,counterfact,3,efficacy,success,post,0.0
gpt2-xl,anyedit,counterfact,3,efficacy,diff,post,-0.24459466736126023
gpt2-xl,anyedit,counterfact,3,efficacy,acc,post,0.0
gpt2-xl,anyedit,counterfact,3,generalisation,success,post,0.0
gpt2-xl,anyedit,counterfact,3,generalisation,diff,post,-0.413683961932627
gpt2-xl,anyedit,counterfact,3,generalisation,acc,post,0.0
gpt2-xl,anyedit,counterfact,3,specificity,success,post,0.2
gpt2-xl,anyedit,counterfact,3,specificity,diff,post,-0.049713801424529455
gpt2-xl,anyedit,counterfact,3,specificity,acc,post,0.0
gpt2-xl,anyedit,counterfact,3,target_close_neighbour,success,post,1.0
gpt2-xl,anyedit,counterfact,3,target_close_neighbour,diff,post,0.19424786417466838
gpt2-xl,anyedit,counterfact,3,target_close_neighbour,acc,post,0.5
gpt2-xl,anyedit,counterfact,4,efficacy,success,pre,0.0
gpt2-xl,anyedit,counterfact,4,efficacy,diff,pre,-2.046038752108024e-06
gpt2-xl,anyedit,counterfact,4,efficacy,acc,pre,0.0
gpt2-xl,anyedit,counterfact,4,generalisation,success,pre,0.0
gpt2-xl,anyedit,counterfact,4,generalisation,diff,pre,-5.229205851170455e-06
gpt2-xl,anyedit,counterfact,4,generalisation,acc,pre,0.0
gpt2-xl,anyedit,counterfact,4,specificity,success,pre,0.4
gpt2-xl,anyedit,counterfact,4,specificity,diff,pre,-8.363290483892825e-05
gpt2-xl,anyedit,counterfact,4,specificity,acc,pre,0.0
gpt2-xl,anyedit,counterfact,4,target_close_neighbour,success,pre,1.0
gpt2-xl,anyedit,counterfact,4,target_close_neighbour,diff,pre,0.0013901259861620226
gpt2-xl,anyedit,counterfact,4,target_close_neighbour,acc,pre,0.0
gpt2-xl,anyedit,counterfact,4,efficacy,success,post,1.0
gpt2-xl,anyedit,counterfact,4,efficacy,diff,post,0.0002516513411795284
gpt2-xl,anyedit,counterfact,4,efficacy,acc,post,0.0
gpt2-xl,anyedit,counterfact,4,generalisation,success,post,0.0
gpt2-xl,anyedit,counterfact,4,generalisation,diff,post,-5.814239714517167e-06
gpt2-xl,anyedit,counterfact,4,generalisation,acc,post,0.0
gpt2-xl,anyedit,counterfact,4,specificity,success,post,0.4
gpt2-xl,anyedit,counterfact,4,specificity,diff,post,0.00042302982059681744
gpt2-xl,anyedit,counterfact,4,specificity,acc,post,0.0
gpt2-xl,anyedit,counterfact,4,target_close_neighbour,success,post,1.0
gpt2-xl,anyedit,counterfact,4,target_close_neighbour,diff,post,0.001880459699838338
gpt2-xl,anyedit,counterfact,4,target_close_neighbour,acc,post,0.0
gpt2-xl,anyedit,genie,genre_140,efficacy,success,pre,1.0
gpt2-xl,anyedit,genie,genre_140,efficacy,diff,pre,0.0008869611175538481
gpt2-xl,anyedit,genie,genre_140,efficacy,acc,pre,0.0
gpt2-xl,anyedit,genie,genre_140,paraphrase_1,success,pre,0.0
gpt2-xl,anyedit,genie,genre_140,paraphrase_1,diff,pre,-0.002583061588050793
gpt2-xl,anyedit,genie,genre_140,paraphrase_1,acc,pre,0.5
gpt2-xl,anyedit,genie,genre_140,paraphrase_2,success,pre,1.0
gpt2-xl,anyedit,genie,genre_140,paraphrase_2,diff,pre,0.005611773118867478
gpt2-xl,anyedit,genie,genre_140,paraphrase_2,acc,pre,0.0
gpt2-xl,anyedit,genie,genre_140,paraphrase_3,success,pre,1.0
gpt2-xl,anyedit,genie,genre_140,paraphrase_3,diff,pre,0.00874093146027626
gpt2-xl,anyedit,genie,genre_140,paraphrase_3,acc,pre,0.5
gpt2-xl,anyedit,genie,genre_140,abstract_1,success,pre,1.0
gpt2-xl,anyedit,genie,genre_140,abstract_1,diff,pre,0.4419788566406618
gpt2-xl,anyedit,genie,genre_140,abstract_1,acc,pre,0.875
gpt2-xl,anyedit,genie,genre_140,abstract_3,hit,pre,0.0
gpt2-xl,anyedit,genie,genre_140,efficacy,success,post,1.0
gpt2-xl,anyedit,genie,genre_140,efficacy,diff,post,0.13473734418284414
gpt2-xl,anyedit,genie,genre_140,efficacy,acc,post,0.5
gpt2-xl,anyedit,genie,genre_140,paraphrase_1,success,post,0.0
gpt2-xl,anyedit,genie,genre_140,paraphrase_1,diff,post,-0.0024914010769494684
gpt2-xl,anyedit,genie,genre_140,paraphrase_1,acc,post,0.5
gpt2-xl,anyedit,genie,genre_140,paraphrase_2,success,post,1.0
gpt2-xl,anyedit,genie,genre_140,paraphrase_2,diff,post,0.006358972028606683
gpt2-xl,anyedit,genie,genre_140,paraphrase_2,acc,post,0.0
gpt2-xl,anyedit,genie,genre_140,paraphrase_3,success,post,1.0
gpt2-xl,anyedit,genie,genre_140,paraphrase_3,diff,post,0.009634065154368328
gpt2-xl,anyedit,genie,genre_140,paraphrase_3,acc,post,0.5
gpt2-xl,anyedit,genie,genre_140,abstract_1,success,post,1.0
gpt2-xl,anyedit,genie,genre_140,abstract_1,diff,post,0.44971058032555866
gpt2-xl,anyedit,genie,genre_140,abstract_1,acc,post,0.875
gpt2-xl,anyedit,genie,genre_140,abstract_3,hit,post,0.0
gpt2-xl,anyedit,genie,production_company_307,efficacy,success,pre,1.0
gpt2-xl,anyedit,genie,production_company_307,efficacy,diff,pre,0.0019034815891978765
gpt2-xl,anyedit,genie,production_company_307,efficacy,acc,pre,0.5
gpt2-xl,anyedit,genie,production_company_307,paraphrase_1,success,pre,0.0
gpt2-xl,anyedit,genie,production_company_307,paraphrase_1,diff,pre,-0.019457546862193136
gpt2-xl,anyedit,genie,production_company_307,paraphrase_1,acc,pre,0.5
gpt2-xl,anyedit,genie,production_company_307,paraphrase_2,success,pre,1.0
gpt2-xl,anyedit,genie,production_company_307,paraphrase_2,diff,pre,0.00262880880547197
gpt2-xl,anyedit,genie,production_company_307,paraphrase_2,acc,pre,0.5
gpt2-xl,anyedit,genie,production_company_307,paraphrase_3,success,pre,0.0
gpt2-xl,anyedit,genie,production_company_307,paraphrase_3,diff,pre,-2.205438500036544e-05
gpt2-xl,anyedit,genie,production_company_307,paraphrase_3,acc,pre,0.5
gpt2-xl,anyedit,genie,production_company_307,abstract_2,hit,pre,0.0
gpt2-xl,anyedit,genie,production_company_307,abstract_3,hit,pre,0.0
gpt2-xl,anyedit,genie,production_company_307,efficacy,success,post,1.0
gpt2-xl,anyedit,genie,production_company_307,efficacy,diff,post,0.59785076365262
gpt2-xl,anyedit,genie,production_company_307,efficacy,acc,post,1.0
gpt2-xl,anyedit,genie,production_company_307,paraphrase_1,success,post,0.0
gpt2-xl,anyedit,genie,production_company_307,paraphrase_1,diff,post,-0.014565538936674102
gpt2-xl,anyedit,genie,production_company_307,paraphrase_1,acc,post,0.5
gpt2-xl,anyedit,genie,production_company_307,paraphrase_2,success,post,1.0
gpt2-xl,anyedit,genie,production_company_307,paraphrase_2,diff,post,0.007868777138287215
gpt2-xl,anyedit,genie,production_company_307,paraphrase_2,acc,post,0.5
gpt2-xl,anyedit,genie,production_company_307,paraphrase_3,success,post,1.0
gpt2-xl,anyedit,genie,production_company_307,paraphrase_3,diff,post,0.00031290644534245557
gpt2-xl,anyedit,genie,production_company_307,paraphrase_3,acc,post,0.5
gpt2-xl,anyedit,genie,production_company_307,abstract_2,hit,post,0.0
gpt2-xl,anyedit,genie,production_company_307,abstract_3,hit,post,0.0
gpt2-xl,anyedit,genie,screenwriter_548,efficacy,success,pre,1.0
gpt2-xl,anyedit,genie,screenwriter_548,efficacy,diff,pre,0.09758109056603412
gpt2-xl,anyedit,genie,screenwriter_548,efficacy,acc,pre,0.8
gpt2-xl,anyedit,genie,screenwriter_548,paraphrase_1,success,pre,1.0
gpt2-xl,anyedit,genie,screenwriter_548,paraphrase_1,diff,pre,0.17352857149907774
gpt2-xl,anyedit,genie,screenwriter_548,paraphrase_1,acc,pre,0.8
gpt2-xl,anyedit,genie,screenwriter_548,paraphrase_2,success,pre,1.0
gpt2-xl,anyedit,genie,screenwriter_548,paraphrase_2,diff,pre,0.10840090627139014
gpt2-xl,anyedit,genie,screenwriter_548,paraphrase_2,acc,pre,0.8
gpt2-xl,anyedit,genie,screenwriter_548,paraphrase_3,success,pre,1.0
gpt2-xl,anyedit,genie,screenwriter_548,paraphrase_3,diff,pre,0.10632744766863479
gpt2-xl,anyedit,genie,screenwriter_548,paraphrase_3,acc,pre,0.8
gpt2-xl,anyedit,genie,screenwriter_548,hop_1,success,pre,1.0
gpt2-xl,anyedit,genie,screenwriter_548,hop_1,diff,pre,0.0065618608174673795
gpt2-xl,anyedit,genie,screenwriter_548,hop_1,acc,pre,0.6666666666666666
gpt2-xl,anyedit,genie,screenwriter_548,abstract_2,hit,pre,0.0
gpt2-xl,anyedit,genie,screenwriter_548,abstract_3,hit,pre,0.0
gpt2-xl,anyedit,genie,screenwriter_548,efficacy,success,post,1.0
gpt2-xl,anyedit,genie,screenwriter_548,efficacy,diff,post,0.7787677881387227
gpt2-xl,anyedit,genie,screenwriter_548,efficacy,acc,post,1.0
gpt2-xl,anyedit,genie,screenwriter_548,paraphrase_1,success,post,1.0
gpt2-xl,anyedit,genie,screenwriter_548,paraphrase_1,diff,post,0.1872000282631906
gpt2-xl,anyedit,genie,screenwriter_548,paraphrase_1,acc,post,0.8
gpt2-xl,anyedit,genie,screenwriter_548,paraphrase_2,success,post,1.0
gpt2-xl,anyedit,genie,screenwriter_548,paraphrase_2,diff,post,0.10997657253858717
gpt2-xl,anyedit,genie,screenwriter_548,paraphrase_2,acc,post,0.8
gpt2-xl,anyedit,genie,screenwriter_548,paraphrase_3,success,post,1.0
gpt2-xl,anyedit,genie,screenwriter_548,paraphrase_3,diff,post,0.10946968976118335
gpt2-xl,anyedit,genie,screenwriter_548,paraphrase_3,acc,post,0.8
gpt2-xl,anyedit,genie,screenwriter_548,hop_1,success,post,1.0
gpt2-xl,anyedit,genie,screenwriter_548,hop_1,diff,post,0.003633313021211894
gpt2-xl,anyedit,genie,screenwriter_548,hop_1,acc,post,0.6666666666666666
gpt2-xl,anyedit,genie,screenwriter_548,abstract_2,hit,post,0.0
gpt2-xl,anyedit,genie,screenwriter_548,abstract_3,hit,post,0.0
gpt2-xl,anyedit,genie,director_596,efficacy,success,pre,0.0
gpt2-xl,anyedit,genie,director_596,efficacy,diff,pre,-0.2505051343190578
gpt2-xl,anyedit,genie,director_596,efficacy,acc,pre,0.5
gpt2-xl,anyedit,genie,director_596,paraphrase_1,success,pre,0.0
gpt2-xl,anyedit,genie,director_596,paraphrase_1,diff,pre,-0.23925892534975643
gpt2-xl,anyedit,genie,director_596,paraphrase_1,acc,pre,0.5
gpt2-xl,anyedit,genie,director_596,paraphrase_2,success,pre,0.0
gpt2-xl,anyedit,genie,director_596,paraphrase_2,diff,pre,-0.3467795671348278
gpt2-xl,anyedit,genie,director_596,paraphrase_2,acc,pre,0.5
gpt2-xl,anyedit,genie,director_596,paraphrase_3,success,pre,0.0
gpt2-xl,anyedit,genie,director_596,paraphrase_3,diff,pre,-0.2723545622360445
gpt2-xl,anyedit,genie,director_596,paraphrase_3,acc,pre,0.5
gpt2-xl,anyedit,genie,director_596,hop_1,success,pre,0.0
gpt2-xl,anyedit,genie,director_596,hop_1,diff,pre,-0.03350907117631415
gpt2-xl,anyedit,genie,director_596,hop_1,acc,pre,0.0
gpt2-xl,anyedit,genie,director_596,abstract_3,hit,pre,0.0
gpt2-xl,anyedit,genie,director_596,efficacy,success,post,0.0
gpt2-xl,anyedit,genie,director_596,efficacy,diff,post,-0.18502331437656752
gpt2-xl,anyedit,genie,director_596,efficacy,acc,post,0.5
gpt2-xl,anyedit,genie,director_596,paraphrase_1,success,post,0.0
gpt2-xl,anyedit,genie,director_596,paraphrase_1,diff,post,-0.24817588346818173
gpt2-xl,anyedit,genie,director_596,paraphrase_1,acc,post,0.5
gpt2-xl,anyedit,genie,director_596,paraphrase_2,success,post,0.0
gpt2-xl,anyedit,genie,director_596,paraphrase_2,diff,post,-0.34036065112176755
gpt2-xl,anyedit,genie,director_596,paraphrase_2,acc,post,0.5
gpt2-xl,anyedit,genie,director_596,paraphrase_3,success,post,0.0
gpt2-xl,anyedit,genie,director_596,paraphrase_3,diff,post,-0.28754792284377906
gpt2-xl,anyedit,genie,director_596,paraphrase_3,acc,post,0.5
gpt2-xl,anyedit,genie,director_596,hop_1,success,post,0.0
gpt2-xl,anyedit,genie,director_596,hop_1,diff,post,-0.04762533651762712
gpt2-xl,anyedit,genie,director_596,hop_1,acc,post,0.0
gpt2-xl,anyedit,genie,director_596,abstract_3,hit,post,0.0
gpt2-xl,anyedit,genie,developer_635,efficacy,success,pre,1.0
gpt2-xl,anyedit,genie,developer_635,efficacy,diff,pre,0.0024236455235303904
gpt2-xl,anyedit,genie,developer_635,efficacy,acc,pre,0.0
gpt2-xl,anyedit,genie,developer_635,paraphrase_1,success,pre,0.0
gpt2-xl,anyedit,genie,developer_635,paraphrase_1,diff,pre,-0.3506061485596631
gpt2-xl,anyedit,genie,developer_635,paraphrase_1,acc,pre,0.0
gpt2-xl,anyedit,genie,developer_635,paraphrase_2,success,pre,0.0
gpt2-xl,anyedit,genie,developer_635,paraphrase_2,diff,pre,-0.046381514750475354
gpt2-xl,anyedit,genie,developer_635,paraphrase_2,acc,pre,0.0
gpt2-xl,anyedit,genie,developer_635,paraphrase_3,success,pre,0.0
gpt2-xl,anyedit,genie,developer_635,paraphrase_3,diff,pre,-0.21593135886740997
gpt2-xl,anyedit,genie,developer_635,paraphrase_3,acc,pre,0.0
gpt2-xl,anyedit,genie,developer_635,hop_1,success,pre,1.0
gpt2-xl,anyedit,genie,developer_635,hop_1,diff,pre,0.02003652241425219
gpt2-xl,anyedit,genie,developer_635,hop_1,acc,pre,0.6666666666666666
gpt2-xl,anyedit,genie,developer_635,abstract_1,success,pre,1.0
gpt2-xl,anyedit,genie,developer_635,abstract_1,diff,pre,0.04310544019090315
gpt2-xl,anyedit,genie,developer_635,abstract_1,acc,pre,0.5
gpt2-xl,anyedit,genie,developer_635,abstract_3,hit,pre,0.0
gpt2-xl,anyedit,genie,developer_635,efficacy,success,post,1.0
gpt2-xl,anyedit,genie,developer_635,efficacy,diff,post,0.15423305999904893
gpt2-xl,anyedit,genie,developer_635,efficacy,acc,post,0.5
gpt2-xl,anyedit,genie,developer_635,paraphrase_1,success,post,0.0
gpt2-xl,anyedit,genie,developer_635,paraphrase_1,diff,post,-0.3522518182151308
gpt2-xl,anyedit,genie,developer_635,paraphrase_1,acc,post,0.0
gpt2-xl,anyedit,genie,developer_635,paraphrase_2,success,post,0.0
gpt2-xl,anyedit,genie,developer_635,paraphrase_2,diff,post,-0.056714182229750686
gpt2-xl,anyedit,genie,developer_635,paraphrase_2,acc,post,0.0
gpt2-xl,anyedit,genie,developer_635,paraphrase_3,success,post,0.0
gpt2-xl,anyedit,genie,developer_635,paraphrase_3,diff,post,-0.21213127296230774
gpt2-xl,anyedit,genie,developer_635,paraphrase_3,acc,post,0.0
gpt2-xl,anyedit,genie,developer_635,hop_1,success,post,1.0
gpt2-xl,anyedit,genie,developer_635,hop_1,diff,post,0.02695644921819908
gpt2-xl,anyedit,genie,developer_635,hop_1,acc,post,0.6666666666666666
gpt2-xl,anyedit,genie,developer_635,abstract_1,success,post,1.0
gpt2-xl,anyedit,genie,developer_635,abstract_1,diff,post,0.03979309492206953
gpt2-xl,anyedit,genie,developer_635,abstract_1,acc,post,0.5
gpt2-xl,anyedit,genie,developer_635,abstract_3,hit,post,0.0
gpt2-xl,anyedit,mquake,1,efficacy,success,pre,0.5
gpt2-xl,anyedit,mquake,1,efficacy,diff,pre,0.07306973828161172
gpt2-xl,anyedit,mquake,1,efficacy,acc,pre,0.35714285714285715
gpt2-xl,anyedit,mquake,1,single_hop,success,pre,0.5
gpt2-xl,anyedit,mquake,1,single_hop,diff,pre,0.07306973828161172
gpt2-xl,anyedit,mquake,1,single_hop,acc,pre,0.35714285714285715
gpt2-xl,anyedit,mquake,1,multihop,hit,pre,0.0
gpt2-xl,anyedit,mquake,1,efficacy,success,post,1.0
gpt2-xl,anyedit,mquake,1,efficacy,diff,post,0.8301196989419903
gpt2-xl,anyedit,mquake,1,efficacy,acc,post,1.0
gpt2-xl,anyedit,mquake,1,single_hop,success,post,1.0
gpt2-xl,anyedit,mquake,1,single_hop,diff,post,0.8301196989419903
gpt2-xl,anyedit,mquake,1,single_hop,acc,post,1.0
gpt2-xl,anyedit,mquake,1,multihop,hit,post,0.0
gpt2-xl,anyedit,mquake,2,efficacy,success,pre,0.0
gpt2-xl,anyedit,mquake,2,efficacy,diff,pre,-0.12840998488189664
gpt2-xl,anyedit,mquake,2,efficacy,acc,pre,0.0
gpt2-xl,anyedit,mquake,2,single_hop,success,pre,0.5
gpt2-xl,anyedit,mquake,2,single_hop,diff,pre,-0.06177679998938742
gpt2-xl,anyedit,mquake,2,single_hop,acc,pre,0.0
gpt2-xl,anyedit,mquake,2,multihop,hit,pre,0.0
gpt2-xl,anyedit,mquake,2,efficacy,success,post,1.0
gpt2-xl,anyedit,mquake,2,efficacy,diff,post,0.017364002608650293
gpt2-xl,anyedit,mquake,2,efficacy,acc,post,0.3333333333333333
gpt2-xl,anyedit,mquake,2,single_hop,success,post,1.0
gpt2-xl,anyedit,mquake,2,single_hop,diff,post,0.011256698887799534
gpt2-xl,anyedit,mquake,2,single_hop,acc,post,0.16666666666666666
gpt2-xl,anyedit,mquake,2,multihop,hit,post,0.0
gpt2-xl,anyedit,mquake,3,efficacy,success,pre,0.0
gpt2-xl,anyedit,mquake,3,efficacy,diff,pre,-0.08145391641925212
gpt2-xl,anyedit,mquake,3,efficacy,acc,pre,0.5
gpt2-xl,anyedit,mquake,3,single_hop,success,pre,0.5
gpt2-xl,anyedit,mquake,3,single_hop,diff,pre,-0.0405034361357399
gpt2-xl,anyedit,mquake,3,single_hop,acc,pre,0.25
gpt2-xl,anyedit,mquake,3,multihop,hit,pre,0.0
gpt2-xl,anyedit,mquake,3,efficacy,success,post,1.0
gpt2-xl,anyedit,mquake,3,efficacy,diff,post,0.9963682154397906
gpt2-xl,anyedit,mquake,3,efficacy,acc,post,1.0
gpt2-xl,anyedit,mquake,3,single_hop,success,post,1.0
gpt2-xl,anyedit,mquake,3,single_hop,diff,post,0.4983757356049241
gpt2-xl,anyedit,mquake,3,single_hop,acc,post,0.5
gpt2-xl,anyedit,mquake,3,multihop,hit,post,0.3333333333333333
gpt2-xl,anyedit,mquake,4,efficacy,success,pre,0.0
gpt2-xl,anyedit,mquake,4,efficacy,diff,pre,-0.0011610279311289953
gpt2-xl,anyedit,mquake,4,efficacy,acc,pre,0.3333333333333333
gpt2-xl,anyedit,mquake,4,single_hop,success,pre,0.0
gpt2-xl,anyedit,mquake,4,single_hop,diff,pre,-0.000974658855342664
gpt2-xl,anyedit,mquake,4,single_hop,acc,pre,0.16666666666666666
gpt2-xl,anyedit,mquake,4,multihop,hit,pre,0.0
gpt2-xl,anyedit,mquake,4,efficacy,success,post,1.0
gpt2-xl,anyedit,mquake,4,efficacy,diff,post,0.025194789207604366
gpt2-xl,anyedit,mquake,4,efficacy,acc,post,0.5
gpt2-xl,anyedit,mquake,4,single_hop,success,post,0.5
gpt2-xl,anyedit,mquake,4,single_hop,diff,post,0.012189075631350297
gpt2-xl,anyedit,mquake,4,single_hop,acc,post,0.25
gpt2-xl,anyedit,mquake,4,multihop,hit,post,0.0
gpt2-xl,anyedit,mquake,5,efficacy,success,pre,0.0
gpt2-xl,anyedit,mquake,5,efficacy,diff,pre,-0.04395206602233042
gpt2-xl,anyedit,mquake,5,efficacy,acc,pre,0.5
gpt2-xl,anyedit,mquake,5,single_hop,success,pre,0.0
gpt2-xl,anyedit,mquake,5,single_hop,diff,pre,-0.04395206602233042
gpt2-xl,anyedit,mquake,5,single_hop,acc,pre,0.5
gpt2-xl,anyedit,mquake,5,multihop,hit,pre,0.0
gpt2-xl,anyedit,mquake,5,efficacy,success,post,0.5
gpt2-xl,anyedit,mquake,5,efficacy,diff,post,0.4353323482013489
gpt2-xl,anyedit,mquake,5,efficacy,acc,post,0.75
gpt2-xl,anyedit,mquake,5,single_hop,success,post,0.5
gpt2-xl,anyedit,mquake,5,single_hop,diff,post,0.4353323482013489
gpt2-xl,anyedit,mquake,5,single_hop,acc,post,0.75
gpt2-xl,anyedit,mquake,5,multihop,hit,post,0.0
gpt2-xl,anyedit,ripple,ripple_popular_row0,efficacy,hit,pre,0.0
gpt2-xl,anyedit,ripple,ripple_popular_row0,ripple_compositional_i,hit,pre,0.0
gpt2-xl,anyedit,ripple,ripple_popular_row0,ripple_aliasing,hit,pre,0.0
gpt2-xl,anyedit,ripple,ripple_popular_row0,ripple_relation_specificity,hit,pre,0.0
gpt2-xl,anyedit,ripple,ripple_popular_row0,ripple_preservation,hit,pre,0.0
gpt2-xl,anyedit,ripple,ripple_popular_row0,efficacy,hit,post,1.0
gpt2-xl,anyedit,ripple,ripple_popular_row0,ripple_compositional_i,hit,post,0.0
gpt2-xl,anyedit,ripple,ripple_popular_row0,ripple_aliasing,hit,post,1.0
gpt2-xl,anyedit,ripple,ripple_popular_row0,ripple_relation_specificity,hit,post,0.0
gpt2-xl,anyedit,ripple,ripple_popular_row0,ripple_preservation,hit,post,0.0
gpt2-xl,anyedit,ripple,ripple_popular_row2,efficacy,hit,pre,0.0
gpt2-xl,anyedit,ripple,ripple_popular_row2,ripple_logical,hit,pre,0.0
gpt2-xl,anyedit,ripple,ripple_popular_row2,ripple_compositional_i,hit,pre,0.0
gpt2-xl,anyedit,ripple,ripple_popular_row2,ripple_aliasing,hit,pre,0.0
gpt2-xl,anyedit,ripple,ripple_popular_row2,ripple_relation_specificity,hit,pre,0.0
gpt2-xl,anyedit,ripple,ripple_popular_row2,ripple_preservation,hit,pre,0.0
gpt2-xl,anyedit,ripple,ripple_popular_row2,efficacy,hit,post,0.0
gpt2-xl,anyedit,ripple,ripple_popular_row2,ripple_logical,hit,post,0.0
gpt2-xl,anyedit,ripple,ripple_popular_row2,ripple_compositional_i,hit,post,0.0
gpt2-xl,anyedit,ripple,ripple_popular_row2,ripple_aliasing,hit,post,0.5
gpt2-xl,anyedit,ripple,ripple_popular_row2,ripple_relation_specificity,hit,post,0.2222222222222222
gpt2-xl,anyedit,ripple,ripple_popular_row2,ripple_preservation,hit,post,0.0
gpt2-xl,anyedit,ripple,ripple_popular_row4,efficacy,hit,pre,0.0
gpt2-xl,anyedit,ripple,ripple_popular_row4,ripple_logical,hit,pre,0.0
gpt2-xl,anyedit,ripple,ripple_popular_row4,ripple_aliasing,hit,pre,0.0
gpt2-xl,anyedit,ripple,ripple_popular_row4,ripple_relation_specificity,hit,pre,0.16666666666666666
gpt2-xl,anyedit,ripple,ripple_popular_row4,ripple_preservation,hit,pre,0.0
gpt2-xl,anyedit,ripple,ripple_popular_row4,efficacy,hit,post,0.0
gpt2-xl,anyedit,ripple,ripple_popular_row4,ripple_logical,hit,post,0.0
gpt2-xl,anyedit,ripple,ripple_popular_row4,ripple_aliasing,hit,post,0.0
gpt2-xl,anyedit,ripple,ripple_popular_row4,ripple_relation_specificity,hit,post,0.16666666666666666
gpt2-xl,anyedit,ripple,ripple_popular_row4,ripple_preservation,hit,post,0.0
gpt2-xl,anyedit,ripple,ripple_random_row0,efficacy,hit,pre,0.0
gpt2-xl,anyedit,ripple,ripple_random_row0,ripple_logical,hit,pre,0.0
gpt2-xl,anyedit,ripple,ripple_random_row0,ripple_aliasing,hit,pre,0.0
gpt2-xl,anyedit,ripple,ripple_random_row0,ripple_relation_specificity,hit,pre,0.0
gpt2-xl,anyedit,ripple,ripple_random_row0,efficacy,hit,post,0.0
gpt2-xl,anyedit,ripple,ripple_random_row0,ripple_logical,hit,post,0.0
gpt2-xl,anyedit,ripple,ripple_random_row0,ripple_aliasing,hit,post,0.0
gpt2-xl,anyedit,ripple,ripple_random_row0,ripple_relation_specificity,hit,post,0.0
gpt2-xl,anyedit,ripple,ripple_random_row1,efficacy,hit,pre,0.0
gpt2-xl,anyedit,ripple,ripple_random_row1,ripple_compositional_i,hit,pre,0.0
gpt2-xl,anyedit,ripple,ripple_random_row1,ripple_aliasing,hit,pre,0.0
gpt2-xl,anyedit,ripple,ripple_random_row1,ripple_relation_specificity,hit,pre,0.0
gpt2-xl,anyedit,ripple,ripple_random_row1,efficacy,hit,post,1.0
gpt2-xl,anyedit,ripple,ripple_random_row1,ripple_compositional_i,hit,post,0.0
gpt2-xl,anyedit,ripple,ripple_random_row1,ripple_aliasing,hit,post,1.0
gpt2-xl,anyedit,ripple,ripple_random_row1,ripple_relation_specificity,hit,post,0.0
gpt2-xl,anyedit,ripple,ripple_random_row2,efficacy,hit,pre,0.0
gpt2-xl,anyedit,ripple,ripple_random_row2,ripple_compositional_i,hit,pre,0.0
gpt2-xl,anyedit,ripple,ripple_random_row2,ripple_aliasing,hit,pre,0.0
gpt2-xl,anyedit,ripple,ripple_random_row2,efficacy,hit,post,1.0
gpt2-xl,anyedit,ripple,ripple_random_row2,ripple_compositional_i,hit,post,0.0
gpt2-xl,anyedit,ripple,ripple_random_row2,ripple_aliasing,hit,post,0.0
gpt2-xl,anyedit,ripple,ripple_random_row3,efficacy,hit,pre,0.0
gpt2-xl,anyedit,ripple,ripple_random_row3,ripple_aliasing,hit,pre,0.0
gpt2-xl,anyedit,ripple,ripple_random_row3,ripple_relation_specificity,hit,pre,0.0
gpt2-xl,anyedit,ripple,ripple_random_row3,ripple_preservation,hit,pre,0.0
gpt2-xl,anyedit,ripple,ripple_random_row3,efficacy,hit,post,0.0
gpt2-xl,anyedit,ripple,ripple_random_row3,ripple_aliasing,hit,post,0.0
gpt2-xl,anyedit,ripple,ripple_random_row3,ripple_relation_specificity,hit,post,0.0
gpt2-xl,anyedit,ripple,ripple_random_row3,ripple_preservation,hit,post,0.0
gpt2-xl,anyedit,ripple,ripple_random_row4,efficacy,hit,pre,0.0
gpt2-xl,anyedit,ripple,ripple_random_row4,ripple_aliasing,hit,pre,0.0
gpt2-xl,anyedit,ripple,ripple_random_row4,ripple_relation_specificity,hit,pre,0.3333333333333333
gpt2-xl,anyedit,ripple,ripple_random_row4,ripple_preservation,hit,pre,0.0
gpt2-xl,anyedit,ripple,ripple_random_row4,efficacy,hit,post,0.0
gpt2-xl,anyedit,ripple,ripple_random_row4,ripple_aliasing,hit,post,0.0
gpt2-xl,anyedit,ripple,ripple_random_row4,ripple_relation_specificity,hit,post,0.0
gpt2-xl,anyedit,ripple,ripple_random_row4,ripple_preservation,hit,post,0.0
gpt2-xl,anyedit,zsre,zsre_row0,efficacy,success,pre,0.0
gpt2-xl,anyedit,zsre,zsre_row0,efficacy,diff,pre,-0.0005764174707755948
gpt2-xl,anyedit,zsre,zsre_row0,efficacy,acc,pre,0.3333333333333333
gpt2-xl,anyedit,zsre,zsre_row0,generalisation,success,pre,0.0
gpt2-xl,anyedit,zsre,zsre_row0,generalisation,diff,pre,-0.002501691335092246
gpt2-xl,anyedit,zsre,zsre_row0,generalisation,acc,pre,0.3333333333333333
gpt2-xl,anyedit,zsre,zsre_row0,specificity,success,pre,1.0
gpt2-xl,anyedit,zsre,zsre_row0,specificity,diff,pre,0.0002046845795470628
gpt2-xl,anyedit,zsre,zsre_row0,specificity,acc,pre,0.3333333333333333
gpt2-xl,anyedit,zsre,zsre_row0,efficacy,success,post,1.0
gpt2-xl,anyedit,zsre,zsre_row0,efficacy,diff,post,0.3573936787504297
gpt2-xl,anyedit,zsre,zsre_row0,efficacy,acc,post,0.6666666666666666
gpt2-xl,anyedit,zsre,zsre_row0,generalisation,success,post,1.0
gpt2-xl,anyedit,zsre,zsre_row0,generalisation,diff,post,0.2009412078425592
gpt2-xl,anyedit,zsre,zsre_row0,generalisation,acc,post,0.6666666666666666
gpt2-xl,anyedit,zsre,zsre_row0,specificity,success,post,1.0
gpt2-xl,anyedit,zsre,zsre_row0,specificity,diff,post,0.00037725014312773534
gpt2-xl,anyedit,zsre,zsre_row0,specificity,acc,post,0.3333333333333333
gpt2-xl,anyedit,zsre,zsre_row1,efficacy,success,pre,0.0
gpt2-xl,anyedit,zsre,zsre_row1,efficacy,diff,pre,-0.02953277586544776
gpt2-xl,anyedit,zsre,zsre_row1,efficacy,acc,pre,0.5
gpt2-xl,anyedit,zsre,zsre_row1,generalisation,success,pre,0.0
gpt2-xl,anyedit,zsre,zsre_row1,generalisation,diff,pre,-0.01901215584201373
gpt2-xl,anyedit,zsre,zsre_row1,generalisation,acc,pre,0.0
gpt2-xl,anyedit,zsre,zsre_row1,specificity,success,pre,0.0
gpt2-xl,anyedit,zsre,zsre_row1,specificity,diff,pre,-0.005373715503999106
gpt2-xl,anyedit,zsre,zsre_row1,specificity,acc,pre,0.5
gpt2-xl,anyedit,zsre,zsre_row1,efficacy,success,post,1.0
gpt2-xl,anyedit,zsre,zsre_row1,efficacy,diff,post,0.1350425852532744
gpt2-xl,anyedit,zsre,zsre_row1,efficacy,acc,post,0.75
gpt2-xl,anyedit,zsre,zsre_row1,generalisation,success,post,0.0
gpt2-xl,anyedit,zsre,zsre_row1,generalisation,diff,post,-0.02644282985294369
gpt2-xl,anyedit,zsre,zsre_row1,generalisation,acc,post,0.25
gpt2-xl,anyedit,zsre,zsre_row1,specificity,success,post,0.0
gpt2-xl,anyedit,zsre,zsre_row1,specificity,diff,post,-0.005568982232891517
gpt2-xl,anyedit,zsre,zsre_row1,specificity,acc,post,0.5
gpt2-xl,anyedit,zsre,zsre_row2,efficacy,success,pre,0.0
gpt2-xl,anyedit,zsre,zsre_row2,efficacy,diff,pre,-2.442762706981668e-07
gpt2-xl,anyedit,zsre,zsre_row2,efficacy,acc,pre,0.0
gpt2-xl,anyedit,zsre,zsre_row2,generalisation,success,pre,0.0
gpt2-xl,anyedit,zsre,zsre_row2,generalisation,diff,pre,-3.203728883827346e-07
gpt2-xl,anyedit,zsre,zsre_row2,generalisation,acc,pre,0.0
gpt2-xl,anyedit,zsre,zsre_row2,specificity,success,pre,0.0
gpt2-xl,anyedit,zsre,zsre_row2,specificity,diff,pre,-0.004939125528424883
gpt2-xl,anyedit,zsre,zsre_row2,specificity,acc,pre,0.6666666666666666
gpt2-xl,anyedit,zsre,zsre_row2,efficacy,success,post,1.0
gpt2-xl,anyedit,zsre,zsre_row2,efficacy,diff,post,0.055324897379691984
gpt2-xl,anyedit,zsre,zsre_row2,efficacy,acc,post,0.0
gpt2-xl,anyedit,zsre,zsre_row2,generalisation,success,post,1.0
gpt2-xl,anyedit,zsre,zsre_row2,generalisation,diff,post,0.00019710172783356434
gpt2-xl,anyedit,zsre,zsre_row2,generalisation,acc,post,0.0
gpt2-xl,anyedit,zsre,zsre_row2,specificity,success,post,0.0
gpt2-xl,anyedit,zsre,zsre_row2,specificity,diff,post,-0.004968138028999315
gpt2-xl,anyedit,zsre,zsre_row2,specificity,acc,post,0.6666666666666666
gpt2-xl,anyedit,zsre,zsre_row3,efficacy,success,pre,1.0
gpt2-xl,anyedit,zsre,zsre_row3,efficacy,diff,pre,0.015183308242543096
gpt2-xl,anyedit,zsre,zsre_row3,efficacy,acc,pre,0.5
gpt2-xl,anyedit,zsre,zsre_row3,generalisation,success,pre,1.0
gpt2-xl,anyedit,zsre,zsre_row3,generalisation,diff,pre,0.027180286197004022
gpt2-xl,anyedit,zsre,zsre_row3,generalisation,acc,pre,0.5
gpt2-xl,anyedit,zsre,zsre_row3,specificity,success,pre,1.0
gpt2-xl,anyedit,zsre,zsre_row3,specificity,diff,pre,0.009606811368003695
gpt2-xl,anyedit,zsre,zsre_row3,specificity,acc,pre,0.0
gpt2-xl,anyedit,zsre,zsre_row3,efficacy,success,post,1.0
gpt2-xl,anyedit,zsre,zsre_row3,efficacy,diff,post,0.4267065532553013
gpt2-xl,anyedit,zsre,zsre_row3,efficacy,acc,post,0.75
gpt2-xl,anyedit,zsre,zsre_row3,generalisation,success,post,1.0
gpt2-xl,anyedit,zsre,zsre_row3,generalisation,diff,post,0.3491081359585014
gpt2-xl,anyedit,zsre,zsre_row3,generalisation,acc,post,0.75
gpt2-xl,anyedit,zsre,zsre_row3,specificity,success,post,1.0
gpt2-xl,anyedit,zsre,zsre_row3,specificity,diff,post,0.010320779559120809
gpt2-xl,anyedit,zsre,zsre_row3,specificity,acc,post,0.0
gpt2-xl,anyedit,zsre,zsre_row4,efficacy,success,pre,0.0
gpt2-xl,anyedit,zsre,zsre_row4,efficacy,diff,pre,-0.03172412325269371
gpt2-xl,anyedit,zsre,zsre_row4,efficacy,acc,pre,0.3333333333333333
gpt2-xl,anyedit,zsre,zsre_row4,generalisation,success,pre,0.0
gpt2-xl,anyedit,zsre,zsre_row4,generalisation,diff,pre,-0.04598370745814568
gpt2-xl,anyedit,zsre,zsre_row4,generalisation,acc,pre,0.3333333333333333
gpt2-xl,anyedit,zsre,zsre_row4,specificity,success,pre,0.0
gpt2-xl,anyedit,zsre,zsre_row4,specificity,diff,pre,-0.0012575156320287658
gpt2-xl,anyedit,zsre,zsre_row4,specificity,acc,pre,0.3333333333333333
gpt2-xl,anyedit,zsre,zsre_row4,efficacy,success,post,0.0
gpt2-xl,anyedit,zsre,zsre_row4,efficacy,diff,post,-0.03196690958521327
gpt2-xl,anyedit,zsre,zsre_row4,efficacy,acc,post,0.3333333333333333
gpt2-xl,anyedit,zsre,zsre_row4,generalisation,success,post,0.0
gpt2-xl,anyedit,zsre,zsre_row4,generalisation,diff,post,-0.057766305889942124
gpt2-xl,anyedit,zsre,zsre_row4,generalisation,acc,post,0.3333333333333333
gpt2-xl,anyedit,zsre,zsre_row4,specificity,success,post,0.0
gpt2-xl,anyedit,zsre,zsre_row4,specificity,diff,post,-0.0010744653328531484
gpt2-xl,anyedit,zsre,zsre_row4,specificity,acc,post,0.3333333333333333
gpt2-xl,grace,counterfact,0,efficacy,success,pre,0.0
gpt2-xl,grace,counterfact,0,efficacy,diff,pre,-0.37617651698075644
gpt2-xl,grace,counterfact,0,efficacy,acc,pre,0.0
gpt2-xl,grace,counterfact,0,generalisation,success,pre,1.0
gpt2-xl,grace,counterfact,0,generalisation,diff,pre,0.0005171306729141865
gpt2-xl,grace,counterfact,0,generalisation,acc,pre,0.0
gpt2-xl,grace,counterfact,0,specificity,success,pre,0.0
gpt2-xl,grace,counterfact,0,specificity,diff,pre,-0.3224642760423937
gpt2-xl,grace,counterfact,0,specificity,acc,pre,0.7
gpt2-xl,grace,counterfact,0,target_close_neighbour,success,pre,1.0
gpt2-xl,grace,counterfact,0,target_close_neighbour,diff,pre,0.07185565722335695
gpt2-xl,grace,counterfact,0,target_close_neighbour,acc,pre,0.4
gpt2-xl,grace,counterfact,0,efficacy,success,post,1.0
gpt2-xl,grace,counterfact,0,efficacy,diff,post,0.9994850952928555
gpt2-xl,grace,counterfact,0,efficacy,acc,post,1.0
gpt2-xl,grace,counterfact,0,generalisation,success,post,1.0
gpt2-xl,grace,counterfact,0,generalisation,diff,post,0.0005171306729141865
gpt2-xl,grace,counterfact,0,generalisation,acc,post,0.0
gpt2-xl,grace,counterfact,0,specificity,success,post,0.0
gpt2-xl,grace,counterfact,0,specificity,diff,post,-0.3224642760423937
gpt2-xl,grace,counterfact,0,specificity,acc,post,0.7
gpt2-xl,grace,counterfact,0,target_close_neighbour,success,post,1.0
gpt2-xl,grace,counterfact,0,target_close_neighbour,diff,post,0.07185565722335695
gpt2-xl,grace,counterfact,0,target_close_neighbour,acc,post,0.4
gpt2-xl,grace,counterfact,1,efficacy,success,pre,0.0
gpt2-xl,grace,counterfact,1,efficacy,diff,pre,-0.10433664415338888
gpt2-xl,grace,counterfact,1,efficacy,acc,pre,0.0
gpt2-xl,grace,counterfact,1,generalisation,success,pre,0.0
gpt2-xl,grace,counterfact,1,generalisation,diff,pre,-0.0010584796715423853
gpt2-xl,grace,counterfact,1,generalisation,acc,pre,0.0
gpt2-xl,grace,counterfact,1,specificity,success,pre,0.7
gpt2-xl,grace,counterfact,1,specificity,diff,pre,0.025185032982237548
gpt2-xl,grace,counterfact,1,specificity,acc,pre,0.1
gpt2-xl,grace,counterfact,1,target_close_neighbour,success,pre,1.0
gpt2-xl,grace,counterfact,1,target_close_neighbour,diff,pre,0.11009343599061741
gpt2-xl,grace,counterfact,1,target_close_neighbour,acc,pre,0.3
gpt2-xl,grace,counterfact,1,efficacy,success,post,1.0
gpt2-xl,grace,counterfact,1,efficacy,diff,post,0.9996432151084544
gpt2-xl,grace,counterfact,1,efficacy,acc,post,1.0
gpt2-xl,grace,counterfact,1,generalisation,success,post,0.0
gpt2-xl,grace,counterfact,1,generalisation,diff,post,-0.0010584796715423853
gpt2-xl,grace,counterfact,1,generalisation,acc,post,0.0
gpt2-xl,grace,counterfact,1,specificity,success,post,0.7
gpt2-xl,grace,counterfact,1,specificity,diff,post,0.025185032982237548
gpt2-xl,grace,counterfact,1,specificity,acc,post,0.1
gpt2-xl,grace,counterfact,1,target_close_neighbour,success,post,1.0
gpt2-xl,grace,counterfact,1,target_close_neighbour,diff,post,0.11009343599061741
gpt2-xl,grace,counterfact,1,target_close_neighbour,acc,post,0.3
gpt2-xl,grace,counterfact,2,efficacy,success,pre,1.0
gpt2-xl,grace,counterfact,2,efficacy,diff,pre,2.8234194909068148e-05
gpt2-xl,grace,counterfact,2,efficacy,acc,pre,0.0
gpt2-xl,grace,counterfact,2,generalisation,success,pre,0.5
gpt2-xl,grace,counterfact,2,generalisation,diff,pre,0.013870785335809153
gpt2-xl,grace,counterfact,2,generalisation,acc,pre,0.0
gpt2-xl,grace,counterfact,2,specificity,success,pre,0.6
gpt2-xl,grace,counterfact,2,specificity,diff,pre,-0.0022553692823553133
gpt2-xl,grace,counterfact,2,specificity,acc,pre,0.0
gpt2-xl,grace,counterfact,2,target_close_neighbour,success,pre,0.7
gpt2-xl,grace,counterfact,2,target_close_neighbour,diff,pre,0.006844458774199277
gpt2-xl,grace,counterfact,2,target_close_neighbour,acc,pre,0.0
gpt2-xl,grace,counterfact,2,efficacy,success,post,1.0
gpt2-xl,grace,counterfact,2,efficacy,diff,post,0.9995497036832064
gpt2-xl,grace,counterfact,2,efficacy,acc,post,1.0
gpt2-xl,grace,counterfact,2,generalisation,success,post,0.5
gpt2-xl,grace,counterfact,2,generalisation,diff,post,0.013870785335809153
gpt2-xl,grace,counterfact,2,generalisation,acc,post,0.0
gpt2-xl,grace,counterfact,2,specificity,success,post,0.6
gpt2-xl,grace,counterfact,2,specificity,diff,post,-0.0022553692823553133
gpt2-xl,grace,counterfact,2,specificity,acc,post,0.0
gpt2-xl,grace,counterfact,2,target_close_neighbour,success,post,0.7
gpt2-xl,grace,counterfact,2,target_close_neighbour,diff,post,0.006844458774199277
gpt2-xl,grace,counterfact,2,target_close_neighbour,acc,post,0.0
gpt2-xl,grace,counterfact,3,efficacy,success,pre,0.0
gpt2-xl,grace,counterfact,3,efficacy,diff,pre,-0.08874552929428017
gpt2-xl,grace,counterfact,3,efficacy,acc,pre,0.0
gpt2-xl,grace,counterfact,3,generalisation,success,pre,0.0
gpt2-xl,grace,counterfact,3,generalisation,diff,pre,-0.10788922980313234
gpt2-xl,grace,counterfact,3,generalisation,acc,pre,0.0
gpt2-xl,grace,counterfact,3,specificity,success,pre,0.0
gpt2-xl,grace,counterfact,3,specificity,diff,pre,-0.01927880385219243
gpt2-xl,grace,counterfact,3,specificity,acc,pre,0.0
gpt2-xl,grace,counterfact,3,target_close_neighbour,success,pre,1.0
gpt2-xl,grace,counterfact,3,target_close_neighbour,diff,pre,0.09144004526728411
gpt2-xl,grace,counterfact,3,target_close_neighbour,acc,pre,0.1
gpt2-xl,grace,counterfact,3,efficacy,success,post,1.0
gpt2-xl,grace,counterfact,3,efficacy,diff,post,0.999347898719345
gpt2-xl,grace,counterfact,3,efficacy,acc,post,1.0
gpt2-xl,grace,counterfact,3,generalisation,success,post,0.0
gpt2-xl,grace,counterfact,3,generalisation,diff,post,-0.10788922980313234
gpt2-xl,grace,counterfact,3,generalisation,acc,post,0.0
gpt2-xl,grace,counterfact,3,specificity,success,post,0.0
gpt2-xl,grace,counterfact,3,specificity,diff,post,-0.01927880385219243
gpt2-xl,grace,counterfact,3,specificity,acc,post,0.0
gpt2-xl,grace,counterfact,3,target_close_neighbour,success,post,1.0
gpt2-xl,grace,counterfact,3,target_close_neighbour,diff,post,0.09144004526728411
gpt2-xl,grace,counterfact,3,target_close_neighbour,acc,post,0.1
gpt2-xl,grace,counterfact,4,efficacy,success,pre,0.0
gpt2-xl,grace,counterfact,4,efficacy,diff,pre,-2.046038752108024e-06
gpt2-xl,grace,counterfact,4,efficacy,acc,pre,0.0
gpt2-xl,grace,counterfact,4,generalisation,success,pre,0.0
gpt2-xl,grace,counterfact,4,generalisation,diff,pre,-5.229205851170455e-06
gpt2-xl,grace,counterfact,4,generalisation,acc,pre,0.0
gpt2-xl,grace,counterfact,4,specificity,success,pre,0.4
gpt2-xl,grace,counterfact,4,specificity,diff,pre,-8.363290483892825e-05
gpt2-xl,grace,counterfact,4,specificity,acc,pre,0.0
gpt2-xl,grace,counterfact,4,target_close_neighbour,success,pre,1.0
gpt2-xl,grace,counterfact,4,target_close_neighbour,diff,pre,0.0013901259861620226
gpt2-xl,grace,counterfact,4,target_close_neighbour,acc,pre,0.0
gpt2-xl,grace,counterfact,4,efficacy,success,post,1.0
gpt2-xl,grace,counterfact,4,efficacy,diff,post,0.9999654289299698
gpt2-xl,grace,counterfact,4,efficacy,acc,post,1.0
gpt2-xl,grace,counterfact,4,generalisation,success,post,0.0
gpt2-xl,grace,counterfact,4,generalisation,diff,post,-5.229205851170455e-06
gpt2-xl,grace,counterfact,4,generalisation,acc,post,0.0
gpt2-xl,grace,counterfact,4,specificity,success,post,0.7
gpt2-xl,grace,counterfact,4,specificity,diff,post,0.5999007736755556
gpt2-xl,grace,counterfact,4,specificity,acc,post,0.0
gpt2-xl,grace,counterfact,4,target_close_neighbour,success,post,1.0
gpt2-xl,grace,counterfact,4,target_close_neighbour,diff,post,0.30137604963612663
gpt2-xl,grace,counterfact,4,target_close_neighbour,acc,post,0.3
gpt2-xl,grace,genie,genre_140,efficacy,success,pre,1.0
gpt2-xl,grace,genie,genre_140,efficacy,diff,pre,0.0008869611175538481
gpt2-xl,grace,genie,genre_140,efficacy,acc,pre,0.0
gpt2-xl,grace,genie,genre_140,paraphrase_1,success,pre,0.0
gpt2-xl,grace,genie,genre_140,paraphrase_1,diff,pre,-0.002583061588050793
gpt2-xl,grace,genie,genre_140,paraphrase_1,acc,pre,0.5
gpt2-xl,grace,genie,genre_140,paraphrase_2,success,pre,1.0
gpt2-xl,grace,genie,genre_140,paraphrase_2,diff,pre,0.005611773118867478
gpt2-xl,grace,genie,genre_140,paraphrase_2,acc,pre,0.0
gpt2-xl,grace,genie,genre_140,paraphrase_3,success,pre,1.0
gpt2-xl,grace,genie,genre_140,paraphrase_3,diff,pre,0.00874093146027626
gpt2-xl,grace,genie,genre_140,paraphrase_3,acc,pre,0.5
gpt2-xl,grace,genie,genre_140,abstract_1,success,pre,1.0
gpt2-xl,grace,genie,genre_140,abstract_1,diff,pre,0.4419788566406618
gpt2-xl,grace,genie,genre_140,abstract_1,acc,pre,0.875
gpt2-xl,grace,genie,genre_140,abstract_3,hit,pre,0.0
gpt2-xl,grace,genie,genre_140,efficacy,success,post,1.0
gpt2-xl,grace,genie,genre_140,efficacy,diff,post,0.9969509924836336
gpt2-xl,grace,genie,genre_140,efficacy,acc,post,1.0
gpt2-xl,grace,genie,genre_140,paraphrase_1,success,post,0.0
gpt2-xl,grace,genie,genre_140,paraphrase_1,diff,post,-0.002583061588050793
gpt2-xl,grace,genie,genre_140,paraphrase_1,acc,post,0.5
gpt2-xl,grace,genie,genre_140,paraphrase_2,success,post,1.0
gpt2-xl,grace,genie,genre_140,paraphrase_2,diff,post,0.005611773118867478
gpt2-xl,grace,genie,genre_140,paraphrase_2,acc,post,0.0
gpt2-xl,grace,genie,genre_140,paraphrase_3,success,post,1.0
gpt2-xl,grace,genie,genre_140,paraphrase_3,diff,post,0.00874093146027626
gpt2-xl,grace,genie,genre_140,paraphrase_3,acc,post,0.5
gpt2-xl,grace,genie,genre_140,abstract_1,success,post,1.0
gpt2-xl,grace,genie,genre_140,abstract_1,diff,post,0.4419788566406618
gpt2-xl,grace,genie,genre_140,abstract_1,acc,post,0.875
gpt2-xl,grace,genie,genre_140,abstract_3,hit,post,0.0
gpt2-xl,grace,genie,production_company_307,efficacy,success,pre,1.0
gpt2-xl,grace,genie,production_company_307,efficacy,diff,pre,0.0019034815891978765
gpt2-xl,grace,genie,production_company_307,efficacy,acc,pre,0.5
gpt2-xl,grace,genie,production_company_307,paraphrase_1,success,pre,0.0
gpt2-xl,grace,genie,production_company_307,paraphrase_1,diff,pre,-0.019457546862193136
gpt2-xl,grace,genie,production_company_307,paraphrase_1,acc,pre,0.5
gpt2-xl,grace,genie,production_company_307,paraphrase_2,success,pre,1.0
gpt2-xl,grace,genie,production_company_307,paraphrase_2,diff,pre,0.00262880880547197
gpt2-xl,grace,genie,production_company_307,paraphrase_2,acc,pre,0.5
gpt2-xl,grace,genie,production_company_307,paraphrase_3,success,pre,0.0
gpt2-xl,grace,genie,production_company_307,paraphrase_3,diff,pre,-2.205438500036544e-05
gpt2-xl,grace,genie,production_company_307,paraphrase_3,acc,pre,0.5
gpt2-xl,grace,genie,production_company_307,abstract_2,hit,pre,0.0
gpt2-xl,grace,genie,production_company_307,abstract_3,hit,pre,0.0
gpt2-xl,grace,genie,production_company_307,efficacy,success,post,1.0
gpt2-xl,grace,genie,production_company_307,efficacy,diff,post,0.9989444962855811
gpt2-xl,grace,genie,production_company_307,efficacy,acc,post,1.0
gpt2-xl,grace,genie,production_company_307,paraphrase_1,success,post,0.0
gpt2-xl,grace,genie,production_company_307,paraphrase_1,diff,post,-0.019457546862193136
gpt2-xl,grace,genie,production_company_307,paraphrase_1,acc,post,0.5
gpt2-xl,grace,genie,production_company_307,paraphrase_2,success,post,1.0
gpt2-xl,grace,genie,production_company_307,paraphrase_2,diff,post,0.00262880880547197
gpt2-xl,grace,genie,production_company_307,paraphrase_2,acc,post,0.5
gpt2-xl,grace,genie,production_company_307,paraphrase_3,success,post,0.0
gpt2-xl,grace,genie,production_company_307,paraphrase_3,diff,post,-2.205438500036544e-05
gpt2-xl,grace,genie,production_company_307,paraphrase_3,acc,post,0.5
gpt2-xl,grace,genie,production_company_307,abstract_2,hit,post,0.0
gpt2-xl,grace,genie,production_company_307,abstract_3,hit,post,0.0
gpt2-xl,grace,genie,screenwriter_548,efficacy,success,pre,1.0
gpt2-xl,grace,genie,screenwriter_548,efficacy,diff,pre,0.09758109056603412
gpt2-xl,grace,genie,screenwriter_548,efficacy,acc,pre,0.8
gpt2-xl,grace,genie,screenwriter_548,paraphrase_1,success,pre,1.0
gpt2-xl,grace,genie,screenwriter_548,paraphrase_1,diff,pre,0.17352857149907774
gpt2-xl,grace,genie,screenwriter_548,paraphrase_1,acc,pre,0.8
gpt2-xl,grace,genie,screenwriter_548,paraphrase_2,success,pre,1.0
gpt2-xl,grace,genie,screenwriter_548,paraphrase_2,diff,pre,0.10840090627139014
gpt2-xl,grace,genie,screenwriter_548,paraphrase_2,acc,pre,0.8
gpt2-xl,grace,genie,screenwriter_548,paraphrase_3,success,pre,1.0
gpt2-xl,grace,genie,screenwriter_548,paraphrase_3,diff,pre,0.10632744766863479
gpt2-xl,grace,genie,screenwriter_548,paraphrase_3,acc,pre,0.8
gpt2-xl,grace,genie,screenwriter_548,hop_1,success,pre,1.0
gpt2-xl,grace,genie,screenwriter_548,hop_1,diff,pre,0.0065618608174673795
gpt2-xl,grace,genie,screenwriter_548,hop_1,acc,pre,0.6666666666666666
gpt2-xl,grace,genie,screenwriter_548,abstract_2,hit,pre,0.0
gpt2-xl,grace,genie,screenwriter_548,abstract_3,hit,pre,0.0
gpt2-xl,grace,genie,screenwriter_548,efficacy,success,post,1.0
gpt2-xl,grace,genie,screenwriter_548,efficacy,diff,post,0.9989165702344737
gpt2-xl,grace,genie,screenwriter_548,efficacy,acc,post,1.0
gpt2-xl,grace,genie,screenwriter_548,paraphrase_1,success,post,1.0
gpt2-xl,grace,genie,screenwriter_548,paraphrase_1,diff,post,0.17352857149907774
gpt2-xl,grace,genie,screenwriter_548,paraphrase_1,acc,post,0.8
gpt2-xl,grace,genie,screenwriter_548,paraphrase_2,success,post,1.0
gpt2-xl,grace,genie,screenwriter_548,paraphrase_2,diff,post,0.10840090627139014
gpt2-xl,grace,genie,screenwriter_548,paraphrase_2,acc,post,0.8
gpt2-xl,grace,genie,screenwriter_548,paraphrase_3,success,post,1.0
gpt2-xl,grace,genie,screenwriter_548,paraphrase_3,diff,post,0.10632744766863479
gpt2-xl,grace,genie,screenwriter_548,paraphrase_3,acc,post,0.8
gpt2-xl,grace,genie,screenwriter_548,hop_1,success,post,1.0
gpt2-xl,grace,genie,screenwriter_548,hop_1,diff,post,0.0065618608174673795
gpt2-xl,grace,genie,screenwriter_548,hop_1,acc,post,0.6666666666666666
gpt2-xl,grace,genie,screenwriter_548,abstract_2,hit,post,0.0
gpt2-xl,grace,genie,screenwriter_548,abstract_3,hit,post,0.0
gpt2-xl,grace,genie,director_596,efficacy,success,pre,0.0
gpt2-xl,grace,genie,director_596,efficacy,diff,pre,-0.2505051343190578
gpt2-xl,grace,genie,director_596,efficacy,acc,pre,0.5
gpt2-xl,grace,genie,director_596,paraphrase_1,success,pre,0.0
gpt2-xl,grace,genie,director_596,paraphrase_1,diff,pre,-0.23925892534975643
gpt2-xl,grace,genie,director_596,paraphrase_1,acc,pre,0.5
gpt2-xl,grace,genie,director_596,paraphrase_2,success,pre,0.0
gpt2-xl,grace,genie,director_596,paraphrase_2,diff,pre,-0.3467795671348278
gpt2-xl,grace,genie,director_596,paraphrase_2,acc,pre,0.5
gpt2-xl,grace,genie,director_596,paraphrase_3,success,pre,0.0
gpt2-xl,grace,genie,director_596,paraphrase_3,diff,pre,-0.2723545622360445
gpt2-xl,grace,genie,director_596,paraphrase_3,acc,pre,0.5
gpt2-xl,grace,genie,director_596,hop_1,success,pre,0.0
gpt2-xl,grace,genie,director_596,hop_1,diff,pre,-0.03350907117631415
gpt2-xl,grace,genie,director_596,hop_1,acc,pre,0.0
gpt2-xl,grace,genie,director_596,abstract_3,hit,pre,0.0
gpt2-xl,grace,genie,director_596,efficacy,success,post,1.0
gpt2-xl,grace,genie,director_596,efficacy,diff,post,0.9892723266158634
gpt2-xl,grace,genie,director_596,efficacy,acc,post,1.0
gpt2-xl,grace,genie,director_596,paraphrase_1,success,post,0.0
gpt2-xl,grace,genie,director_596,paraphrase_1,diff,post,-0.23925892534975643
gpt2-xl,grace,genie,director_596,paraphrase_1,acc,post,0.5
gpt2-xl,grace,genie,director_596,paraphrase_2,success,post,0.0
gpt2-xl,grace,genie,director_596,paraphrase_2,diff,post,-0.3467795671348278
gpt2-xl,grace,genie,director_596,paraphrase_2,acc,post,0.5
gpt2-xl,grace,genie,director_596,paraphrase_3,success,post,0.0
gpt2-xl,grace,genie,director_596,paraphrase_3,diff,post,-0.2723545622360445
gpt2-xl,grace,genie,director_596,paraphrase_3,acc,post,0.5
gpt2-xl,grace,genie,director_596,hop_1,success,post,0.0
gpt2-xl,grace,genie,director_596,hop_1,diff,post,-0.03350907117631415
gpt2-xl,grace,genie,director_596,hop_1,acc,post,0.0
gpt2-xl,grace,genie,director_596,abstract_3,hit,post,0.0
gpt2-xl,grace,genie,developer_635,efficacy,success,pre,1.0
gpt2-xl,grace,genie,developer_635,efficacy,diff,pre,0.0024236455235303904
gpt2-xl,grace,genie,developer_635,efficacy,acc,pre,0.0
gpt2-xl,grace,genie,developer_635,paraphrase_1,success,pre,0.0
gpt2-xl,grace,genie,developer_635,paraphrase_1,diff,pre,-0.3506061485596631
gpt2-xl,grace,genie,developer_635,paraphrase_1,acc,pre,0.0
gpt2-xl,grace,genie,developer_635,paraphrase_2,success,pre,0.0
gpt2-xl,grace,genie,developer_635,paraphrase_2,diff,pre,-0.046381514750475354
gpt2-xl,grace,genie,developer_635,paraphrase_2,acc,pre,0.0
gpt2-xl,grace,genie,developer_635,paraphrase_3,success,pre,0.0
gpt2-xl,grace,genie,developer_635,paraphrase_3,diff,pre,-0.21593135886740997
gpt2-xl,grace,genie,developer_635,paraphrase_3,acc,pre,0.0
gpt2-xl,grace,genie,developer_635,hop_1,success,pre,1.0
gpt2-xl,grace,genie,developer_635,hop_1,diff,pre,0.02003652241425219
gpt2-xl,grace,genie,developer_635,hop_1,acc,pre,0.6666666666666666
gpt2-xl,grace,genie,developer_635,abstract_1,success,pre,1.0
gpt2-xl,grace,genie,developer_635,abstract_1,diff,pre,0.04310544019090315
gpt2-xl,grace,genie,developer_635,abstract_1,acc,pre,0.5
gpt2-xl,grace,genie,developer_635,abstract_3,hit,pre,0.0
gpt2-xl,grace,genie,developer_635,efficacy,success,post,1.0
gpt2-xl,grace,genie,developer_635,efficacy,diff,post,0.9975025645634702
gpt2-xl,grace,genie,developer_635,efficacy,acc,post,1.0
gpt2-xl,grace,genie,developer_635,paraphrase_1,success,post,0.0
gpt2-xl,grace,genie,developer_635,paraphrase_1,diff,post,-0.3506061485596631
gpt2-xl,grace,genie,developer_635,paraphrase_1,acc,post,0.0
gpt2-xl,grace,genie,developer_635,paraphrase_2,success,post,0.0
gpt2-xl,grace,genie,developer_635,paraphrase_2,diff,post,-0.046381514750475354
gpt2-xl,grace,genie,developer_635,paraphrase_2,acc,post,0.0
gpt2-xl,grace,genie,developer_635,paraphrase_3,success,post,0.0
gpt2-xl,grace,genie,developer_635,paraphrase_3,diff,post,-0.21593135886740997
gpt2-xl,grace,genie,developer_635,paraphrase_3,acc,post,0.0
gpt2-xl,grace,genie,developer_635,hop_1,success,post,1.0
gpt2-xl,grace,genie,developer_635,hop_1,diff,post,0.02003652241425219
gpt2-xl,grace,genie,developer_635,hop_1,acc,post,0.6666666666666666
gpt2-xl,grace,genie,developer_635,abstract_1,success,post,1.0
gpt2-xl,grace,genie,developer_635,abstract_1,diff,post,0.04310544019090315
gpt2-xl,grace,genie,developer_635,abstract_1,acc,post,0.5
gpt2-xl,grace,genie,developer_635,abstract_3,hit,post,0.0
gpt2-xl,grace,mquake,1,efficacy,success,pre,0.5
gpt2-xl,grace,mquake,1,efficacy,diff,pre,0.07306973828161172
gpt2-xl,grace,mquake,1,efficacy,acc,pre,0.35714285714285715
gpt2-xl,grace,mquake,1,single_hop,success,pre,0.5
gpt2-xl,grace,mquake,1,single_hop,diff,pre,0.07306973828161172
gpt2-xl,grace,mquake,1,single_hop,acc,pre,0.35714285714285715
gpt2-xl,grace,mquake,1,multihop,hit,pre,0.0
gpt2-xl,grace,mquake,1,efficacy,success,post,1.0
gpt2-xl,grace,mquake,1,efficacy,diff,post,0.9987325228204678
gpt2-xl,grace,mquake,1,efficacy,acc,post,1.0
gpt2-xl,grace,mquake,1,single_hop,success,post,1.0
gpt2-xl,grace,mquake,1,single_hop,diff,post,0.9987325228204678
gpt2-xl,grace,mquake,1,single_hop,acc,post,1.0
gpt2-xl,grace,mquake,1,multihop,hit,post,0.0
gpt2-xl,grace,mquake,2,efficacy,success,pre,0.0
gpt2-xl,grace,mquake,2,efficacy,diff,pre,-0.12840998488189664
gpt2-xl,grace,mquake,2,efficacy,acc,pre,0.0
gpt2-xl,grace,mquake,2,single_hop,success,pre,0.5
gpt2-xl,grace,mquake,2,single_hop,diff,pre,-0.06177679998938742
gpt2-xl,grace,mquake,2,single_hop,acc,pre,0.0
gpt2-xl,grace,mquake,2,multihop,hit,pre,0.0
gpt2-xl,grace,mquake,2,efficacy,success,post,1.0
gpt2-xl,grace,mquake,2,efficacy,diff,post,0.9856444292932176
gpt2-xl,grace,mquake,2,efficacy,acc,post,1.0
gpt2-xl,grace,mquake,2,single_hop,success,post,1.0
gpt2-xl,grace,mquake,2,single_hop,diff,post,0.4952504070981697
gpt2-xl,grace,mquake,2,single_hop,acc,post,0.5
gpt2-xl,grace,mquake,2,multihop,hit,post,0.0
gpt2-xl,grace,mquake,3,efficacy,success,pre,0.0
gpt2-xl,grace,mquake,3,efficacy,diff,pre,-0.08145391641925212
gpt2-xl,grace,mquake,3,efficacy,acc,pre,0.5
gpt2-xl,grace,mquake,3,single_hop,success,pre,0.5
gpt2-xl,grace,mquake,3,single_hop,diff,pre,-0.0405034361357399
gpt2-xl,grace,mquake,3,single_hop,acc,pre,0.25
gpt2-xl,grace,mquake,3,multihop,hit,pre,0.0
gpt2-xl,grace,mquake,3,efficacy,success,post,1.0
gpt2-xl,grace,mquake,3,efficacy,diff,post,0.995858210316984
gpt2-xl,grace,mquake,3,efficacy,acc,post,1.0
gpt2-xl,grace,mquake,3,single_hop,success,post,1.0
gpt2-xl,grace,mquake,3,single_hop,diff,post,0.49815262723237813
gpt2-xl,grace,mquake,3,single_hop,acc,post,0.5
gpt2-xl,grace,mquake,3,multihop,hit,post,0.0
gpt2-xl,grace,mquake,4,efficacy,success,pre,0.0
gpt2-xl,grace,mquake,4,efficacy,diff,pre,-0.0011610279311289953
gpt2-xl,grace,mquake,4,efficacy,acc,pre,0.3333333333333333
gpt2-xl,grace,mquake,4,single_hop,success,pre,0.0
gpt2-xl,grace,mquake,4,single_hop,diff,pre,-0.000974658855342664
gpt2-xl,grace,mquake,4,single_hop,acc,pre,0.16666666666666666
gpt2-xl,grace,mquake,4,multihop,hit,pre,0.0
gpt2-xl,grace,mquake,4,efficacy,success,post,1.0
gpt2-xl,grace,mquake,4,efficacy,diff,post,0.9922851861686877
gpt2-xl,grace,mquake,4,efficacy,acc,post,1.0
gpt2-xl,grace,mquake,4,single_hop,success,post,0.5
gpt2-xl,grace,mquake,4,single_hop,diff,post,0.49574844819456565
gpt2-xl,grace,mquake,4,single_hop,acc,post,0.5
gpt2-xl,grace,mquake,4,multihop,hit,post,0.0
gpt2-xl,grace,mquake,5,efficacy,success,pre,0.0
gpt2-xl,grace,mquake,5,efficacy,diff,pre,-0.04395206602233042
gpt2-xl,grace,mquake,5,efficacy,acc,pre,0.5
gpt2-xl,grace,mquake,5,single_hop,success,pre,0.0
gpt2-xl,grace,mquake,5,single_hop,diff,pre,-0.04395206602233042
gpt2-xl,grace,mquake,5,single_hop,acc,pre,0.5
gpt2-xl,grace,mquake,5,multihop,hit,pre,0.0
gpt2-xl,grace,mquake,5,efficacy,success,post,1.0
gpt2-xl,grace,mquake,5,efficacy,diff,post,0.9979099347632894
gpt2-xl,grace,mquake,5,efficacy,acc,post,1.0
gpt2-xl,grace,mquake,5,single_hop,success,post,1.0
gpt2-xl,grace,mquake,5,single_hop,diff,post,0.9979099347632894
gpt2-xl,grace,mquake,5,single_hop,acc,post,1.0
gpt2-xl,grace,mquake,5,multihop,hit,post,0.0
gpt2-xl,grace,ripple,ripple_popular_row0,efficacy,hit,pre,0.0
gpt2-xl,grace,ripple,ripple_popular_row0,ripple_compositional_i,hit,pre,0.0
gpt2-xl,grace,ripple,ripple_popular_row0,ripple_aliasing,hit,pre,0.0
gpt2-xl,grace,ripple,ripple_popular_row0,ripple_relation_specificity,hit,pre,0.0
gpt2-xl,grace,ripple,ripple_popular_row0,ripple_preservation,hit,pre,0.0
gpt2-xl,grace,ripple,ripple_popular_row0,efficacy,hit,post,1.0
gpt2-xl,grace,ripple,ripple_popular_row0,ripple_compositional_i,hit,post,0.0
gpt2-xl,grace,ripple,ripple_popular_row0,ripple_aliasing,hit,post,0.75
gpt2-xl,grace,ripple,ripple_popular_row0,ripple_relation_specificity,hit,post,0.0
gpt2-xl,grace,ripple,ripple_popular_row0,ripple_preservation,hit,post,0.0
gpt2-xl,grace,ripple,ripple_popular_row2,efficacy,hit,pre,0.0
gpt2-xl,grace,ripple,ripple_popular_row2,ripple_logical,hit,pre,0.0
gpt2-xl,grace,ripple,ripple_popular_row2,ripple_compositional_i,hit,pre,0.0
gpt2-xl,grace,ripple,ripple_popular_row2,ripple_aliasing,hit,pre,0.0
gpt2-xl,grace,ripple,ripple_popular_row2,ripple_relation_specificity,hit,pre,0.0
gpt2-xl,grace,ripple,ripple_popular_row2,ripple_preservation,hit,pre,0.0
gpt2-xl,grace,ripple,ripple_popular_row2,efficacy,hit,post,0.0
gpt2-xl,grace,ripple,ripple_popular_row2,ripple_logical,hit,post,0.0
gpt2-xl,grace,ripple,ripple_popular_row2,ripple_compositional_i,hit,post,0.0
gpt2-xl,grace,ripple,ripple_popular_row2,ripple_aliasing,hit,post,0.5
gpt2-xl,grace,ripple,ripple_popular_row2,ripple_relation_specificity,hit,post,0.0
gpt2-xl,grace,ripple,ripple_popular_row2,ripple_preservation,hit,post,0.0
gpt2-xl,grace,ripple,ripple_popular_row4,efficacy,hit,pre,0.0
gpt2-xl,grace,ripple,ripple_popular_row4,ripple_logical,hit,pre,0.0
gpt2-xl,grace,ripple,ripple_popular_row4,ripple_aliasing,hit,pre,0.0
gpt2-xl,grace,ripple,ripple_popular_row4,ripple_relation_specificity,hit,pre,0.16666666666666666
gpt2-xl,grace,ripple,ripple_popular_row4,ripple_preservation,hit,pre,0.0
gpt2-xl,grace,ripple,ripple_popular_row4,efficacy,hit,post,0.0
gpt2-xl,grace,ripple,ripple_popular_row4,ripple_logical,hit,post,0.0
gpt2-xl,grace,ripple,ripple_popular_row4,ripple_aliasing,hit,post,0.0
gpt2-xl,grace,ripple,ripple_popular_row4,ripple_relation_specificity,hit,post,0.16666666666666666
gpt2-xl,grace,ripple,ripple_popular_row4,ripple_preservation,hit,post,0.0
gpt2-xl,grace,ripple,ripple_random_row0,efficacy,hit,pre,0.0
gpt2-xl,grace,ripple,ripple_random_row0,ripple_logical,hit,pre,0.0
gpt2-xl,grace,ripple,ripple_random_row0,ripple_aliasing,hit,pre,0.0
gpt2-xl,grace,ripple,ripple_random_row0,ripple_relation_specificity,hit,pre,0.0
gpt2-xl,grace,ripple,ripple_random_row0,efficacy,hit,post,1.0
gpt2-xl,grace,ripple,ripple_random_row0,ripple_logical,hit,post,0.0
gpt2-xl,grace,ripple,ripple_random_row0,ripple_aliasing,hit,post,0.0
gpt2-xl,grace,ripple,ripple_random_row0,ripple_relation_specificity,hit,post,0.0
gpt2-xl,grace,ripple,ripple_random_row1,efficacy,hit,pre,0.0
gpt2-xl,grace,ripple,ripple_random_row1,ripple_compositional_i,hit,pre,0.0
gpt2-xl,grace,ripple,ripple_random_row1,ripple_aliasing,hit,pre,0.0
gpt2-xl,grace,ripple,ripple_random_row1,ripple_relation_specificity,hit,pre,0.0
gpt2-xl,grace,ripple,ripple_random_row1,efficacy,hit,post,1.0
gpt2-xl,grace,ripple,ripple_random_row1,ripple_compositional_i,hit,post,0.0
gpt2-xl,grace,ripple,ripple_random_row1,ripple_aliasing,hit,post,0.0
gpt2-xl,grace,ripple,ripple_random_row1,ripple_relation_specificity,hit,post,0.0
gpt2-xl,grace,ripple,ripple_random_row2,efficacy,hit,pre,0.0
gpt2-xl,grace,ripple,ripple_random_row2,ripple_compositional_i,hit,pre,0.0
gpt2-xl,grace,ripple,ripple_random_row2,ripple_aliasing,hit,pre,0.0
gpt2-xl,grace,ripple,ripple_random_row2,efficacy,hit,post,1.0
gpt2-xl,grace,ripple,ripple_random_row2,ripple_compositional_i,hit,post,0.0
gpt2-xl,grace,ripple,ripple_random_row2,ripple_aliasing,hit,post,0.0
gpt2-xl,grace,ripple,ripple_random_row3,efficacy,hit,pre,0.0
gpt2-xl,grace,ripple,ripple_random_row3,ripple_aliasing,hit,pre,0.0
gpt2-xl,grace,ripple,ripple_random_row3,ripple_relation_specificity,hit,pre,0.0
gpt2-xl,grace,ripple,ripple_random_row3,ripple_preservation,hit,pre,0.0
gpt2-xl,grace,ripple,ripple_random_row3,efficacy,hit,post,1.0
gpt2-xl,grace,ripple,ripple_random_row3,ripple_aliasing,hit,post,0.0
gpt2-xl,grace,ripple,ripple_random_row3,ripple_relation_specificity,hit,post,0.0
gpt2-xl,grace,ripple,ripple_random_row3,ripple_preservation,hit,post,0.0
gpt2-xl,grace,ripple,ripple_random_row4,efficacy,hit,pre,0.0
gpt2-xl,grace,ripple,ripple_random_row4,ripple_aliasing,hit,pre,0.0
gpt2-xl,grace,ripple,ripple_random_row4,ripple_relation_specificity,hit,pre,0.3333333333333333
gpt2-xl,grace,ripple,ripple_random_row4,ripple_preservation,hit,pre,0.0
gpt2-xl,grace,ripple,ripple_random_row4,efficacy,hit,post,0.0
gpt2-xl,grace,ripple,ripple_random_row4,ripple_aliasing,hit,post,0.0
gpt2-xl,grace,ripple,ripple_random_row4,ripple_relation_specificity,hit,post,0.3333333333333333
gpt2-xl,grace,ripple,ripple_random_row4,ripple_preservation,hit,post,0.0
gpt2-xl,grace,zsre,zsre_row0,efficacy,success,pre,0.0
gpt2-xl,grace,zsre,zsre_row0,efficacy,diff,pre,-0.0005764174707755948
gpt2-xl,grace,zsre,zsre_row0,efficacy,acc,pre,0.3333333333333333
gpt2-xl,grace,zsre,zsre_row0,generalisation,success,pre,0.0
gpt2-xl,grace,zsre,zsre_row0,generalisation,diff,pre,-0.002501691335092246
gpt2-xl,grace,zsre,zsre_row0,generalisation,acc,pre,0.3333333333333333
gpt2-xl,grace,zsre,zsre_row0,specificity,success,pre,1.0
gpt2-xl,grace,zsre,zsre_row0,specificity,diff,pre,0.0002046845795470628
gpt2-xl,grace,zsre,zsre_row0,specificity,acc,pre,0.3333333333333333
gpt2-xl,grace,zsre,zsre_row0,efficacy,success,post,1.0
gpt2-xl,grace,zsre,zsre_row0,efficacy,diff,post,0.9943655397549349
gpt2-xl,grace,zsre,zsre_row0,efficacy,acc,post,1.0
gpt2-xl,grace,zsre,zsre_row0,generalisation,success,post,0.0
gpt2-xl,grace,zsre,zsre_row0,generalisation,diff,post,-0.002501691335092246
gpt2-xl,grace,zsre,zsre_row0,generalisation,acc,post,0.3333333333333333
gpt2-xl,grace,zsre,zsre_row0,specificity,success,post,1.0
gpt2-xl,grace,zsre,zsre_row0,specificity,diff,post,0.0002046845795470628
gpt2-xl,grace,zsre,zsre_row0,specificity,acc,post,0.3333333333333333
gpt2-xl,grace,zsre,zsre_row1,efficacy,success,pre,0.0
gpt2-xl,grace,zsre,zsre_row1,efficacy,diff,pre,-0.02953277586544776
gpt2-xl,grace,zsre,zsre_row1,efficacy,acc,pre,0.5
gpt2-xl,grace,zsre,zsre_row1,generalisation,success,pre,0.0
gpt2-xl,grace,zsre,zsre_row1,generalisation,diff,pre,-0.01901215584201373
gpt2-xl,grace,zsre,zsre_row1,generalisation,acc,pre,0.0
gpt2-xl,grace,zsre,zsre_row1,specificity,success,pre,0.0
gpt2-xl,grace,zsre,zsre_row1,specificity,diff,pre,-0.005373715503999106
gpt2-xl,grace,zsre,zsre_row1,specificity,acc,pre,0.5
gpt2-xl,grace,zsre,zsre_row1,efficacy,success,post,1.0
gpt2-xl,grace,zsre,zsre_row1,efficacy,diff,post,0.8982009136491421
gpt2-xl,grace,zsre,zsre_row1,efficacy,acc,post,1.0
gpt2-xl,grace,zsre,zsre_row1,generalisation,success,post,0.0
gpt2-xl,grace,zsre,zsre_row1,generalisation,diff,post,-0.01901215584201373
gpt2-xl,grace,zsre,zsre_row1,generalisation,acc,post,0.0
gpt2-xl,grace,zsre,zsre_row1,specificity,success,post,0.0
gpt2-xl,grace,zsre,zsre_row1,specificity,diff,post,-0.005373715503999106
gpt2-xl,grace,zsre,zsre_row1,specificity,acc,post,0.5
gpt2-xl,grace,zsre,zsre_row2,efficacy,success,pre,0.0
gpt2-xl,grace,zsre,zsre_row2,efficacy,diff,pre,-2.442762706981668e-07
gpt2-xl,grace,zsre,zsre_row2,efficacy,acc,pre,0.0
gpt2-xl,grace,zsre,zsre_row2,generalisation,success,pre,0.0
gpt2-xl,grace,zsre,zsre_row2,generalisation,diff,pre,-3.203728883827346e-07
gpt2-xl,grace,zsre,zsre_row2,generalisation,acc,pre,0.0
gpt2-xl,grace,zsre,zsre_row2,specificity,success,pre,0.0
gpt2-xl,grace,zsre,zsre_row2,specificity,diff,pre,-0.004939125528424883
gpt2-xl,grace,zsre,zsre_row2,specificity,acc,pre,0.6666666666666666
gpt2-xl,grace,zsre,zsre_row2,efficacy,success,post,1.0
gpt2-xl,grace,zsre,zsre_row2,efficacy,diff,post,0.9937419369633447
gpt2-xl,grace,zsre,zsre_row2,efficacy,acc,post,1.0
gpt2-xl,grace,zsre,zsre_row2,generalisation,success,post,0.0
gpt2-xl,grace,zsre,zsre_row2,generalisation,diff,post,-3.203728883827346e-07
gpt2-xl,grace,zsre,zsre_row2,generalisation,acc,post,0.0
gpt2-xl,grace,zsre,zsre_row2,specificity,success,post,0.0
gpt2-xl,grace,zsre,zsre_row2,specificity,diff,post,-0.004939125528424883
gpt2-xl,grace,zsre,zsre_row2,specificity,acc,post,0.6666666666666666
gpt2-xl,grace,zsre,zsre_row3,efficacy,success,pre,1.0
gpt2-xl,grace,zsre,zsre_row3,efficacy,diff,pre,0.015183308242543096
gpt2-xl,grace,zsre,zsre_row3,efficacy,acc,pre,0.5
gpt2-xl,grace,zsre,zsre_row3,generalisation,success,pre,1.0
gpt2-xl,grace,zsre,zsre_row3,generalisation,diff,pre,0.027180286197004022
gpt2-xl,grace,zsre,zsre_row3,generalisation,acc,pre,0.5
gpt2-xl,grace,zsre,zsre_row3,specificity,success,pre,1.0
gpt2-xl,grace,zsre,zsre_row3,specificity,diff,pre,0.009606811368003695
gpt2-xl,grace,zsre,zsre_row3,specificity,acc,pre,0.0
gpt2-xl,grace,zsre,zsre_row3,efficacy,success,post,1.0
gpt2-xl,grace,zsre,zsre_row3,efficacy,diff,post,0.9730449659100344
gpt2-xl,grace,zsre,zsre_row3,efficacy,acc,post,1.0
gpt2-xl,grace,zsre,zsre_row3,generalisation,success,post,1.0
gpt2-xl,grace,zsre,zsre_row3,generalisation,diff,post,0.027180286197004022
gpt2-xl,grace,zsre,zsre_row3,generalisation,acc,post,0.5
gpt2-xl,grace,zsre,zsre_row3,specificity,success,post,1.0
gpt2-xl,grace,zsre,zsre_row3,specificity,diff,post,0.009606811368003695
gpt2-xl,grace,zsre,zsre_row3,specificity,acc,post,0.0
gpt2-xl,grace,zsre,zsre_row4,efficacy,success,pre,0.0
gpt2-xl,grace,zsre,zsre_row4,efficacy,diff,pre,-0.03172412325269371
gpt2-xl,grace,zsre,zsre_row4,efficacy,acc,pre,0.3333333333333333
gpt2-xl,grace,zsre,zsre_row4,generalisation,success,pre,0.0
gpt2-xl,grace,zsre,zsre_row4,generalisation,diff,pre,-0.04598370745814568
gpt2-xl,grace,zsre,zsre_row4,generalisation,acc,pre,0.3333333333333333
gpt2-xl,grace,zsre,zsre_row4,specificity,success,pre,0.0
gpt2-xl,grace,zsre,zsre_row4,specificity,diff,pre,-0.0012575156320287658
gpt2-xl,grace,zsre,zsre_row4,specificity,acc,pre,0.3333333333333333
gpt2-xl,grace,zsre,zsre_row4,efficacy,success,post,1.0
gpt2-xl,grace,zsre,zsre_row4,efficacy,diff,post,0.997767038047417
gpt2-xl,grace,zsre,zsre_row4,efficacy,acc,post,1.0
gpt2-xl,grace,zsre,zsre_row4,generalisation,success,post,0.0
gpt2-xl,grace,zsre,zsre_row4,generalisation,diff,post,-0.04598370745814568
gpt2-xl,grace,zsre,zsre_row4,generalisation,acc,post,0.3333333333333333
gpt2-xl,grace,zsre,zsre_row4,specificity,success,post,0.0
gpt2-xl,grace,zsre,zsre_row4,specificity,diff,post,-0.0012575156320287658
gpt2-xl,grace,zsre,zsre_row4,specificity,acc,post,0.3333333333333333
gpt2-xl,memit,counterfact,0,efficacy,success,pre,0.0
gpt2-xl,memit,counterfact,0,efficacy,diff,pre,-0.37617651698075644
gpt2-xl,memit,counterfact,0,efficacy,acc,pre,0.0
gpt2-xl,memit,counterfact,0,generalisation,success,pre,1.0
gpt2-xl,memit,counterfact,0,generalisation,diff,pre,0.0005171306729141865
gpt2-xl,memit,counterfact,0,generalisation,acc,pre,0.0
gpt2-xl,memit,counterfact,0,specificity,success,pre,0.0
gpt2-xl,memit,counterfact,0,specificity,diff,pre,-0.3224642760423937
gpt2-xl,memit,counterfact,0,specificity,acc,pre,0.7
gpt2-xl,memit,counterfact,0,target_close_neighbour,success,pre,1.0
gpt2-xl,memit,counterfact,0,target_close_neighbour,diff,pre,0.07185565722335695
gpt2-xl,memit,counterfact,0,target_close_neighbour,acc,pre,0.4
gpt2-xl,memit,counterfact,0,efficacy,success,post,1.0
gpt2-xl,memit,counterfact,0,efficacy,diff,post,0.993538149759369
gpt2-xl,memit,counterfact,0,efficacy,acc,post,1.0
gpt2-xl,memit,counterfact,0,generalisation,success,post,1.0
gpt2-xl,memit,counterfact,0,generalisation,diff,post,0.008585045954116832
gpt2-xl,memit,counterfact,0,generalisation,acc,post,0.0
gpt2-xl,memit,counterfact,0,specificity,success,post,0.0
gpt2-xl,memit,counterfact,0,specificity,diff,post,-0.3244653434925393
gpt2-xl,memit,counterfact,0,specificity,acc,post,0.7
gpt2-xl,memit,counterfact,0,target_close_neighbour,success,post,1.0
gpt2-xl,memit,counterfact,0,target_close_neighbour,diff,post,0.07596584204944476
gpt2-xl,memit,counterfact,0,target_close_neighbour,acc,post,0.4
gpt2-xl,memit,counterfact,1,efficacy,success,pre,0.0
gpt2-xl,memit,counterfact,1,efficacy,diff,pre,-0.10433664415338888
gpt2-xl,memit,counterfact,1,efficacy,acc,pre,0.0
gpt2-xl,memit,counterfact,1,generalisation,success,pre,0.0
gpt2-xl,memit,counterfact,1,generalisation,diff,pre,-0.0010584796715423853
gpt2-xl,memit,counterfact,1,generalisation,acc,pre,0.0
gpt2-xl,memit,counterfact,1,specificity,success,pre,0.7
gpt2-xl,memit,counterfact,1,specificity,diff,pre,0.025185032982237548
gpt2-xl,memit,counterfact,1,specificity,acc,pre,0.1
gpt2-xl,memit,counterfact,1,target_close_neighbour,success,pre,1.0
gpt2-xl,memit,counterfact,1,target_close_neighbour,diff,pre,0.11009343599061741
gpt2-xl,memit,counterfact,1,target_close_neighbour,acc,pre,0.3
gpt2-xl,memit,counterfact,1,efficacy,success,post,1.0
gpt2-xl,memit,counterfact,1,efficacy,diff,post,0.9836621372626636
gpt2-xl,memit,counterfact,1,efficacy,acc,post,1.0
gpt2-xl,memit,counterfact,1,generalisation,success,post,1.0
gpt2-xl,memit,counterfact,1,generalisation,diff,post,0.03234545982136788
gpt2-xl,memit,counterfact,1,generalisation,acc,post,0.0
gpt2-xl,memit,counterfact,1,specificity,success,post,0.7
gpt2-xl,memit,counterfact,1,specificity,diff,post,0.03236711744307012
gpt2-xl,memit,counterfact,1,specificity,acc,post,0.1
gpt2-xl,memit,counterfact,1,target_close_neighbour,success,post,1.0
gpt2-xl,memit,counterfact,1,target_close_neighbour,diff,post,0.1148903701949628
gpt2-xl,memit,counterfact,1,target_close_neighbour,acc,post,0.2
gpt2-xl,memit,counterfact,2,efficacy,success,pre,1.0
gpt2-xl,memit,counterfact,2,efficacy,diff,pre,2.8234194909068148e-05
gpt2-xl,memit,counterfact,2,efficacy,acc,pre,0.0
gpt2-xl,memit,counterfact,2,generalisation,success,pre,0.5
gpt2-xl,memit,counterfact,2,generalisation,diff,pre,0.013870785335809153
gpt2-xl,memit,counterfact,2,generalisation,acc,pre,0.0
gpt2-xl,memit,counterfact,2,specificity,success,pre,0.6
gpt2-xl,memit,counterfact,2,specificity,diff,pre,-0.0022553692823553133
gpt2-xl,memit,counterfact,2,specificity,acc,pre,0.0
gpt2-xl,memit,counterfact,2,target_close_neighbour,success,pre,0.7
gpt2-xl,memit,counterfact,2,target_close_neighbour,diff,pre,0.006844458774199277
gpt2-xl,memit,counterfact,2,target_close_neighbour,acc,pre,0.0
gpt2-xl,memit,counterfact,2,efficacy,success,post,1.0
gpt2-xl,memit,counterfact,2,efficacy,diff,post,0.8201335560076544
gpt2-xl,memit,counterfact,2,efficacy,acc,post,1.0
gpt2-xl,memit,counterfact,2,generalisation,success,post,1.0
gpt2-xl,memit,counterfact,2,generalisation,diff,post,0.3443916595266168
gpt2-xl,memit,counterfact,2,generalisation,acc,post,0.5
gpt2-xl,memit,counterfact,2,specificity,success,post,0.7
gpt2-xl,memit,counterfact,2,specificity,diff,post,-0.0013743335223287058
gpt2-xl,memit,counterfact,2,specificity,acc,post,0.0
gpt2-xl,memit,counterfact,2,target_close_neighbour,success,post,0.7
gpt2-xl,memit,counterfact,2,target_close_neighbour,diff,post,0.008040275482485258
gpt2-xl,memit,counterfact,2,target_close_neighbour,acc,post,0.0
gpt2-xl,memit,counterfact,3,efficacy,success,pre,0.0
gpt2-xl,memit,counterfact,3,efficacy,diff,pre,-0.08874552929428017
gpt2-xl,memit,counterfact,3,efficacy,acc,pre,0.0
gpt2-xl,memit,counterfact,3,generalisation,success,pre,0.0
gpt2-xl,memit,counterfact,3,generalisation,diff,pre,-0.10788922980313234
gpt2-xl,memit,counterfact,3,generalisation,acc,pre,0.0
gpt2-xl,memit,counterfact,3,specificity,success,pre,0.0
gpt2-xl,memit,counterfact,3,specificity,diff,pre,-0.01927880385219243
gpt2-xl,memit,counterfact,3,specificity,acc,pre,0.0
gpt2-xl,memit,counterfact,3,target_close_neighbour,success,pre,1.0
gpt2-xl,memit,counterfact,3,target_close_neighbour,diff,pre,0.09144004526728411
gpt2-xl,memit,counterfact,3,target_close_neighbour,acc,pre,0.1
gpt2-xl,memit,counterfact,3,efficacy,success,post,1.0
gpt2-xl,memit,counterfact,3,efficacy,diff,post,0.9517709925258688
gpt2-xl,memit,counterfact,3,efficacy,acc,post,1.0
gpt2-xl,memit,counterfact,3,generalisation,success,post,1.0
gpt2-xl,memit,counterfact,3,generalisation,diff,post,0.9248195199875688
gpt2-xl,memit,counterfact,3,generalisation,acc,post,1.0
gpt2-xl,memit,counterfact,3,specificity,success,post,0.0
gpt2-xl,memit,counterfact,3,specificity,diff,post,-0.0215564722760389
gpt2-xl,memit,counterfact,3,specificity,acc,post,0.0
gpt2-xl,memit,counterfact,3,target_close_neighbour,success,post,1.0
gpt2-xl,memit,counterfact,3,target_close_neighbour,diff,post,0.10657982319071244
gpt2-xl,memit,counterfact,3,target_close_neighbour,acc,post,0.2
gpt2-xl,memit,counterfact,4,efficacy,success,pre,0.0
gpt2-xl,memit,counterfact,4,efficacy,diff,pre,-2.046038752108024e-06
gpt2-xl,memit,counterfact,4,efficacy,acc,pre,0.0
gpt2-xl,memit,counterfact,4,generalisation,success,pre,0.0
gpt2-xl,memit,counterfact,4,generalisation,diff,pre,-5.229205851170455e-06
gpt2-xl,memit,counterfact,4,generalisation,acc,pre,0.0
gpt2-xl,memit,counterfact,4,specificity,success,pre,0.4
gpt2-xl,memit,counterfact,4,specificity,diff,pre,-8.363290483892825e-05
gpt2-xl,memit,counterfact,4,specificity,acc,pre,0.0
gpt2-xl,memit,counterfact,4,target_close_neighbour,success,pre,1.0
gpt2-xl,memit,counterfact,4,target_close_neighbour,diff,pre,0.0013901259861620226
gpt2-xl,memit,counterfact,4,target_close_neighbour,acc,pre,0.0
gpt2-xl,memit,counterfact,4,efficacy,success,post,1.0
gpt2-xl,memit,counterfact,4,efficacy,diff,post,0.0001929220038559967
gpt2-xl,memit,counterfact,4,efficacy,acc,post,0.0
gpt2-xl,memit,counterfact,4,generalisation,success,post,0.5
gpt2-xl,memit,counterfact,4,generalisation,diff,post,8.414244286046608e-06
gpt2-xl,memit,counterfact,4,generalisation,acc,post,0.0
gpt2-xl,memit,counterfact,4,specificity,success,post,0.5
gpt2-xl,memit,counterfact,4,specificity,diff,post,-9.733467706588133e-05
gpt2-xl,memit,counterfact,4,specificity,acc,post,0.0
gpt2-xl,memit,counterfact,4,target_close_neighbour,success,post,1.0
gpt2-xl,memit,counterfact,4,target_close_neighbour,diff,post,0.0019914755878604313
gpt2-xl,memit,counterfact,4,target_close_neighbour,acc,post,0.0
gpt2-xl,memit,genie,genre_140,efficacy,success,pre,1.0
gpt2-xl,memit,genie,genre_140,efficacy,diff,pre,0.0008869611175538481
gpt2-xl,memit,genie,genre_140,efficacy,acc,pre,0.0
gpt2-xl,memit,genie,genre_140,paraphrase_1,success,pre,0.0
gpt2-xl,memit,genie,genre_140,paraphrase_1,diff,pre,-0.002583061588050793
gpt2-xl,memit,genie,genre_140,paraphrase_1,acc,pre,0.5
gpt2-xl,memit,genie,genre_140,paraphrase_2,success,pre,1.0
gpt2-xl,memit,genie,genre_140,paraphrase_2,diff,pre,0.005611773118867478
gpt2-xl,memit,genie,genre_140,paraphrase_2,acc,pre,0.0
gpt2-xl,memit,genie,genre_140,paraphrase_3,success,pre,1.0
gpt2-xl,memit,genie,genre_140,paraphrase_3,diff,pre,0.00874093146027626
gpt2-xl,memit,genie,genre_140,paraphrase_3,acc,pre,0.5
gpt2-xl,memit,genie,genre_140,abstract_1,success,pre,1.0
gpt2-xl,memit,genie,genre_140,abstract_1,diff,pre,0.4419788566406618
gpt2-xl,memit,genie,genre_140,abstract_1,acc,pre,0.875
gpt2-xl,memit,genie,genre_140,abstract_3,hit,pre,0.0
gpt2-xl,memit,genie,genre_140,efficacy,success,post,1.0
gpt2-xl,memit,genie,genre_140,efficacy,diff,post,0.8171711354886035
gpt2-xl,memit,genie,genre_140,efficacy,acc,post,1.0
gpt2-xl,memit,genie,genre_140,paraphrase_1,success,post,1.0
gpt2-xl,memit,genie,genre_140,paraphrase_1,diff,post,0.17146412957868537
gpt2-xl,memit,genie,genre_140,paraphrase_1,acc,post,0.5
gpt2-xl,memit,genie,genre_140,paraphrase_2,success,post,1.0
gpt2-xl,memit,genie,genre_140,paraphrase_2,diff,post,0.40892048300582146
gpt2-xl,memit,genie,genre_140,paraphrase_2,acc,post,1.0
gpt2-xl,memit,genie,genre_140,paraphrase_3,success,post,1.0
gpt2-xl,memit,genie,genre_140,paraphrase_3,diff,post,0.6458720059817895
gpt2-xl,memit,genie,genre_140,paraphrase_3,acc,post,1.0
gpt2-xl,memit,genie,genre_140,abstract_1,success,post,1.0
gpt2-xl,memit,genie,genre_140,abstract_1,diff,post,0.41475618770698625
gpt2-xl,memit,genie,genre_140,abstract_1,acc,post,0.875
gpt2-xl,memit,genie,genre_140,abstract_3,hit,post,0.0
gpt2-xl,memit,genie,production_company_307,efficacy,success,pre,1.0
gpt2-xl,memit,genie,production_company_307,efficacy,diff,pre,0.0019034815891978765
gpt2-xl,memit,genie,production_company_307,efficacy,acc,pre,0.5
gpt2-xl,memit,genie,production_company_307,paraphrase_1,success,pre,0.0
gpt2-xl,memit,genie,production_company_307,paraphrase_1,diff,pre,-0.019457546862193136
gpt2-xl,memit,genie,production_company_307,paraphrase_1,acc,pre,0.5
gpt2-xl,memit,genie,production_company_307,paraphrase_2,success,pre,1.0
gpt2-xl,memit,genie,production_company_307,paraphrase_2,diff,pre,0.00262880880547197
gpt2-xl,memit,genie,production_company_307,paraphrase_2,acc,pre,0.5
gpt2-xl,memit,genie,production_company_307,paraphrase_3,success,pre,0.0
gpt2-xl,memit,genie,production_company_307,paraphrase_3,diff,pre,-2.205438500036544e-05
gpt2-xl,memit,genie,production_company_307,paraphrase_3,acc,pre,0.5
gpt2-xl,memit,genie,production_company_307,abstract_2,hit,pre,0.0
gpt2-xl,memit,genie,production_company_307,abstract_3,hit,pre,0.0
gpt2-xl,memit,genie,production_company_307,efficacy,success,post,1.0
gpt2-xl,memit,genie,production_company_307,efficacy,diff,post,0.9859431786499804
gpt2-xl,memit,genie,production_company_307,efficacy,acc,post,1.0
gpt2-xl,memit,genie,production_company_307,paraphrase_1,success,post,1.0
gpt2-xl,memit,genie,production_company_307,paraphrase_1,diff,post,0.7254061451814694
gpt2-xl,memit,genie,production_company_307,paraphrase_1,acc,post,1.0
gpt2-xl,memit,genie,production_company_307,paraphrase_2,success,post,1.0
gpt2-xl,memit,genie,production_company_307,paraphrase_2,diff,post,0.9230586995472735
gpt2-xl,memit,genie,production_company_307,paraphrase_2,acc,post,1.0
gpt2-xl,memit,genie,production_company_307,paraphrase_3,success,post,1.0
gpt2-xl,memit,genie,production_company_307,paraphrase_3,diff,post,0.9532329431704795
gpt2-xl,memit,genie,production_company_307,paraphrase_3,acc,post,1.0
gpt2-xl,memit,genie,production_company_307,abstract_2,hit,post,0.0
gpt2-xl,memit,genie,production_company_307,abstract_3,hit,post,0.0
gpt2-xl,memit,genie,screenwriter_548,efficacy,success,pre,1.0
gpt2-xl,memit,genie,screenwriter_548,efficacy,diff,pre,0.09758109056603412
gpt2-xl,memit,genie,screenwriter_548,efficacy,acc,pre,0.8
gpt2-xl,memit,genie,screenwriter_548,paraphrase_1,success,pre,1.0
gpt2-xl,memit,genie,screenwriter_548,paraphrase_1,diff,pre,0.17352857149907774
gpt2-xl,memit,genie,screenwriter_548,paraphrase_1,acc,pre,0.8
gpt2-xl,memit,genie,screenwriter_548,paraphrase_2,success,pre,1.0
gpt2-xl,memit,genie,screenwriter_548,paraphrase_2,diff,pre,0.10840090627139014
gpt2-xl,memit,genie,screenwriter_548,paraphrase_2,acc,pre,0.8
gpt2-xl,memit,genie,screenwriter_548,paraphrase_3,success,pre,1.0
gpt2-xl,memit,genie,screenwriter_548,paraphrase_3,diff,pre,0.10632744766863479
gpt2-xl,memit,genie,screenwriter_548,paraphrase_3,acc,pre,0.8
gpt2-xl,memit,genie,screenwriter_548,hop_1,success,pre,1.0
gpt2-xl,memit,genie,screenwriter_548,hop_1,diff,pre,0.0065618608174673795
gpt2-xl,memit,genie,screenwriter_548,hop_1,acc,pre,0.6666666666666666
gpt2-xl,memit,genie,screenwriter_548,abstract_2,hit,pre,0.0
gpt2-xl,memit,genie,screenwriter_548,abstract_3,hit,pre,0.0
gpt2-xl,memit,genie,screenwriter_548,efficacy,success,post,1.0
gpt2-xl,memit,genie,screenwriter_548,efficacy,diff,post,0.9978308252836695
gpt2-xl,memit,genie,screenwriter_548,efficacy,acc,post,1.0
gpt2-xl,memit,genie,screenwriter_548,paraphrase_1,success,post,1.0
gpt2-xl,memit,genie,screenwriter_548,paraphrase_1,diff,post,0.6594179981096038
gpt2-xl,memit,genie,screenwriter_548,paraphrase_1,acc,post,1.0
gpt2-xl,memit,genie,screenwriter_548,paraphrase_2,success,post,1.0
gpt2-xl,memit,genie,screenwriter_548,paraphrase_2,diff,post,0.48440635577393354
gpt2-xl,memit,genie,screenwriter_548,paraphrase_2,acc,post,0.8
gpt2-xl,memit,genie,screenwriter_548,paraphrase_3,success,post,1.0
gpt2-xl,memit,genie,screenwriter_548,paraphrase_3,diff,post,0.561130068379148
gpt2-xl,memit,genie,screenwriter_548,paraphrase_3,acc,post,0.8
gpt2-xl,memit,genie,screenwriter_548,hop_1,success,post,1.0
gpt2-xl,memit,genie,screenwriter_548,hop_1,diff,post,0.012503363100718555
gpt2-xl,memit,genie,screenwriter_548,hop_1,acc,post,0.6666666666666666
gpt2-xl,memit,genie,screenwriter_548,abstract_2,hit,post,0.0
gpt2-xl,memit,genie,screenwriter_548,abstract_3,hit,post,0.0
gpt2-xl,memit,genie,director_596,efficacy,success,pre,0.0
gpt2-xl,memit,genie,director_596,efficacy,diff,pre,-0.2505051343190578
gpt2-xl,memit,genie,director_596,efficacy,acc,pre,0.5
gpt2-xl,memit,genie,director_596,paraphrase_1,success,pre,0.0
gpt2-xl,memit,genie,director_596,paraphrase_1,diff,pre,-0.23925892534975643
gpt2-xl,memit,genie,director_596,paraphrase_1,acc,pre,0.5
gpt2-xl,memit,genie,director_596,paraphrase_2,success,pre,0.0
gpt2-xl,memit,genie,director_596,paraphrase_2,diff,pre,-0.3467795671348278
gpt2-xl,memit,genie,director_596,paraphrase_2,acc,pre,0.5
gpt2-xl,memit,genie,director_596,paraphrase_3,success,pre,0.0
gpt2-xl,memit,genie,director_596,paraphrase_3,diff,pre,-0.2723545622360445
gpt2-xl,memit,genie,director_596,paraphrase_3,acc,pre,0.5
gpt2-xl,memit,genie,director_596,hop_1,success,pre,0.0
gpt2-xl,memit,genie,director_596,hop_1,diff,pre,-0.03350907117631415
gpt2-xl,memit,genie,director_596,hop_1,acc,pre,0.0
gpt2-xl,memit,genie,director_596,abstract_3,hit,pre,0.0
gpt2-xl,memit,genie,director_596,efficacy,success,post,1.0
gpt2-xl,memit,genie,director_596,efficacy,diff,post,0.704127862340701
gpt2-xl,memit,genie,director_596,efficacy,acc,post,1.0
gpt2-xl,memit,genie,director_596,paraphrase_1,success,post,0.0
gpt2-xl,memit,genie,director_596,paraphrase_1,diff,post,-0.17067424552550958
gpt2-xl,memit,genie,director_596,paraphrase_1,acc,post,0.5
gpt2-xl,memit,genie,director_596,paraphrase_2,success,post,0.0
gpt2-xl,memit,genie,director_596,paraphrase_2,diff,post,-0.14342340424972605
gpt2-xl,memit,genie,director_596,paraphrase_2,acc,post,0.5
gpt2-xl,memit,genie,director_596,paraphrase_3,success,post,0.0
gpt2-xl,memit,genie,director_596,paraphrase_3,diff,post,-0.339103249429865
gpt2-xl,memit,genie,director_596,paraphrase_3,acc,post,0.5
gpt2-xl,memit,genie,director_596,hop_1,success,post,0.0
gpt2-xl,memit,genie,director_596,hop_1,diff,post,-0.03776361651492773
gpt2-xl,memit,genie,director_596,hop_1,acc,post,0.0
gpt2-xl,memit,genie,director_596,abstract_3,hit,post,0.0
gpt2-xl,memit,genie,developer_635,efficacy,success,pre,1.0
gpt2-xl,memit,genie,developer_635,efficacy,diff,pre,0.0024236455235303904
gpt2-xl,memit,genie,developer_635,efficacy,acc,pre,0.0
gpt2-xl,memit,genie,developer_635,paraphrase_1,success,pre,0.0
gpt2-xl,memit,genie,developer_635,paraphrase_1,diff,pre,-0.3506061485596631
gpt2-xl,memit,genie,developer_635,paraphrase_1,acc,pre,0.0
gpt2-xl,memit,genie,developer_635,paraphrase_2,success,pre,0.0
gpt2-xl,memit,genie,developer_635,paraphrase_2,diff,pre,-0.046381514750475354
gpt2-xl,memit,genie,developer_635,paraphrase_2,acc,pre,0.0
gpt2-xl,memit,genie,developer_635,paraphrase_3,success,pre,0.0
gpt2-xl,memit,genie,developer_635,paraphrase_3,diff,pre,-0.21593135886740997
gpt2-xl,memit,genie,developer_635,paraphrase_3,acc,pre,0.0
gpt2-xl,memit,genie,developer_635,hop_1,success,pre,1.0
gpt2-xl,memit,genie,developer_635,hop_1,diff,pre,0.02003652241425219
gpt2-xl,memit,genie,developer_635,hop_1,acc,pre,0.6666666666666666
gpt2-xl,memit,genie,developer_635,abstract_1,success,pre,1.0
gpt2-xl,memit,genie,developer_635,abstract_1,diff,pre,0.04310544019090315
gpt2-xl,memit,genie,developer_635,abstract_1,acc,pre,0.5
gpt2-xl,memit,genie,developer_635,abstract_3,hit,pre,0.0
gpt2-xl,memit,genie,developer_635,efficacy,success,post,1.0
gpt2-xl,memit,genie,developer_635,efficacy,diff,post,0.9917576966637445
gpt2-xl,memit,genie,developer_635,efficacy,acc,post,1.0
gpt2-xl,memit,genie,developer_635,paraphrase_1,success,post,1.0
gpt2-xl,memit,genie,developer_635,paraphrase_1,diff,post,0.9327163350652116
gpt2-xl,memit,genie,developer_635,paraphrase_1,acc,post,1.0
gpt2-xl,memit,genie,developer_635,paraphrase_2,success,post,1.0
gpt2-xl,memit,genie,developer_635,paraphrase_2,diff,post,0.9719828725911712
gpt2-xl,memit,genie,developer_635,paraphrase_2,acc,post,1.0
gpt2-xl,memit,genie,developer_635,paraphrase_3,success,post,1.0
gpt2-xl,memit,genie,developer_635,paraphrase_3,diff,post,0.729612948449845
gpt2-xl,memit,genie,developer_635,paraphrase_3,acc,post,1.0
gpt2-xl,memit,genie,developer_635,hop_1,success,post,1.0
gpt2-xl,memit,genie,developer_635,hop_1,diff,post,0.01785937908437953
gpt2-xl,memit,genie,developer_635,hop_1,acc,post,0.3333333333333333
gpt2-xl,memit,genie,developer_635,abstract_1,success,post,1.0
gpt2-xl,memit,genie,developer_635,abstract_1,diff,post,0.059934293277934356
gpt2-xl,memit,genie,developer_635,abstract_1,acc,post,0.5
gpt2-xl,memit,genie,developer_635,abstract_3,hit,post,0.0
gpt2-xl,memit,mquake,1,efficacy,success,pre,0.5
gpt2-xl,memit,mquake,1,efficacy,diff,pre,0.07306973828161172
gpt2-xl,memit,mquake,1,efficacy,acc,pre,0.35714285714285715
gpt2-xl,memit,mquake,1,single_hop,success,pre,0.5
gpt2-xl,memit,mquake,1,single_hop,diff,pre,0.07306973828161172
gpt2-xl,memit,mquake,1,single_hop,acc,pre,0.35714285714285715
gpt2-xl,memit,mquake,1,multihop,hit,pre,0.0
gpt2-xl,memit,mquake,1,efficacy,success,post,1.0
gpt2-xl,memit,mquake,1,efficacy,diff,post,0.7324317882169666
gpt2-xl,memit,mquake,1,efficacy,acc,post,0.9285714285714286
gpt2-xl,memit,mquake,1,single_hop,success,post,1.0
gpt2-xl,memit,mquake,1,single_hop,diff,post,0.7324317882169666
gpt2-xl,memit,mquake,1,single_hop,acc,post,0.9285714285714286
gpt2-xl,memit,mquake,1,multihop,hit,post,0.0
gpt2-xl,memit,mquake,2,efficacy,success,pre,0.0
gpt2-xl,memit,mquake,2,efficacy,diff,pre,-0.12840998488189664
gpt2-xl,memit,mquake,2,efficacy,acc,pre,0.0
gpt2-xl,memit,mquake,2,single_hop,success,pre,0.5
gpt2-xl,memit,mquake,2,single_hop,diff,pre,-0.06177679998938742
gpt2-xl,memit,mquake,2,single_hop,acc,pre,0.0
gpt2-xl,memit,mquake,2,multihop,hit,pre,0.0
gpt2-xl,memit,mquake,2,efficacy,success,post,1.0
gpt2-xl,memit,mquake,2,efficacy,diff,post,0.9630287321597059
gpt2-xl,memit,mquake,2,efficacy,acc,post,1.0
gpt2-xl,memit,mquake,2,single_hop,success,post,1.0
gpt2-xl,memit,mquake,2,single_hop,diff,post,0.4837475268397128
gpt2-xl,memit,mquake,2,single_hop,acc,post,0.5
gpt2-xl,memit,mquake,2,multihop,hit,post,0.0
gpt2-xl,memit,mquake,3,efficacy,success,pre,0.0
gpt2-xl,memit,mquake,3,efficacy,diff,pre,-0.08145391641925212
gpt2-xl,memit,mquake,3,efficacy,acc,pre,0.5
gpt2-xl,memit,mquake,3,single_hop,success,pre,0.5
gpt2-xl,memit,mquake,3,single_hop,diff,pre,-0.0405034361357399
gpt2-xl,memit,mquake,3,single_hop,acc,pre,0.25
gpt2-xl,memit,mquake,3,multihop,hit,pre,0.0
gpt2-xl,memit,mquake,3,efficacy,success,post,0.0
gpt2-xl,memit,mquake,3,efficacy,diff,post,-0.06052024683607324
gpt2-xl,memit,mquake,3,efficacy,acc,post,0.5
gpt2-xl,memit,mquake,3,single_hop,success,post,0.5
gpt2-xl,memit,mquake,3,single_hop,diff,post,-0.030029323802175614
gpt2-xl,memit,mquake,3,single_hop,acc,post,0.25
gpt2-xl,memit,mquake,3,multihop,hit,post,0.0
gpt2-xl,memit,mquake,4,efficacy,success,pre,0.0
gpt2-xl,memit,mquake,4,efficacy,diff,pre,-0.0011610279311289953
gpt2-xl,memit,mquake,4,efficacy,acc,pre,0.3333333333333333
gpt2-xl,memit,mquake,4,single_hop,success,pre,0.0
gpt2-xl,memit,mquake,4,single_hop,diff,pre,-0.000974658855342664
gpt2-xl,memit,mquake,4,single_hop,acc,pre,0.16666666666666666
gpt2-xl,memit,mquake,4,multihop,hit,pre,0.0
gpt2-xl,memit,mquake,4,efficacy,success,post,1.0
gpt2-xl,memit,mquake,4,efficacy,diff,post,0.01683657783692679
gpt2-xl,memit,mquake,4,efficacy,acc,post,0.5
gpt2-xl,memit,mquake,4,single_hop,success,post,0.5
gpt2-xl,memit,mquake,4,single_hop,diff,post,0.008034828916187472
gpt2-xl,memit,mquake,4,single_hop,acc,post,0.25
gpt2-xl,memit,mquake,4,multihop,hit,post,0.0
gpt2-xl,memit,mquake,5,efficacy,success,pre,0.0
gpt2-xl,memit,mquake,5,efficacy,diff,pre,-0.04395206602233042
gpt2-xl,memit,mquake,5,efficacy,acc,pre,0.5
gpt2-xl,memit,mquake,5,single_hop,success,pre,0.0
gpt2-xl,memit,mquake,5,single_hop,diff,pre,-0.04395206602233042
gpt2-xl,memit,mquake,5,single_hop,acc,pre,0.5
gpt2-xl,memit,mquake,5,multihop,hit,pre,0.0
gpt2-xl,memit,mquake,5,efficacy,success,post,1.0
gpt2-xl,memit,mquake,5,efficacy,diff,post,0.34176653560918235
gpt2-xl,memit,mquake,5,efficacy,acc,post,0.75
gpt2-xl,memit,mquake,5,single_hop,success,post,1.0
gpt2-xl,memit,mquake,5,single_hop,diff,post,0.34176653560918235
gpt2-xl,memit,mquake,5,single_hop,acc,post,0.75
gpt2-xl,memit,mquake,5,multihop,hit,post,0.0
gpt2-xl,memit,ripple,ripple_popular_row0,efficacy,hit,pre,0.0
gpt2-xl,memit,ripple,ripple_popular_row0,ripple_compositional_i,hit,pre,0.0
gpt2-xl,memit,ripple,ripple_popular_row0,ripple_aliasing,hit,pre,0.0
gpt2-xl,memit,ripple,ripple_popular_row0,ripple_relation_specificity,hit,pre,0.0
gpt2-xl,memit,ripple,ripple_popular_row0,ripple_preservation,hit,pre,0.0
gpt2-xl,memit,ripple,ripple_popular_row0,efficacy,hit,post,1.0
gpt2-xl,memit,ripple,ripple_popular_row0,ripple_compositional_i,hit,post,0.2857142857142857
gpt2-xl,memit,ripple,ripple_popular_row0,ripple_aliasing,hit,post,1.0
gpt2-xl,memit,ripple,ripple_popular_row0,ripple_relation_specificity,hit,post,0.0
gpt2-xl,memit,ripple,ripple_popular_row0,ripple_preservation,hit,post,0.0
gpt2-xl,memit,ripple,ripple_popular_row2,efficacy,hit,pre,0.0
gpt2-xl,memit,ripple,ripple_popular_row2,ripple_logical,hit,pre,0.0
gpt2-xl,memit,ripple,ripple_popular_row2,ripple_compositional_i,hit,pre,0.0
gpt2-xl,memit,ripple,ripple_popular_row2,ripple_aliasing,hit,pre,0.0
gpt2-xl,memit,ripple,ripple_popular_row2,ripple_relation_specificity,hit,pre,0.0
gpt2-xl,memit,ripple,ripple_popular_row2,ripple_preservation,hit,pre,0.0
gpt2-xl,memit,ripple,ripple_popular_row2,efficacy,hit,post,1.0
gpt2-xl,memit,ripple,ripple_popular_row2,ripple_logical,hit,post,0.0
gpt2-xl,memit,ripple,ripple_popular_row2,ripple_compositional_i,hit,post,0.0
gpt2-xl,memit,ripple,ripple_popular_row2,ripple_aliasing,hit,post,1.0
gpt2-xl,memit,ripple,ripple_popular_row2,ripple_relation_specificity,hit,post,0.1111111111111111
gpt2-xl,memit,ripple,ripple_popular_row2,ripple_preservation,hit,post,0.0
gpt2-xl,memit,ripple,ripple_popular_row4,efficacy,hit,pre,0.0
gpt2-xl,memit,ripple,ripple_popular_row4,ripple_logical,hit,pre,0.0
gpt2-xl,memit,ripple,ripple_popular_row4,ripple_aliasing,hit,pre,0.0
gpt2-xl,memit,ripple,ripple_popular_row4,ripple_relation_specificity,hit,pre,0.16666666666666666
gpt2-xl,memit,ripple,ripple_popular_row4,ripple_preservation,hit,pre,0.0
gpt2-xl,memit,ripple,ripple_popular_row4,efficacy,hit,post,0.0
gpt2-xl,memit,ripple,ripple_popular_row4,ripple_logical,hit,post,0.0
gpt2-xl,memit,ripple,ripple_popular_row4,ripple_aliasing,hit,post,0.0
gpt2-xl,memit,ripple,ripple_popular_row4,ripple_relation_specificity,hit,post,0.16666666666666666
gpt2-xl,memit,ripple,ripple_popular_row4,ripple_preservation,hit,post,0.0
gpt2-xl,memit,ripple,ripple_random_row0,efficacy,hit,pre,0.0
gpt2-xl,memit,ripple,ripple_random_row0,ripple_logical,hit,pre,0.0
gpt2-xl,memit,ripple,ripple_random_row0,ripple_aliasing,hit,pre,0.0
gpt2-xl,memit,ripple,ripple_random_row0,ripple_relation_specificity,hit,pre,0.0
gpt2-xl,memit,ripple,ripple_random_row0,efficacy,hit,post,1.0
gpt2-xl,memit,ripple,ripple_random_row0,ripple_logical,hit,post,0.0
gpt2-xl,memit,ripple,ripple_random_row0,ripple_aliasing,hit,post,0.0
gpt2-xl,memit,ripple,ripple_random_row0,ripple_relation_specificity,hit,post,0.0
gpt2-xl,memit,ripple,ripple_random_row1,efficacy,hit,pre,0.0
gpt2-xl,memit,ripple,ripple_random_row1,ripple_compositional_i,hit,pre,0.0
gpt2-xl,memit,ripple,ripple_random_row1,ripple_aliasing,hit,pre,0.0
gpt2-xl,memit,ripple,ripple_random_row1,ripple_relation_specificity,hit,pre,0.0
gpt2-xl,memit,ripple,ripple_random_row1,efficacy,hit,post,1.0
gpt2-xl,memit,ripple,ripple_random_row1,ripple_compositional_i,hit,post,0.0
gpt2-xl,memit,ripple,ripple_random_row1,ripple_aliasing,hit,post,0.0
gpt2-xl,memit,ripple,ripple_random_row1,ripple_relation_specificity,hit,post,0.0
gpt2-xl,memit,ripple,ripple_random_row2,efficacy,hit,pre,0.0
gpt2-xl,memit,ripple,ripple_random_row2,ripple_compositional_i,hit,pre,0.0
gpt2-xl,memit,ripple,ripple_random_row2,ripple_aliasing,hit,pre,0.0
gpt2-xl,memit,ripple,ripple_random_row2,efficacy,hit,post,1.0
gpt2-xl,memit,ripple,ripple_random_row2,ripple_compositional_i,hit,post,1.0
gpt2-xl,memit,ripple,ripple_random_row2,ripple_aliasing,hit,post,0.0
gpt2-xl,memit,ripple,ripple_random_row3,efficacy,hit,pre,0.0
gpt2-xl,memit,ripple,ripple_random_row3,ripple_aliasing,hit,pre,0.0
gpt2-xl,memit,ripple,ripple_random_row3,ripple_relation_specificity,hit,pre,0.0
gpt2-xl,memit,ripple,ripple_random_row3,ripple_preservation,hit,pre,0.0
gpt2-xl,memit,ripple,ripple_random_row3,efficacy,hit,post,1.0
gpt2-xl,memit,ripple,ripple_random_row3,ripple_aliasing,hit,post,0.0
gpt2-xl,memit,ripple,ripple_random_row3,ripple_relation_specificity,hit,post,0.0
gpt2-xl,memit,ripple,ripple_random_row3,ripple_preservation,hit,post,0.0
gpt2-xl,memit,ripple,ripple_random_row4,efficacy,hit,pre,0.0
gpt2-xl,memit,ripple,ripple_random_row4,ripple_aliasing,hit,pre,0.0
gpt2-xl,memit,ripple,ripple_random_row4,ripple_relation_specificity,hit,pre,0.3333333333333333
gpt2-xl,memit,ripple,ripple_random_row4,ripple_preservation,hit,pre,0.0
gpt2-xl,memit,ripple,ripple_random_row4,efficacy,hit,post,0.0
gpt2-xl,memit,ripple,ripple_random_row4,ripple_aliasing,hit,post,0.0
gpt2-xl,memit,ripple,ripple_random_row4,ripple_relation_specificity,hit,post,0.0
gpt2-xl,memit,ripple,ripple_random_row4,ripple_preservation,hit,post,0.0
gpt2-xl,memit,zsre,zsre_row0,efficacy,success,pre,0.0
gpt2-xl,memit,zsre,zsre_row0,efficacy,diff,pre,-0.0005764174707755948
gpt2-xl,memit,zsre,zsre_row0,efficacy,acc,pre,0.3333333333333333
gpt2-xl,memit,zsre,zsre_row0,generalisation,success,pre,0.0
gpt2-xl,memit,zsre,zsre_row0,generalisation,diff,pre,-0.002501691335092246
gpt2-xl,memit,zsre,zsre_row0,generalisation,acc,pre,0.3333333333333333
gpt2-xl,memit,zsre,zsre_row0,specificity,success,pre,1.0
gpt2-xl,memit,zsre,zsre_row0,specificity,diff,pre,0.0002046845795470628
gpt2-xl,memit,zsre,zsre_row0,specificity,acc,pre,0.3333333333333333
gpt2-xl,memit,zsre,zsre_row0,efficacy,success,post,1.0
gpt2-xl,memit,zsre,zsre_row0,efficacy,diff,post,0.9846739545795892
gpt2-xl,memit,zsre,zsre_row0,efficacy,acc,post,1.0
gpt2-xl,memit,zsre,zsre_row0,generalisation,success,post,1.0
gpt2-xl,memit,zsre,zsre_row0,generalisation,diff,post,0.8231409584530092
gpt2-xl,memit,zsre,zsre_row0,generalisation,acc,post,1.0
gpt2-xl,memit,zsre,zsre_row0,specificity,success,post,1.0
gpt2-xl,memit,zsre,zsre_row0,specificity,diff,post,0.00033352249092940753
gpt2-xl,memit,zsre,zsre_row0,specificity,acc,post,0.3333333333333333
gpt2-xl,memit,zsre,zsre_row1,efficacy,success,pre,0.0
gpt2-xl,memit,zsre,zsre_row1,efficacy,diff,pre,-0.02953277586544776
gpt2-xl,memit,zsre,zsre_row1,efficacy,acc,pre,0.5
gpt2-xl,memit,zsre,zsre_row1,generalisation,success,pre,0.0
gpt2-xl,memit,zsre,zsre_row1,generalisation,diff,pre,-0.01901215584201373
gpt2-xl,memit,zsre,zsre_row1,generalisation,acc,pre,0.0
gpt2-xl,memit,zsre,zsre_row1,specificity,success,pre,0.0
gpt2-xl,memit,zsre,zsre_row1,specificity,diff,pre,-0.005373715503999106
gpt2-xl,memit,zsre,zsre_row1,specificity,acc,pre,0.5
gpt2-xl,memit,zsre,zsre_row1,efficacy,success,post,1.0
gpt2-xl,memit,zsre,zsre_row1,efficacy,diff,post,0.5305250778981269
gpt2-xl,memit,zsre,zsre_row1,efficacy,acc,post,0.75
gpt2-xl,memit,zsre,zsre_row1,generalisation,success,post,1.0
gpt2-xl,memit,zsre,zsre_row1,generalisation,diff,post,0.1992266373856174
gpt2-xl,memit,zsre,zsre_row1,generalisation,acc,post,0.5
gpt2-xl,memit,zsre,zsre_row1,specificity,success,post,0.0
gpt2-xl,memit,zsre,zsre_row1,specificity,diff,post,-0.005591621198738872
gpt2-xl,memit,zsre,zsre_row1,specificity,acc,post,0.5
gpt2-xl,memit,zsre,zsre_row2,efficacy,success,pre,0.0
gpt2-xl,memit,zsre,zsre_row2,efficacy,diff,pre,-2.442762706981668e-07
gpt2-xl,memit,zsre,zsre_row2,efficacy,acc,pre,0.0
gpt2-xl,memit,zsre,zsre_row2,generalisation,success,pre,0.0
gpt2-xl,memit,zsre,zsre_row2,generalisation,diff,pre,-3.203728883827346e-07
gpt2-xl,memit,zsre,zsre_row2,generalisation,acc,pre,0.0
gpt2-xl,memit,zsre,zsre_row2,specificity,success,pre,0.0
gpt2-xl,memit,zsre,zsre_row2,specificity,diff,pre,-0.004939125528424883
gpt2-xl,memit,zsre,zsre_row2,specificity,acc,pre,0.6666666666666666
gpt2-xl,memit,zsre,zsre_row2,efficacy,success,post,1.0
gpt2-xl,memit,zsre,zsre_row2,efficacy,diff,post,0.9610383525333451
gpt2-xl,memit,zsre,zsre_row2,efficacy,acc,post,1.0
gpt2-xl,memit,zsre,zsre_row2,generalisation,success,post,1.0
gpt2-xl,memit,zsre,zsre_row2,generalisation,diff,post,0.1529105510683601
gpt2-xl,memit,zsre,zsre_row2,generalisation,acc,post,1.0
gpt2-xl,memit,zsre,zsre_row2,specificity,success,post,0.0
gpt2-xl,memit,zsre,zsre_row2,specificity,diff,post,-0.004791838898821039
gpt2-xl,memit,zsre,zsre_row2,specificity,acc,post,0.6666666666666666
gpt2-xl,memit,zsre,zsre_row3,efficacy,success,pre,1.0
gpt2-xl,memit,zsre,zsre_row3,efficacy,diff,pre,0.015183308242543096
gpt2-xl,memit,zsre,zsre_row3,efficacy,acc,pre,0.5
gpt2-xl,memit,zsre,zsre_row3,generalisation,success,pre,1.0
gpt2-xl,memit,zsre,zsre_row3,generalisation,diff,pre,0.027180286197004022
gpt2-xl,memit,zsre,zsre_row3,generalisation,acc,pre,0.5
gpt2-xl,memit,zsre,zsre_row3,specificity,success,pre,1.0
gpt2-xl,memit,zsre,zsre_row3,specificity,diff,pre,0.009606811368003695
gpt2-xl,memit,zsre,zsre_row3,specificity,acc,pre,0.0
gpt2-xl,memit,zsre,zsre_row3,efficacy,success,post,1.0
gpt2-xl,memit,zsre,zsre_row3,efficacy,diff,post,0.9898919698883125
gpt2-xl,memit,zsre,zsre_row3,efficacy,acc,post,1.0
gpt2-xl,memit,zsre,zsre_row3,generalisation,success,post,1.0
gpt2-xl,memit,zsre,zsre_row3,generalisation,diff,post,0.9886374015829297
gpt2-xl,memit,zsre,zsre_row3,generalisation,acc,post,1.0
gpt2-xl,memit,zsre,zsre_row3,specificity,success,post,1.0
gpt2-xl,memit,zsre,zsre_row3,specificity,diff,post,0.009907816123401622
gpt2-xl,memit,zsre,zsre_row3,specificity,acc,post,0.0
gpt2-xl,memit,zsre,zsre_row4,efficacy,success,pre,0.0
gpt2-xl,memit,zsre,zsre_row4,efficacy,diff,pre,-0.03172412325269371
gpt2-xl,memit,zsre,zsre_row4,efficacy,acc,pre,0.3333333333333333
gpt2-xl,memit,zsre,zsre_row4,generalisation,success,pre,0.0
gpt2-xl,memit,zsre,zsre_row4,generalisation,diff,pre,-0.04598370745814568
gpt2-xl,memit,zsre,zsre_row4,generalisation,acc,pre,0.3333333333333333
gpt2-xl,memit,zsre,zsre_row4,specificity,success,pre,0.0
gpt2-xl,memit,zsre,zsre_row4,specificity,diff,pre,-0.0012575156320287658
gpt2-xl,memit,zsre,zsre_row4,specificity,acc,pre,0.3333333333333333
gpt2-xl,memit,zsre,zsre_row4,efficacy,success,post,0.0
gpt2-xl,memit,zsre,zsre_row4,efficacy,diff,post,-0.0063859444710060165
gpt2-xl,memit,zsre,zsre_row4,efficacy,acc,post,0.6666666666666666
gpt2-xl,memit,zsre,zsre_row4,generalisation,success,post,0.0
gpt2-xl,memit,zsre,zsre_row4,generalisation,diff,post,-0.06143460296249138
gpt2-xl,memit,zsre,zsre_row4,generalisation,acc,post,0.3333333333333333
gpt2-xl,memit,zsre,zsre_row4,specificity,success,post,0.0
gpt2-xl,memit,zsre,zsre_row4,specificity,diff,post,-0.0011760117925648929
gpt2-xl,memit,zsre,zsre_row4,specificity,acc,post,0.3333333333333333
gpt2-xl,remedi,counterfact,0,efficacy,success,pre,0.0
gpt2-xl,remedi,counterfact,0,efficacy,diff,pre,-0.37617651698075644
gpt2-xl,remedi,counterfact,0,efficacy,acc,pre,0.0
gpt2-xl,remedi,counterfact,0,generalisation,success,pre,1.0
gpt2-xl,remedi,counterfact,0,generalisation,diff,pre,0.0005171306729141865
gpt2-xl,remedi,counterfact,0,generalisation,acc,pre,0.0
gpt2-xl,remedi,counterfact,0,specificity,success,pre,0.0
gpt2-xl,remedi,counterfact,0,specificity,diff,pre,-0.3224642760423937
gpt2-xl,remedi,counterfact,0,specificity,acc,pre,0.7
gpt2-xl,remedi,counterfact,0,target_close_neighbour,success,pre,1.0
gpt2-xl,remedi,counterfact,0,target_close_neighbour,diff,pre,0.07185565722335695
gpt2-xl,remedi,counterfact,0,target_close_neighbour,acc,pre,0.4
gpt2-xl,remedi,counterfact,0,efficacy,success,post,1.0
gpt2-xl,remedi,counterfact,0,efficacy,diff,post,0.9570308613085575
gpt2-xl,remedi,counterfact,0,efficacy,acc,post,1.0
gpt2-xl,remedi,counterfact,0,generalisation,success,post,1.0
gpt2-xl,remedi,counterfact,0,generalisation,diff,post,0.18895413947367753
gpt2-xl,remedi,counterfact,0,generalisation,acc,post,0.0
gpt2-xl,remedi,counterfact,0,specificity,success,post,0.0
gpt2-xl,remedi,counterfact,0,specificity,diff,post,-0.3224642760423937
gpt2-xl,remedi,counterfact,0,specificity,acc,post,0.7
gpt2-xl,remedi,counterfact,0,target_close_neighbour,success,post,1.0
gpt2-xl,remedi,counterfact,0,target_close_neighbour,diff,post,0.07185565722335695
gpt2-xl,remedi,counterfact,0,target_close_neighbour,acc,post,0.4
gpt2-xl,remedi,counterfact,1,efficacy,success,pre,0.0
gpt2-xl,remedi,counterfact,1,efficacy,diff,pre,-0.10433664415338888
gpt2-xl,remedi,counterfact,1,efficacy,acc,pre,0.0
gpt2-xl,remedi,counterfact,1,generalisation,success,pre,0.0
gpt2-xl,remedi,counterfact,1,generalisation,diff,pre,-0.0010584796715423853
gpt2-xl,remedi,counterfact,1,generalisation,acc,pre,0.0
gpt2-xl,remedi,counterfact,1,specificity,success,pre,0.7
gpt2-xl,remedi,counterfact,1,specificity,diff,pre,0.025185032982237548
gpt2-xl,remedi,counterfact,1,specificity,acc,pre,0.1
gpt2-xl,remedi,counterfact,1,target_close_neighbour,success,pre,1.0
gpt2-xl,remedi,counterfact,1,target_close_neighbour,diff,pre,0.11009343599061741
gpt2-xl,remedi,counterfact,1,target_close_neighbour,acc,pre,0.3
gpt2-xl,remedi,counterfact,1,efficacy,success,post,1.0
gpt2-xl,remedi,counterfact,1,efficacy,diff,post,0.9238473068037216
gpt2-xl,remedi,counterfact,1,efficacy,acc,post,1.0
gpt2-xl,remedi,counterfact,1,generalisation,success,post,1.0
gpt2-xl,remedi,counterfact,1,generalisation,diff,post,0.49917655477686573
gpt2-xl,remedi,counterfact,1,generalisation,acc,post,0.5
gpt2-xl,remedi,counterfact,1,specificity,success,post,0.7
gpt2-xl,remedi,counterfact,1,specificity,diff,post,0.025185032982237548
gpt2-xl,remedi,counterfact,1,specificity,acc,post,0.1
gpt2-xl,remedi,counterfact,1,target_close_neighbour,success,post,1.0
gpt2-xl,remedi,counterfact,1,target_close_neighbour,diff,post,0.11009343599061741
gpt2-xl,remedi,counterfact,1,target_close_neighbour,acc,post,0.3
gpt2-xl,remedi,counterfact,2,efficacy,success,pre,1.0
gpt2-xl,remedi,counterfact,2,efficacy,diff,pre,2.8234194909068148e-05
gpt2-xl,remedi,counterfact,2,efficacy,acc,pre,0.0
gpt2-xl,remedi,counterfact,2,generalisation,success,pre,0.5
gpt2-xl,remedi,counterfact,2,generalisation,diff,pre,0.013870785335809153
gpt2-xl,remedi,counterfact,2,generalisation,acc,pre,0.0
gpt2-xl,remedi,counterfact,2,specificity,success,pre,0.6
gpt2-xl,remedi,counterfact,2,specificity,diff,pre,-0.0022553692823553133
gpt2-xl,remedi,counterfact,2,specificity,acc,pre,0.0
gpt2-xl,remedi,counterfact,2,target_close_neighbour,success,pre,0.7
gpt2-xl,remedi,counterfact,2,target_close_neighbour,diff,pre,0.006844458774199277
gpt2-xl,remedi,counterfact,2,target_close_neighbour,acc,pre,0.0
gpt2-xl,remedi,counterfact,2,efficacy,success,post,1.0
gpt2-xl,remedi,counterfact,2,efficacy,diff,post,0.11859138716448846
gpt2-xl,remedi,counterfact,2,efficacy,acc,post,0.0
gpt2-xl,remedi,counterfact,2,generalisation,success,post,1.0
gpt2-xl,remedi,counterfact,2,generalisation,diff,post,0.29291549213800205
gpt2-xl,remedi,counterfact,2,generalisation,acc,post,0.5
gpt2-xl,remedi,counterfact,2,specificity,success,post,0.6
gpt2-xl,remedi,counterfact,2,specificity,diff,post,-0.0022553692823553133
gpt2-xl,remedi,counterfact,2,specificity,acc,post,0.0
gpt2-xl,remedi,counterfact,2,target_close_neighbour,success,post,0.7
gpt2-xl,remedi,counterfact,2,target_close_neighbour,diff,post,0.006844458774199277
gpt2-xl,remedi,counterfact,2,target_close_neighbour,acc,post,0.0
gpt2-xl,remedi,counterfact,3,efficacy,success,pre,0.0
gpt2-xl,remedi,counterfact,3,efficacy,diff,pre,-0.08874552929428017
gpt2-xl,remedi,counterfact,3,efficacy,acc,pre,0.0
gpt2-xl,remedi,counterfact,3,generalisation,success,pre,0.0
gpt2-xl,remedi,counterfact,3,generalisation,diff,pre,-0.10788922980313234
gpt2-xl,remedi,counterfact,3,generalisation,acc,pre,0.0
gpt2-xl,remedi,counterfact,3,specificity,success,pre,0.0
gpt2-xl,remedi,counterfact,3,specificity,diff,pre,-0.01927880385219243
gpt2-xl,remedi,counterfact,3,specificity,acc,pre,0.0
gpt2-xl,remedi,counterfact,3,target_close_neighbour,success,pre,1.0
gpt2-xl,remedi,counterfact,3,target_close_neighbour,diff,pre,0.09144004526728411
gpt2-xl,remedi,counterfact,3,target_close_neighbour,acc,pre,0.1
gpt2-xl,remedi,counterfact,3,efficacy,success,post,0.0
gpt2-xl,remedi,counterfact,3,efficacy,diff,post,-0.3211326733563485
gpt2-xl,remedi,counterfact,3,efficacy,acc,post,0.0
gpt2-xl,remedi,counterfact,3,generalisation,success,post,0.0
gpt2-xl,remedi,counterfact,3,generalisation,diff,post,-0.32052853632507305
gpt2-xl,remedi,counterfact,3,generalisation,acc,post,0.0
gpt2-xl,remedi,counterfact,3,specificity,success,post,0.0
gpt2-xl,remedi,counterfact,3,specificity,diff,post,-0.01927880385219243
gpt2-xl,remedi,counterfact,3,specificity,acc,post,0.0
gpt2-xl,remedi,counterfact,3,target_close_neighbour,success,post,1.0
gpt2-xl,remedi,counterfact,3,target_close_neighbour,diff,post,0.09144004526728411
gpt2-xl,remedi,counterfact,3,target_close_neighbour,acc,post,0.1
gpt2-xl,remedi,counterfact,4,efficacy,success,pre,0.0
gpt2-xl,remedi,counterfact,4,efficacy,diff,pre,-2.046038752108024e-06
gpt2-xl,remedi,counterfact,4,efficacy,acc,pre,0.0
gpt2-xl,remedi,counterfact,4,generalisation,success,pre,0.0
gpt2-xl,remedi,counterfact,4,generalisation,diff,pre,-5.229205851170455e-06
gpt2-xl,remedi,counterfact,4,generalisation,acc,pre,0.0
gpt2-xl,remedi,counterfact,4,specificity,success,pre,0.4
gpt2-xl,remedi,counterfact,4,specificity,diff,pre,-8.363290483892825e-05
gpt2-xl,remedi,counterfact,4,specificity,acc,pre,0.0
gpt2-xl,remedi,counterfact,4,target_close_neighbour,success,pre,1.0
gpt2-xl,remedi,counterfact,4,target_close_neighbour,diff,pre,0.0013901259861620226
gpt2-xl,remedi,counterfact,4,target_close_neighbour,acc,pre,0.0
gpt2-xl,remedi,counterfact,4,efficacy,success,post,1.0
gpt2-xl,remedi,counterfact,4,efficacy,diff,post,0.04662332620874444
gpt2-xl,remedi,counterfact,4,efficacy,acc,post,0.0
gpt2-xl,remedi,counterfact,4,generalisation,success,post,1.0
gpt2-xl,remedi,counterfact,4,generalisation,diff,post,0.16393572888659882
gpt2-xl,remedi,counterfact,4,generalisation,acc,post,0.5
gpt2-xl,remedi,counterfact,4,specificity,success,post,0.4
gpt2-xl,remedi,counterfact,4,specificity,diff,post,-8.363290483892825e-05
gpt2-xl,remedi,counterfact,4,specificity,acc,post,0.0
gpt2-xl,remedi,counterfact,4,target_close_neighbour,success,post,1.0
gpt2-xl,remedi,counterfact,4,target_close_neighbour,diff,post,0.0013901259861620226
gpt2-xl,remedi,counterfact,4,target_close_neighbour,acc,post,0.0
gpt2-xl,remedi,genie,genre_140,efficacy,success,pre,1.0
gpt2-xl,remedi,genie,genre_140,efficacy,diff,pre,0.0008869611175538481
gpt2-xl,remedi,genie,genre_140,efficacy,acc,pre,0.0
gpt2-xl,remedi,genie,genre_140,paraphrase_1,success,pre,0.0
gpt2-xl,remedi,genie,genre_140,paraphrase_1,diff,pre,-0.002583061588050793
gpt2-xl,remedi,genie,genre_140,paraphrase_1,acc,pre,0.5
gpt2-xl,remedi,genie,genre_140,paraphrase_2,success,pre,1.0
gpt2-xl,remedi,genie,genre_140,paraphrase_2,diff,pre,0.005611773118867478
gpt2-xl,remedi,genie,genre_140,paraphrase_2,acc,pre,0.0
gpt2-xl,remedi,genie,genre_140,paraphrase_3,success,pre,1.0
gpt2-xl,remedi,genie,genre_140,paraphrase_3,diff,pre,0.00874093146027626
gpt2-xl,remedi,genie,genre_140,paraphrase_3,acc,pre,0.5
gpt2-xl,remedi,genie,genre_140,abstract_1,success,pre,1.0
gpt2-xl,remedi,genie,genre_140,abstract_1,diff,pre,0.4419788566406618
gpt2-xl,remedi,genie,genre_140,abstract_1,acc,pre,0.875
gpt2-xl,remedi,genie,genre_140,abstract_3,hit,pre,0.0
gpt2-xl,remedi,genie,genre_140,efficacy,success,post,1.0
gpt2-xl,remedi,genie,genre_140,efficacy,diff,post,0.003678398452243827
gpt2-xl,remedi,genie,genre_140,efficacy,acc,post,0.0
gpt2-xl,remedi,genie,genre_140,paraphrase_1,success,post,0.0
gpt2-xl,remedi,genie,genre_140,paraphrase_1,diff,post,-0.0019872451393792186
gpt2-xl,remedi,genie,genre_140,paraphrase_1,acc,post,0.5
gpt2-xl,remedi,genie,genre_140,paraphrase_2,success,post,1.0
gpt2-xl,remedi,genie,genre_140,paraphrase_2,diff,post,0.022644479440640797
gpt2-xl,remedi,genie,genre_140,paraphrase_2,acc,post,0.5
gpt2-xl,remedi,genie,genre_140,paraphrase_3,success,post,1.0
gpt2-xl,remedi,genie,genre_140,paraphrase_3,diff,post,0.021774701574082886
gpt2-xl,remedi,genie,genre_140,paraphrase_3,acc,post,0.5
gpt2-xl,remedi,genie,genre_140,abstract_1,success,post,1.0
gpt2-xl,remedi,genie,genre_140,abstract_1,diff,post,0.4514340194425
gpt2-xl,remedi,genie,genre_140,abstract_1,acc,post,0.875
gpt2-xl,remedi,genie,genre_140,abstract_3,hit,post,0.0
gpt2-xl,remedi,genie,production_company_307,efficacy,success,pre,1.0
gpt2-xl,remedi,genie,production_company_307,efficacy,diff,pre,0.0019034815891978765
gpt2-xl,remedi,genie,production_company_307,efficacy,acc,pre,0.5
gpt2-xl,remedi,genie,production_company_307,paraphrase_1,success,pre,0.0
gpt2-xl,remedi,genie,production_company_307,paraphrase_1,diff,pre,-0.019457546862193136
gpt2-xl,remedi,genie,production_company_307,paraphrase_1,acc,pre,0.5
gpt2-xl,remedi,genie,production_company_307,paraphrase_2,success,pre,1.0
gpt2-xl,remedi,genie,production_company_307,paraphrase_2,diff,pre,0.00262880880547197
gpt2-xl,remedi,genie,production_company_307,paraphrase_2,acc,pre,0.5
gpt2-xl,remedi,genie,production_company_307,paraphrase_3,success,pre,0.0
gpt2-xl,remedi,genie,production_company_307,paraphrase_3,diff,pre,-2.205438500036544e-05
gpt2-xl,remedi,genie,production_company_307,paraphrase_3,acc,pre,0.5
gpt2-xl,remedi,genie,production_company_307,abstract_2,hit,pre,0.0
gpt2-xl,remedi,genie,production_company_307,abstract_3,hit,pre,0.0
gpt2-xl,remedi,genie,production_company_307,efficacy,success,post,1.0
gpt2-xl,remedi,genie,production_company_307,efficacy,diff,post,0.331229201785739
gpt2-xl,remedi,genie,production_company_307,efficacy,acc,post,1.0
gpt2-xl,remedi,genie,production_company_307,paraphrase_1,success,post,1.0
gpt2-xl,remedi,genie,production_company_307,paraphrase_1,diff,post,0.35329880054115015
gpt2-xl,remedi,genie,production_company_307,paraphrase_1,acc,post,1.0
gpt2-xl,remedi,genie,production_company_307,paraphrase_2,success,post,1.0
gpt2-xl,remedi,genie,production_company_307,paraphrase_2,diff,post,0.3881409731864964
gpt2-xl,remedi,genie,production_company_307,paraphrase_2,acc,post,1.0
gpt2-xl,remedi,genie,production_company_307,paraphrase_3,success,post,1.0
gpt2-xl,remedi,genie,production_company_307,paraphrase_3,diff,post,0.22304703432508505
gpt2-xl,remedi,genie,production_company_307,paraphrase_3,acc,post,0.5
gpt2-xl,remedi,genie,production_company_307,abstract_2,hit,post,0.0
gpt2-xl,remedi,genie,production_company_307,abstract_3,hit,post,0.0
gpt2-xl,remedi,genie,screenwriter_548,efficacy,success,pre,1.0
gpt2-xl,remedi,genie,screenwriter_548,efficacy,diff,pre,0.09758109056603412
gpt2-xl,remedi,genie,screenwriter_548,efficacy,acc,pre,0.8
gpt2-xl,remedi,genie,screenwriter_548,paraphrase_1,success,pre,1.0
gpt2-xl,remedi,genie,screenwriter_548,paraphrase_1,diff,pre,0.17352857149907774
gpt2-xl,remedi,genie,screenwriter_548,paraphrase_1,acc,pre,0.8
gpt2-xl,remedi,genie,screenwriter_548,paraphrase_2,success,pre,1.0
gpt2-xl,remedi,genie,screenwriter_548,paraphrase_2,diff,pre,0.10840090627139014
gpt2-xl,remedi,genie,screenwriter_548,paraphrase_2,acc,pre,0.8
gpt2-xl,remedi,genie,screenwriter_548,paraphrase_3,success,pre,1.0
gpt2-xl,remedi,genie,screenwriter_548,paraphrase_3,diff,pre,0.10632744766863479
gpt2-xl,remedi,genie,screenwriter_548,paraphrase_3,acc,pre,0.8
gpt2-xl,remedi,genie,screenwriter_548,hop_1,success,pre,1.0
gpt2-xl,remedi,genie,screenwriter_548,hop_1,diff,pre,0.0065618608174673795
gpt2-xl,remedi,genie,screenwriter_548,hop_1,acc,pre,0.6666666666666666
gpt2-xl,remedi,genie,screenwriter_548,abstract_2,hit,pre,0.0
gpt2-xl,remedi,genie,screenwriter_548,abstract_3,hit,pre,0.0
gpt2-xl,remedi,genie,screenwriter_548,efficacy,success,post,1.0
gpt2-xl,remedi,genie,screenwriter_548,efficacy,diff,post,0.13692638163910048
gpt2-xl,remedi,genie,screenwriter_548,efficacy,acc,post,0.8
gpt2-xl,remedi,genie,screenwriter_548,paraphrase_1,success,post,1.0
gpt2-xl,remedi,genie,screenwriter_548,paraphrase_1,diff,post,0.16920172710439169
gpt2-xl,remedi,genie,screenwriter_548,paraphrase_1,acc,post,0.8
gpt2-xl,remedi,genie,screenwriter_548,paraphrase_2,success,post,1.0
gpt2-xl,remedi,genie,screenwriter_548,paraphrase_2,diff,post,0.08967029546195755
gpt2-xl,remedi,genie,screenwriter_548,paraphrase_2,acc,post,0.8
gpt2-xl,remedi,genie,screenwriter_548,paraphrase_3,success,post,1.0
gpt2-xl,remedi,genie,screenwriter_548,paraphrase_3,diff,post,0.13224231192980843
gpt2-xl,remedi,genie,screenwriter_548,paraphrase_3,acc,post,0.8
gpt2-xl,remedi,genie,screenwriter_548,hop_1,success,post,1.0
gpt2-xl,remedi,genie,screenwriter_548,hop_1,diff,post,0.006274883891735535
gpt2-xl,remedi,genie,screenwriter_548,hop_1,acc,post,0.6666666666666666
gpt2-xl,remedi,genie,screenwriter_548,abstract_2,hit,post,0.0
gpt2-xl,remedi,genie,screenwriter_548,abstract_3,hit,post,0.0
gpt2-xl,remedi,genie,director_596,efficacy,success,pre,0.0
gpt2-xl,remedi,genie,director_596,efficacy,diff,pre,-0.2505051343190578
gpt2-xl,remedi,genie,director_596,efficacy,acc,pre,0.5
gpt2-xl,remedi,genie,director_596,paraphrase_1,success,pre,0.0
gpt2-xl,remedi,genie,director_596,paraphrase_1,diff,pre,-0.23925892534975643
gpt2-xl,remedi,genie,director_596,paraphrase_1,acc,pre,0.5
gpt2-xl,remedi,genie,director_596,paraphrase_2,success,pre,0.0
gpt2-xl,remedi,genie,director_596,paraphrase_2,diff,pre,-0.3467795671348278
gpt2-xl,remedi,genie,director_596,paraphrase_2,acc,pre,0.5
gpt2-xl,remedi,genie,director_596,paraphrase_3,success,pre,0.0
gpt2-xl,remedi,genie,director_596,paraphrase_3,diff,pre,-0.2723545622360445
gpt2-xl,remedi,genie,director_596,paraphrase_3,acc,pre,0.5
gpt2-xl,remedi,genie,director_596,hop_1,success,pre,0.0
gpt2-xl,remedi,genie,director_596,hop_1,diff,pre,-0.03350907117631415
gpt2-xl,remedi,genie,director_596,hop_1,acc,pre,0.0
gpt2-xl,remedi,genie,director_596,abstract_3,hit,pre,0.0
gpt2-xl,remedi,genie,director_596,efficacy,success,post,0.0
gpt2-xl,remedi,genie,director_596,efficacy,diff,post,-0.06836910348484437
gpt2-xl,remedi,genie,director_596,efficacy,acc,post,0.0
gpt2-xl,remedi,genie,director_596,paraphrase_1,success,post,0.0
gpt2-xl,remedi,genie,director_596,paraphrase_1,diff,post,-0.16926578175774756
gpt2-xl,remedi,genie,director_596,paraphrase_1,acc,post,0.5
gpt2-xl,remedi,genie,director_596,paraphrase_2,success,post,0.0
gpt2-xl,remedi,genie,director_596,paraphrase_2,diff,post,-0.16581259034074516
gpt2-xl,remedi,genie,director_596,paraphrase_2,acc,post,0.5
gpt2-xl,remedi,genie,director_596,paraphrase_3,success,post,0.0
gpt2-xl,remedi,genie,director_596,paraphrase_3,diff,post,-0.16940094724299756
gpt2-xl,remedi,genie,director_596,paraphrase_3,acc,post,0.0
gpt2-xl,remedi,genie,director_596,hop_1,success,post,0.0
gpt2-xl,remedi,genie,director_596,hop_1,diff,post,-0.0026382643996149123
gpt2-xl,remedi,genie,director_596,hop_1,acc,post,0.0
gpt2-xl,remedi,genie,director_596,abstract_3,hit,post,0.0
gpt2-xl,remedi,genie,developer_635,efficacy,success,pre,1.0
gpt2-xl,remedi,genie,developer_635,efficacy,diff,pre,0.0024236455235303904
gpt2-xl,remedi,genie,developer_635,efficacy,acc,pre,0.0
gpt2-xl,remedi,genie,developer_635,paraphrase_1,success,pre,0.0
gpt2-xl,remedi,genie,developer_635,paraphrase_1,diff,pre,-0.3506061485596631
gpt2-xl,remedi,genie,developer_635,paraphrase_1,acc,pre,0.0
gpt2-xl,remedi,genie,developer_635,paraphrase_2,success,pre,0.0
gpt2-xl,remedi,genie,developer_635,paraphrase_2,diff,pre,-0.046381514750475354
gpt2-xl,remedi,genie,developer_635,paraphrase_2,acc,pre,0.0
gpt2-xl,remedi,genie,developer_635,paraphrase_3,success,pre,0.0
gpt2-xl,remedi,genie,developer_635,paraphrase_3,diff,pre,-0.21593135886740997
gpt2-xl,remedi,genie,developer_635,paraphrase_3,acc,pre,0.0
gpt2-xl,remedi,genie,developer_635,hop_1,success,pre,1.0
gpt2-xl,remedi,genie,developer_635,hop_1,diff,pre,0.02003652241425219
gpt2-xl,remedi,genie,developer_635,hop_1,acc,pre,0.6666666666666666
gpt2-xl,remedi,genie,developer_635,abstract_1,success,pre,1.0
gpt2-xl,remedi,genie,developer_635,abstract_1,diff,pre,0.04310544019090315
gpt2-xl,remedi,genie,developer_635,abstract_1,acc,pre,0.5
gpt2-xl,remedi,genie,developer_635,abstract_3,hit,pre,0.0
gpt2-xl,remedi,genie,developer_635,efficacy,success,post,1.0
gpt2-xl,remedi,genie,developer_635,efficacy,diff,post,0.00828398976301472
gpt2-xl,remedi,genie,developer_635,efficacy,acc,post,0.5
gpt2-xl,remedi,genie,developer_635,paraphrase_1,success,post,0.0
gpt2-xl,remedi,genie,developer_635,paraphrase_1,diff,post,-0.5782430937465752
gpt2-xl,remedi,genie,developer_635,paraphrase_1,acc,post,0.5
gpt2-xl,remedi,genie,developer_635,paraphrase_2,success,post,0.0
gpt2-xl,remedi,genie,developer_635,paraphrase_2,diff,post,-0.12059030933440057
gpt2-xl,remedi,genie,developer_635,paraphrase_2,acc,post,0.5
gpt2-xl,remedi,genie,developer_635,paraphrase_3,success,post,0.0
gpt2-xl,remedi,genie,developer_635,paraphrase_3,diff,post,-0.28464743404697046
gpt2-xl,remedi,genie,developer_635,paraphrase_3,acc,post,0.5
gpt2-xl,remedi,genie,developer_635,hop_1,success,post,1.0
gpt2-xl,remedi,genie,developer_635,hop_1,diff,post,0.019586546292240437
gpt2-xl,remedi,genie,developer_635,hop_1,acc,post,0.6666666666666666
gpt2-xl,remedi,genie,developer_635,abstract_1,success,post,1.0
gpt2-xl,remedi,genie,developer_635,abstract_1,diff,post,0.04785209944374663
gpt2-xl,remedi,genie,developer_635,abstract_1,acc,post,0.5
gpt2-xl,remedi,genie,developer_635,abstract_3,hit,post,0.0
gpt2-xl,remedi,mquake,1,efficacy,success,pre,0.5
gpt2-xl,remedi,mquake,1,efficacy,diff,pre,0.07306973828161172
gpt2-xl,remedi,mquake,1,efficacy,acc,pre,0.35714285714285715
gpt2-xl,remedi,mquake,1,single_hop,success,pre,0.5
gpt2-xl,remedi,mquake,1,single_hop,diff,pre,0.07306973828161172
gpt2-xl,remedi,mquake,1,single_hop,acc,pre,0.35714285714285715
gpt2-xl,remedi,mquake,1,multihop,hit,pre,0.0
gpt2-xl,remedi,mquake,1,efficacy,success,post,0.5
gpt2-xl,remedi,mquake,1,efficacy,diff,post,0.06595952123558797
gpt2-xl,remedi,mquake,1,efficacy,acc,post,0.35714285714285715
gpt2-xl,remedi,mquake,1,single_hop,success,post,0.5
gpt2-xl,remedi,mquake,1,single_hop,diff,post,0.06595952123558797
gpt2-xl,remedi,mquake,1,single_hop,acc,post,0.35714285714285715
gpt2-xl,remedi,mquake,1,multihop,hit,post,0.0
gpt2-xl,remedi,mquake,2,efficacy,success,pre,0.0
gpt2-xl,remedi,mquake,2,efficacy,diff,pre,-0.12840998488189664
gpt2-xl,remedi,mquake,2,efficacy,acc,pre,0.0
gpt2-xl,remedi,mquake,2,single_hop,success,pre,0.5
gpt2-xl,remedi,mquake,2,single_hop,diff,pre,-0.06177679998938742
gpt2-xl,remedi,mquake,2,single_hop,acc,pre,0.0
gpt2-xl,remedi,mquake,2,multihop,hit,pre,0.0
gpt2-xl,remedi,mquake,2,efficacy,success,post,0.0
gpt2-xl,remedi,mquake,2,efficacy,diff,post,-0.25989037444538743
gpt2-xl,remedi,mquake,2,efficacy,acc,post,0.0
gpt2-xl,remedi,mquake,2,single_hop,success,post,0.5
gpt2-xl,remedi,mquake,2,single_hop,diff,post,-0.12751699477113282
gpt2-xl,remedi,mquake,2,single_hop,acc,post,0.0
gpt2-xl,remedi,mquake,2,multihop,hit,post,0.0
gpt2-xl,remedi,mquake,3,efficacy,success,pre,0.0
gpt2-xl,remedi,mquake,3,efficacy,diff,pre,-0.08145391641925212
gpt2-xl,remedi,mquake,3,efficacy,acc,pre,0.5
gpt2-xl,remedi,mquake,3,single_hop,success,pre,0.5
gpt2-xl,remedi,mquake,3,single_hop,diff,pre,-0.0405034361357399
gpt2-xl,remedi,mquake,3,single_hop,acc,pre,0.25
gpt2-xl,remedi,mquake,3,multihop,hit,pre,0.0
gpt2-xl,remedi,mquake,3,efficacy,success,post,0.0
gpt2-xl,remedi,mquake,3,efficacy,diff,post,-0.02180456065429265
gpt2-xl,remedi,mquake,3,efficacy,acc,post,0.5
gpt2-xl,remedi,mquake,3,single_hop,success,post,0.5
gpt2-xl,remedi,mquake,3,single_hop,diff,post,-0.01067875825326017
gpt2-xl,remedi,mquake,3,single_hop,acc,post,0.25
gpt2-xl,remedi,mquake,3,multihop,hit,post,0.0
gpt2-xl,remedi,mquake,4,efficacy,success,pre,0.0
gpt2-xl,remedi,mquake,4,efficacy,diff,pre,-0.0011610279311289953
gpt2-xl,remedi,mquake,4,efficacy,acc,pre,0.3333333333333333
gpt2-xl,remedi,mquake,4,single_hop,success,pre,0.0
gpt2-xl,remedi,mquake,4,single_hop,diff,pre,-0.000974658855342664
gpt2-xl,remedi,mquake,4,single_hop,acc,pre,0.16666666666666666
gpt2-xl,remedi,mquake,4,multihop,hit,pre,0.0
gpt2-xl,remedi,mquake,4,efficacy,success,post,0.0
gpt2-xl,remedi,mquake,4,efficacy,diff,post,-0.002570509693911342
gpt2-xl,remedi,mquake,4,efficacy,acc,post,0.3333333333333333
gpt2-xl,remedi,mquake,4,single_hop,success,post,0.0
gpt2-xl,remedi,mquake,4,single_hop,diff,post,-0.0016793997367338374
gpt2-xl,remedi,mquake,4,single_hop,acc,post,0.16666666666666666
gpt2-xl,remedi,mquake,4,multihop,hit,post,0.0
gpt2-xl,remedi,mquake,5,efficacy,success,pre,0.0
gpt2-xl,remedi,mquake,5,efficacy,diff,pre,-0.04395206602233042
gpt2-xl,remedi,mquake,5,efficacy,acc,pre,0.5
gpt2-xl,remedi,mquake,5,single_hop,success,pre,0.0
gpt2-xl,remedi,mquake,5,single_hop,diff,pre,-0.04395206602233042
gpt2-xl,remedi,mquake,5,single_hop,acc,pre,0.5
gpt2-xl,remedi,mquake,5,multihop,hit,pre,0.0
gpt2-xl,remedi,mquake,5,efficacy,success,post,0.0
gpt2-xl,remedi,mquake,5,efficacy,diff,post,-0.04161206088726157
gpt2-xl,remedi,mquake,5,efficacy,acc,post,0.5
gpt2-xl,remedi,mquake,5,single_hop,success,post,0.0
gpt2-xl,remedi,mquake,5,single_hop,diff,post,-0.04161206088726157
gpt2-xl,remedi,mquake,5,single_hop,acc,post,0.5
gpt2-xl,remedi,mquake,5,multihop,hit,post,0.0
gpt2-xl,remedi,ripple,ripple_popular_row0,efficacy,hit,pre,0.0
gpt2-xl,remedi,ripple,ripple_popular_row0,ripple_compositional_i,hit,pre,0.0
gpt2-xl,remedi,ripple,ripple_popular_row0,ripple_aliasing,hit,pre,0.0
gpt2-xl,remedi,ripple,ripple_popular_row0,ripple_relation_specificity,hit,pre,0.0
gpt2-xl,remedi,ripple,ripple_popular_row0,ripple_preservation,hit,pre,0.0
gpt2-xl,remedi,ripple,ripple_popular_row0,efficacy,hit,post,1.0
gpt2-xl,remedi,ripple,ripple_popular_row0,ripple_compositional_i,hit,post,0.0
gpt2-xl,remedi,ripple,ripple_popular_row0,ripple_aliasing,hit,post,0.0
gpt2-xl,remedi,ripple,ripple_popular_row0,ripple_relation_specificity,hit,post,0.2222222222222222
gpt2-xl,remedi,ripple,ripple_popular_row0,ripple_preservation,hit,post,0.0
gpt2-xl,remedi,ripple,ripple_popular_row2,efficacy,hit,pre,0.0
gpt2-xl,remedi,ripple,ripple_popular_row2,ripple_logical,hit,pre,0.0
gpt2-xl,remedi,ripple,ripple_popular_row2,ripple_compositional_i,hit,pre,0.0
gpt2-xl,remedi,ripple,ripple_popular_row2,ripple_aliasing,hit,pre,0.0
gpt2-xl,remedi,ripple,ripple_popular_row2,ripple_relation_specificity,hit,pre,0.0
gpt2-xl,remedi,ripple,ripple_popular_row2,ripple_preservation,hit,pre,0.0
gpt2-xl,remedi,ripple,ripple_popular_row2,efficacy,hit,post,0.0
gpt2-xl,remedi,ripple,ripple_popular_row2,ripple_logical,hit,post,0.0
gpt2-xl,remedi,ripple,ripple_popular_row2,ripple_compositional_i,hit,post,0.0
gpt2-xl,remedi,ripple,ripple_popular_row2,ripple_aliasing,hit,post,0.0
gpt2-xl,remedi,ripple,ripple_popular_row2,ripple_relation_specificity,hit,post,0.0
gpt2-xl,remedi,ripple,ripple_popular_row2,ripple_preservation,hit,post,0.0
gpt2-xl,remedi,ripple,ripple_popular_row4,efficacy,hit,pre,0.0
gpt2-xl,remedi,ripple,ripple_popular_row4,ripple_logical,hit,pre,0.0
gpt2-xl,remedi,ripple,ripple_popular_row4,ripple_aliasing,hit,pre,0.0
gpt2-xl,remedi,ripple,ripple_popular_row4,ripple_relation_specificity,hit,pre,0.16666666666666666
gpt2-xl,remedi,ripple,ripple_popular_row4,ripple_preservation,hit,pre,0.0
gpt2-xl,remedi,ripple,ripple_popular_row4,efficacy,hit,post,0.0
gpt2-xl,remedi,ripple,ripple_popular_row4,ripple_logical,hit,post,0.0
gpt2-xl,remedi,ripple,ripple_popular_row4,ripple_aliasing,hit,post,0.0
gpt2-xl,remedi,ripple,ripple_popular_row4,ripple_relation_specificity,hit,post,0.0
gpt2-xl,remedi,ripple,ripple_popular_row4,ripple_preservation,hit,post,0.0
gpt2-xl,remedi,ripple,ripple_random_row0,efficacy,hit,pre,0.0
gpt2-xl,remedi,ripple,ripple_random_row0,ripple_logical,hit,pre,0.0
gpt2-xl,remedi,ripple,ripple_random_row0,ripple_aliasing,hit,pre,0.0
gpt2-xl,remedi,ripple,ripple_random_row0,ripple_relation_specificity,hit,pre,0.0
gpt2-xl,remedi,ripple,ripple_random_row0,efficacy,hit,post,0.0
gpt2-xl,remedi,ripple,ripple_random_row0,ripple_logical,hit,post,0.0
gpt2-xl,remedi,ripple,ripple_random_row0,ripple_aliasing,hit,post,0.0
gpt2-xl,remedi,ripple,ripple_random_row0,ripple_relation_specificity,hit,post,0.0
gpt2-xl,remedi,ripple,ripple_random_row1,efficacy,hit,pre,0.0
gpt2-xl,remedi,ripple,ripple_random_row1,ripple_compositional_i,hit,pre,0.0
gpt2-xl,remedi,ripple,ripple_random_row1,ripple_aliasing,hit,pre,0.0
gpt2-xl,remedi,ripple,ripple_random_row1,ripple_relation_specificity,hit,pre,0.0
gpt2-xl,remedi,ripple,ripple_random_row1,efficacy,hit,post,0.0
gpt2-xl,remedi,ripple,ripple_random_row1,ripple_compositional_i,hit,post,0.0
gpt2-xl,remedi,ripple,ripple_random_row1,ripple_aliasing,hit,post,0.0
gpt2-xl,remedi,ripple,ripple_random_row1,ripple_relation_specificity,hit,post,0.0
gpt2-xl,remedi,ripple,ripple_random_row2,efficacy,hit,pre,0.0
gpt2-xl,remedi,ripple,ripple_random_row2,ripple_compositional_i,hit,pre,0.0
gpt2-xl,remedi,ripple,ripple_random_row2,ripple_aliasing,hit,pre,0.0
gpt2-xl,remedi,ripple,ripple_random_row2,efficacy,hit,post,0.0
gpt2-xl,remedi,ripple,ripple_random_row2,ripple_compositional_i,hit,post,0.0
gpt2-xl,remedi,ripple,ripple_random_row2,ripple_aliasing,hit,post,0.0
gpt2-xl,remedi,ripple,ripple_random_row3,efficacy,hit,pre,0.0
gpt2-xl,remedi,ripple,ripple_random_row3,ripple_aliasing,hit,pre,0.0
gpt2-xl,remedi,ripple,ripple_random_row3,ripple_relation_specificity,hit,pre,0.0
gpt2-xl,remedi,ripple,ripple_random_row3,ripple_preservation,hit,pre,0.0
gpt2-xl,remedi,ripple,ripple_random_row3,efficacy,hit,post,0.0
gpt2-xl,remedi,ripple,ripple_random_row3,ripple_aliasing,hit,post,0.0
gpt2-xl,remedi,ripple,ripple_random_row3,ripple_relation_specificity,hit,post,0.0
gpt2-xl,remedi,ripple,ripple_random_row3,ripple_preservation,hit,post,0.0
gpt2-xl,remedi,ripple,ripple_random_row4,efficacy,hit,pre,0.0
gpt2-xl,remedi,ripple,ripple_random_row4,ripple_aliasing,hit,pre,0.0
gpt2-xl,remedi,ripple,ripple_random_row4,ripple_relation_specificity,hit,pre,0.3333333333333333
gpt2-xl,remedi,ripple,ripple_random_row4,ripple_preservation,hit,pre,0.0
gpt2-xl,remedi,ripple,ripple_random_row4,efficacy,hit,post,0.0
gpt2-xl,remedi,ripple,ripple_random_row4,ripple_aliasing,hit,post,0.0
gpt2-xl,remedi,ripple,ripple_random_row4,ripple_relation_specificity,hit,post,0.6666666666666666
gpt2-xl,remedi,ripple,ripple_random_row4,ripple_preservation,hit,post,0.0
gpt2-xl,remedi,zsre,zsre_row0,efficacy,success,pre,0.0
gpt2-xl,remedi,zsre,zsre_row0,efficacy,diff,pre,-0.0005764174707755948
gpt2-xl,remedi,zsre,zsre_row0,efficacy,acc,pre,0.3333333333333333
gpt2-xl,remedi,zsre,zsre_row0,generalisation,success,pre,0.0
gpt2-xl,remedi,zsre,zsre_row0,generalisation,diff,pre,-0.002501691335092246
gpt2-xl,remedi,zsre,zsre_row0,generalisation,acc,pre,0.3333333333333333
gpt2-xl,remedi,zsre,zsre_row0,specificity,success,pre,1.0
gpt2-xl,remedi,zsre,zsre_row0,specificity,diff,pre,0.0002046845795470628
gpt2-xl,remedi,zsre,zsre_row0,specificity,acc,pre,0.3333333333333333
gpt2-xl,remedi,zsre,zsre_row0,efficacy,success,post,1.0
gpt2-xl,remedi,zsre,zsre_row0,efficacy,diff,post,0.08661687173045543
gpt2-xl,remedi,zsre,zsre_row0,efficacy,acc,post,0.6666666666666666
gpt2-xl,remedi,zsre,zsre_row0,generalisation,success,post,1.0
gpt2-xl,remedi,zsre,zsre_row0,generalisation,diff,post,0.062198230350539035
gpt2-xl,remedi,zsre,zsre_row0,generalisation,acc,post,0.6666666666666666
gpt2-xl,remedi,zsre,zsre_row0,specificity,success,post,1.0
gpt2-xl,remedi,zsre,zsre_row0,specificity,diff,post,0.0002046845795470628
gpt2-xl,remedi,zsre,zsre_row0,specificity,acc,post,0.3333333333333333
gpt2-xl,remedi,zsre,zsre_row1,efficacy,success,pre,0.0
gpt2-xl,remedi,zsre,zsre_row1,efficacy,diff,pre,-0.02953277586544776
gpt2-xl,remedi,zsre,zsre_row1,efficacy,acc,pre,0.5
gpt2-xl,remedi,zsre,zsre_row1,generalisation,success,pre,0.0
gpt2-xl,remedi,zsre,zsre_row1,generalisation,diff,pre,-0.01901215584201373
gpt2-xl,remedi,zsre,zsre_row1,generalisation,acc,pre,0.0
gpt2-xl,remedi,zsre,zsre_row1,specificity,success,pre,0.0
gpt2-xl,remedi,zsre,zsre_row1,specificity,diff,pre,-0.005373715503999106
gpt2-xl,remedi,zsre,zsre_row1,specificity,acc,pre,0.5
gpt2-xl,remedi,zsre,zsre_row1,efficacy,success,post,0.0
gpt2-xl,remedi,zsre,zsre_row1,efficacy,diff,post,-0.02195079828323653
gpt2-xl,remedi,zsre,zsre_row1,efficacy,acc,post,0.5
gpt2-xl,remedi,zsre,zsre_row1,generalisation,success,post,0.0
gpt2-xl,remedi,zsre,zsre_row1,generalisation,diff,post,-0.014273303030104677
gpt2-xl,remedi,zsre,zsre_row1,generalisation,acc,post,0.25
gpt2-xl,remedi,zsre,zsre_row1,specificity,success,post,0.0
gpt2-xl,remedi,zsre,zsre_row1,specificity,diff,post,-0.005373715503999106
gpt2-xl,remedi,zsre,zsre_row1,specificity,acc,post,0.5
gpt2-xl,remedi,zsre,zsre_row2,efficacy,success,pre,0.0
gpt2-xl,remedi,zsre,zsre_row2,efficacy,diff,pre,-2.442762706981668e-07
gpt2-xl,remedi,zsre,zsre_row2,efficacy,acc,pre,0.0
gpt2-xl,remedi,zsre,zsre_row2,generalisation,success,pre,0.0
gpt2-xl,remedi,zsre,zsre_row2,generalisation,diff,pre,-3.203728883827346e-07
gpt2-xl,remedi,zsre,zsre_row2,generalisation,acc,pre,0.0
gpt2-xl,remedi,zsre,zsre_row2,specificity,success,pre,0.0
gpt2-xl,remedi,zsre,zsre_row2,specificity,diff,pre,-0.004939125528424883
gpt2-xl,remedi,zsre,zsre_row2,specificity,acc,pre,0.6666666666666666
gpt2-xl,remedi,zsre,zsre_row2,efficacy,success,post,0.0
gpt2-xl,remedi,zsre,zsre_row2,efficacy,diff,post,-4.176630315588775e-08
gpt2-xl,remedi,zsre,zsre_row2,efficacy,acc,post,0.0
gpt2-xl,remedi,zsre,zsre_row2,generalisation,success,post,0.0
gpt2-xl,remedi,zsre,zsre_row2,generalisation,diff,post,-1.8501385817222065e-07
gpt2-xl,remedi,zsre,zsre_row2,generalisation,acc,post,0.0
gpt2-xl,remedi,zsre,zsre_row2,specificity,success,post,0.0
gpt2-xl,remedi,zsre,zsre_row2,specificity,diff,post,-0.004939125528424883
gpt2-xl,remedi,zsre,zsre_row2,specificity,acc,post,0.6666666666666666
gpt2-xl,remedi,zsre,zsre_row3,efficacy,success,pre,1.0
gpt2-xl,remedi,zsre,zsre_row3,efficacy,diff,pre,0.015183308242543096
gpt2-xl,remedi,zsre,zsre_row3,efficacy,acc,pre,0.5
gpt2-xl,remedi,zsre,zsre_row3,generalisation,success,pre,1.0
gpt2-xl,remedi,zsre,zsre_row3,generalisation,diff,pre,0.027180286197004022
gpt2-xl,remedi,zsre,zsre_row3,generalisation,acc,pre,0.5
gpt2-xl,remedi,zsre,zsre_row3,specificity,success,pre,1.0
gpt2-xl,remedi,zsre,zsre_row3,specificity,diff,pre,0.009606811368003695
gpt2-xl,remedi,zsre,zsre_row3,specificity,acc,pre,0.0
gpt2-xl,remedi,zsre,zsre_row3,efficacy,success,post,1.0
gpt2-xl,remedi,zsre,zsre_row3,efficacy,diff,post,0.0012773099416260245
gpt2-xl,remedi,zsre,zsre_row3,efficacy,acc,post,0.5
gpt2-xl,remedi,zsre,zsre_row3,generalisation,success,post,1.0
gpt2-xl,remedi,zsre,zsre_row3,generalisation,diff,post,0.016362311313854988
gpt2-xl,remedi,zsre,zsre_row3,generalisation,acc,post,0.5
gpt2-xl,remedi,zsre,zsre_row3,specificity,success,post,1.0
gpt2-xl,remedi,zsre,zsre_row3,specificity,diff,post,0.009606811368003695
gpt2-xl,remedi,zsre,zsre_row3,specificity,acc,post,0.0
gpt2-xl,remedi,zsre,zsre_row4,efficacy,success,pre,0.0
gpt2-xl,remedi,zsre,zsre_row4,efficacy,diff,pre,-0.03172412325269371
gpt2-xl,remedi,zsre,zsre_row4,efficacy,acc,pre,0.3333333333333333
gpt2-xl,remedi,zsre,zsre_row4,generalisation,success,pre,0.0
gpt2-xl,remedi,zsre,zsre_row4,generalisation,diff,pre,-0.04598370745814568
gpt2-xl,remedi,zsre,zsre_row4,generalisation,acc,pre,0.3333333333333333
gpt2-xl,remedi,zsre,zsre_row4,specificity,success,pre,0.0
gpt2-xl,remedi,zsre,zsre_row4,specificity,diff,pre,-0.0012575156320287658
gpt2-xl,remedi,zsre,zsre_row4,specificity,acc,pre,0.3333333333333333
gpt2-xl,remedi,zsre,zsre_row4,efficacy,success,post,0.0
gpt2-xl,remedi,zsre,zsre_row4,efficacy,diff,post,-0.038472196078812554
gpt2-xl,remedi,zsre,zsre_row4,efficacy,acc,post,0.3333333333333333
gpt2-xl,remedi,zsre,zsre_row4,generalisation,success,post,0.0
gpt2-xl,remedi,zsre,zsre_row4,generalisation,diff,post,-0.04917735182518429
gpt2-xl,remedi,zsre,zsre_row4,generalisation,acc,post,0.3333333333333333
gpt2-xl,remedi,zsre,zsre_row4,specificity,success,post,0.0
gpt2-xl,remedi,zsre,zsre_row4,specificity,diff,post,-0.0012575156320287658
gpt2-xl,remedi,zsre,zsre_row4,specificity,acc,post,0.3333333333333333
gpt2-xl,rome,counterfact,0,efficacy,success,pre,0.0
gpt2-xl,rome,counterfact,0,efficacy,diff,pre,-0.37617651698075644
gpt2-xl,rome,counterfact,0,efficacy,acc,pre,0.0
gpt2-xl,rome,counterfact,0,generalisation,success,pre,1.0
gpt2-xl,rome,counterfact,0,generalisation,diff,pre,0.0005171306729141865
gpt2-xl,rome,counterfact,0,generalisation,acc,pre,0.0
gpt2-xl,rome,counterfact,0,specificity,success,pre,0.0
gpt2-xl,rome,counterfact,0,specificity,diff,pre,-0.3224642760423937
gpt2-xl,rome,counterfact,0,specificity,acc,pre,0.7
gpt2-xl,rome,counterfact,0,target_close_neighbour,success,pre,1.0
gpt2-xl,rome,counterfact,0,target_close_neighbour,diff,pre,0.07185565722335695
gpt2-xl,rome,counterfact,0,target_close_neighbour,acc,pre,0.4
gpt2-xl,rome,counterfact,0,efficacy,success,post,1.0
gpt2-xl,rome,counterfact,0,efficacy,diff,post,0.9963279256953104
gpt2-xl,rome,counterfact,0,efficacy,acc,post,1.0
gpt2-xl,rome,counterfact,0,generalisation,success,post,1.0
gpt2-xl,rome,counterfact,0,generalisation,diff,post,0.00610061564980654
gpt2-xl,rome,counterfact,0,generalisation,acc,post,0.0
gpt2-xl,rome,counterfact,0,specificity,success,post,0.0
gpt2-xl,rome,counterfact,0,specificity,diff,post,-0.3282468780121933
gpt2-xl,rome,counterfact,0,specificity,acc,post,0.7
gpt2-xl,rome,counterfact,0,target_close_neighbour,success,post,1.0
gpt2-xl,rome,counterfact,0,target_close_neighbour,diff,post,0.0730234725388104
gpt2-xl,rome,counterfact,0,target_close_neighbour,acc,post,0.4
gpt2-xl,rome,counterfact,1,efficacy,success,pre,0.0
gpt2-xl,rome,counterfact,1,efficacy,diff,pre,-0.10433664415338888
gpt2-xl,rome,counterfact,1,efficacy,acc,pre,0.0
gpt2-xl,rome,counterfact,1,generalisation,success,pre,0.0
gpt2-xl,rome,counterfact,1,generalisation,diff,pre,-0.0010584796715423853
gpt2-xl,rome,counterfact,1,generalisation,acc,pre,0.0
gpt2-xl,rome,counterfact,1,specificity,success,pre,0.7
gpt2-xl,rome,counterfact,1,specificity,diff,pre,0.025185032982237548
gpt2-xl,rome,counterfact,1,specificity,acc,pre,0.1
gpt2-xl,rome,counterfact,1,target_close_neighbour,success,pre,1.0
gpt2-xl,rome,counterfact,1,target_close_neighbour,diff,pre,0.11009343599061741
gpt2-xl,rome,counterfact,1,target_close_neighbour,acc,pre,0.3
gpt2-xl,rome,counterfact,1,efficacy,success,post,1.0
gpt2-xl,rome,counterfact,1,efficacy,diff,post,0.9882576588247247
gpt2-xl,rome,counterfact,1,efficacy,acc,post,1.0
gpt2-xl,rome,counterfact,1,generalisation,success,post,1.0
gpt2-xl,rome,counterfact,1,generalisation,diff,post,0.0489991321514095
gpt2-xl,rome,counterfact,1,generalisation,acc,post,0.0
gpt2-xl,rome,counterfact,1,specificity,success,post,0.7
gpt2-xl,rome,counterfact,1,specificity,diff,post,0.03460098435318363
gpt2-xl,rome,counterfact,1,specificity,acc,post,0.1
gpt2-xl,rome,counterfact,1,target_close_neighbour,success,post,1.0
gpt2-xl,rome,counterfact,1,target_close_neighbour,diff,post,0.11198080115113347
gpt2-xl,rome,counterfact,1,target_close_neighbour,acc,post,0.2
gpt2-xl,rome,counterfact,2,efficacy,success,pre,1.0
gpt2-xl,rome,counterfact,2,efficacy,diff,pre,2.8234194909068148e-05
gpt2-xl,rome,counterfact,2,efficacy,acc,pre,0.0
gpt2-xl,rome,counterfact,2,generalisation,success,pre,0.5
gpt2-xl,rome,counterfact,2,generalisation,diff,pre,0.013870785335809153
gpt2-xl,rome,counterfact,2,generalisation,acc,pre,0.0
gpt2-xl,rome,counterfact,2,specificity,success,pre,0.6
gpt2-xl,rome,counterfact,2,specificity,diff,pre,-0.0022553692823553133
gpt2-xl,rome,counterfact,2,specificity,acc,pre,0.0
gpt2-xl,rome,counterfact,2,target_close_neighbour,success,pre,0.7
gpt2-xl,rome,counterfact,2,target_close_neighbour,diff,pre,0.006844458774199277
gpt2-xl,rome,counterfact,2,target_close_neighbour,acc,pre,0.0
gpt2-xl,rome,counterfact,2,efficacy,success,post,1.0
gpt2-xl,rome,counterfact,2,efficacy,diff,post,0.9886938789788459
gpt2-xl,rome,counterfact,2,efficacy,acc,post,1.0
gpt2-xl,rome,counterfact,2,generalisation,success,post,1.0
gpt2-xl,rome,counterfact,2,generalisation,diff,post,0.4891696291553356
gpt2-xl,rome,counterfact,2,generalisation,acc,post,0.5
gpt2-xl,rome,counterfact,2,specificity,success,post,0.6
gpt2-xl,rome,counterfact,2,specificity,diff,post,-0.002024197905930802
gpt2-xl,rome,counterfact,2,specificity,acc,post,0.0
gpt2-xl,rome,counterfact,2,target_close_neighbour,success,post,0.7
gpt2-xl,rome,counterfact,2,target_close_neighbour,diff,post,0.00759509538407224
gpt2-xl,rome,counterfact,2,target_close_neighbour,acc,post,0.0
gpt2-xl,rome,counterfact,3,efficacy,success,pre,0.0
gpt2-xl,rome,counterfact,3,efficacy,diff,pre,-0.08874552929428017
gpt2-xl,rome,counterfact,3,efficacy,acc,pre,0.0
gpt2-xl,rome,counterfact,3,generalisation,success,pre,0.0
gpt2-xl,rome,counterfact,3,generalisation,diff,pre,-0.10788922980313234
gpt2-xl,rome,counterfact,3,generalisation,acc,pre,0.0
gpt2-xl,rome,counterfact,3,specificity,success,pre,0.0
gpt2-xl,rome,counterfact,3,specificity,diff,pre,-0.01927880385219243
gpt2-xl,rome,counterfact,3,specificity,acc,pre,0.0
gpt2-xl,rome,counterfact,3,target_close_neighbour,success,pre,1.0
gpt2-xl,rome,counterfact,3,target_close_neighbour,diff,pre,0.09144004526728411
gpt2-xl,rome,counterfact,3,target_close_neighbour,acc,pre,0.1
gpt2-xl,rome,counterfact,3,efficacy,success,post,1.0
gpt2-xl,rome,counterfact,3,efficacy,diff,post,0.968714691654112
gpt2-xl,rome,counterfact,3,efficacy,acc,post,1.0
gpt2-xl,rome,counterfact,3,generalisation,success,post,1.0
gpt2-xl,rome,counterfact,3,generalisation,diff,post,0.9588161309393488
gpt2-xl,rome,counterfact,3,generalisation,acc,post,1.0
gpt2-xl,rome,counterfact,3,specificity,success,post,0.0
gpt2-xl,rome,counterfact,3,specificity,diff,post,-0.021653964035004615
gpt2-xl,rome,counterfact,3,specificity,acc,post,0.0
gpt2-xl,rome,counterfact,3,target_close_neighbour,success,post,1.0
gpt2-xl,rome,counterfact,3,target_close_neighbour,diff,post,0.11425230053362216
gpt2-xl,rome,counterfact,3,target_close_neighbour,acc,post,0.2
gpt2-xl,rome,counterfact,4,efficacy,success,pre,0.0
gpt2-xl,rome,counterfact,4,efficacy,diff,pre,-2.046038752108024e-06
gpt2-xl,rome,counterfact,4,efficacy,acc,pre,0.0
gpt2-xl,rome,counterfact,4,generalisation,success,pre,0.0
gpt2-xl,rome,counterfact,4,generalisation,diff,pre,-5.229205851170455e-06
gpt2-xl,rome,counterfact,4,generalisation,acc,pre,0.0
gpt2-xl,rome,counterfact,4,specificity,success,pre,0.4
gpt2-xl,rome,counterfact,4,specificity,diff,pre,-8.363290483892825e-05
gpt2-xl,rome,counterfact,4,specificity,acc,pre,0.0
gpt2-xl,rome,counterfact,4,target_close_neighbour,success,pre,1.0
gpt2-xl,rome,counterfact,4,target_close_neighbour,diff,pre,0.0013901259861620226
gpt2-xl,rome,counterfact,4,target_close_neighbour,acc,pre,0.0
gpt2-xl,rome,counterfact,4,efficacy,success,post,1.0
gpt2-xl,rome,counterfact,4,efficacy,diff,post,0.9940659124356448
gpt2-xl,rome,counterfact,4,efficacy,acc,post,1.0
gpt2-xl,rome,counterfact,4,generalisation,success,post,0.5
gpt2-xl,rome,counterfact,4,generalisation,diff,post,0.011381420134710649
gpt2-xl,rome,counterfact,4,generalisation,acc,post,0.0
gpt2-xl,rome,counterfact,4,specificity,success,post,0.4
gpt2-xl,rome,counterfact,4,specificity,diff,post,-9.924323865933464e-05
gpt2-xl,rome,counterfact,4,specificity,acc,post,0.0
gpt2-xl,rome,counterfact,4,target_close_neighbour,success,post,1.0
gpt2-xl,rome,counterfact,4,target_close_neighbour,diff,post,0.0019909238700341596
gpt2-xl,rome,counterfact,4,target_close_neighbour,acc,post,0.0
gpt2-xl,rome,genie,genre_140,efficacy,success,pre,1.0
gpt2-xl,rome,genie,genre_140,efficacy,diff,pre,0.0008869611175538481
gpt2-xl,rome,genie,genre_140,efficacy,acc,pre,0.0
gpt2-xl,rome,genie,genre_140,paraphrase_1,success,pre,0.0
gpt2-xl,rome,genie,genre_140,paraphrase_1,diff,pre,-0.002583061588050793
gpt2-xl,rome,genie,genre_140,paraphrase_1,acc,pre,0.5
gpt2-xl,rome,genie,genre_140,paraphrase_2,success,pre,1.0
gpt2-xl,rome,genie,genre_140,paraphrase_2,diff,pre,0.005611773118867478
gpt2-xl,rome,genie,genre_140,paraphrase_2,acc,pre,0.0
gpt2-xl,rome,genie,genre_140,paraphrase_3,success,pre,1.0
gpt2-xl,rome,genie,genre_140,paraphrase_3,diff,pre,0.00874093146027626
gpt2-xl,rome,genie,genre_140,paraphrase_3,acc,pre,0.5
gpt2-xl,rome,genie,genre_140,abstract_1,success,pre,1.0
gpt2-xl,rome,genie,genre_140,abstract_1,diff,pre,0.4419788566406618
gpt2-xl,rome,genie,genre_140,abstract_1,acc,pre,0.875
gpt2-xl,rome,genie,genre_140,abstract_3,hit,pre,0.0
gpt2-xl,rome,genie,genre_140,efficacy,success,post,1.0
gpt2-xl,rome,genie,genre_140,efficacy,diff,post,0.0003145351340274135
gpt2-xl,rome,genie,genre_140,efficacy,acc,post,0.5
gpt2-xl,rome,genie,genre_140,paraphrase_1,success,post,1.0
gpt2-xl,rome,genie,genre_140,paraphrase_1,diff,post,0.024031022272158493
gpt2-xl,rome,genie,genre_140,paraphrase_1,acc,post,0.5
gpt2-xl,rome,genie,genre_140,paraphrase_2,success,post,1.0
gpt2-xl,rome,genie,genre_140,paraphrase_2,diff,post,0.0018931138841190825
gpt2-xl,rome,genie,genre_140,paraphrase_2,acc,post,0.0
gpt2-xl,rome,genie,genre_140,paraphrase_3,success,post,1.0
gpt2-xl,rome,genie,genre_140,paraphrase_3,diff,post,0.004850434686108745
gpt2-xl,rome,genie,genre_140,paraphrase_3,acc,post,0.0
gpt2-xl,rome,genie,genre_140,abstract_1,success,post,1.0
gpt2-xl,rome,genie,genre_140,abstract_1,diff,post,0.3670192040558119
gpt2-xl,rome,genie,genre_140,abstract_1,acc,post,0.875
gpt2-xl,rome,genie,genre_140,abstract_3,hit,post,0.0
gpt2-xl,rome,genie,production_company_307,efficacy,success,pre,1.0
gpt2-xl,rome,genie,production_company_307,efficacy,diff,pre,0.0019034815891978765
gpt2-xl,rome,genie,production_company_307,efficacy,acc,pre,0.5
gpt2-xl,rome,genie,production_company_307,paraphrase_1,success,pre,0.0
gpt2-xl,rome,genie,production_company_307,paraphrase_1,diff,pre,-0.019457546862193136
gpt2-xl,rome,genie,production_company_307,paraphrase_1,acc,pre,0.5
gpt2-xl,rome,genie,production_company_307,paraphrase_2,success,pre,1.0
gpt2-xl,rome,genie,production_company_307,paraphrase_2,diff,pre,0.00262880880547197
gpt2-xl,rome,genie,production_company_307,paraphrase_2,acc,pre,0.5
gpt2-xl,rome,genie,production_company_307,paraphrase_3,success,pre,0.0
gpt2-xl,rome,genie,production_company_307,paraphrase_3,diff,pre,-2.205438500036544e-05
gpt2-xl,rome,genie,production_company_307,paraphrase_3,acc,pre,0.5
gpt2-xl,rome,genie,production_company_307,abstract_2,hit,pre,0.0
gpt2-xl,rome,genie,production_company_307,abstract_3,hit,pre,0.0
gpt2-xl,rome,genie,production_company_307,efficacy,success,post,1.0
gpt2-xl,rome,genie,production_company_307,efficacy,diff,post,0.8204602943326766
gpt2-xl,rome,genie,production_company_307,efficacy,acc,post,1.0
gpt2-xl,rome,genie,production_company_307,paraphrase_1,success,post,1.0
gpt2-xl,rome,genie,production_company_307,paraphrase_1,diff,post,0.8583120672582105
gpt2-xl,rome,genie,production_company_307,paraphrase_1,acc,post,1.0
gpt2-xl,rome,genie,production_company_307,paraphrase_2,success,post,1.0
gpt2-xl,rome,genie,production_company_307,paraphrase_2,diff,post,0.7633702347173851
gpt2-xl,rome,genie,production_company_307,paraphrase_2,acc,post,1.0
gpt2-xl,rome,genie,production_company_307,paraphrase_3,success,post,1.0
gpt2-xl,rome,genie,production_company_307,paraphrase_3,diff,post,0.8544464196334697
gpt2-xl,rome,genie,production_company_307,paraphrase_3,acc,post,1.0
gpt2-xl,rome,genie,production_company_307,abstract_2,hit,post,1.0
gpt2-xl,rome,genie,production_company_307,abstract_3,hit,post,0.0
gpt2-xl,rome,genie,screenwriter_548,efficacy,success,pre,1.0
gpt2-xl,rome,genie,screenwriter_548,efficacy,diff,pre,0.09758109056603412
gpt2-xl,rome,genie,screenwriter_548,efficacy,acc,pre,0.8
gpt2-xl,rome,genie,screenwriter_548,paraphrase_1,success,pre,1.0
gpt2-xl,rome,genie,screenwriter_548,paraphrase_1,diff,pre,0.17352857149907774
gpt2-xl,rome,genie,screenwriter_548,paraphrase_1,acc,pre,0.8
gpt2-xl,rome,genie,screenwriter_548,paraphrase_2,success,pre,1.0
gpt2-xl,rome,genie,screenwriter_548,paraphrase_2,diff,pre,0.10840090627139014
gpt2-xl,rome,genie,screenwriter_548,paraphrase_2,acc,pre,0.8
gpt2-xl,rome,genie,screenwriter_548,paraphrase_3,success,pre,1.0
gpt2-xl,rome,genie,screenwriter_548,paraphrase_3,diff,pre,0.10632744766863479
gpt2-xl,rome,genie,screenwriter_548,paraphrase_3,acc,pre,0.8
gpt2-xl,rome,genie,screenwriter_548,hop_1,success,pre,1.0
gpt2-xl,rome,genie,screenwriter_548,hop_1,diff,pre,0.0065618608174673795
gpt2-xl,rome,genie,screenwriter_548,hop_1,acc,pre,0.6666666666666666
gpt2-xl,rome,genie,screenwriter_548,abstract_2,hit,pre,0.0
gpt2-xl,rome,genie,screenwriter_548,abstract_3,hit,pre,0.0
gpt2-xl,rome,genie,screenwriter_548,efficacy,success,post,1.0
gpt2-xl,rome,genie,screenwriter_548,efficacy,diff,post,0.7783671843936469
gpt2-xl,rome,genie,screenwriter_548,efficacy,acc,post,0.8
gpt2-xl,rome,genie,screenwriter_548,paraphrase_1,success,post,1.0
gpt2-xl,rome,genie,screenwriter_548,paraphrase_1,diff,post,0.7947263216359971
gpt2-xl,rome,genie,screenwriter_548,paraphrase_1,acc,post,1.0
gpt2-xl,rome,genie,screenwriter_548,paraphrase_2,success,post,1.0
gpt2-xl,rome,genie,screenwriter_548,paraphrase_2,diff,post,0.7545111106011655
gpt2-xl,rome,genie,screenwriter_548,paraphrase_2,acc,post,0.8
gpt2-xl,rome,genie,screenwriter_548,paraphrase_3,success,post,1.0
gpt2-xl,rome,genie,screenwriter_548,paraphrase_3,diff,post,0.7092177791021884
gpt2-xl,rome,genie,screenwriter_548,paraphrase_3,acc,post,1.0
gpt2-xl,rome,genie,screenwriter_548,hop_1,success,post,1.0
gpt2-xl,rome,genie,screenwriter_548,hop_1,diff,post,0.005999453665567253
gpt2-xl,rome,genie,screenwriter_548,hop_1,acc,post,0.3333333333333333
gpt2-xl,rome,genie,screenwriter_548,abstract_2,hit,post,0.0
gpt2-xl,rome,genie,screenwriter_548,abstract_3,hit,post,0.0
gpt2-xl,rome,genie,director_596,efficacy,success,pre,0.0
gpt2-xl,rome,genie,director_596,efficacy,diff,pre,-0.2505051343190578
gpt2-xl,rome,genie,director_596,efficacy,acc,pre,0.5
gpt2-xl,rome,genie,director_596,paraphrase_1,success,pre,0.0
gpt2-xl,rome,genie,director_596,paraphrase_1,diff,pre,-0.23925892534975643
gpt2-xl,rome,genie,director_596,paraphrase_1,acc,pre,0.5
gpt2-xl,rome,genie,director_596,paraphrase_2,success,pre,0.0
gpt2-xl,rome,genie,director_596,paraphrase_2,diff,pre,-0.3467795671348278
gpt2-xl,rome,genie,director_596,paraphrase_2,acc,pre,0.5
gpt2-xl,rome,genie,director_596,paraphrase_3,success,pre,0.0
gpt2-xl,rome,genie,director_596,paraphrase_3,diff,pre,-0.2723545622360445
gpt2-xl,rome,genie,director_596,paraphrase_3,acc,pre,0.5
gpt2-xl,rome,genie,director_596,hop_1,success,pre,0.0
gpt2-xl,rome,genie,director_596,hop_1,diff,pre,-0.03350907117631415
gpt2-xl,rome,genie,director_596,hop_1,acc,pre,0.0
gpt2-xl,rome,genie,director_596,abstract_3,hit,pre,0.0
gpt2-xl,rome,genie,director_596,efficacy,success,post,1.0
gpt2-xl,rome,genie,director_596,efficacy,diff,post,0.05174130975416588
gpt2-xl,rome,genie,director_596,efficacy,acc,post,0.5
gpt2-xl,rome,genie,director_596,paraphrase_1,success,post,1.0
gpt2-xl,rome,genie,director_596,paraphrase_1,diff,post,0.19979974822306198
gpt2-xl,rome,genie,director_596,paraphrase_1,acc,post,1.0
gpt2-xl,rome,genie,director_596,paraphrase_2,success,post,1.0
gpt2-xl,rome,genie,director_596,paraphrase_2,diff,post,0.11189543471293671
gpt2-xl,rome,genie,director_596,paraphrase_2,acc,post,0.5
gpt2-xl,rome,genie,director_596,paraphrase_3,success,post,1.0
gpt2-xl,rome,genie,director_596,paraphrase_3,diff,post,0.041760327590769676
gpt2-xl,rome,genie,director_596,paraphrase_3,acc,post,0.5
gpt2-xl,rome,genie,director_596,hop_1,success,post,0.0
gpt2-xl,rome,genie,director_596,hop_1,diff,post,-0.006940138031852928
gpt2-xl,rome,genie,director_596,hop_1,acc,post,0.0
gpt2-xl,rome,genie,director_596,abstract_3,hit,post,0.0
gpt2-xl,rome,genie,developer_635,efficacy,success,pre,1.0
gpt2-xl,rome,genie,developer_635,efficacy,diff,pre,0.0024236455235303904
gpt2-xl,rome,genie,developer_635,efficacy,acc,pre,0.0
gpt2-xl,rome,genie,developer_635,paraphrase_1,success,pre,0.0
gpt2-xl,rome,genie,developer_635,paraphrase_1,diff,pre,-0.3506061485596631
gpt2-xl,rome,genie,developer_635,paraphrase_1,acc,pre,0.0
gpt2-xl,rome,genie,developer_635,paraphrase_2,success,pre,0.0
gpt2-xl,rome,genie,developer_635,paraphrase_2,diff,pre,-0.046381514750475354
gpt2-xl,rome,genie,developer_635,paraphrase_2,acc,pre,0.0
gpt2-xl,rome,genie,developer_635,paraphrase_3,success,pre,0.0
gpt2-xl,rome,genie,developer_635,paraphrase_3,diff,pre,-0.21593135886740997
gpt2-xl,rome,genie,developer_635,paraphrase_3,acc,pre,0.0
gpt2-xl,rome,genie,developer_635,hop_1,success,pre,1.0
gpt2-xl,rome,genie,developer_635,hop_1,diff,pre,0.02003652241425219
gpt2-xl,rome,genie,developer_635,hop_1,acc,pre,0.6666666666666666
gpt2-xl,rome,genie,developer_635,abstract_1,success,pre,1.0
gpt2-xl,rome,genie,developer_635,abstract_1,diff,pre,0.04310544019090315
gpt2-xl,rome,genie,developer_635,abstract_1,acc,pre,0.5
gpt2-xl,rome,genie,developer_635,abstract_3,hit,pre,0.0
gpt2-xl,rome,genie,developer_635,efficacy,success,post,1.0
gpt2-xl,rome,genie,developer_635,efficacy,diff,post,0.6769548304990505
gpt2-xl,rome,genie,developer_635,efficacy,acc,post,1.0
gpt2-xl,rome,genie,developer_635,paraphrase_1,success,post,1.0
gpt2-xl,rome,genie,developer_635,paraphrase_1,diff,post,0.46060935176101087
gpt2-xl,rome,genie,developer_635,paraphrase_1,acc,post,1.0
gpt2-xl,rome,genie,developer_635,paraphrase_2,success,post,1.0
gpt2-xl,rome,genie,developer_635,paraphrase_2,diff,post,0.5306897409526753
gpt2-xl,rome,genie,developer_635,paraphrase_2,acc,post,1.0
gpt2-xl,rome,genie,developer_635,paraphrase_3,success,post,1.0
gpt2-xl,rome,genie,developer_635,paraphrase_3,diff,post,0.31219587715967345
gpt2-xl,rome,genie,developer_635,paraphrase_3,acc,post,1.0
gpt2-xl,rome,genie,developer_635,hop_1,success,post,1.0
gpt2-xl,rome,genie,developer_635,hop_1,diff,post,0.01820748895517425
gpt2-xl,rome,genie,developer_635,hop_1,acc,post,0.3333333333333333
gpt2-xl,rome,genie,developer_635,abstract_1,success,post,1.0
gpt2-xl,rome,genie,developer_635,abstract_1,diff,post,0.0207570834935012
gpt2-xl,rome,genie,developer_635,abstract_1,acc,post,0.5
gpt2-xl,rome,genie,developer_635,abstract_3,hit,post,0.0
gpt2-xl,rome,mquake,1,efficacy,success,pre,0.5
gpt2-xl,rome,mquake,1,efficacy,diff,pre,0.07306973828161172
gpt2-xl,rome,mquake,1,efficacy,acc,pre,0.35714285714285715
gpt2-xl,rome,mquake,1,single_hop,success,pre,0.5
gpt2-xl,rome,mquake,1,single_hop,diff,pre,0.07306973828161172
gpt2-xl,rome,mquake,1,single_hop,acc,pre,0.35714285714285715
gpt2-xl,rome,mquake,1,multihop,hit,pre,0.0
gpt2-xl,rome,mquake,1,efficacy,success,post,1.0
gpt2-xl,rome,mquake,1,efficacy,diff,post,0.3968161069460171
gpt2-xl,rome,mquake,1,efficacy,acc,post,0.6785714285714286
gpt2-xl,rome,mquake,1,single_hop,success,post,1.0
gpt2-xl,rome,mquake,1,single_hop,diff,post,0.3968161069460171
gpt2-xl,rome,mquake,1,single_hop,acc,post,0.6785714285714286
gpt2-xl,rome,mquake,1,multihop,hit,post,0.0
gpt2-xl,rome,mquake,2,efficacy,success,pre,0.0
gpt2-xl,rome,mquake,2,efficacy,diff,pre,-0.12840998488189664
gpt2-xl,rome,mquake,2,efficacy,acc,pre,0.0
gpt2-xl,rome,mquake,2,single_hop,success,pre,0.5
gpt2-xl,rome,mquake,2,single_hop,diff,pre,-0.06177679998938742
gpt2-xl,rome,mquake,2,single_hop,acc,pre,0.0
gpt2-xl,rome,mquake,2,multihop,hit,pre,0.0
gpt2-xl,rome,mquake,2,efficacy,success,post,0.0
gpt2-xl,rome,mquake,2,efficacy,diff,post,-0.08616244925789177
gpt2-xl,rome,mquake,2,efficacy,acc,post,0.3333333333333333
gpt2-xl,rome,mquake,2,single_hop,success,post,0.5
gpt2-xl,rome,mquake,2,single_hop,diff,post,-0.04103852239076893
gpt2-xl,rome,mquake,2,single_hop,acc,post,0.16666666666666666
gpt2-xl,rome,mquake,2,multihop,hit,post,0.0
gpt2-xl,rome,mquake,3,efficacy,success,pre,0.0
gpt2-xl,rome,mquake,3,efficacy,diff,pre,-0.08145391641925212
gpt2-xl,rome,mquake,3,efficacy,acc,pre,0.5
gpt2-xl,rome,mquake,3,single_hop,success,pre,0.5
gpt2-xl,rome,mquake,3,single_hop,diff,pre,-0.0405034361357399
gpt2-xl,rome,mquake,3,single_hop,acc,pre,0.25
gpt2-xl,rome,mquake,3,multihop,hit,pre,0.0
gpt2-xl,rome,mquake,3,efficacy,success,post,1.0
gpt2-xl,rome,mquake,3,efficacy,diff,post,0.3589296878709729
gpt2-xl,rome,mquake,3,efficacy,acc,post,1.0
gpt2-xl,rome,mquake,3,single_hop,success,post,1.0
gpt2-xl,rome,mquake,3,single_hop,diff,post,0.1796086672292333
gpt2-xl,rome,mquake,3,single_hop,acc,post,0.5
gpt2-xl,rome,mquake,3,multihop,hit,post,0.0
gpt2-xl,rome,mquake,4,efficacy,success,pre,0.0
gpt2-xl,rome,mquake,4,efficacy,diff,pre,-0.0011610279311289953
gpt2-xl,rome,mquake,4,efficacy,acc,pre,0.3333333333333333
gpt2-xl,rome,mquake,4,single_hop,success,pre,0.0
gpt2-xl,rome,mquake,4,single_hop,diff,pre,-0.000974658855342664
gpt2-xl,rome,mquake,4,single_hop,acc,pre,0.16666666666666666
gpt2-xl,rome,mquake,4,multihop,hit,pre,0.0
gpt2-xl,rome,mquake,4,efficacy,success,post,1.0
gpt2-xl,rome,mquake,4,efficacy,diff,post,0.007374516388417807
gpt2-xl,rome,mquake,4,efficacy,acc,post,0.5
gpt2-xl,rome,mquake,4,single_hop,success,post,0.5
gpt2-xl,rome,mquake,4,single_hop,diff,post,0.0033053008937417184
gpt2-xl,rome,mquake,4,single_hop,acc,post,0.25
gpt2-xl,rome,mquake,4,multihop,hit,post,0.0
gpt2-xl,rome,mquake,5,efficacy,success,pre,0.0
gpt2-xl,rome,mquake,5,efficacy,diff,pre,-0.04395206602233042
gpt2-xl,rome,mquake,5,efficacy,acc,pre,0.5
gpt2-xl,rome,mquake,5,single_hop,success,pre,0.0
gpt2-xl,rome,mquake,5,single_hop,diff,pre,-0.04395206602233042
gpt2-xl,rome,mquake,5,single_hop,acc,pre,0.5
gpt2-xl,rome,mquake,5,multihop,hit,pre,0.0
gpt2-xl,rome,mquake,5,efficacy,success,post,1.0
gpt2-xl,rome,mquake,5,efficacy,diff,post,0.13700518779999538
gpt2-xl,rome,mquake,5,efficacy,acc,post,0.625
gpt2-xl,rome,mquake,5,single_hop,success,post,1.0
gpt2-xl,rome,mquake,5,single_hop,diff,post,0.13700518779999538
gpt2-xl,rome,mquake,5,single_hop,acc,post,0.625
gpt2-xl,rome,mquake,5,multihop,hit,post,0.0
gpt2-xl,rome,ripple,ripple_popular_row0,efficacy,hit,pre,0.0
gpt2-xl,rome,ripple,ripple_popular_row0,ripple_compositional_i,hit,pre,0.0
gpt2-xl,rome,ripple,ripple_popular_row0,ripple_aliasing,hit,pre,0.0
gpt2-xl,rome,ripple,ripple_popular_row0,ripple_relation_specificity,hit,pre,0.0
gpt2-xl,rome,ripple,ripple_popular_row0,ripple_preservation,hit,pre,0.0
gpt2-xl,rome,ripple,ripple_popular_row0,efficacy,hit,post,1.0
gpt2-xl,rome,ripple,ripple_popular_row0,ripple_compositional_i,hit,post,0.2857142857142857
gpt2-xl,rome,ripple,ripple_popular_row0,ripple_aliasing,hit,post,1.0
gpt2-xl,rome,ripple,ripple_popular_row0,ripple_relation_specificity,hit,post,0.0
gpt2-xl,rome,ripple,ripple_popular_row0,ripple_preservation,hit,post,0.0
gpt2-xl,rome,ripple,ripple_popular_row2,efficacy,hit,pre,0.0
gpt2-xl,rome,ripple,ripple_popular_row2,ripple_logical,hit,pre,0.0
gpt2-xl,rome,ripple,ripple_popular_row2,ripple_compositional_i,hit,pre,0.0
gpt2-xl,rome,ripple,ripple_popular_row2,ripple_aliasing,hit,pre,0.0
gpt2-xl,rome,ripple,ripple_popular_row2,ripple_relation_specificity,hit,pre,0.0
gpt2-xl,rome,ripple,ripple_popular_row2,ripple_preservation,hit,pre,0.0
gpt2-xl,rome,ripple,ripple_popular_row2,efficacy,hit,post,0.0
gpt2-xl,rome,ripple,ripple_popular_row2,ripple_logical,hit,post,0.0
gpt2-xl,rome,ripple,ripple_popular_row2,ripple_compositional_i,hit,post,0.0
gpt2-xl,rome,ripple,ripple_popular_row2,ripple_aliasing,hit,post,1.0
gpt2-xl,rome,ripple,ripple_popular_row2,ripple_relation_specificity,hit,post,0.1111111111111111
gpt2-xl,rome,ripple,ripple_popular_row2,ripple_preservation,hit,post,0.0
gpt2-xl,rome,ripple,ripple_popular_row4,efficacy,hit,pre,0.0
gpt2-xl,rome,ripple,ripple_popular_row4,ripple_logical,hit,pre,0.0
gpt2-xl,rome,ripple,ripple_popular_row4,ripple_aliasing,hit,pre,0.0
gpt2-xl,rome,ripple,ripple_popular_row4,ripple_relation_specificity,hit,pre,0.16666666666666666
gpt2-xl,rome,ripple,ripple_popular_row4,ripple_preservation,hit,pre,0.0
gpt2-xl,rome,ripple,ripple_popular_row4,efficacy,hit,post,0.0
gpt2-xl,rome,ripple,ripple_popular_row4,ripple_logical,hit,post,0.0
gpt2-xl,rome,ripple,ripple_popular_row4,ripple_aliasing,hit,post,0.0
gpt2-xl,rome,ripple,ripple_popular_row4,ripple_relation_specificity,hit,post,0.0
gpt2-xl,rome,ripple,ripple_popular_row4,ripple_preservation,hit,post,0.0
gpt2-xl,rome,ripple,ripple_random_row0,efficacy,hit,pre,0.0
gpt2-xl,rome,ripple,ripple_random_row0,ripple_logical,hit,pre,0.0
gpt2-xl,rome,ripple,ripple_random_row0,ripple_aliasing,hit,pre,0.0
gpt2-xl,rome,ripple,ripple_random_row0,ripple_relation_specificity,hit,pre,0.0
gpt2-xl,rome,ripple,ripple_random_row0,efficacy,hit,post,0.0
gpt2-xl,rome,ripple,ripple_random_row0,ripple_logical,hit,post,0.0
gpt2-xl,rome,ripple,ripple_random_row0,ripple_aliasing,hit,post,0.0
gpt2-xl,rome,ripple,ripple_random_row0,ripple_relation_specificity,hit,post,0.0
gpt2-xl,rome,ripple,ripple_random_row1,efficacy,hit,pre,0.0
gpt2-xl,rome,ripple,ripple_random_row1,ripple_compositional_i,hit,pre,0.0
gpt2-xl,rome,ripple,ripple_random_row1,ripple_aliasing,hit,pre,0.0
gpt2-xl,rome,ripple,ripple_random_row1,ripple_relation_specificity,hit,pre,0.0
gpt2-xl,rome,ripple,ripple_random_row1,efficacy,hit,post,1.0
gpt2-xl,rome,ripple,ripple_random_row1,ripple_compositional_i,hit,post,0.0
gpt2-xl,rome,ripple,ripple_random_row1,ripple_aliasing,hit,post,0.0
gpt2-xl,rome,ripple,ripple_random_row1,ripple_relation_specificity,hit,post,0.0
gpt2-xl,rome,ripple,ripple_random_row2,efficacy,hit,pre,0.0
gpt2-xl,rome,ripple,ripple_random_row2,ripple_compositional_i,hit,pre,0.0
gpt2-xl,rome,ripple,ripple_random_row2,ripple_aliasing,hit,pre,0.0
gpt2-xl,rome,ripple,ripple_random_row2,efficacy,hit,post,0.0
gpt2-xl,rome,ripple,ripple_random_row2,ripple_compositional_i,hit,post,0.0
gpt2-xl,rome,ripple,ripple_random_row2,ripple_aliasing,hit,post,0.0
gpt2-xl,rome,ripple,ripple_random_row3,efficacy,hit,pre,0.0
gpt2-xl,rome,ripple,ripple_random_row3,ripple_aliasing,hit,pre,0.0
gpt2-xl,rome,ripple,ripple_random_row3,ripple_relation_specificity,hit,pre,0.0
gpt2-xl,rome,ripple,ripple_random_row3,ripple_preservation,hit,pre,0.0
gpt2-xl,rome,ripple,ripple_random_row3,efficacy,hit,post,0.0
gpt2-xl,rome,ripple,ripple_random_row3,ripple_aliasing,hit,post,0.0
gpt2-xl,rome,ripple,ripple_random_row3,ripple_relation_specificity,hit,post,0.0
gpt2-xl,rome,ripple,ripple_random_row3,ripple_preservation,hit,post,0.0
gpt2-xl,rome,ripple,ripple_random_row4,efficacy,hit,pre,0.0
gpt2-xl,rome,ripple,ripple_random_row4,ripple_aliasing,hit,pre,0.0
gpt2-xl,rome,ripple,ripple_random_row4,ripple_relation_specificity,hit,pre,0.3333333333333333
gpt2-xl,rome,ripple,ripple_random_row4,ripple_preservation,hit,pre,0.0
gpt2-xl,rome,ripple,ripple_random_row4,efficacy,hit,post,0.0
gpt2-xl,rome,ripple,ripple_random_row4,ripple_aliasing,hit,post,0.0
gpt2-xl,rome,ripple,ripple_random_row4,ripple_relation_specificity,hit,post,0.0
gpt2-xl,rome,ripple,ripple_random_row4,ripple_preservation,hit,post,0.0
gpt2-xl,rome,zsre,zsre_row0,efficacy,success,pre,0.0
gpt2-xl,rome,zsre,zsre_row0,efficacy,diff,pre,-0.0005764174707755948
gpt2-xl,rome,zsre,zsre_row0,efficacy,acc,pre,0.3333333333333333
gpt2-xl,rome,zsre,zsre_row0,generalisation,success,pre,0.0
gpt2-xl,rome,zsre,zsre_row0,generalisation,diff,pre,-0.002501691335092246
gpt2-xl,rome,zsre,zsre_row0,generalisation,acc,pre,0.3333333333333333
gpt2-xl,rome,zsre,zsre_row0,specificity,success,pre,1.0
gpt2-xl,rome,zsre,zsre_row0,specificity,diff,pre,0.0002046845795470628
gpt2-xl,rome,zsre,zsre_row0,specificity,acc,pre,0.3333333333333333
gpt2-xl,rome,zsre,zsre_row0,efficacy,success,post,1.0
gpt2-xl,rome,zsre,zsre_row0,efficacy,diff,post,0.03959883461273983
gpt2-xl,rome,zsre,zsre_row0,efficacy,acc,post,0.6666666666666666
gpt2-xl,rome,zsre,zsre_row0,generalisation,success,post,1.0
gpt2-xl,rome,zsre,zsre_row0,generalisation,diff,post,0.026037952696240187
gpt2-xl,rome,zsre,zsre_row0,generalisation,acc,post,0.6666666666666666
gpt2-xl,rome,zsre,zsre_row0,specificity,success,post,1.0
gpt2-xl,rome,zsre,zsre_row0,specificity,diff,post,0.00014196075230469164
gpt2-xl,rome,zsre,zsre_row0,specificity,acc,post,0.3333333333333333
gpt2-xl,rome,zsre,zsre_row1,efficacy,success,pre,0.0
gpt2-xl,rome,zsre,zsre_row1,efficacy,diff,pre,-0.02953277586544776
gpt2-xl,rome,zsre,zsre_row1,efficacy,acc,pre,0.5
gpt2-xl,rome,zsre,zsre_row1,generalisation,success,pre,0.0
gpt2-xl,rome,zsre,zsre_row1,generalisation,diff,pre,-0.01901215584201373
gpt2-xl,rome,zsre,zsre_row1,generalisation,acc,pre,0.0
gpt2-xl,rome,zsre,zsre_row1,specificity,success,pre,0.0
gpt2-xl,rome,zsre,zsre_row1,specificity,diff,pre,-0.005373715503999106
gpt2-xl,rome,zsre,zsre_row1,specificity,acc,pre,0.5
gpt2-xl,rome,zsre,zsre_row1,efficacy,success,post,0.0
gpt2-xl,rome,zsre,zsre_row1,efficacy,diff,post,-0.007005078876252272
gpt2-xl,rome,zsre,zsre_row1,efficacy,acc,post,0.25
gpt2-xl,rome,zsre,zsre_row1,generalisation,success,post,0.0
gpt2-xl,rome,zsre,zsre_row1,generalisation,diff,post,-0.007903922574693816
gpt2-xl,rome,zsre,zsre_row1,generalisation,acc,post,0.25
gpt2-xl,rome,zsre,zsre_row1,specificity,success,post,0.0
gpt2-xl,rome,zsre,zsre_row1,specificity,diff,post,-0.005234008849518564
gpt2-xl,rome,zsre,zsre_row1,specificity,acc,post,0.5
gpt2-xl,rome,zsre,zsre_row2,efficacy,success,pre,0.0
gpt2-xl,rome,zsre,zsre_row2,efficacy,diff,pre,-2.442762706981668e-07
gpt2-xl,rome,zsre,zsre_row2,efficacy,acc,pre,0.0
gpt2-xl,rome,zsre,zsre_row2,generalisation,success,pre,0.0
gpt2-xl,rome,zsre,zsre_row2,generalisation,diff,pre,-3.203728883827346e-07
gpt2-xl,rome,zsre,zsre_row2,generalisation,acc,pre,0.0
gpt2-xl,rome,zsre,zsre_row2,specificity,success,pre,0.0
gpt2-xl,rome,zsre,zsre_row2,specificity,diff,pre,-0.004939125528424883
gpt2-xl,rome,zsre,zsre_row2,specificity,acc,pre,0.6666666666666666
gpt2-xl,rome,zsre,zsre_row2,efficacy,success,post,1.0
gpt2-xl,rome,zsre,zsre_row2,efficacy,diff,post,0.979660977232832
gpt2-xl,rome,zsre,zsre_row2,efficacy,acc,post,1.0
gpt2-xl,rome,zsre,zsre_row2,generalisation,success,post,1.0
gpt2-xl,rome,zsre,zsre_row2,generalisation,diff,post,0.7757130817016465
gpt2-xl,rome,zsre,zsre_row2,generalisation,acc,post,1.0
gpt2-xl,rome,zsre,zsre_row2,specificity,success,post,0.0
gpt2-xl,rome,zsre,zsre_row2,specificity,diff,post,-0.0048673009453295574
gpt2-xl,rome,zsre,zsre_row2,specificity,acc,post,0.6666666666666666
gpt2-xl,rome,zsre,zsre_row3,efficacy,success,pre,1.0
gpt2-xl,rome,zsre,zsre_row3,efficacy,diff,pre,0.015183308242543096
gpt2-xl,rome,zsre,zsre_row3,efficacy,acc,pre,0.5
gpt2-xl,rome,zsre,zsre_row3,generalisation,success,pre,1.0
gpt2-xl,rome,zsre,zsre_row3,generalisation,diff,pre,0.027180286197004022
gpt2-xl,rome,zsre,zsre_row3,generalisation,acc,pre,0.5
gpt2-xl,rome,zsre,zsre_row3,specificity,success,pre,1.0
gpt2-xl,rome,zsre,zsre_row3,specificity,diff,pre,0.009606811368003695
gpt2-xl,rome,zsre,zsre_row3,specificity,acc,pre,0.0
gpt2-xl,rome,zsre,zsre_row3,efficacy,success,post,1.0
gpt2-xl,rome,zsre,zsre_row3,efficacy,diff,post,0.06767563399138934
gpt2-xl,rome,zsre,zsre_row3,efficacy,acc,post,0.75
gpt2-xl,rome,zsre,zsre_row3,generalisation,success,post,1.0
gpt2-xl,rome,zsre,zsre_row3,generalisation,diff,post,0.08656171682665925
gpt2-xl,rome,zsre,zsre_row3,generalisation,acc,post,0.75
gpt2-xl,rome,zsre,zsre_row3,specificity,success,post,1.0
gpt2-xl,rome,zsre,zsre_row3,specificity,diff,post,0.009413974289631533
gpt2-xl,rome,zsre,zsre_row3,specificity,acc,post,0.0
gpt2-xl,rome,zsre,zsre_row4,efficacy,success,pre,0.0
gpt2-xl,rome,zsre,zsre_row4,efficacy,diff,pre,-0.03172412325269371
gpt2-xl,rome,zsre,zsre_row4,efficacy,acc,pre,0.3333333333333333
gpt2-xl,rome,zsre,zsre_row4,generalisation,success,pre,0.0
gpt2-xl,rome,zsre,zsre_row4,generalisation,diff,pre,-0.04598370745814568
gpt2-xl,rome,zsre,zsre_row4,generalisation,acc,pre,0.3333333333333333
gpt2-xl,rome,zsre,zsre_row4,specificity,success,pre,0.0
gpt2-xl,rome,zsre,zsre_row4,specificity,diff,pre,-0.0012575156320287658
gpt2-xl,rome,zsre,zsre_row4,specificity,acc,pre,0.3333333333333333
gpt2-xl,rome,zsre,zsre_row4,efficacy,success,post,1.0
gpt2-xl,rome,zsre,zsre_row4,efficacy,diff,post,0.002849071346736679
gpt2-xl,rome,zsre,zsre_row4,efficacy,acc,post,0.3333333333333333
gpt2-xl,rome,zsre,zsre_row4,generalisation,success,post,0.0
gpt2-xl,rome,zsre,zsre_row4,generalisation,diff,post,-0.06094309326774515
gpt2-xl,rome,zsre,zsre_row4,generalisation,acc,post,0.3333333333333333
gpt2-xl,rome,zsre,zsre_row4,specificity,success,post,0.0
gpt2-xl,rome,zsre,zsre_row4,specificity,diff,post,-0.0012113697438724605
gpt2-xl,rome,zsre,zsre_row4,specificity,acc,post,0.3333333333333333
llama3-8b,alphaedit,counterfact,0,efficacy,success,pre,0.0
llama3-8b,alphaedit,counterfact,0,efficacy,diff,pre,-0.554447759264991
llama3-8b,alphaedit,counterfact,0,efficacy,acc,pre,0.0
llama3-8b,alphaedit,counterfact,0,generalisation,success,pre,0.0
llama3-8b,alphaedit,counterfact,0,generalisation,diff,pre,-0.017276258042719
llama3-8b,alphaedit,counterfact,0,generalisation,acc,pre,0.0
llama3-8b,alphaedit,counterfact,0,specificity,success,pre,0.0
llama3-8b,alphaedit,counterfact,0,specificity,diff,pre,-0.3691831430535373
llama3-8b,alphaedit,counterfact,0,specificity,acc,pre,0.5
llama3-8b,alphaedit,counterfact,0,target_close_neighbour,success,pre,1.0
llama3-8b,alphaedit,counterfact,0,target_close_neighbour,diff,pre,0.13501298562453548
llama3-8b,alphaedit,counterfact,0,target_close_neighbour,acc,pre,0.4
llama3-8b,alphaedit,counterfact,0,efficacy,success,post,1.0
llama3-8b,alphaedit,counterfact,0,efficacy,diff,post,0.9873171243614872
llama3-8b,alphaedit,counterfact,0,efficacy,acc,post,1.0
llama3-8b,alphaedit,counterfact,0,generalisation,success,post,0.0
llama3-8b,alphaedit,counterfact,0,generalisation,diff,post,-0.0006487149299398201
llama3-8b,alphaedit,counterfact,0,generalisation,acc,post,0.0
llama3-8b,alphaedit,counterfact,0,specificity,success,post,0.0
llama3-8b,alphaedit,counterfact,0,specificity,diff,post,-0.39669845565221407
llama3-8b,alphaedit,counterfact,0,specificity,acc,post,0.6
llama3-8b,alphaedit,counterfact,0,target_close_neighbour,success,post,1.0
llama3-8b,alphaedit,counterfact,0,target_close_neighbour,diff,post,0.15276189143109387
llama3-8b,alphaedit,counterfact,0,target_close_neighbour,acc,post,0.4
llama3-8b,alphaedit,counterfact,1,efficacy,success,pre,0.0
llama3-8b,alphaedit,counterfact,1,efficacy,diff,pre,-0.15195808065583227
llama3-8b,alphaedit,counterfact,1,efficacy,acc,pre,0.0
llama3-8b,alphaedit,counterfact,1,generalisation,success,pre,0.0
llama3-8b,alphaedit,counterfact,1,generalisation,diff,pre,-0.03057342970014454
llama3-8b,alphaedit,counterfact,1,generalisation,acc,pre,0.0
llama3-8b,alphaedit,counterfact,1,specificity,success,pre,0.4
llama3-8b,alphaedit,counterfact,1,specificity,diff,pre,-0.007853033098426339
llama3-8b,alphaedit,counterfact,1,specificity,acc,pre,0.0
llama3-8b,alphaedit,counterfact,1,target_close_neighbour,success,pre,1.0
llama3-8b,alphaedit,counterfact,1,target_close_neighbour,diff,pre,0.12185462705339314
llama3-8b,alphaedit,counterfact,1,target_close_neighbour,acc,pre,0.2
llama3-8b,alphaedit,counterfact,1,efficacy,success,post,1.0
llama3-8b,alphaedit,counterfact,1,efficacy,diff,post,0.984840953805207
llama3-8b,alphaedit,counterfact,1,efficacy,acc,post,1.0
llama3-8b,alphaedit,counterfact,1,generalisation,success,post,0.0
llama3-8b,alphaedit,counterfact,1,generalisation,diff,post,-0.021147653208931597
llama3-8b,alphaedit,counterfact,1,generalisation,acc,post,0.0
llama3-8b,alphaedit,counterfact,1,specificity,success,post,0.4
llama3-8b,alphaedit,counterfact,1,specificity,diff,post,-0.007621573907169096
llama3-8b,alphaedit,counterfact,1,specificity,acc,post,0.0
llama3-8b,alphaedit,counterfact,1,target_close_neighbour,success,post,1.0
llama3-8b,alphaedit,counterfact,1,target_close_neighbour,diff,post,0.13201249301556142
llama3-8b,alphaedit,counterfact,1,target_close_neighbour,acc,post,0.2
llama3-8b,alphaedit,counterfact,2,efficacy,success,pre,1.0
llama3-8b,alphaedit,counterfact,2,efficacy,diff,pre,2.1259822173694097e-05
llama3-8b,alphaedit,counterfact,2,efficacy,acc,pre,0.0
llama3-8b,alphaedit,counterfact,2,generalisation,success,pre,1.0
llama3-8b,alphaedit,counterfact,2,generalisation,diff,pre,0.041588110685158136
llama3-8b,alphaedit,counterfact,2,generalisation,acc,pre,0.5
llama3-8b,alphaedit,counterfact,2,specificity,success,pre,0.6
llama3-8b,alphaedit,counterfact,2,specificity,diff,pre,-0.016179983789135374
llama3-8b,alphaedit,counterfact,2,specificity,acc,pre,0.2
llama3-8b,alphaedit,counterfact,2,target_close_neighbour,success,pre,1.0
llama3-8b,alphaedit,counterfact,2,target_close_neighbour,diff,pre,0.11117857836485087
llama3-8b,alphaedit,counterfact,2,target_close_neighbour,acc,pre,0.6
llama3-8b,alphaedit,counterfact,2,efficacy,success,post,1.0
llama3-8b,alphaedit,counterfact,2,efficacy,diff,post,0.1138238928279963
llama3-8b,alphaedit,counterfact,2,efficacy,acc,post,1.0
llama3-8b,alphaedit,counterfact,2,generalisation,success,post,1.0
llama3-8b,alphaedit,counterfact,2,generalisation,diff,post,0.07598395137740936
llama3-8b,alphaedit,counterfact,2,generalisation,acc,post,0.5
llama3-8b,alphaedit,counterfact,2,specificity,success,post,0.6
llama3-8b,alphaedit,counterfact,2,specificity,diff,post,-0.01608398827032868
llama3-8b,alphaedit,counterfact,2,specificity,acc,post,0.2
llama3-8b,alphaedit,counterfact,2,target_close_neighbour,success,post,1.0
llama3-8b,alphaedit,counterfact,2,target_close_neighbour,diff,post,0.11522251212828913
llama3-8b,alphaedit,counterfact,2,target_close_neighbour,acc,post,0.6
llama3-8b,alphaedit,counterfact,3,efficacy,success,pre,0.0
llama3-8b,alphaedit,counterfact,3,efficacy,diff,pre,-0.1697459130973153
llama3-8b,alphaedit,counterfact,3,efficacy,acc,pre,0.0
llama3-8b,alphaedit,counterfact,3,generalisation,success,pre,0.0
llama3-8b,alphaedit,counterfact,3,generalisation,diff,pre,-0.13498591406009813
llama3-8b,alphaedit,counterfact,3,generalisation,acc,pre,0.0
llama3-8b,alphaedit,counterfact,3,specificity,success,pre,0.3
llama3-8b,alphaedit,counterfact,3,specificity,diff,pre,-0.03252874393447408
llama3-8b,alphaedit,counterfact,3,specificity,acc,pre,0.0
llama3-8b,alphaedit,counterfact,3,target_close_neighbour,success,pre,1.0
llama3-8b,alphaedit,counterfact,3,target_close_neighbour,diff,pre,0.1456747153974075
llama3-8b,alphaedit,counterfact,3,target_close_neighbour,acc,pre,0.1
llama3-8b,alphaedit,counterfact,3,efficacy,success,post,1.0
llama3-8b,alphaedit,counterfact,3,efficacy,diff,post,0.9466786604610721
llama3-8b,alphaedit,counterfact,3,efficacy,acc,post,1.0
llama3-8b,alphaedit,counterfact,3,generalisation,success,post,1.0
llama3-8b,alphaedit,counterfact,3,generalisation,diff,post,0.43154459246302
llama3-8b,alphaedit,counterfact,3,generalisation,acc,post,1.0
llama3-8b,alphaedit,counterfact,3,specificity,success,post,0.3
llama3-8b,alphaedit,counterfact,3,specificity,diff,post,-0.03405202018045949
llama3-8b,alphaedit,counterfact,3,specificity,acc,post,0.0
llama3-8b,alphaedit,counterfact,3,target_close_neighbour,success,post,1.0
llama3-8b,alphaedit,counterfact,3,target_close_neighbour,diff,post,0.14733070378111576
llama3-8b,alphaedit,counterfact,3,target_close_neighbour,acc,post,0.1
llama3-8b,alphaedit,counterfact,4,efficacy,success,pre,0.0
llama3-8b,alphaedit,counterfact,4,efficacy,diff,pre,-2.2771917746545605e-05
llama3-8b,alphaedit,counterfact,4,efficacy,acc,pre,0.0
llama3-8b,alphaedit,counterfact,4,generalisation,success,pre,0.0
llama3-8b,alphaedit,counterfact,4,generalisation,diff,pre,-1.0676113748920616e-05
llama3-8b,alphaedit,counterfact,4,generalisation,acc,pre,0.0
llama3-8b,alphaedit,counterfact,4,specificity,success,pre,0.2
llama3-8b,alphaedit,counterfact,4,specificity,diff,pre,-0.00018899709688531834
llama3-8b,alphaedit,counterfact,4,specificity,acc,pre,0.0
llama3-8b,alphaedit,counterfact,4,target_close_neighbour,success,pre,0.9
llama3-8b,alphaedit,counterfact,4,target_close_neighbour,diff,pre,0.001214846095154634
llama3-8b,alphaedit,counterfact,4,target_close_neighbour,acc,pre,0.0
llama3-8b,alphaedit,counterfact,4,efficacy,success,post,1.0
llama3-8b,alphaedit,counterfact,4,efficacy,diff,post,0.7649851149496647
llama3-8b,alphaedit,counterfact,4,efficacy,acc,post,1.0
llama3-8b,alphaedit,counterfact,4,generalisation,success,post,1.0
llama3-8b,alphaedit,counterfact,4,generalisation,diff,post,0.0001251662269187039
llama3-8b,alphaedit,counterfact,4,generalisation,acc,post,0.0
llama3-8b,alphaedit,counterfact,4,specificity,success,post,0.3
llama3-8b,alphaedit,counterfact,4,specificity,diff,post,0.0013538209025852756
llama3-8b,alphaedit,counterfact,4,specificity,acc,post,0.0
llama3-8b,alphaedit,counterfact,4,target_close_neighbour,success,post,1.0
llama3-8b,alphaedit,counterfact,4,target_close_neighbour,diff,post,0.005165689357050886
llama3-8b,alphaedit,counterfact,4,target_close_neighbour,acc,post,0.0
llama3-8b,alphaedit,genie,composer_2,efficacy,success,pre,0.0
llama3-8b,alphaedit,genie,composer_2,efficacy,diff,pre,-0.320825650779981
llama3-8b,alphaedit,genie,composer_2,efficacy,acc,pre,0.0
llama3-8b,alphaedit,genie,composer_2,paraphrase_1,success,pre,0.0
llama3-8b,alphaedit,genie,composer_2,paraphrase_1,diff,pre,-0.8570532791137904
llama3-8b,alphaedit,genie,composer_2,paraphrase_1,acc,pre,0.0
llama3-8b,alphaedit,genie,composer_2,paraphrase_2,success,pre,0.0
llama3-8b,alphaedit,genie,composer_2,paraphrase_2,diff,pre,-0.7712498457232887
llama3-8b,alphaedit,genie,composer_2,paraphrase_2,acc,pre,0.0
llama3-8b,alphaedit,genie,composer_2,paraphrase_3,success,pre,0.0
llama3-8b,alphaedit,genie,composer_2,paraphrase_3,diff,pre,-0.7864061245154296
llama3-8b,alphaedit,genie,composer_2,paraphrase_3,acc,pre,0.0
llama3-8b,alphaedit,genie,composer_2,hop_1,success,pre,0.0
llama3-8b,alphaedit,genie,composer_2,hop_1,diff,pre,-0.005889860054774254
llama3-8b,alphaedit,genie,composer_2,hop_1,acc,pre,0.0
llama3-8b,alphaedit,genie,composer_2,hop_2,success,pre,1.0
llama3-8b,alphaedit,genie,composer_2,hop_2,diff,pre,0.080568657616478
llama3-8b,alphaedit,genie,composer_2,hop_2,acc,pre,0.0
llama3-8b,alphaedit,genie,composer_2,hop_3,success,pre,0.0
llama3-8b,alphaedit,genie,composer_2,hop_3,diff,pre,-0.001435770909314531
llama3-8b,alphaedit,genie,composer_2,hop_3,acc,pre,0.0
llama3-8b,alphaedit,genie,composer_2,abstract_1,success,pre,1.0
llama3-8b,alphaedit,genie,composer_2,abstract_1,diff,pre,0.6590349953898652
llama3-8b,alphaedit,genie,composer_2,abstract_1,acc,pre,1.0
llama3-8b,alphaedit,genie,composer_2,abstract_2,hit,pre,0.0
llama3-8b,alphaedit,genie,composer_2,abstract_3,hit,pre,0.0
llama3-8b,alphaedit,genie,composer_2,efficacy,success,post,1.0
llama3-8b,alphaedit,genie,composer_2,efficacy,diff,post,0.9895371930051222
llama3-8b,alphaedit,genie,composer_2,efficacy,acc,post,1.0
llama3-8b,alphaedit,genie,composer_2,paraphrase_1,success,post,1.0
llama3-8b,alphaedit,genie,composer_2,paraphrase_1,diff,post,0.6365305578699026
llama3-8b,alphaedit,genie,composer_2,paraphrase_1,acc,post,1.0
llama3-8b,alphaedit,genie,composer_2,paraphrase_2,success,post,1.0
llama3-8b,alphaedit,genie,composer_2,paraphrase_2,diff,post,0.6999149571733989
llama3-8b,alphaedit,genie,composer_2,paraphrase_2,acc,post,1.0
llama3-8b,alphaedit,genie,composer_2,paraphrase_3,success,post,1.0
llama3-8b,alphaedit,genie,composer_2,paraphrase_3,diff,post,0.7627550985810052
llama3-8b,alphaedit,genie,composer_2,paraphrase_3,acc,post,1.0
llama3-8b,alphaedit,genie,composer_2,hop_1,success,post,1.0
llama3-8b,alphaedit,genie,composer_2,hop_1,diff,post,0.0009435987495469893
llama3-8b,alphaedit,genie,composer_2,hop_1,acc,post,0.0
llama3-8b,alphaedit,genie,composer_2,hop_2,success,post,1.0
llama3-8b,alphaedit,genie,composer_2,hop_2,diff,post,0.2919283011213106
llama3-8b,alphaedit,genie,composer_2,hop_2,acc,post,0.5
llama3-8b,alphaedit,genie,composer_2,hop_3,success,post,1.0
llama3-8b,alphaedit,genie,composer_2,hop_3,diff,post,0.014503440184165266
llama3-8b,alphaedit,genie,composer_2,hop_3,acc,post,0.0
llama3-8b,alphaedit,genie,composer_2,abstract_1,success,post,1.0
llama3-8b,alphaedit,genie,composer_2,abstract_1,diff,post,0.6333861621241949
llama3-8b,alphaedit,genie,composer_2,abstract_1,acc,post,1.0
llama3-8b,alphaedit,genie,composer_2,abstract_2,hit,post,0.0
llama3-8b,alphaedit,genie,composer_2,abstract_3,hit,post,0.0
llama3-8b,alphaedit,genie,director_3,efficacy,success,pre,0.0
llama3-8b,alphaedit,genie,director_3,efficacy,diff,pre,-0.41994310070278756
llama3-8b,alphaedit,genie,director_3,efficacy,acc,pre,0.3333333333333333
llama3-8b,alphaedit,genie,director_3,paraphrase_1,success,pre,0.0
llama3-8b,alphaedit,genie,director_3,paraphrase_1,diff,pre,-0.7410503557634774
llama3-8b,alphaedit,genie,director_3,paraphrase_1,acc,pre,0.3333333333333333
llama3-8b,alphaedit,genie,director_3,paraphrase_2,success,pre,0.0
llama3-8b,alphaedit,genie,director_3,paraphrase_2,diff,pre,-0.6673397510434274
llama3-8b,alphaedit,genie,director_3,paraphrase_2,acc,pre,0.3333333333333333
llama3-8b,alphaedit,genie,director_3,paraphrase_3,success,pre,0.0
llama3-8b,alphaedit,genie,director_3,paraphrase_3,diff,pre,-0.6516008361765899
llama3-8b,alphaedit,genie,director_3,paraphrase_3,acc,pre,0.3333333333333333
llama3-8b,alphaedit,genie,director_3,hop_1,success,pre,0.0
llama3-8b,alphaedit,genie,director_3,hop_1,diff,pre,-0.003378755560009996
llama3-8b,alphaedit,genie,director_3,hop_1,acc,pre,0.0
llama3-8b,alphaedit,genie,director_3,abstract_3,hit,pre,0.0
llama3-8b,alphaedit,genie,director_3,efficacy,success,post,1.0
llama3-8b,alphaedit,genie,director_3,efficacy,diff,post,0.9871856162165196
llama3-8b,alphaedit,genie,director_3,efficacy,acc,post,1.0
llama3-8b,alphaedit,genie,director_3,paraphrase_1,success,post,1.0
llama3-8b,alphaedit,genie,director_3,paraphrase_1,diff,post,0.4153096850713489
llama3-8b,alphaedit,genie,director_3,paraphrase_1,acc,post,0.6666666666666666
llama3-8b,alphaedit,genie,director_3,paraphrase_2,success,post,1.0
llama3-8b,alphaedit,genie,director_3,paraphrase_2,diff,post,0.9749006922126493
llama3-8b,alphaedit,genie,director_3,paraphrase_2,acc,post,1.0
llama3-8b,alphaedit,genie,director_3,paraphrase_3,success,post,1.0
llama3-8b,alphaedit,genie,director_3,paraphrase_3,diff,post,0.594944896884732
llama3-8b,alphaedit,genie,director_3,paraphrase_3,acc,post,1.0
llama3-8b,alphaedit,genie,director_3,hop_1,success,post,1.0
llama3-8b,alphaedit,genie,director_3,hop_1,diff,post,0.0006668960670549079
llama3-8b,alphaedit,genie,director_3,hop_1,acc,post,0.0
llama3-8b,alphaedit,genie,director_3,abstract_3,hit,post,0.0
llama3-8b,alphaedit,genie,composer_4,efficacy,success,pre,0.0
llama3-8b,alphaedit,genie,composer_4,efficacy,diff,pre,-0.598006381239636
llama3-8b,alphaedit,genie,composer_4,efficacy,acc,pre,0.5
llama3-8b,alphaedit,genie,composer_4,paraphrase_1,success,pre,0.0
llama3-8b,alphaedit,genie,composer_4,paraphrase_1,diff,pre,-0.7785549235478918
llama3-8b,alphaedit,genie,composer_4,paraphrase_1,acc,pre,0.5
llama3-8b,alphaedit,genie,composer_4,paraphrase_2,success,pre,0.0
llama3-8b,alphaedit,genie,composer_4,paraphrase_2,diff,pre,-0.9368923444906349
llama3-8b,alphaedit,genie,composer_4,paraphrase_2,acc,pre,0.5
llama3-8b,alphaedit,genie,composer_4,paraphrase_3,success,pre,0.0
llama3-8b,alphaedit,genie,composer_4,paraphrase_3,diff,pre,-0.7820082972647027
llama3-8b,alphaedit,genie,composer_4,paraphrase_3,acc,pre,0.5
llama3-8b,alphaedit,genie,composer_4,hop_1,success,pre,0.0
llama3-8b,alphaedit,genie,composer_4,hop_1,diff,pre,-0.08852083958012388
llama3-8b,alphaedit,genie,composer_4,hop_1,acc,pre,0.5
llama3-8b,alphaedit,genie,composer_4,abstract_2,hit,pre,0.0
llama3-8b,alphaedit,genie,composer_4,abstract_3,hit,pre,0.0
llama3-8b,alphaedit,genie,composer_4,efficacy,success,post,1.0
llama3-8b,alphaedit,genie,composer_4,efficacy,diff,post,0.9782375390466921
llama3-8b,alphaedit,genie,composer_4,efficacy,acc,post,1.0
llama3-8b,alphaedit,genie,composer_4,paraphrase_1,success,post,1.0
llama3-8b,alphaedit,genie,composer_4,paraphrase_1,diff,post,0.05536297022469272
llama3-8b,alphaedit,genie,composer_4,paraphrase_1,acc,post,1.0
llama3-8b,alphaedit,genie,composer_4,paraphrase_2,success,post,1.0
llama3-8b,alphaedit,genie,composer_4,paraphrase_2,diff,post,0.8739301894648532
llama3-8b,alphaedit,genie,composer_4,paraphrase_2,acc,post,1.0
llama3-8b,alphaedit,genie,composer_4,paraphrase_3,success,post,1.0
llama3-8b,alphaedit,genie,composer_4,paraphrase_3,diff,post,0.751699554858317
llama3-8b,alphaedit,genie,composer_4,paraphrase_3,acc,post,1.0
llama3-8b,alphaedit,genie,composer_4,hop_1,success,post,0.0
llama3-8b,alphaedit,genie,composer_4,hop_1,diff,post,-0.014950344019825763
llama3-8b,alphaedit,genie,composer_4,hop_1,acc,post,0.5
llama3-8b,alphaedit,genie,composer_4,abstract_2,hit,post,0.0
llama3-8b,alphaedit,genie,composer_4,abstract_3,hit,post,0.0
llama3-8b,alphaedit,genie,production_company_5,efficacy,success,pre,0.0
llama3-8b,alphaedit,genie,production_company_5,efficacy,diff,pre,-0.06770304909204113
llama3-8b,alphaedit,genie,production_company_5,efficacy,acc,pre,0.5
llama3-8b,alphaedit,genie,production_company_5,paraphrase_1,success,pre,0.0
llama3-8b,alphaedit,genie,production_company_5,paraphrase_1,diff,pre,-0.26988798561251076
llama3-8b,alphaedit,genie,production_company_5,paraphrase_1,acc,pre,0.5
llama3-8b,alphaedit,genie,production_company_5,paraphrase_2,success,pre,0.0
llama3-8b,alphaedit,genie,production_company_5,paraphrase_2,diff,pre,-0.5448667024825531
llama3-8b,alphaedit,genie,production_company_5,paraphrase_2,acc,pre,0.5
llama3-8b,alphaedit,genie,production_company_5,paraphrase_3,success,pre,0.0
llama3-8b,alphaedit,genie,production_company_5,paraphrase_3,diff,pre,-0.2504338707629176
llama3-8b,alphaedit,genie,production_company_5,paraphrase_3,acc,pre,0.5
llama3-8b,alphaedit,genie,production_company_5,hop_1,success,pre,0.0
llama3-8b,alphaedit,genie,production_company_5,hop_1,diff,pre,-0.0009198993196863152
llama3-8b,alphaedit,genie,production_company_5,hop_1,acc,pre,0.0
llama3-8b,alphaedit,genie,production_company_5,abstract_1,success,pre,1.0
llama3-8b,alphaedit,genie,production_company_5,abstract_1,diff,pre,0.5718697379593533
llama3-8b,alphaedit,genie,production_company_5,abstract_1,acc,pre,0.75
llama3-8b,alphaedit,genie,production_company_5,abstract_2,hit,pre,0.0
llama3-8b,alphaedit,genie,production_company_5,abstract_3,hit,pre,0.0
llama3-8b,alphaedit,genie,production_company_5,efficacy,success,post,1.0
llama3-8b,alphaedit,genie,production_company_5,efficacy,diff,post,0.9042199530567806
llama3-8b,alphaedit,genie,production_company_5,efficacy,acc,post,1.0
llama3-8b,alphaedit,genie,production_company_5,paraphrase_1,success,post,1.0
llama3-8b,alphaedit,genie,production_company_5,paraphrase_1,diff,post,0.5866692998462084
llama3-8b,alphaedit,genie,production_company_5,paraphrase_1,acc,post,1.0
llama3-8b,alphaedit,genie,production_company_5,paraphrase_2,success,post,1.0
llama3-8b,alphaedit,genie,production_company_5,paraphrase_2,diff,post,0.6812551755727803
llama3-8b,alphaedit,genie,production_company_5,paraphrase_2,acc,post,1.0
llama3-8b,alphaedit,genie,production_company_5,paraphrase_3,success,post,1.0
llama3-8b,alphaedit,genie,production_company_5,paraphrase_3,diff,post,0.8293421709002216
llama3-8b,alphaedit,genie,production_company_5,paraphrase_3,acc,post,1.0
llama3-8b,alphaedit,genie,production_company_5,hop_1,success,post,1.0
llama3-8b,alphaedit,genie,production_company_5,hop_1,diff,post,0.014280339287929263
llama3-8b,alphaedit,genie,production_company_5,hop_1,acc,post,0.0
llama3-8b,alphaedit,genie,production_company_5,abstract_1,success,post,1.0
llama3-8b,alphaedit,genie,production_company_5,abstract_1,diff,post,0.5969375144096496
llama3-8b,alphaedit,genie,production_company_5,abstract_1,acc,post,0.75
llama3-8b,alphaedit,genie,production_company_5,abstract_2,hit,post,1.0
llama3-8b,alphaedit,genie,production_company_5,abstract_3,hit,post,0.0
llama3-8b,alphaedit,genie,country_13,efficacy,success,pre,0.0
llama3-8b,alphaedit,genie,country_13,efficacy,diff,pre,-0.04438034871032675
llama3-8b,alphaedit,genie,country_13,efficacy,acc,pre,0.0
llama3-8b,alphaedit,genie,country_13,paraphrase_1,success,pre,0.0
llama3-8b,alphaedit,genie,country_13,paraphrase_1,diff,pre,-0.3156646634523208
llama3-8b,alphaedit,genie,country_13,paraphrase_1,acc,pre,0.0
llama3-8b,alphaedit,genie,country_13,paraphrase_2,success,pre,0.0
llama3-8b,alphaedit,genie,country_13,paraphrase_2,diff,pre,-0.24617087017933548
llama3-8b,alphaedit,genie,country_13,paraphrase_2,acc,pre,0.0
llama3-8b,alphaedit,genie,country_13,paraphrase_3,success,pre,0.0
llama3-8b,alphaedit,genie,country_13,paraphrase_3,diff,pre,-0.1390489186106315
llama3-8b,alphaedit,genie,country_13,paraphrase_3,acc,pre,0.0
llama3-8b,alphaedit,genie,country_13,hop_1,success,pre,0.0
llama3-8b,alphaedit,genie,country_13,hop_1,diff,pre,-0.0144197723647481
llama3-8b,alphaedit,genie,country_13,hop_1,acc,pre,0.0
llama3-8b,alphaedit,genie,country_13,abstract_1,success,pre,1.0
llama3-8b,alphaedit,genie,country_13,abstract_1,diff,pre,0.39571810950808356
llama3-8b,alphaedit,genie,country_13,abstract_1,acc,pre,1.0
llama3-8b,alphaedit,genie,country_13,abstract_3,hit,pre,0.0
llama3-8b,alphaedit,genie,country_13,efficacy,success,post,1.0
llama3-8b,alphaedit,genie,country_13,efficacy,diff,post,0.9249541461716942
llama3-8b,alphaedit,genie,country_13,efficacy,acc,post,1.0
llama3-8b,alphaedit,genie,country_13,paraphrase_1,success,post,0.0
llama3-8b,alphaedit,genie,country_13,paraphrase_1,diff,post,-0.033468520792423906
llama3-8b,alphaedit,genie,country_13,paraphrase_1,acc,post,0.0
llama3-8b,alphaedit,genie,country_13,paraphrase_2,success,post,0.0
llama3-8b,alphaedit,genie,country_13,paraphrase_2,diff,post,-0.2174255343169461
llama3-8b,alphaedit,genie,country_13,paraphrase_2,acc,post,0.0
llama3-8b,alphaedit,genie,country_13,paraphrase_3,success,post,1.0
llama3-8b,alphaedit,genie,country_13,paraphrase_3,diff,post,0.1490463209505713
llama3-8b,alphaedit,genie,country_13,paraphrase_3,acc,post,1.0
llama3-8b,alphaedit,genie,country_13,hop_1,success,post,1.0
llama3-8b,alphaedit,genie,country_13,hop_1,diff,post,0.13717509659586066
llama3-8b,alphaedit,genie,country_13,hop_1,acc,post,0.0
llama3-8b,alphaedit,genie,country_13,abstract_1,success,post,1.0
llama3-8b,alphaedit,genie,country_13,abstract_1,diff,post,0.3809535663658268
llama3-8b,alphaedit,genie,country_13,abstract_1,acc,post,1.0
llama3-8b,alphaedit,genie,country_13,abstract_3,hit,post,0.0
llama3-8b,alphaedit,mquake,1,efficacy,success,pre,0.5
llama3-8b,alphaedit,mquake,1,efficacy,diff,pre,-0.12516460852795738
llama3-8b,alphaedit,mquake,1,efficacy,acc,pre,0.3333333333333333
llama3-8b,alphaedit,mquake,1,single_hop,success,pre,0.5
llama3-8b,alphaedit,mquake,1,single_hop,diff,pre,-0.12516460852795738
llama3-8b,alphaedit,mquake,1,single_hop,acc,pre,0.3333333333333333
llama3-8b,alphaedit,mquake,1,multihop,hit,pre,0.0
llama3-8b,alphaedit,mquake,1,efficacy,success,post,1.0
llama3-8b,alphaedit,mquake,1,efficacy,diff,post,0.62104077170105
llama3-8b,alphaedit,mquake,1,efficacy,acc,post,0.75
llama3-8b,alphaedit,mquake,1,single_hop,success,post,1.0
llama3-8b,alphaedit,mquake,1,single_hop,diff,post,0.62104077170105
llama3-8b,alphaedit,mquake,1,single_hop,acc,post,0.75
llama3-8b,alphaedit,mquake,1,multihop,hit,post,0.0
llama3-8b,alphaedit,mquake,2,efficacy,success,pre,0.0
llama3-8b,alphaedit,mquake,2,efficacy,diff,pre,-0.5267057367602159
llama3-8b,alphaedit,mquake,2,efficacy,acc,pre,0.25
llama3-8b,alphaedit,mquake,2,single_hop,success,pre,0.5
llama3-8b,alphaedit,mquake,2,single_hop,diff,pre,-0.16526882502839385
llama3-8b,alphaedit,mquake,2,single_hop,acc,pre,0.625
llama3-8b,alphaedit,mquake,2,multihop,hit,pre,0.0
llama3-8b,alphaedit,mquake,2,efficacy,success,post,1.0
llama3-8b,alphaedit,mquake,2,efficacy,diff,post,0.2327574410379518
llama3-8b,alphaedit,mquake,2,efficacy,acc,post,0.75
llama3-8b,alphaedit,mquake,2,single_hop,success,post,1.0
llama3-8b,alphaedit,mquake,2,single_hop,diff,post,0.21171365067510461
llama3-8b,alphaedit,mquake,2,single_hop,acc,post,0.875
llama3-8b,alphaedit,mquake,2,multihop,hit,post,0.0
llama3-8b,alphaedit,mquake,3,efficacy,success,pre,0.0
llama3-8b,alphaedit,mquake,3,efficacy,diff,pre,-0.9471558434905721
llama3-8b,alphaedit,mquake,3,efficacy,acc,pre,0.5
llama3-8b,alphaedit,mquake,3,single_hop,success,pre,0.5
llama3-8b,alphaedit,mquake,3,single_hop,diff,pre,-0.44308061206966204
llama3-8b,alphaedit,mquake,3,single_hop,acc,pre,0.25
llama3-8b,alphaedit,mquake,3,multihop,hit,pre,0.0
llama3-8b,alphaedit,mquake,3,efficacy,success,post,1.0
llama3-8b,alphaedit,mquake,3,efficacy,diff,post,0.20398514250976862
llama3-8b,alphaedit,mquake,3,efficacy,acc,post,0.5
llama3-8b,alphaedit,mquake,3,single_hop,success,post,1.0
llama3-8b,alphaedit,mquake,3,single_hop,diff,post,0.14433518822308924
llama3-8b,alphaedit,mquake,3,single_hop,acc,post,0.25
llama3-8b,alphaedit,mquake,3,multihop,hit,post,0.0
llama3-8b,alphaedit,mquake,4,efficacy,success,pre,0.0
llama3-8b,alphaedit,mquake,4,efficacy,diff,pre,-0.09838012555666456
llama3-8b,alphaedit,mquake,4,efficacy,acc,pre,0.6666666666666666
llama3-8b,alphaedit,mquake,4,single_hop,success,pre,0.5
llama3-8b,alphaedit,mquake,4,single_hop,diff,pre,-0.049114836266503516
llama3-8b,alphaedit,mquake,4,single_hop,acc,pre,0.3333333333333333
llama3-8b,alphaedit,mquake,4,multihop,hit,pre,0.0
llama3-8b,alphaedit,mquake,4,efficacy,success,post,1.0
llama3-8b,alphaedit,mquake,4,efficacy,diff,post,0.5917435402438807
llama3-8b,alphaedit,mquake,4,efficacy,acc,post,1.0
llama3-8b,alphaedit,mquake,4,single_hop,success,post,1.0
llama3-8b,alphaedit,mquake,4,single_hop,diff,post,0.295967065260324
llama3-8b,alphaedit,mquake,4,single_hop,acc,post,0.5
llama3-8b,alphaedit,mquake,4,multihop,hit,post,0.0
llama3-8b,alphaedit,mquake,5,efficacy,success,pre,0.0
llama3-8b,alphaedit,mquake,5,efficacy,diff,pre,-0.19261296640240017
llama3-8b,alphaedit,mquake,5,efficacy,acc,pre,0.2
llama3-8b,alphaedit,mquake,5,single_hop,success,pre,0.0
llama3-8b,alphaedit,mquake,5,single_hop,diff,pre,-0.19261296640240017
llama3-8b,alphaedit,mquake,5,single_hop,acc,pre,0.2
llama3-8b,alphaedit,mquake,5,multihop,hit,pre,0.0
llama3-8b,alphaedit,mquake,5,efficacy,success,post,1.0
llama3-8b,alphaedit,mquake,5,efficacy,diff,post,0.8079845191544446
llama3-8b,alphaedit,mquake,5,efficacy,acc,post,1.0
llama3-8b,alphaedit,mquake,5,single_hop,success,post,1.0
llama3-8b,alphaedit,mquake,5,single_hop,diff,post,0.8079845191544446
llama3-8b,alphaedit,mquake,5,single_hop,acc,post,1.0
llama3-8b,alphaedit,mquake,5,multihop,hit,post,0.0
llama3-8b,alphaedit,ripple,ripple_popular_row0,efficacy,hit,pre,0.0
llama3-8b,alphaedit,ripple,ripple_popular_row0,ripple_compositional_i,hit,pre,0.0
llama3-8b,alphaedit,ripple,ripple_popular_row0,ripple_aliasing,hit,pre,0.0
llama3-8b,alphaedit,ripple,ripple_popular_row0,ripple_relation_specificity,hit,pre,0.7777777777777778
llama3-8b,alphaedit,ripple,ripple_popular_row0,ripple_preservation,hit,pre,0.0
llama3-8b,alphaedit,ripple,ripple_popular_row0,efficacy,hit,post,1.0
llama3-8b,alphaedit,ripple,ripple_popular_row0,ripple_compositional_i,hit,post,0.5714285714285714
llama3-8b,alphaedit,ripple,ripple_popular_row0,ripple_aliasing,hit,post,1.0
llama3-8b,alphaedit,ripple,ripple_popular_row0,ripple_relation_specificity,hit,post,0.2222222222222222
llama3-8b,alphaedit,ripple,ripple_popular_row0,ripple_preservation,hit,post,0.0
llama3-8b,alphaedit,ripple,ripple_popular_row2,efficacy,hit,pre,0.0
llama3-8b,alphaedit,ripple,ripple_popular_row2,ripple_logical,hit,pre,0.0
llama3-8b,alphaedit,ripple,ripple_popular_row2,ripple_compositional_i,hit,pre,0.0
llama3-8b,alphaedit,ripple,ripple_popular_row2,ripple_aliasing,hit,pre,0.0
llama3-8b,alphaedit,ripple,ripple_popular_row2,ripple_relation_specificity,hit,pre,0.5555555555555556
llama3-8b,alphaedit,ripple,ripple_popular_row2,ripple_preservation,hit,pre,1.0
llama3-8b,alphaedit,ripple,ripple_popular_row2,efficacy,hit,post,1.0
llama3-8b,alphaedit,ripple,ripple_popular_row2,ripple_logical,hit,post,0.0
llama3-8b,alphaedit,ripple,ripple_popular_row2,ripple_compositional_i,hit,post,0.2
llama3-8b,alphaedit,ripple,ripple_popular_row2,ripple_aliasing,hit,post,1.0
llama3-8b,alphaedit,ripple,ripple_popular_row2,ripple_relation_specificity,hit,post,0.2222222222222222
llama3-8b,alphaedit,ripple,ripple_popular_row2,ripple_preservation,hit,post,0.0
llama3-8b,alphaedit,ripple,ripple_popular_row4,efficacy,hit,pre,0.0
llama3-8b,alphaedit,ripple,ripple_popular_row4,ripple_logical,hit,pre,0.0
llama3-8b,alphaedit,ripple,ripple_popular_row4,ripple_aliasing,hit,pre,0.0
llama3-8b,alphaedit,ripple,ripple_popular_row4,ripple_relation_specificity,hit,pre,0.3333333333333333
llama3-8b,alphaedit,ripple,ripple_popular_row4,ripple_preservation,hit,pre,0.0
llama3-8b,alphaedit,ripple,ripple_popular_row4,efficacy,hit,post,1.0
llama3-8b,alphaedit,ripple,ripple_popular_row4,ripple_logical,hit,post,0.0
llama3-8b,alphaedit,ripple,ripple_popular_row4,ripple_aliasing,hit,post,0.0
llama3-8b,alphaedit,ripple,ripple_popular_row4,ripple_relation_specificity,hit,post,0.3333333333333333
llama3-8b,alphaedit,ripple,ripple_popular_row4,ripple_preservation,hit,post,0.0
llama3-8b,alphaedit,ripple,ripple_random_row0,efficacy,hit,pre,0.0
llama3-8b,alphaedit,ripple,ripple_random_row0,ripple_logical,hit,pre,0.0
llama3-8b,alphaedit,ripple,ripple_random_row0,ripple_aliasing,hit,pre,0.0
llama3-8b,alphaedit,ripple,ripple_random_row0,ripple_relation_specificity,hit,pre,0.0
llama3-8b,alphaedit,ripple,ripple_random_row0,efficacy,hit,post,0.0
llama3-8b,alphaedit,ripple,ripple_random_row0,ripple_logical,hit,post,0.0
llama3-8b,alphaedit,ripple,ripple_random_row0,ripple_aliasing,hit,post,0.0
llama3-8b,alphaedit,ripple,ripple_random_row0,ripple_relation_specificity,hit,post,0.0
llama3-8b,alphaedit,ripple,ripple_random_row1,efficacy,hit,pre,0.0
llama3-8b,alphaedit,ripple,ripple_random_row1,ripple_compositional_i,hit,pre,0.0
llama3-8b,alphaedit,ripple,ripple_random_row1,ripple_aliasing,hit,pre,0.0
llama3-8b,alphaedit,ripple,ripple_random_row1,ripple_relation_specificity,hit,pre,0.0
llama3-8b,alphaedit,ripple,ripple_random_row1,efficacy,hit,post,1.0
llama3-8b,alphaedit,ripple,ripple_random_row1,ripple_compositional_i,hit,post,0.0
llama3-8b,alphaedit,ripple,ripple_random_row1,ripple_aliasing,hit,post,0.0
llama3-8b,alphaedit,ripple,ripple_random_row1,ripple_relation_specificity,hit,post,0.0
llama3-8b,alphaedit,ripple,ripple_random_row2,efficacy,hit,pre,0.0
llama3-8b,alphaedit,ripple,ripple_random_row2,ripple_compositional_i,hit,pre,0.0
llama3-8b,alphaedit,ripple,ripple_random_row2,ripple_aliasing,hit,pre,0.0
llama3-8b,alphaedit,ripple,ripple_random_row2,efficacy,hit,post,0.0
llama3-8b,alphaedit,ripple,ripple_random_row2,ripple_compositional_i,hit,post,0.0
llama3-8b,alphaedit,ripple,ripple_random_row2,ripple_aliasing,hit,post,1.0
llama3-8b,alphaedit,ripple,ripple_random_row3,efficacy,hit,pre,0.0
llama3-8b,alphaedit,ripple,ripple_random_row3,ripple_aliasing,hit,pre,0.0
llama3-8b,alphaedit,ripple,ripple_random_row3,ripple_relation_specificity,hit,pre,0.25
llama3-8b,alphaedit,ripple,ripple_random_row3,ripple_preservation,hit,pre,0.0
llama3-8b,alphaedit,ripple,ripple_random_row3,efficacy,hit,post,1.0
llama3-8b,alphaedit,ripple,ripple_random_row3,ripple_aliasing,hit,post,0.0
llama3-8b,alphaedit,ripple,ripple_random_row3,ripple_relation_specificity,hit,post,0.25
llama3-8b,alphaedit,ripple,ripple_random_row3,ripple_preservation,hit,post,0.0
llama3-8b,alphaedit,ripple,ripple_random_row4,efficacy,hit,pre,0.0
llama3-8b,alphaedit,ripple,ripple_random_row4,ripple_aliasing,hit,pre,0.0
llama3-8b,alphaedit,ripple,ripple_random_row4,ripple_relation_specificity,hit,pre,0.6666666666666666
llama3-8b,alphaedit,ripple,ripple_random_row4,ripple_preservation,hit,pre,0.0
llama3-8b,alphaedit,ripple,ripple_random_row4,efficacy,hit,post,0.0
llama3-8b,alphaedit,ripple,ripple_random_row4,ripple_aliasing,hit,post,0.0
llama3-8b,alphaedit,ripple,ripple_random_row4,ripple_relation_specificity,hit,post,0.3333333333333333
llama3-8b,alphaedit,ripple,ripple_random_row4,ripple_preservation,hit,post,0.0
llama3-8b,alphaedit,zsre,zsre_row0,efficacy,success,pre,1.0
llama3-8b,alphaedit,zsre,zsre_row0,efficacy,diff,pre,0.0369414045465265
llama3-8b,alphaedit,zsre,zsre_row0,efficacy,acc,pre,0.3333333333333333
llama3-8b,alphaedit,zsre,zsre_row0,generalisation,success,pre,1.0
llama3-8b,alphaedit,zsre,zsre_row0,generalisation,diff,pre,0.016267404748743455
llama3-8b,alphaedit,zsre,zsre_row0,generalisation,acc,pre,0.3333333333333333
llama3-8b,alphaedit,zsre,zsre_row0,specificity,success,pre,0.0
llama3-8b,alphaedit,zsre,zsre_row0,specificity,diff,pre,-0.00038704909303236695
llama3-8b,alphaedit,zsre,zsre_row0,specificity,acc,pre,0.6666666666666666
llama3-8b,alphaedit,zsre,zsre_row0,efficacy,success,post,1.0
llama3-8b,alphaedit,zsre,zsre_row0,efficacy,diff,post,0.9840773325177166
llama3-8b,alphaedit,zsre,zsre_row0,efficacy,acc,post,1.0
llama3-8b,alphaedit,zsre,zsre_row0,generalisation,success,post,1.0
llama3-8b,alphaedit,zsre,zsre_row0,generalisation,diff,post,0.5170750155878885
llama3-8b,alphaedit,zsre,zsre_row0,generalisation,acc,post,1.0
llama3-8b,alphaedit,zsre,zsre_row0,specificity,success,post,0.0
llama3-8b,alphaedit,zsre,zsre_row0,specificity,diff,post,-0.0003473539320272216
llama3-8b,alphaedit,zsre,zsre_row0,specificity,acc,post,0.6666666666666666
llama3-8b,alphaedit,zsre,zsre_row1,efficacy,success,pre,0.0
llama3-8b,alphaedit,zsre,zsre_row1,efficacy,diff,pre,-0.1378009694705405
llama3-8b,alphaedit,zsre,zsre_row1,efficacy,acc,pre,0.0
llama3-8b,alphaedit,zsre,zsre_row1,generalisation,success,pre,0.0
llama3-8b,alphaedit,zsre,zsre_row1,generalisation,diff,pre,-0.1258746068663492
llama3-8b,alphaedit,zsre,zsre_row1,generalisation,acc,pre,0.0
llama3-8b,alphaedit,zsre,zsre_row1,specificity,success,pre,0.0
llama3-8b,alphaedit,zsre,zsre_row1,specificity,diff,pre,-0.0034145509734565573
llama3-8b,alphaedit,zsre,zsre_row1,specificity,acc,pre,0.5
llama3-8b,alphaedit,zsre,zsre_row1,efficacy,success,post,1.0
llama3-8b,alphaedit,zsre,zsre_row1,efficacy,diff,post,0.9884886737293049
llama3-8b,alphaedit,zsre,zsre_row1,efficacy,acc,post,1.0
llama3-8b,alphaedit,zsre,zsre_row1,generalisation,success,post,1.0
llama3-8b,alphaedit,zsre,zsre_row1,generalisation,diff,post,0.6728681716271663
llama3-8b,alphaedit,zsre,zsre_row1,generalisation,acc,post,1.0
llama3-8b,alphaedit,zsre,zsre_row1,specificity,success,post,0.0
llama3-8b,alphaedit,zsre,zsre_row1,specificity,diff,post,-0.003406506512149903
llama3-8b,alphaedit,zsre,zsre_row1,specificity,acc,post,0.5
llama3-8b,alphaedit,zsre,zsre_row2,efficacy,success,pre,1.0
llama3-8b,alphaedit,zsre,zsre_row2,efficacy,diff,pre,1.208607070673092e-06
llama3-8b,alphaedit,zsre,zsre_row2,efficacy,acc,pre,0.0
llama3-8b,alphaedit,zsre,zsre_row2,generalisation,success,pre,0.0
llama3-8b,alphaedit,zsre,zsre_row2,generalisation,diff,pre,-3.4509760115199677e-06
llama3-8b,alphaedit,zsre,zsre_row2,generalisation,acc,pre,0.0
llama3-8b,alphaedit,zsre,zsre_row2,specificity,success,pre,0.0
llama3-8b,alphaedit,zsre,zsre_row2,specificity,diff,pre,-0.004027526213683726
llama3-8b,alphaedit,zsre,zsre_row2,specificity,acc,pre,0.3333333333333333
llama3-8b,alphaedit,zsre,zsre_row2,efficacy,success,post,1.0
llama3-8b,alphaedit,zsre,zsre_row2,efficacy,diff,post,0.00042784022016703713
llama3-8b,alphaedit,zsre,zsre_row2,efficacy,acc,post,0.0
llama3-8b,alphaedit,zsre,zsre_row2,generalisation,success,post,1.0
llama3-8b,alphaedit,zsre,zsre_row2,generalisation,diff,post,0.0002988034448453788
llama3-8b,alphaedit,zsre,zsre_row2,generalisation,acc,post,0.0
llama3-8b,alphaedit,zsre,zsre_row2,specificity,success,post,0.0
llama3-8b,alphaedit,zsre,zsre_row2,specificity,diff,post,-0.004006775089117102
llama3-8b,alphaedit,zsre,zsre_row2,specificity,acc,post,0.3333333333333333
llama3-8b,alphaedit,zsre,zsre_row3,efficacy,success,pre,0.0
llama3-8b,alphaedit,zsre,zsre_row3,efficacy,diff,pre,-0.058418318212685255
llama3-8b,alphaedit,zsre,zsre_row3,efficacy,acc,pre,0.5
llama3-8b,alphaedit,zsre,zsre_row3,generalisation,success,pre,0.0
llama3-8b,alphaedit,zsre,zsre_row3,generalisation,diff,pre,-0.11300777712207462
llama3-8b,alphaedit,zsre,zsre_row3,generalisation,acc,pre,0.75
llama3-8b,alphaedit,zsre,zsre_row3,specificity,success,pre,1.0
llama3-8b,alphaedit,zsre,zsre_row3,specificity,diff,pre,0.0058963752025680315
llama3-8b,alphaedit,zsre,zsre_row3,specificity,acc,pre,0.5
llama3-8b,alphaedit,zsre,zsre_row3,efficacy,success,post,1.0
llama3-8b,alphaedit,zsre,zsre_row3,efficacy,diff,post,0.8992888471406524
llama3-8b,alphaedit,zsre,zsre_row3,efficacy,acc,post,1.0
llama3-8b,alphaedit,zsre,zsre_row3,generalisation,success,post,1.0
llama3-8b,alphaedit,zsre,zsre_row3,generalisation,diff,post,0.9530840599549486
llama3-8b,alphaedit,zsre,zsre_row3,generalisation,acc,post,1.0
llama3-8b,alphaedit,zsre,zsre_row3,specificity,success,post,1.0
llama3-8b,alphaedit,zsre,zsre_row3,specificity,diff,post,0.006310970041052448
llama3-8b,alphaedit,zsre,zsre_row3,specificity,acc,post,0.5
llama3-8b,alphaedit,zsre,zsre_row4,efficacy,success,pre,0.0
llama3-8b,alphaedit,zsre,zsre_row4,efficacy,diff,pre,-0.14452349405602496
llama3-8b,alphaedit,zsre,zsre_row4,efficacy,acc,pre,0.3333333333333333
llama3-8b,alphaedit,zsre,zsre_row4,generalisation,success,pre,0.0
llama3-8b,alphaedit,zsre,zsre_row4,generalisation,diff,pre,-0.14434793225138798
llama3-8b,alphaedit,zsre,zsre_row4,generalisation,acc,pre,0.0
llama3-8b,alphaedit,zsre,zsre_row4,specificity,success,pre,0.0
llama3-8b,alphaedit,zsre,zsre_row4,specificity,diff,pre,-0.013939163292535884
llama3-8b,alphaedit,zsre,zsre_row4,specificity,acc,pre,0.6
llama3-8b,alphaedit,zsre,zsre_row4,efficacy,success,post,1.0
llama3-8b,alphaedit,zsre,zsre_row4,efficacy,diff,post,0.6235262875961209
llama3-8b,alphaedit,zsre,zsre_row4,efficacy,acc,post,1.0
llama3-8b,alphaedit,zsre,zsre_row4,generalisation,success,post,0.0
llama3-8b,alphaedit,zsre,zsre_row4,generalisation,diff,post,-0.0033344346113535484
llama3-8b,alphaedit,zsre,zsre_row4,generalisation,acc,post,0.6666666666666666
llama3-8b,alphaedit,zsre,zsre_row4,specificity,success,post,0.0
llama3-8b,alphaedit,zsre,zsre_row4,specificity,diff,post,-0.014119830448900712
llama3-8b,alphaedit,zsre,zsre_row4,specificity,acc,post,0.6
llama3-8b,anyedit,counterfact,0,efficacy,success,pre,0.0
llama3-8b,anyedit,counterfact,0,efficacy,diff,pre,-0.554447759264991
llama3-8b,anyedit,counterfact,0,efficacy,acc,pre,0.0
llama3-8b,anyedit,counterfact,0,generalisation,success,pre,0.0
llama3-8b,anyedit,counterfact,0,generalisation,diff,pre,-0.017276258042719
llama3-8b,anyedit,counterfact,0,generalisation,acc,pre,0.0
llama3-8b,anyedit,counterfact,0,specificity,success,pre,0.0
llama3-8b,anyedit,counterfact,0,specificity,diff,pre,-0.3691831430535373
llama3-8b,anyedit,counterfact,0,specificity,acc,pre,0.5
llama3-8b,anyedit,counterfact,0,target_close_neighbour,success,pre,1.0
llama3-8b,anyedit,counterfact,0,target_close_neighbour,diff,pre,0.13501298562453548
llama3-8b,anyedit,counterfact,0,target_close_neighbour,acc,pre,0.4
llama3-8b,anyedit,counterfact,0,efficacy,success,post,1.0
llama3-8b,anyedit,counterfact,0,efficacy,diff,post,0.9986096741837505
llama3-8b,anyedit,counterfact,0,efficacy,acc,post,1.0
llama3-8b,anyedit,counterfact,0,generalisation,success,post,0.0
llama3-8b,anyedit,counterfact,0,generalisation,diff,post,-0.016345371822400426
llama3-8b,anyedit,counterfact,0,generalisation,acc,post,0.0
llama3-8b,anyedit,counterfact,0,specificity,success,post,0.5
llama3-8b,anyedit,counterfact,0,specificity,diff,post,0.20508371501746714
llama3-8b,anyedit,counterfact,0,specificity,acc,post,0.2
llama3-8b,anyedit,counterfact,0,target_close_neighbour,success,post,1.0
llama3-8b,anyedit,counterfact,0,target_close_neighbour,diff,post,0.26169686346944554
llama3-8b,anyedit,counterfact,0,target_close_neighbour,acc,post,0.4
llama3-8b,anyedit,counterfact,1,efficacy,success,pre,0.0
llama3-8b,anyedit,counterfact,1,efficacy,diff,pre,-0.15195808065583227
llama3-8b,anyedit,counterfact,1,efficacy,acc,pre,0.0
llama3-8b,anyedit,counterfact,1,generalisation,success,pre,0.0
llama3-8b,anyedit,counterfact,1,generalisation,diff,pre,-0.03057342970014454
llama3-8b,anyedit,counterfact,1,generalisation,acc,pre,0.0
llama3-8b,anyedit,counterfact,1,specificity,success,pre,0.4
llama3-8b,anyedit,counterfact,1,specificity,diff,pre,-0.007853033098426339
llama3-8b,anyedit,counterfact,1,specificity,acc,pre,0.0
llama3-8b,anyedit,counterfact,1,target_close_neighbour,success,pre,1.0
llama3-8b,anyedit,counterfact,1,target_close_neighbour,diff,pre,0.12185462705339314
llama3-8b,anyedit,counterfact,1,target_close_neighbour,acc,pre,0.2
llama3-8b,anyedit,counterfact,1,efficacy,success,post,1.0
llama3-8b,anyedit,counterfact,1,efficacy,diff,post,0.9968019170225532
llama3-8b,anyedit,counterfact,1,efficacy,acc,post,1.0
llama3-8b,anyedit,counterfact,1,generalisation,success,post,0.5
llama3-8b,anyedit,counterfact,1,generalisation,diff,post,0.0008237569811191912
llama3-8b,anyedit,counterfact,1,generalisation,acc,post,0.0
llama3-8b,anyedit,counterfact,1,specificity,success,post,0.8
llama3-8b,anyedit,counterfact,1,specificity,diff,post,0.04903303818899181
llama3-8b,anyedit,counterfact,1,specificity,acc,post,0.0
llama3-8b,anyedit,counterfact,1,target_close_neighbour,success,post,1.0
llama3-8b,anyedit,counterfact,1,target_close_neighbour,diff,post,0.1884824886460078
llama3-8b,anyedit,counterfact,1,target_close_neighbour,acc,post,0.3
llama3-8b,anyedit,counterfact,2,efficacy,success,pre,1.0
llama3-8b,anyedit,counterfact,2,efficacy,diff,pre,2.1259822173694097e-05
llama3-8b,anyedit,counterfact,2,efficacy,acc,pre,0.0
llama3-8b,anyedit,counterfact,2,generalisation,success,pre,1.0
llama3-8b,anyedit,counterfact,2,generalisation,diff,pre,0.041588110685158136
llama3-8b,anyedit,counterfact,2,generalisation,acc,pre,0.5
llama3-8b,anyedit,counterfact,2,specificity,success,pre,0.6
llama3-8b,anyedit,counterfact,2,specificity,diff,pre,-0.016179983789135374
llama3-8b,anyedit,counterfact,2,specificity,acc,pre,0.2
llama3-8b,anyedit,counterfact,2,target_close_neighbour,success,pre,1.0
llama3-8b,anyedit,counterfact,2,target_close_neighbour,diff,pre,0.11117857836485087
llama3-8b,anyedit,counterfact,2,target_close_neighbour,acc,pre,0.6
llama3-8b,anyedit,counterfact,2,efficacy,success,post,1.0
llama3-8b,anyedit,counterfact,2,efficacy,diff,post,0.7314360687412159
llama3-8b,anyedit,counterfact,2,efficacy,acc,post,1.0
llama3-8b,anyedit,counterfact,2,generalisation,success,post,1.0
llama3-8b,anyedit,counterfact,2,generalisation,diff,post,0.05095481511049603
llama3-8b,anyedit,counterfact,2,generalisation,acc,post,0.5
llama3-8b,anyedit,counterfact,2,specificity,success,post,0.6
llama3-8b,anyedit,counterfact,2,specificity,diff,post,-0.013705778537258576
llama3-8b,anyedit,counterfact,2,specificity,acc,post,0.2
llama3-8b,anyedit,counterfact,2,target_close_neighbour,success,post,1.0
llama3-8b,anyedit,counterfact,2,target_close_neighbour,diff,post,0.1238338116156684
llama3-8b,anyedit,counterfact,2,target_close_neighbour,acc,post,0.6
llama3-8b,anyedit,counterfact,3,efficacy,success,pre,0.0
llama3-8b,anyedit,counterfact,3,efficacy,diff,pre,-0.1697459130973153
llama3-8b,anyedit,counterfact,3,efficacy,acc,pre,0.0
llama3-8b,anyedit,counterfact,3,generalisation,success,pre,0.0
llama3-8b,anyedit,counterfact,3,generalisation,diff,pre,-0.13498591406009813
llama3-8b,anyedit,counterfact,3,generalisation,acc,pre,0.0
llama3-8b,anyedit,counterfact,3,specificity,success,pre,0.3
llama3-8b,anyedit,counterfact,3,specificity,diff,pre,-0.03252874393447408
llama3-8b,anyedit,counterfact,3,specificity,acc,pre,0.0
llama3-8b,anyedit,counterfact,3,target_close_neighbour,success,pre,1.0
llama3-8b,anyedit,counterfact,3,target_close_neighbour,diff,pre,0.1456747153974075
llama3-8b,anyedit,counterfact,3,target_close_neighbour,acc,pre,0.1
llama3-8b,anyedit,counterfact,3,efficacy,success,post,1.0
llama3-8b,anyedit,counterfact,3,efficacy,diff,post,0.9934115636786526
llama3-8b,anyedit,counterfact,3,efficacy,acc,post,1.0
llama3-8b,anyedit,counterfact,3,generalisation,success,post,0.5
llama3-8b,anyedit,counterfact,3,generalisation,diff,post,0.23556820697490394
llama3-8b,anyedit,counterfact,3,generalisation,acc,post,0.5
llama3-8b,anyedit,counterfact,3,specificity,success,post,0.3
llama3-8b,anyedit,counterfact,3,specificity,diff,post,-0.04460913786755244
llama3-8b,anyedit,counterfact,3,specificity,acc,post,0.0
llama3-8b,anyedit,counterfact,3,target_close_neighbour,success,post,1.0
llama3-8b,anyedit,counterfact,3,target_close_neighbour,diff,post,0.19744751712307057
llama3-8b,anyedit,counterfact,3,target_close_neighbour,acc,post,0.1
llama3-8b,anyedit,counterfact,4,efficacy,success,pre,0.0
llama3-8b,anyedit,counterfact,4,efficacy,diff,pre,-2.2771917746545605e-05
llama3-8b,anyedit,counterfact,4,efficacy,acc,pre,0.0
llama3-8b,anyedit,counterfact,4,generalisation,success,pre,0.0
llama3-8b,anyedit,counterfact,4,generalisation,diff,pre,-1.0676113748920616e-05
llama3-8b,anyedit,counterfact,4,generalisation,acc,pre,0.0
llama3-8b,anyedit,counterfact,4,specificity,success,pre,0.2
llama3-8b,anyedit,counterfact,4,specificity,diff,pre,-0.00018899709688531834
llama3-8b,anyedit,counterfact,4,specificity,acc,pre,0.0
llama3-8b,anyedit,counterfact,4,target_close_neighbour,success,pre,0.9
llama3-8b,anyedit,counterfact,4,target_close_neighbour,diff,pre,0.001214846095154634
llama3-8b,anyedit,counterfact,4,target_close_neighbour,acc,pre,0.0
llama3-8b,anyedit,counterfact,4,efficacy,success,post,1.0
llama3-8b,anyedit,counterfact,4,efficacy,diff,post,0.9764626235744747
llama3-8b,anyedit,counterfact,4,efficacy,acc,post,1.0
llama3-8b,anyedit,counterfact,4,generalisation,success,post,0.0
llama3-8b,anyedit,counterfact,4,generalisation,diff,post,-3.6235291966650692e-06
llama3-8b,anyedit,counterfact,4,generalisation,acc,post,0.0
llama3-8b,anyedit,counterfact,4,specificity,success,post,0.6
llama3-8b,anyedit,counterfact,4,specificity,diff,post,0.5738632764688042
llama3-8b,anyedit,counterfact,4,specificity,acc,post,0.0
llama3-8b,anyedit,counterfact,4,target_close_neighbour,success,post,1.0
llama3-8b,anyedit,counterfact,4,target_close_neighbour,diff,post,0.2838792112693115
llama3-8b,anyedit,counterfact,4,target_close_neighbour,acc,post,0.3
llama3-8b,anyedit,genie,composer_2,efficacy,success,pre,0.0
llama3-8b,anyedit,genie,composer_2,efficacy,diff,pre,-0.320825650779981
llama3-8b,anyedit,genie,composer_2,efficacy,acc,pre,0.0
llama3-8b,anyedit,genie,composer_2,paraphrase_1,success,pre,0.0
llama3-8b,anyedit,genie,composer_2,paraphrase_1,diff,pre,-0.8570532791137904
llama3-8b,anyedit,genie,composer_2,paraphrase_1,acc,pre,0.0
llama3-8b,anyedit,genie,composer_2,paraphrase_2,success,pre,0.0
llama3-8b,anyedit,genie,composer_2,paraphrase_2,diff,pre,-0.7712498457232887
llama3-8b,anyedit,genie,composer_2,paraphrase_2,acc,pre,0.0
llama3-8b,anyedit,genie,composer_2,paraphrase_3,success,pre,0.0
llama3-8b,anyedit,genie,composer_2,paraphrase_3,diff,pre,-0.7864061245154296
llama3-8b,anyedit,genie,composer_2,paraphrase_3,acc,pre,0.0
llama3-8b,anyedit,genie,composer_2,hop_1,success,pre,0.0
llama3-8b,anyedit,genie,composer_2,hop_1,diff,pre,-0.005889860054774254
llama3-8b,anyedit,genie,composer_2,hop_1,acc,pre,0.0
llama3-8b,anyedit,genie,composer_2,hop_2,success,pre,1.0
llama3-8b,anyedit,genie,composer_2,hop_2,diff,pre,0.080568657616478
llama3-8b,anyedit,genie,composer_2,hop_2,acc,pre,0.0
llama3-8b,anyedit,genie,composer_2,hop_3,success,pre,0.0
llama3-8b,anyedit,genie,composer_2,hop_3,diff,pre,-0.001435770909314531
llama3-8b,anyedit,genie,composer_2,hop_3,acc,pre,0.0
llama3-8b,anyedit,genie,composer_2,abstract_1,success,pre,1.0
llama3-8b,anyedit,genie,composer_2,abstract_1,diff,pre,0.6590349953898652
llama3-8b,anyedit,genie,composer_2,abstract_1,acc,pre,1.0
llama3-8b,anyedit,genie,composer_2,abstract_2,hit,pre,0.0
llama3-8b,anyedit,genie,composer_2,abstract_3,hit,pre,0.0
llama3-8b,anyedit,genie,composer_2,efficacy,success,post,1.0
llama3-8b,anyedit,genie,composer_2,efficacy,diff,post,0.9782115628090893
llama3-8b,anyedit,genie,composer_2,efficacy,acc,post,1.0
llama3-8b,anyedit,genie,composer_2,paraphrase_1,success,post,0.0
llama3-8b,anyedit,genie,composer_2,paraphrase_1,diff,post,-0.8731047466559873
llama3-8b,anyedit,genie,composer_2,paraphrase_1,acc,post,0.0
llama3-8b,anyedit,genie,composer_2,paraphrase_2,success,post,0.0
llama3-8b,anyedit,genie,composer_2,paraphrase_2,diff,post,-0.6983570154485045
llama3-8b,anyedit,genie,composer_2,paraphrase_2,acc,post,0.0
llama3-8b,anyedit,genie,composer_2,paraphrase_3,success,post,0.0
llama3-8b,anyedit,genie,composer_2,paraphrase_3,diff,post,-0.6709211489421825
llama3-8b,anyedit,genie,composer_2,paraphrase_3,acc,post,0.0
llama3-8b,anyedit,genie,composer_2,hop_1,success,post,0.0
llama3-8b,anyedit,genie,composer_2,hop_1,diff,post,-0.006434369900444955
llama3-8b,anyedit,genie,composer_2,hop_1,acc,post,0.0
llama3-8b,anyedit,genie,composer_2,hop_2,success,post,1.0
llama3-8b,anyedit,genie,composer_2,hop_2,diff,post,0.1319831328379242
llama3-8b,anyedit,genie,composer_2,hop_2,acc,post,0.5
llama3-8b,anyedit,genie,composer_2,hop_3,success,post,1.0
llama3-8b,anyedit,genie,composer_2,hop_3,diff,post,0.0026556182751989853
llama3-8b,anyedit,genie,composer_2,hop_3,acc,post,0.0
llama3-8b,anyedit,genie,composer_2,abstract_1,success,post,1.0
llama3-8b,anyedit,genie,composer_2,abstract_1,diff,post,0.6721043580950519
llama3-8b,anyedit,genie,composer_2,abstract_1,acc,post,1.0
llama3-8b,anyedit,genie,composer_2,abstract_2,hit,post,0.0
llama3-8b,anyedit,genie,composer_2,abstract_3,hit,post,0.0
llama3-8b,anyedit,genie,director_3,efficacy,success,pre,0.0
llama3-8b,anyedit,genie,director_3,efficacy,diff,pre,-0.41994310070278756
llama3-8b,anyedit,genie,director_3,efficacy,acc,pre,0.3333333333333333
llama3-8b,anyedit,genie,director_3,paraphrase_1,success,pre,0.0
llama3-8b,anyedit,genie,director_3,paraphrase_1,diff,pre,-0.7410503557634774
llama3-8b,anyedit,genie,director_3,paraphrase_1,acc,pre,0.3333333333333333
llama3-8b,anyedit,genie,director_3,paraphrase_2,success,pre,0.0
llama3-8b,anyedit,genie,director_3,paraphrase_2,diff,pre,-0.6673397510434274
llama3-8b,anyedit,genie,director_3,paraphrase_2,acc,pre,0.3333333333333333
llama3-8b,anyedit,genie,director_3,paraphrase_3,success,pre,0.0
llama3-8b,anyedit,genie,director_3,paraphrase_3,diff,pre,-0.6516008361765899
llama3-8b,anyedit,genie,director_3,paraphrase_3,acc,pre,0.3333333333333333
llama3-8b,anyedit,genie,director_3,hop_1,success,pre,0.0
llama3-8b,anyedit,genie,director_3,hop_1,diff,pre,-0.003378755560009996
llama3-8b,anyedit,genie,director_3,hop_1,acc,pre,0.0
llama3-8b,anyedit,genie,director_3,abstract_3,hit,pre,0.0
llama3-8b,anyedit,genie,director_3,efficacy,success,post,1.0
llama3-8b,anyedit,genie,director_3,efficacy,diff,post,0.9760766070574218
llama3-8b,anyedit,genie,director_3,efficacy,acc,post,1.0
llama3-8b,anyedit,genie,director_3,paraphrase_1,success,post,0.0
llama3-8b,anyedit,genie,director_3,paraphrase_1,diff,post,-0.8496440992008312
llama3-8b,anyedit,genie,director_3,paraphrase_1,acc,post,0.3333333333333333
llama3-8b,anyedit,genie,director_3,paraphrase_2,success,post,0.0
llama3-8b,anyedit,genie,director_3,paraphrase_2,diff,post,-0.8190545619791153
llama3-8b,anyedit,genie,director_3,paraphrase_2,acc,post,0.3333333333333333
llama3-8b,anyedit,genie,director_3,paraphrase_3,success,post,0.0
llama3-8b,anyedit,genie,director_3,paraphrase_3,diff,post,-0.5926434224511036
llama3-8b,anyedit,genie,director_3,paraphrase_3,acc,post,0.3333333333333333
llama3-8b,anyedit,genie,director_3,hop_1,success,post,1.0
llama3-8b,anyedit,genie,director_3,hop_1,diff,post,0.0008049060719590028
llama3-8b,anyedit,genie,director_3,hop_1,acc,post,0.0
llama3-8b,anyedit,genie,director_3,abstract_3,hit,post,0.0
llama3-8b,anyedit,genie,composer_4,efficacy,success,pre,0.0
llama3-8b,anyedit,genie,composer_4,efficacy,diff,pre,-0.598006381239636
llama3-8b,anyedit,genie,composer_4,efficacy,acc,pre,0.5
llama3-8b,anyedit,genie,composer_4,paraphrase_1,success,pre,0.0
llama3-8b,anyedit,genie,composer_4,paraphrase_1,diff,pre,-0.7785549235478918
llama3-8b,anyedit,genie,composer_4,paraphrase_1,acc,pre,0.5
llama3-8b,anyedit,genie,composer_4,paraphrase_2,success,pre,0.0
llama3-8b,anyedit,genie,composer_4,paraphrase_2,diff,pre,-0.9368923444906349
llama3-8b,anyedit,genie,composer_4,paraphrase_2,acc,pre,0.5
llama3-8b,anyedit,genie,composer_4,paraphrase_3,success,pre,0.0
llama3-8b,anyedit,genie,composer_4,paraphrase_3,diff,pre,-0.7820082972647027
llama3-8b,anyedit,genie,composer_4,paraphrase_3,acc,pre,0.5
llama3-8b,anyedit,genie,composer_4,hop_1,success,pre,0.0
llama3-8b,anyedit,genie,composer_4,hop_1,diff,pre,-0.08852083958012388
llama3-8b,anyedit,genie,composer_4,hop_1,acc,pre,0.5
llama3-8b,anyedit,genie,composer_4,abstract_2,hit,pre,0.0
llama3-8b,anyedit,genie,composer_4,abstract_3,hit,pre,0.0
llama3-8b,anyedit,genie,composer_4,efficacy,success,post,1.0
llama3-8b,anyedit,genie,composer_4,efficacy,diff,post,0.9961884426443959
llama3-8b,anyedit,genie,composer_4,efficacy,acc,post,1.0
llama3-8b,anyedit,genie,composer_4,paraphrase_1,success,post,0.0
llama3-8b,anyedit,genie,composer_4,paraphrase_1,diff,post,-0.7718726234615576
llama3-8b,anyedit,genie,composer_4,paraphrase_1,acc,post,0.5
llama3-8b,anyedit,genie,composer_4,paraphrase_2,success,post,0.0
llama3-8b,anyedit,genie,composer_4,paraphrase_2,diff,post,-0.9013103047489768
llama3-8b,anyedit,genie,composer_4,paraphrase_2,acc,post,0.5
llama3-8b,anyedit,genie,composer_4,paraphrase_3,success,post,0.0
llama3-8b,anyedit,genie,composer_4,paraphrase_3,diff,post,-0.7359595442055257
llama3-8b,anyedit,genie,composer_4,paraphrase_3,acc,post,0.5
llama3-8b,anyedit,genie,composer_4,hop_1,success,post,0.0
llama3-8b,anyedit,genie,composer_4,hop_1,diff,post,-0.04854106847203147
llama3-8b,anyedit,genie,composer_4,hop_1,acc,post,0.5
llama3-8b,anyedit,genie,composer_4,abstract_2,hit,post,0.0
llama3-8b,anyedit,genie,composer_4,abstract_3,hit,post,0.0
llama3-8b,anyedit,genie,production_company_5,efficacy,success,pre,0.0
llama3-8b,anyedit,genie,production_company_5,efficacy,diff,pre,-0.06770304909204113
llama3-8b,anyedit,genie,production_company_5,efficacy,acc,pre,0.5
llama3-8b,anyedit,genie,production_company_5,paraphrase_1,success,pre,0.0
llama3-8b,anyedit,genie,production_company_5,paraphrase_1,diff,pre,-0.26988798561251076
llama3-8b,anyedit,genie,production_company_5,paraphrase_1,acc,pre,0.5
llama3-8b,anyedit,genie,production_company_5,paraphrase_2,success,pre,0.0
llama3-8b,anyedit,genie,production_company_5,paraphrase_2,diff,pre,-0.5448667024825531
llama3-8b,anyedit,genie,production_company_5,paraphrase_2,acc,pre,0.5
llama3-8b,anyedit,genie,production_company_5,paraphrase_3,success,pre,0.0
llama3-8b,anyedit,genie,production_company_5,paraphrase_3,diff,pre,-0.2504338707629176
llama3-8b,anyedit,genie,production_company_5,paraphrase_3,acc,pre,0.5
llama3-8b,anyedit,genie,production_company_5,hop_1,success,pre,0.0
llama3-8b,anyedit,genie,production_company_5,hop_1,diff,pre,-0.0009198993196863152
llama3-8b,anyedit,genie,production_company_5,hop_1,acc,pre,0.0
llama3-8b,anyedit,genie,production_company_5,abstract_1,success,pre,1.0
llama3-8b,anyedit,genie,production_company_5,abstract_1,diff,pre,0.5718697379593533
llama3-8b,anyedit,genie,production_company_5,abstract_1,acc,pre,0.75
llama3-8b,anyedit,genie,production_company_5,abstract_2,hit,pre,0.0
llama3-8b,anyedit,genie,production_company_5,abstract_3,hit,pre,0.0
llama3-8b,anyedit,genie,production_company_5,efficacy,success,post,1.0
llama3-8b,anyedit,genie,production_company_5,efficacy,diff,post,0.9919250064123392
llama3-8b,anyedit,genie,production_company_5,efficacy,acc,post,1.0
llama3-8b,anyedit,genie,production_company_5,paraphrase_1,success,post,0.0
llama3-8b,anyedit,genie,production_company_5,paraphrase_1,diff,post,-0.31907123272886223
llama3-8b,anyedit,genie,production_company_5,paraphrase_1,acc,post,0.5
llama3-8b,anyedit,genie,production_company_5,paraphrase_2,success,post,0.0
llama3-8b,anyedit,genie,production_company_5,paraphrase_2,diff,post,-0.6023514170245132
llama3-8b,anyedit,genie,production_company_5,paraphrase_2,acc,post,0.5
llama3-8b,anyedit,genie,production_company_5,paraphrase_3,success,post,0.0
llama3-8b,anyedit,genie,production_company_5,paraphrase_3,diff,post,-0.32830988901062047
llama3-8b,anyedit,genie,production_company_5,paraphrase_3,acc,post,0.5
llama3-8b,anyedit,genie,production_company_5,hop_1,success,post,0.0
llama3-8b,anyedit,genie,production_company_5,hop_1,diff,post,-0.006459505663453768
llama3-8b,anyedit,genie,production_company_5,hop_1,acc,post,0.0
llama3-8b,anyedit,genie,production_company_5,abstract_1,success,post,1.0
llama3-8b,anyedit,genie,production_company_5,abstract_1,diff,post,0.5240228647611435
llama3-8b,anyedit,genie,production_company_5,abstract_1,acc,post,0.75
llama3-8b,anyedit,genie,production_company_5,abstract_2,hit,post,0.0
llama3-8b,anyedit,genie,production_company_5,abstract_3,hit,post,0.0
llama3-8b,anyedit,genie,country_13,efficacy,success,pre,0.0
llama3-8b,anyedit,genie,country_13,efficacy,diff,pre,-0.04438034871032675
llama3-8b,anyedit,genie,country_13,efficacy,acc,pre,0.0
llama3-8b,anyedit,genie,country_13,paraphrase_1,success,pre,0.0
llama3-8b,anyedit,genie,country_13,paraphrase_1,diff,pre,-0.3156646634523208
llama3-8b,anyedit,genie,country_13,paraphrase_1,acc,pre,0.0
llama3-8b,anyedit,genie,country_13,paraphrase_2,success,pre,0.0
llama3-8b,anyedit,genie,country_13,paraphrase_2,diff,pre,-0.24617087017933548
llama3-8b,anyedit,genie,country_13,paraphrase_2,acc,pre,0.0
llama3-8b,anyedit,genie,country_13,paraphrase_3,success,pre,0.0
llama3-8b,anyedit,genie,country_13,paraphrase_3,diff,pre,-0.1390489186106315
llama3-8b,anyedit,genie,country_13,paraphrase_3,acc,pre,0.0
llama3-8b,anyedit,genie,country_13,hop_1,success,pre,0.0
llama3-8b,anyedit,genie,country_13,hop_1,diff,pre,-0.0144197723647481
llama3-8b,anyedit,genie,country_13,hop_1,acc,pre,0.0
llama3-8b,anyedit,genie,country_13,abstract_1,success,pre,1.0
llama3-8b,anyedit,genie,country_13,abstract_1,diff,pre,0.39571810950808356
llama3-8b,anyedit,genie,country_13,abstract_1,acc,pre,1.0
llama3-8b,anyedit,genie,country_13,abstract_3,hit,pre,0.0
llama3-8b,anyedit,genie,country_13,efficacy,success,post,1.0
llama3-8b,anyedit,genie,country_13,efficacy,diff,post,0.9947169898225382
llama3-8b,anyedit,genie,country_13,efficacy,acc,post,1.0
llama3-8b,anyedit,genie,country_13,paraphrase_1,success,post,0.0
llama3-8b,anyedit,genie,country_13,paraphrase_1,diff,post,-0.4432037370840084
llama3-8b,anyedit,genie,country_13,paraphrase_1,acc,post,0.0
llama3-8b,anyedit,genie,country_13,paraphrase_2,success,post,0.0
llama3-8b,anyedit,genie,country_13,paraphrase_2,diff,post,-0.29662337954971274
llama3-8b,anyedit,genie,country_13,paraphrase_2,acc,post,0.0
llama3-8b,anyedit,genie,country_13,paraphrase_3,success,post,0.0
llama3-8b,anyedit,genie,country_13,paraphrase_3,diff,post,-0.20326035764703276
llama3-8b,anyedit,genie,country_13,paraphrase_3,acc,post,0.0
llama3-8b,anyedit,genie,country_13,hop_1,success,post,0.0
llama3-8b,anyedit,genie,country_13,hop_1,diff,post,-0.016853088100259584
llama3-8b,anyedit,genie,country_13,hop_1,acc,post,0.0
llama3-8b,anyedit,genie,country_13,abstract_1,success,post,1.0
llama3-8b,anyedit,genie,country_13,abstract_1,diff,post,0.41016927679815646
llama3-8b,anyedit,genie,country_13,abstract_1,acc,post,1.0
llama3-8b,anyedit,genie,country_13,abstract_3,hit,post,0.0
llama3-8b,anyedit,mquake,1,efficacy,success,pre,0.5
llama3-8b,anyedit,mquake,1,efficacy,diff,pre,-0.12516460852795738
llama3-8b,anyedit,mquake,1,efficacy,acc,pre,0.3333333333333333
llama3-8b,anyedit,mquake,1,single_hop,success,pre,0.5
llama3-8b,anyedit,mquake,1,single_hop,diff,pre,-0.12516460852795738
llama3-8b,anyedit,mquake,1,single_hop,acc,pre,0.3333333333333333
llama3-8b,anyedit,mquake,1,multihop,hit,pre,0.0
llama3-8b,anyedit,mquake,1,efficacy,success,post,1.0
llama3-8b,anyedit,mquake,1,efficacy,diff,post,0.9975201488436624
llama3-8b,anyedit,mquake,1,efficacy,acc,post,1.0
llama3-8b,anyedit,mquake,1,single_hop,success,post,1.0
llama3-8b,anyedit,mquake,1,single_hop,diff,post,0.9975201488436624
llama3-8b,anyedit,mquake,1,single_hop,acc,post,1.0
llama3-8b,anyedit,mquake,1,multihop,hit,post,0.0
llama3-8b,anyedit,mquake,2,efficacy,success,pre,0.0
llama3-8b,anyedit,mquake,2,efficacy,diff,pre,-0.5267057367602159
llama3-8b,anyedit,mquake,2,efficacy,acc,pre,0.25
llama3-8b,anyedit,mquake,2,single_hop,success,pre,0.5
llama3-8b,anyedit,mquake,2,single_hop,diff,pre,-0.16526882502839385
llama3-8b,anyedit,mquake,2,single_hop,acc,pre,0.625
llama3-8b,anyedit,mquake,2,multihop,hit,pre,0.0
llama3-8b,anyedit,mquake,2,efficacy,success,post,1.0
llama3-8b,anyedit,mquake,2,efficacy,diff,post,0.1898072446414842
llama3-8b,anyedit,mquake,2,efficacy,acc,post,0.75
llama3-8b,anyedit,mquake,2,single_hop,success,post,1.0
llama3-8b,anyedit,mquake,2,single_hop,diff,post,0.1894130649664461
llama3-8b,anyedit,mquake,2,single_hop,acc,post,0.875
llama3-8b,anyedit,mquake,2,multihop,hit,post,0.0
llama3-8b,anyedit,mquake,3,efficacy,success,pre,0.0
llama3-8b,anyedit,mquake,3,efficacy,diff,pre,-0.9471558434905721
llama3-8b,anyedit,mquake,3,efficacy,acc,pre,0.5
llama3-8b,anyedit,mquake,3,single_hop,success,pre,0.5
llama3-8b,anyedit,mquake,3,single_hop,diff,pre,-0.44308061206966204
llama3-8b,anyedit,mquake,3,single_hop,acc,pre,0.25
llama3-8b,anyedit,mquake,3,multihop,hit,pre,0.0
llama3-8b,anyedit,mquake,3,efficacy,success,post,1.0
llama3-8b,anyedit,mquake,3,efficacy,diff,post,0.9997906243532034
llama3-8b,anyedit,mquake,3,efficacy,acc,post,1.0
llama3-8b,anyedit,mquake,3,single_hop,success,post,1.0
llama3-8b,anyedit,mquake,3,single_hop,diff,post,0.5236464958757454
llama3-8b,anyedit,mquake,3,single_hop,acc,post,0.5
llama3-8b,anyedit,mquake,3,multihop,hit,post,0.0
llama3-8b,anyedit,mquake,4,efficacy,success,pre,0.0
llama3-8b,anyedit,mquake,4,efficacy,diff,pre,-0.09838012555666456
llama3-8b,anyedit,mquake,4,efficacy,acc,pre,0.6666666666666666
llama3-8b,anyedit,mquake,4,single_hop,success,pre,0.5
llama3-8b,anyedit,mquake,4,single_hop,diff,pre,-0.049114836266503516
llama3-8b,anyedit,mquake,4,single_hop,acc,pre,0.3333333333333333
llama3-8b,anyedit,mquake,4,multihop,hit,pre,0.0
llama3-8b,anyedit,mquake,4,efficacy,success,post,1.0
llama3-8b,anyedit,mquake,4,efficacy,diff,post,0.9965721021006804
llama3-8b,anyedit,mquake,4,efficacy,acc,post,1.0
llama3-8b,anyedit,mquake,4,single_hop,success,post,1.0
llama3-8b,anyedit,mquake,4,single_hop,diff,post,0.49835896308571836
llama3-8b,anyedit,mquake,4,single_hop,acc,post,0.5
llama3-8b,anyedit,mquake,4,multihop,hit,post,0.3333333333333333
llama3-8b,anyedit,mquake,5,efficacy,success,pre,0.0
llama3-8b,anyedit,mquake,5,efficacy,diff,pre,-0.19261296640240017
llama3-8b,anyedit,mquake,5,efficacy,acc,pre,0.2
llama3-8b,anyedit,mquake,5,single_hop,success,pre,0.0
llama3-8b,anyedit,mquake,5,single_hop,diff,pre,-0.19261296640240017
llama3-8b,anyedit,mquake,5,single_hop,acc,pre,0.2
llama3-8b,anyedit,mquake,5,multihop,hit,pre,0.0
llama3-8b,anyedit,mquake,5,efficacy,success,post,1.0
llama3-8b,anyedit,mquake,5,efficacy,diff,post,0.9943941950108989
llama3-8b,anyedit,mquake,5,efficacy,acc,post,1.0
llama3-8b,anyedit,mquake,5,single_hop,success,post,1.0
llama3-8b,anyedit,mquake,5,single_hop,diff,post,0.9943941950108989
llama3-8b,anyedit,mquake,5,single_hop,acc,post,1.0
llama3-8b,anyedit,mquake,5,multihop,hit,post,0.0
llama3-8b,anyedit,ripple,ripple_popular_row0,efficacy,hit,pre,0.0
llama3-8b,anyedit,ripple,ripple_popular_row0,ripple_compositional_i,hit,pre,0.0
llama3-8b,anyedit,ripple,ripple_popular_row0,ripple_aliasing,hit,pre,0.0
llama3-8b,anyedit,ripple,ripple_popular_row0,ripple_relation_specificity,hit,pre,0.7777777777777778
llama3-8b,anyedit,ripple,ripple_popular_row0,ripple_preservation,hit,pre,0.0
llama3-8b,anyedit,ripple,ripple_popular_row0,efficacy,hit,post,1.0
llama3-8b,anyedit,ripple,ripple_popular_row0,ripple_compositional_i,hit,post,0.0
llama3-8b,anyedit,ripple,ripple_popular_row0,ripple_aliasing,hit,post,1.0
llama3-8b,anyedit,ripple,ripple_popular_row0,ripple_relation_specificity,hit,post,0.4444444444444444
llama3-8b,anyedit,ripple,ripple_popular_row0,ripple_preservation,hit,post,0.0
llama3-8b,anyedit,ripple,ripple_popular_row2,efficacy,hit,pre,0.0
llama3-8b,anyedit,ripple,ripple_popular_row2,ripple_logical,hit,pre,0.0
llama3-8b,anyedit,ripple,ripple_popular_row2,ripple_compositional_i,hit,pre,0.0
llama3-8b,anyedit,ripple,ripple_popular_row2,ripple_aliasing,hit,pre,0.0
llama3-8b,anyedit,ripple,ripple_popular_row2,ripple_relation_specificity,hit,pre,0.5555555555555556
llama3-8b,anyedit,ripple,ripple_popular_row2,ripple_preservation,hit,pre,1.0
llama3-8b,anyedit,ripple,ripple_popular_row2,efficacy,hit,post,1.0
llama3-8b,anyedit,ripple,ripple_popular_row2,ripple_logical,hit,post,0.0
llama3-8b,anyedit,ripple,ripple_popular_row2,ripple_compositional_i,hit,post,0.2
llama3-8b,anyedit,ripple,ripple_popular_row2,ripple_aliasing,hit,post,0.6666666666666666
llama3-8b,anyedit,ripple,ripple_popular_row2,ripple_relation_specificity,hit,post,0.4444444444444444
llama3-8b,anyedit,ripple,ripple_popular_row2,ripple_preservation,hit,post,0.0
llama3-8b,anyedit,ripple,ripple_popular_row4,efficacy,hit,pre,0.0
llama3-8b,anyedit,ripple,ripple_popular_row4,ripple_logical,hit,pre,0.0
llama3-8b,anyedit,ripple,ripple_popular_row4,ripple_aliasing,hit,pre,0.0
llama3-8b,anyedit,ripple,ripple_popular_row4,ripple_relation_specificity,hit,pre,0.3333333333333333
llama3-8b,anyedit,ripple,ripple_popular_row4,ripple_preservation,hit,pre,0.0
llama3-8b,anyedit,ripple,ripple_popular_row4,efficacy,hit,post,0.0
llama3-8b,anyedit,ripple,ripple_popular_row4,ripple_logical,hit,post,0.0
llama3-8b,anyedit,ripple,ripple_popular_row4,ripple_aliasing,hit,post,0.0
llama3-8b,anyedit,ripple,ripple_popular_row4,ripple_relation_specificity,hit,post,0.6666666666666666
llama3-8b,anyedit,ripple,ripple_popular_row4,ripple_preservation,hit,post,0.0
llama3-8b,anyedit,ripple,ripple_random_row0,efficacy,hit,pre,0.0
llama3-8b,anyedit,ripple,ripple_random_row0,ripple_logical,hit,pre,0.0
llama3-8b,anyedit,ripple,ripple_random_row0,ripple_aliasing,hit,pre,0.0
llama3-8b,anyedit,ripple,ripple_random_row0,ripple_relation_specificity,hit,pre,0.0
llama3-8b,anyedit,ripple,ripple_random_row0,efficacy,hit,post,0.0
llama3-8b,anyedit,ripple,ripple_random_row0,ripple_logical,hit,post,0.0
llama3-8b,anyedit,ripple,ripple_random_row0,ripple_aliasing,hit,post,0.0
llama3-8b,anyedit,ripple,ripple_random_row0,ripple_relation_specificity,hit,post,0.0
llama3-8b,anyedit,ripple,ripple_random_row1,efficacy,hit,pre,0.0
llama3-8b,anyedit,ripple,ripple_random_row1,ripple_compositional_i,hit,pre,0.0
llama3-8b,anyedit,ripple,ripple_random_row1,ripple_aliasing,hit,pre,0.0
llama3-8b,anyedit,ripple,ripple_random_row1,ripple_relation_specificity,hit,pre,0.0
llama3-8b,anyedit,ripple,ripple_random_row1,efficacy,hit,post,1.0
llama3-8b,anyedit,ripple,ripple_random_row1,ripple_compositional_i,hit,post,0.0
llama3-8b,anyedit,ripple,ripple_random_row1,ripple_aliasing,hit,post,1.0
llama3-8b,anyedit,ripple,ripple_random_row1,ripple_relation_specificity,hit,post,0.0
llama3-8b,anyedit,ripple,ripple_random_row2,efficacy,hit,pre,0.0
llama3-8b,anyedit,ripple,ripple_random_row2,ripple_compositional_i,hit,pre,0.0
llama3-8b,anyedit,ripple,ripple_random_row2,ripple_aliasing,hit,pre,0.0
llama3-8b,anyedit,ripple,ripple_random_row2,efficacy,hit,post,1.0
llama3-8b,anyedit,ripple,ripple_random_row2,ripple_compositional_i,hit,post,1.0
llama3-8b,anyedit,ripple,ripple_random_row2,ripple_aliasing,hit,post,0.0
llama3-8b,anyedit,ripple,ripple_random_row3,efficacy,hit,pre,0.0
llama3-8b,anyedit,ripple,ripple_random_row3,ripple_aliasing,hit,pre,0.0
llama3-8b,anyedit,ripple,ripple_random_row3,ripple_relation_specificity,hit,pre,0.25
llama3-8b,anyedit,ripple,ripple_random_row3,ripple_preservation,hit,pre,0.0
llama3-8b,anyedit,ripple,ripple_random_row3,efficacy,hit,post,1.0
llama3-8b,anyedit,ripple,ripple_random_row3,ripple_aliasing,hit,post,0.0
llama3-8b,anyedit,ripple,ripple_random_row3,ripple_relation_specificity,hit,post,0.25
llama3-8b,anyedit,ripple,ripple_random_row3,ripple_preservation,hit,post,0.0
llama3-8b,anyedit,ripple,ripple_random_row4,efficacy,hit,pre,0.0
llama3-8b,anyedit,ripple,ripple_random_row4,ripple_aliasing,hit,pre,0.0
llama3-8b,anyedit,ripple,ripple_random_row4,ripple_relation_specificity,hit,pre,0.6666666666666666
llama3-8b,anyedit,ripple,ripple_random_row4,ripple_preservation,hit,pre,0.0
llama3-8b,anyedit,ripple,ripple_random_row4,efficacy,hit,post,0.0
llama3-8b,anyedit,ripple,ripple_random_row4,ripple_aliasing,hit,post,0.0
llama3-8b,anyedit,ripple,ripple_random_row4,ripple_relation_specificity,hit,post,0.6666666666666666
llama3-8b,anyedit,ripple,ripple_random_row4,ripple_preservation,hit,post,1.0
llama3-8b,anyedit,zsre,zsre_row0,efficacy,success,pre,1.0
llama3-8b,anyedit,zsre,zsre_row0,efficacy,diff,pre,0.0369414045465265
llama3-8b,anyedit,zsre,zsre_row0,efficacy,acc,pre,0.3333333333333333
llama3-8b,anyedit,zsre,zsre_row0,generalisation,success,pre,1.0
llama3-8b,anyedit,zsre,zsre_row0,generalisation,diff,pre,0.016267404748743455
llama3-8b,anyedit,zsre,zsre_row0,generalisation,acc,pre,0.3333333333333333
llama3-8b,anyedit,zsre,zsre_row0,specificity,success,pre,0.0
llama3-8b,anyedit,zsre,zsre_row0,specificity,diff,pre,-0.00038704909303236695
llama3-8b,anyedit,zsre,zsre_row0,specificity,acc,pre,0.6666666666666666
llama3-8b,anyedit,zsre,zsre_row0,efficacy,success,post,1.0
llama3-8b,anyedit,zsre,zsre_row0,efficacy,diff,post,0.965913300261558
llama3-8b,anyedit,zsre,zsre_row0,efficacy,acc,post,1.0
llama3-8b,anyedit,zsre,zsre_row0,generalisation,success,post,1.0
llama3-8b,anyedit,zsre,zsre_row0,generalisation,diff,post,0.07547919461265012
llama3-8b,anyedit,zsre,zsre_row0,generalisation,acc,post,1.0
llama3-8b,anyedit,zsre,zsre_row0,specificity,success,post,0.0
llama3-8b,anyedit,zsre,zsre_row0,specificity,diff,post,-0.0005596223486984307
llama3-8b,anyedit,zsre,zsre_row0,specificity,acc,post,0.6666666666666666
llama3-8b,anyedit,zsre,zsre_row1,efficacy,success,pre,0.0
llama3-8b,anyedit,zsre,zsre_row1,efficacy,diff,pre,-0.1378009694705405
llama3-8b,anyedit,zsre,zsre_row1,efficacy,acc,pre,0.0
llama3-8b,anyedit,zsre,zsre_row1,generalisation,success,pre,0.0
llama3-8b,anyedit,zsre,zsre_row1,generalisation,diff,pre,-0.1258746068663492
llama3-8b,anyedit,zsre,zsre_row1,generalisation,acc,pre,0.0
llama3-8b,anyedit,zsre,zsre_row1,specificity,success,pre,0.0
llama3-8b,anyedit,zsre,zsre_row1,specificity,diff,pre,-0.0034145509734565573
llama3-8b,anyedit,zsre,zsre_row1,specificity,acc,pre,0.5
llama3-8b,anyedit,zsre,zsre_row1,efficacy,success,post,1.0
llama3-8b,anyedit,zsre,zsre_row1,efficacy,diff,post,0.7771989512121509
llama3-8b,anyedit,zsre,zsre_row1,efficacy,acc,post,1.0
llama3-8b,anyedit,zsre,zsre_row1,generalisation,success,post,0.0
llama3-8b,anyedit,zsre,zsre_row1,generalisation,diff,post,-0.18069949791601897
llama3-8b,anyedit,zsre,zsre_row1,generalisation,acc,post,0.0
llama3-8b,anyedit,zsre,zsre_row1,specificity,success,post,0.0
llama3-8b,anyedit,zsre,zsre_row1,specificity,diff,post,-0.0036326578327265714
llama3-8b,anyedit,zsre,zsre_row1,specificity,acc,post,0.5
llama3-8b,anyedit,zsre,zsre_row2,efficacy,success,pre,1.0
llama3-8b,anyedit,zsre,zsre_row2,efficacy,diff,pre,1.208607070673092e-06
llama3-8b,anyedit,zsre,zsre_row2,efficacy,acc,pre,0.0
llama3-8b,anyedit,zsre,zsre_row2,generalisation,success,pre,0.0
llama3-8b,anyedit,zsre,zsre_row2,generalisation,diff,pre,-3.4509760115199677e-06
llama3-8b,anyedit,zsre,zsre_row2,generalisation,acc,pre,0.0
llama3-8b,anyedit,zsre,zsre_row2,specificity,success,pre,0.0
llama3-8b,anyedit,zsre,zsre_row2,specificity,diff,pre,-0.004027526213683726
llama3-8b,anyedit,zsre,zsre_row2,specificity,acc,pre,0.3333333333333333
llama3-8b,anyedit,zsre,zsre_row2,efficacy,success,post,1.0
llama3-8b,anyedit,zsre,zsre_row2,efficacy,diff,post,0.978722492210568
llama3-8b,anyedit,zsre,zsre_row2,efficacy,acc,post,1.0
llama3-8b,anyedit,zsre,zsre_row2,generalisation,success,post,1.0
llama3-8b,anyedit,zsre,zsre_row2,generalisation,diff,post,0.03638823565736121
llama3-8b,anyedit,zsre,zsre_row2,generalisation,acc,post,0.0
llama3-8b,anyedit,zsre,zsre_row2,specificity,success,post,0.0
llama3-8b,anyedit,zsre,zsre_row2,specificity,diff,post,-0.004070031611067037
llama3-8b,anyedit,zsre,zsre_row2,specificity,acc,post,0.3333333333333333
llama3-8b,anyedit,zsre,zsre_row3,efficacy,success,pre,0.0
llama3-8b,anyedit,zsre,zsre_row3,efficacy,diff,pre,-0.058418318212685255
llama3-8b,anyedit,zsre,zsre_row3,efficacy,acc,pre,0.5
llama3-8b,anyedit,zsre,zsre_row3,generalisation,success,pre,0.0
llama3-8b,anyedit,zsre,zsre_row3,generalisation,diff,pre,-0.11300777712207462
llama3-8b,anyedit,zsre,zsre_row3,generalisation,acc,pre,0.75
llama3-8b,anyedit,zsre,zsre_row3,specificity,success,pre,1.0
llama3-8b,anyedit,zsre,zsre_row3,specificity,diff,pre,0.0058963752025680315
llama3-8b,anyedit,zsre,zsre_row3,specificity,acc,pre,0.5
llama3-8b,anyedit,zsre,zsre_row3,efficacy,success,post,1.0
llama3-8b,anyedit,zsre,zsre_row3,efficacy,diff,post,0.9581709707286028
llama3-8b,anyedit,zsre,zsre_row3,efficacy,acc,post,1.0
llama3-8b,anyedit,zsre,zsre_row3,generalisation,success,post,1.0
llama3-8b,anyedit,zsre,zsre_row3,generalisation,diff,post,0.7179121699962401
llama3-8b,anyedit,zsre,zsre_row3,generalisation,acc,post,1.0
llama3-8b,anyedit,zsre,zsre_row3,specificity,success,post,1.0
llama3-8b,anyedit,zsre,zsre_row3,specificity,diff,post,0.0059030336694251275
llama3-8b,anyedit,zsre,zsre_row3,specificity,acc,post,0.5
llama3-8b,anyedit,zsre,zsre_row4,efficacy,success,pre,0.0
llama3-8b,anyedit,zsre,zsre_row4,efficacy,diff,pre,-0.14452349405602496
llama3-8b,anyedit,zsre,zsre_row4,efficacy,acc,pre,0.3333333333333333
llama3-8b,anyedit,zsre,zsre_row4,generalisation,success,pre,0.0
llama3-8b,anyedit,zsre,zsre_row4,generalisation,diff,pre,-0.14434793225138798
llama3-8b,anyedit,zsre,zsre_row4,generalisation,acc,pre,0.0
llama3-8b,anyedit,zsre,zsre_row4,specificity,success,pre,0.0
llama3-8b,anyedit,zsre,zsre_row4,specificity,diff,pre,-0.013939163292535884
llama3-8b,anyedit,zsre,zsre_row4,specificity,acc,pre,0.6
llama3-8b,anyedit,zsre,zsre_row4,efficacy,success,post,1.0
llama3-8b,anyedit,zsre,zsre_row4,efficacy,diff,post,0.9556147562394907
llama3-8b,anyedit,zsre,zsre_row4,efficacy,acc,post,1.0
llama3-8b,anyedit,zsre,zsre_row4,generalisation,success,post,0.0
llama3-8b,anyedit,zsre,zsre_row4,generalisation,diff,post,-0.14776634272603484
llama3-8b,anyedit,zsre,zsre_row4,generalisation,acc,post,0.3333333333333333
llama3-8b,anyedit,zsre,zsre_row4,specificity,success,post,0.0
llama3-8b,anyedit,zsre,zsre_row4,specificity,diff,post,-0.01444512597576517
llama3-8b,anyedit,zsre,zsre_row4,specificity,acc,post,0.6
llama3-8b,grace,counterfact,0,efficacy,success,pre,0.0
llama3-8b,grace,counterfact,0,efficacy,diff,pre,-0.554447759264991
llama3-8b,grace,counterfact,0,efficacy,acc,pre,0.0
llama3-8b,grace,counterfact,0,generalisation,success,pre,0.0
llama3-8b,grace,counterfact,0,generalisation,diff,pre,-0.017276258042719
llama3-8b,grace,counterfact,0,generalisation,acc,pre,0.0
llama3-8b,grace,counterfact,0,specificity,success,pre,0.0
llama3-8b,grace,counterfact,0,specificity,diff,pre,-0.3691831430535373
llama3-8b,grace,counterfact,0,specificity,acc,pre,0.5
llama3-8b,grace,counterfact,0,target_close_neighbour,success,pre,1.0
llama3-8b,grace,counterfact,0,target_close_neighbour,diff,pre,0.13501298562453548
llama3-8b,grace,counterfact,0,target_close_neighbour,acc,pre,0.4
llama3-8b,grace,counterfact,0,efficacy,success,post,1.0
llama3-8b,grace,counterfact,0,efficacy,diff,post,0.9986733661093506
llama3-8b,grace,counterfact,0,efficacy,acc,post,1.0
llama3-8b,grace,counterfact,0,generalisation,success,post,0.0
llama3-8b,grace,counterfact,0,generalisation,diff,post,-0.017276258042719
llama3-8b,grace,counterfact,0,generalisation,acc,post,0.0
llama3-8b,grace,counterfact,0,specificity,success,post,0.0
llama3-8b,grace,counterfact,0,specificity,diff,post,-0.3691831430535373
llama3-8b,grace,counterfact,0,specificity,acc,post,0.5
llama3-8b,grace,counterfact,0,target_close_neighbour,success,post,1.0
llama3-8b,grace,counterfact,0,target_close_neighbour,diff,post,0.13501298562453548
llama3-8b,grace,counterfact,0,target_close_neighbour,acc,post,0.4
llama3-8b,grace,counterfact,1,efficacy,success,pre,0.0
llama3-8b,grace,counterfact,1,efficacy,diff,pre,-0.15195808065583227
llama3-8b,grace,counterfact,1,efficacy,acc,pre,0.0
llama3-8b,grace,counterfact,1,generalisation,success,pre,0.0
llama3-8b,grace,counterfact,1,generalisation,diff,pre,-0.03057342970014454
llama3-8b,grace,counterfact,1,generalisation,acc,pre,0.0
llama3-8b,grace,counterfact,1,specificity,success,pre,0.4
llama3-8b,grace,counterfact,1,specificity,diff,pre,-0.007853033098426339
llama3-8b,grace,counterfact,1,specificity,acc,pre,0.0
llama3-8b,grace,counterfact,1,target_close_neighbour,success,pre,1.0
llama3-8b,grace,counterfact,1,target_close_neighbour,diff,pre,0.12185462705339314
llama3-8b,grace,counterfact,1,target_close_neighbour,acc,pre,0.2
llama3-8b,grace,counterfact,1,efficacy,success,post,1.0
llama3-8b,grace,counterfact,1,efficacy,diff,post,0.9999996423721953
llama3-8b,grace,counterfact,1,efficacy,acc,post,1.0
llama3-8b,grace,counterfact,1,generalisation,success,post,0.0
llama3-8b,grace,counterfact,1,generalisation,diff,post,-0.03057342970014454
llama3-8b,grace,counterfact,1,generalisation,acc,post,0.0
llama3-8b,grace,counterfact,1,specificity,success,post,0.4
llama3-8b,grace,counterfact,1,specificity,diff,post,-0.007853033098426339
llama3-8b,grace,counterfact,1,specificity,acc,post,0.0
llama3-8b,grace,counterfact,1,target_close_neighbour,success,post,1.0
llama3-8b,grace,counterfact,1,target_close_neighbour,diff,post,0.12185462705339314
llama3-8b,grace,counterfact,1,target_close_neighbour,acc,post,0.2
llama3-8b,grace,counterfact,2,efficacy,success,pre,1.0
llama3-8b,grace,counterfact,2,efficacy,diff,pre,2.1259822173694097e-05
llama3-8b,grace,counterfact,2,efficacy,acc,pre,0.0
llama3-8b,grace,counterfact,2,generalisation,success,pre,1.0
llama3-8b,grace,counterfact,2,generalisation,diff,pre,0.041588110685158136
llama3-8b,grace,counterfact,2,generalisation,acc,pre,0.5
llama3-8b,grace,counterfact,2,specificity,success,pre,0.6
llama3-8b,grace,counterfact,2,specificity,diff,pre,-0.016179983789135374
llama3-8b,grace,counterfact,2,specificity,acc,pre,0.2
llama3-8b,grace,counterfact,2,target_close_neighbour,success,pre,1.0
llama3-8b,grace,counterfact,2,target_close_neighbour,diff,pre,0.11117857836485087
llama3-8b,grace,counterfact,2,target_close_neighbour,acc,pre,0.6
llama3-8b,grace,counterfact,2,efficacy,success,post,1.0
llama3-8b,grace,counterfact,2,efficacy,diff,post,0.9999870062718582
llama3-8b,grace,counterfact,2,efficacy,acc,post,1.0
llama3-8b,grace,counterfact,2,generalisation,success,post,1.0
llama3-8b,grace,counterfact,2,generalisation,diff,post,0.041588110685158136
llama3-8b,grace,counterfact,2,generalisation,acc,post,0.5
llama3-8b,grace,counterfact,2,specificity,success,post,0.6
llama3-8b,grace,counterfact,2,specificity,diff,post,-0.016179983789135374
llama3-8b,grace,counterfact,2,specificity,acc,post,0.2
llama3-8b,grace,counterfact,2,target_close_neighbour,success,post,1.0
llama3-8b,grace,counterfact,2,target_close_neighbour,diff,post,0.11117857836485087
llama3-8b,grace,counterfact,2,target_close_neighbour,acc,post,0.6
llama3-8b,grace,counterfact,3,efficacy,success,pre,0.0
llama3-8b,grace,counterfact,3,efficacy,diff,pre,-0.1697459130973153
llama3-8b,grace,counterfact,3,efficacy,acc,pre,0.0
llama3-8b,grace,counterfact,3,generalisation,success,pre,0.0
llama3-8b,grace,counterfact,3,generalisation,diff,pre,-0.13498591406009813
llama3-8b,grace,counterfact,3,generalisation,acc,pre,0.0
llama3-8b,grace,counterfact,3,specificity,success,pre,0.3
llama3-8b,grace,counterfact,3,specificity,diff,pre,-0.03252874393447408
llama3-8b,grace,counterfact,3,specificity,acc,pre,0.0
llama3-8b,grace,counterfact,3,target_close_neighbour,success,pre,1.0
llama3-8b,grace,counterfact,3,target_close_neighbour,diff,pre,0.1456747153974075
llama3-8b,grace,counterfact,3,target_close_neighbour,acc,pre,0.1
llama3-8b,grace,counterfact,3,efficacy,success,post,1.0
llama3-8b,grace,counterfact,3,efficacy,diff,post,0.9999991655353213
llama3-8b,grace,counterfact,3,efficacy,acc,post,1.0
llama3-8b,grace,counterfact,3,generalisation,success,post,0.0
llama3-8b,grace,counterfact,3,generalisation,diff,post,-0.13498591406009813
llama3-8b,grace,counterfact,3,generalisation,acc,post,0.0
llama3-8b,grace,counterfact,3,specificity,success,post,0.3
llama3-8b,grace,counterfact,3,specificity,diff,post,-0.03252874393447408
llama3-8b,grace,counterfact,3,specificity,acc,post,0.0
llama3-8b,grace,counterfact,3,target_close_neighbour,success,post,1.0
llama3-8b,grace,counterfact,3,target_close_neighbour,diff,post,0.1456747153974075
llama3-8b,grace,counterfact,3,target_close_neighbour,acc,post,0.1
llama3-8b,grace,counterfact,4,efficacy,success,pre,0.0
llama3-8b,grace,counterfact,4,efficacy,diff,pre,-2.2771917746545605e-05
llama3-8b,grace,counterfact,4,efficacy,acc,pre,0.0
llama3-8b,grace,counterfact,4,generalisation,success,pre,0.0
llama3-8b,grace,counterfact,4,generalisation,diff,pre,-1.0676113748920616e-05
llama3-8b,grace,counterfact,4,generalisation,acc,pre,0.0
llama3-8b,grace,counterfact,4,specificity,success,pre,0.2
llama3-8b,grace,counterfact,4,specificity,diff,pre,-0.00018899709688531834
llama3-8b,grace,counterfact,4,specificity,acc,pre,0.0
llama3-8b,grace,counterfact,4,target_close_neighbour,success,pre,0.9
llama3-8b,grace,counterfact,4,target_close_neighbour,diff,pre,0.001214846095154634
llama3-8b,grace,counterfact,4,target_close_neighbour,acc,pre,0.0
llama3-8b,grace,counterfact,4,efficacy,success,post,1.0
llama3-8b,grace,counterfact,4,efficacy,diff,post,1.0
llama3-8b,grace,counterfact,4,efficacy,acc,post,1.0
llama3-8b,grace,counterfact,4,generalisation,success,post,0.0
llama3-8b,grace,counterfact,4,generalisation,diff,post,-1.0676113748920616e-05
llama3-8b,grace,counterfact,4,generalisation,acc,post,0.0
llama3-8b,grace,counterfact,4,specificity,success,post,0.2
llama3-8b,grace,counterfact,4,specificity,diff,post,-0.00018899709688531834
llama3-8b,grace,counterfact,4,specificity,acc,post,0.0
llama3-8b,grace,counterfact,4,target_close_neighbour,success,post,0.9
llama3-8b,grace,counterfact,4,target_close_neighbour,diff,post,0.001214846095154634
llama3-8b,grace,counterfact,4,target_close_neighbour,acc,post,0.0
llama3-8b,grace,genie,composer_2,efficacy,success,pre,0.0
llama3-8b,grace,genie,composer_2,efficacy,diff,pre,-0.320825650779981
llama3-8b,grace,genie,composer_2,efficacy,acc,pre,0.0
llama3-8b,grace,genie,composer_2,paraphrase_1,success,pre,0.0
llama3-8b,grace,genie,composer_2,paraphrase_1,diff,pre,-0.8570532791137904
llama3-8b,grace,genie,composer_2,paraphrase_1,acc,pre,0.0
llama3-8b,grace,genie,composer_2,paraphrase_2,success,pre,0.0
llama3-8b,grace,genie,composer_2,paraphrase_2,diff,pre,-0.7712498457232887
llama3-8b,grace,genie,composer_2,paraphrase_2,acc,pre,0.0
llama3-8b,grace,genie,composer_2,paraphrase_3,success,pre,0.0
llama3-8b,grace,genie,composer_2,paraphrase_3,diff,pre,-0.7864061245154296
llama3-8b,grace,genie,composer_2,paraphrase_3,acc,pre,0.0
llama3-8b,grace,genie,composer_2,hop_1,success,pre,0.0
llama3-8b,grace,genie,composer_2,hop_1,diff,pre,-0.005889860054774254
llama3-8b,grace,genie,composer_2,hop_1,acc,pre,0.0
llama3-8b,grace,genie,composer_2,hop_2,success,pre,1.0
llama3-8b,grace,genie,composer_2,hop_2,diff,pre,0.080568657616478
llama3-8b,grace,genie,composer_2,hop_2,acc,pre,0.0
llama3-8b,grace,genie,composer_2,hop_3,success,pre,0.0
llama3-8b,grace,genie,composer_2,hop_3,diff,pre,-0.001435770909314531
llama3-8b,grace,genie,composer_2,hop_3,acc,pre,0.0
llama3-8b,grace,genie,composer_2,abstract_1,success,pre,1.0
llama3-8b,grace,genie,composer_2,abstract_1,diff,pre,0.6590349953898652
llama3-8b,grace,genie,composer_2,abstract_1,acc,pre,1.0
llama3-8b,grace,genie,composer_2,abstract_2,hit,pre,0.0
llama3-8b,grace,genie,composer_2,abstract_3,hit,pre,0.0
llama3-8b,grace,genie,composer_2,efficacy,success,post,1.0
llama3-8b,grace,genie,composer_2,efficacy,diff,post,0.9416033857327777
llama3-8b,grace,genie,composer_2,efficacy,acc,post,1.0
llama3-8b,grace,genie,composer_2,paraphrase_1,success,post,0.0
llama3-8b,grace,genie,composer_2,paraphrase_1,diff,post,-0.8570532791137904
llama3-8b,grace,genie,composer_2,paraphrase_1,acc,post,0.0
llama3-8b,grace,genie,composer_2,paraphrase_2,success,post,0.0
llama3-8b,grace,genie,composer_2,paraphrase_2,diff,post,-0.7712498457232887
llama3-8b,grace,genie,composer_2,paraphrase_2,acc,post,0.0
llama3-8b,grace,genie,composer_2,paraphrase_3,success,post,0.0
llama3-8b,grace,genie,composer_2,paraphrase_3,diff,post,-0.7864061245154296
llama3-8b,grace,genie,composer_2,paraphrase_3,acc,post,0.0
llama3-8b,grace,genie,composer_2,hop_1,success,post,0.0
llama3-8b,grace,genie,composer_2,hop_1,diff,post,-0.005889860054774254
llama3-8b,grace,genie,composer_2,hop_1,acc,post,0.0
llama3-8b,grace,genie,composer_2,hop_2,success,post,1.0
llama3-8b,grace,genie,composer_2,hop_2,diff,post,0.080568657616478
llama3-8b,grace,genie,composer_2,hop_2,acc,post,0.0
llama3-8b,grace,genie,composer_2,hop_3,success,post,0.0
llama3-8b,grace,genie,composer_2,hop_3,diff,post,-0.001435770909314531
llama3-8b,grace,genie,composer_2,hop_3,acc,post,0.0
llama3-8b,grace,genie,composer_2,abstract_1,success,post,1.0
llama3-8b,grace,genie,composer_2,abstract_1,diff,post,0.6590349953898652
llama3-8b,grace,genie,composer_2,abstract_1,acc,post,1.0
llama3-8b,grace,genie,composer_2,abstract_2,hit,post,0.0
llama3-8b,grace,genie,composer_2,abstract_3,hit,post,0.0
llama3-8b,grace,genie,director_3,efficacy,success,pre,0.0
llama3-8b,grace,genie,director_3,efficacy,diff,pre,-0.41994310070278756
llama3-8b,grace,genie,director_3,efficacy,acc,pre,0.3333333333333333
llama3-8b,grace,genie,director_3,paraphrase_1,success,pre,0.0
llama3-8b,grace,genie,director_3,paraphrase_1,diff,pre,-0.7410503557634774
llama3-8b,grace,genie,director_3,paraphrase_1,acc,pre,0.3333333333333333
llama3-8b,grace,genie,director_3,paraphrase_2,success,pre,0.0
llama3-8b,grace,genie,director_3,paraphrase_2,diff,pre,-0.6673397510434274
llama3-8b,grace,genie,director_3,paraphrase_2,acc,pre,0.3333333333333333
llama3-8b,grace,genie,director_3,paraphrase_3,success,pre,0.0
llama3-8b,grace,genie,director_3,paraphrase_3,diff,pre,-0.6516008361765899
llama3-8b,grace,genie,director_3,paraphrase_3,acc,pre,0.3333333333333333
llama3-8b,grace,genie,director_3,hop_1,success,pre,0.0
llama3-8b,grace,genie,director_3,hop_1,diff,pre,-0.003378755560009996
llama3-8b,grace,genie,director_3,hop_1,acc,pre,0.0
llama3-8b,grace,genie,director_3,abstract_3,hit,pre,0.0
llama3-8b,grace,genie,director_3,efficacy,success,post,1.0
llama3-8b,grace,genie,director_3,efficacy,diff,post,0.9854583289045059
llama3-8b,grace,genie,director_3,efficacy,acc,post,1.0
llama3-8b,grace,genie,director_3,paraphrase_1,success,post,0.0
llama3-8b,grace,genie,director_3,paraphrase_1,diff,post,-0.7410503557634774
llama3-8b,grace,genie,director_3,paraphrase_1,acc,post,0.3333333333333333
llama3-8b,grace,genie,director_3,paraphrase_2,success,post,0.0
llama3-8b,grace,genie,director_3,paraphrase_2,diff,post,-0.6673397510434274
llama3-8b,grace,genie,director_3,paraphrase_2,acc,post,0.3333333333333333
llama3-8b,grace,genie,director_3,paraphrase_3,success,post,0.0
llama3-8b,grace,genie,director_3,paraphrase_3,diff,post,-0.6516008361765899
llama3-8b,grace,genie,director_3,paraphrase_3,acc,post,0.3333333333333333
llama3-8b,grace,genie,director_3,hop_1,success,post,0.0
llama3-8b,grace,genie,director_3,hop_1,diff,post,-0.003378755560009996
llama3-8b,grace,genie,director_3,hop_1,acc,post,0.0
llama3-8b,grace,genie,director_3,abstract_3,hit,post,0.0
llama3-8b,grace,genie,composer_4,efficacy,success,pre,0.0
llama3-8b,grace,genie,composer_4,efficacy,diff,pre,-0.598006381239636
llama3-8b,grace,genie,composer_4,efficacy,acc,pre,0.5
llama3-8b,grace,genie,composer_4,paraphrase_1,success,pre,0.0
llama3-8b,grace,genie,composer_4,paraphrase_1,diff,pre,-0.7785549235478918
llama3-8b,grace,genie,composer_4,paraphrase_1,acc,pre,0.5
llama3-8b,grace,genie,composer_4,paraphrase_2,success,pre,0.0
llama3-8b,grace,genie,composer_4,paraphrase_2,diff,pre,-0.9368923444906349
llama3-8b,grace,genie,composer_4,paraphrase_2,acc,pre,0.5
llama3-8b,grace,genie,composer_4,paraphrase_3,success,pre,0.0
llama3-8b,grace,genie,composer_4,paraphrase_3,diff,pre,-0.7820082972647027
llama3-8b,grace,genie,composer_4,paraphrase_3,acc,pre,0.5
llama3-8b,grace,genie,composer_4,hop_1,success,pre,0.0
llama3-8b,grace,genie,composer_4,hop_1,diff,pre,-0.08852083958012388
llama3-8b,grace,genie,composer_4,hop_1,acc,pre,0.5
llama3-8b,grace,genie,composer_4,abstract_2,hit,pre,0.0
llama3-8b,grace,genie,composer_4,abstract_3,hit,pre,0.0
llama3-8b,grace,genie,composer_4,efficacy,success,post,1.0
llama3-8b,grace,genie,composer_4,efficacy,diff,post,0.9613577530193264
llama3-8b,grace,genie,composer_4,efficacy,acc,post,1.0
llama3-8b,grace,genie,composer_4,paraphrase_1,success,post,0.0
llama3-8b,grace,genie,composer_4,paraphrase_1,diff,post,-0.7785549235478918
llama3-8b,grace,genie,composer_4,paraphrase_1,acc,post,0.5
llama3-8b,grace,genie,composer_4,paraphrase_2,success,post,0.0
llama3-8b,grace,genie,composer_4,paraphrase_2,diff,post,-0.9368923444906349
llama3-8b,grace,genie,composer_4,paraphrase_2,acc,post,0.5
llama3-8b,grace,genie,composer_4,paraphrase_3,success,post,0.0
llama3-8b,grace,genie,composer_4,paraphrase_3,diff,post,-0.7820082972647027
llama3-8b,grace,genie,composer_4,paraphrase_3,acc,post,0.5
llama3-8b,grace,genie,composer_4,hop_1,success,post,0.0
llama3-8b,grace,genie,composer_4,hop_1,diff,post,-0.08852083958012388
llama3-8b,grace,genie,composer_4,hop_1,acc,post,0.5
llama3-8b,grace,genie,composer_4,abstract_2,hit,post,0.0
llama3-8b,grace,genie,composer_4,abstract_3,hit,post,0.0
llama3-8b,grace,genie,production_company_5,efficacy,success,pre,0.0
llama3-8b,grace,genie,production_company_5,efficacy,diff,pre,-0.06770304909204113
llama3-8b,grace,genie,production_company_5,efficacy,acc,pre,0.5
llama3-8b,grace,genie,production_company_5,paraphrase_1,success,pre,0.0
llama3-8b,grace,genie,production_company_5,paraphrase_1,diff,pre,-0.26988798561251076
llama3-8b,grace,genie,production_company_5,paraphrase_1,acc,pre,0.5
llama3-8b,grace,genie,production_company_5,paraphrase_2,success,pre,0.0
llama3-8b,grace,genie,production_company_5,paraphrase_2,diff,pre,-0.5448667024825531
llama3-8b,grace,genie,production_company_5,paraphrase_2,acc,pre,0.5
llama3-8b,grace,genie,production_company_5,paraphrase_3,success,pre,0.0
llama3-8b,grace,genie,production_company_5,paraphrase_3,diff,pre,-0.2504338707629176
llama3-8b,grace,genie,production_company_5,paraphrase_3,acc,pre,0.5
llama3-8b,grace,genie,production_company_5,hop_1,success,pre,0.0
llama3-8b,grace,genie,production_company_5,hop_1,diff,pre,-0.0009198993196863152
llama3-8b,grace,genie,production_company_5,hop_1,acc,pre,0.0
llama3-8b,grace,genie,production_company_5,abstract_1,success,pre,1.0
llama3-8b,grace,genie,production_company_5,abstract_1,diff,pre,0.5718697379593533
llama3-8b,grace,genie,production_company_5,abstract_1,acc,pre,0.75
llama3-8b,grace,genie,production_company_5,abstract_2,hit,pre,0.0
llama3-8b,grace,genie,production_company_5,abstract_3,hit,pre,0.0
llama3-8b,grace,genie,production_company_5,efficacy,success,post,1.0
llama3-8b,grace,genie,production_company_5,efficacy,diff,post,0.994878576916897
llama3-8b,grace,genie,production_company_5,efficacy,acc,post,1.0
llama3-8b,grace,genie,production_company_5,paraphrase_1,success,post,0.0
llama3-8b,grace,genie,production_company_5,paraphrase_1,diff,post,-0.26988798561251076
llama3-8b,grace,genie,production_company_5,paraphrase_1,acc,post,0.5
llama3-8b,grace,genie,production_company_5,paraphrase_2,success,post,0.0
llama3-8b,grace,genie,production_company_5,paraphrase_2,diff,post,-0.5448667024825531
llama3-8b,grace,genie,production_company_5,paraphrase_2,acc,post,0.5
llama3-8b,grace,genie,production_company_5,paraphrase_3,success,post,0.0
llama3-8b,grace,genie,production_company_5,paraphrase_3,diff,post,-0.2504338707629176
llama3-8b,grace,genie,production_company_5,paraphrase_3,acc,post,0.5
llama3-8b,grace,genie,production_company_5,hop_1,success,post,0.0
llama3-8b,grace,genie,production_company_5,hop_1,diff,post,-0.0009198993196863152
llama3-8b,grace,genie,production_company_5,hop_1,acc,post,0.0
llama3-8b,grace,genie,production_company_5,abstract_1,success,post,1.0
llama3-8b,grace,genie,production_company_5,abstract_1,diff,post,0.5718697379593533
llama3-8b,grace,genie,production_company_5,abstract_1,acc,post,0.75
llama3-8b,grace,genie,production_company_5,abstract_2,hit,post,0.0
llama3-8b,grace,genie,production_company_5,abstract_3,hit,post,0.0
llama3-8b,grace,genie,country_13,efficacy,success,pre,0.0
llama3-8b,grace,genie,country_13,efficacy,diff,pre,-0.04438034871032675
llama3-8b,grace,genie,country_13,efficacy,acc,pre,0.0
llama3-8b,grace,genie,country_13,paraphrase_1,success,pre,0.0
llama3-8b,grace,genie,country_13,paraphrase_1,diff,pre,-0.3156646634523208
llama3-8b,grace,genie,country_13,paraphrase_1,acc,pre,0.0
llama3-8b,grace,genie,country_13,paraphrase_2,success,pre,0.0
llama3-8b,grace,genie,country_13,paraphrase_2,diff,pre,-0.24617087017933548
llama3-8b,grace,genie,country_13,paraphrase_2,acc,pre,0.0
llama3-8b,grace,genie,country_13,paraphrase_3,success,pre,0.0
llama3-8b,grace,genie,country_13,paraphrase_3,diff,pre,-0.1390489186106315
llama3-8b,grace,genie,country_13,paraphrase_3,acc,pre,0.0
llama3-8b,grace,genie,country_13,hop_1,success,pre,0.0
llama3-8b,grace,genie,country_13,hop_1,diff,pre,-0.0144197723647481
llama3-8b,grace,genie,country_13,hop_1,acc,pre,0.0
llama3-8b,grace,genie,country_13,abstract_1,success,pre,1.0
llama3-8b,grace,genie,country_13,abstract_1,diff,pre,0.39571810950808356
llama3-8b,grace,genie,country_13,abstract_1,acc,pre,1.0
llama3-8b,grace,genie,country_13,abstract_3,hit,pre,0.0
llama3-8b,grace,genie,country_13,efficacy,success,post,1.0
llama3-8b,grace,genie,country_13,efficacy,diff,post,0.9126759245972932
llama3-8b,grace,genie,country_13,efficacy,acc,post,1.0
llama3-8b,grace,genie,country_13,paraphrase_1,success,post,0.0
llama3-8b,grace,genie,country_13,paraphrase_1,diff,post,-0.3156646634523208
llama3-8b,grace,genie,country_13,paraphrase_1,acc,post,0.0
llama3-8b,grace,genie,country_13,paraphrase_2,success,post,0.0
llama3-8b,grace,genie,country_13,paraphrase_2,diff,post,-0.24617087017933548
llama3-8b,grace,genie,country_13,paraphrase_2,acc,post,0.0
llama3-8b,grace,genie,country_13,paraphrase_3,success,post,0.0
llama3-8b,grace,genie,country_13,paraphrase_3,diff,post,-0.1390489186106315
llama3-8b,grace,genie,country_13,paraphrase_3,acc,post,0.0
llama3-8b,grace,genie,country_13,hop_1,success,post,0.0
llama3-8b,grace,genie,country_13,hop_1,diff,post,-0.0144197723647481
llama3-8b,grace,genie,country_13,hop_1,acc,post,0.0
llama3-8b,grace,genie,country_13,abstract_1,success,post,1.0
llama3-8b,grace,genie,country_13,abstract_1,diff,post,0.39571810950808356
llama3-8b,grace,genie,country_13,abstract_1,acc,post,1.0
llama3-8b,grace,genie,country_13,abstract_3,hit,post,0.0
llama3-8b,grace,mquake,1,efficacy,success,pre,0.5
llama3-8b,grace,mquake,1,efficacy,diff,pre,-0.12516460852795738
llama3-8b,grace,mquake,1,efficacy,acc,pre,0.3333333333333333
llama3-8b,grace,mquake,1,single_hop,success,pre,0.5
llama3-8b,grace,mquake,1,single_hop,diff,pre,-0.12516460852795738
llama3-8b,grace,mquake,1,single_hop,acc,pre,0.3333333333333333
llama3-8b,grace,mquake,1,multihop,hit,pre,0.0
llama3-8b,grace,mquake,1,efficacy,success,post,1.0
llama3-8b,grace,mquake,1,efficacy,diff,post,0.9982614150287905
llama3-8b,grace,mquake,1,efficacy,acc,post,1.0
llama3-8b,grace,mquake,1,single_hop,success,post,1.0
llama3-8b,grace,mquake,1,single_hop,diff,post,0.9982614150287905
llama3-8b,grace,mquake,1,single_hop,acc,post,1.0
llama3-8b,grace,mquake,1,multihop,hit,post,0.0
llama3-8b,grace,mquake,2,efficacy,success,pre,0.0
llama3-8b,grace,mquake,2,efficacy,diff,pre,-0.5267057367602159
llama3-8b,grace,mquake,2,efficacy,acc,pre,0.25
llama3-8b,grace,mquake,2,single_hop,success,pre,0.5
llama3-8b,grace,mquake,2,single_hop,diff,pre,-0.16526882502839385
llama3-8b,grace,mquake,2,single_hop,acc,pre,0.625
llama3-8b,grace,mquake,2,multihop,hit,pre,0.0
llama3-8b,grace,mquake,2,efficacy,success,post,1.0
llama3-8b,grace,mquake,2,efficacy,diff,post,0.9947399552165036
llama3-8b,grace,mquake,2,efficacy,acc,post,1.0
llama3-8b,grace,mquake,2,single_hop,success,post,1.0
llama3-8b,grace,mquake,2,single_hop,diff,post,0.5954540209599659
llama3-8b,grace,mquake,2,single_hop,acc,post,1.0
llama3-8b,grace,mquake,2,multihop,hit,post,0.0
llama3-8b,grace,mquake,3,efficacy,success,pre,0.0
llama3-8b,grace,mquake,3,efficacy,diff,pre,-0.9471558434905721
llama3-8b,grace,mquake,3,efficacy,acc,pre,0.5
llama3-8b,grace,mquake,3,single_hop,success,pre,0.5
llama3-8b,grace,mquake,3,single_hop,diff,pre,-0.44308061206966204
llama3-8b,grace,mquake,3,single_hop,acc,pre,0.25
llama3-8b,grace,mquake,3,multihop,hit,pre,0.0
llama3-8b,grace,mquake,3,efficacy,success,post,1.0
llama3-8b,grace,mquake,3,efficacy,diff,post,0.9981020840861934
llama3-8b,grace,mquake,3,efficacy,acc,post,1.0
llama3-8b,grace,mquake,3,single_hop,success,post,1.0
llama3-8b,grace,mquake,3,single_hop,diff,post,0.5295483517187207
llama3-8b,grace,mquake,3,single_hop,acc,post,0.5
llama3-8b,grace,mquake,3,multihop,hit,post,0.0
llama3-8b,grace,mquake,4,efficacy,success,pre,0.0
llama3-8b,grace,mquake,4,efficacy,diff,pre,-0.09838012555666456
llama3-8b,grace,mquake,4,efficacy,acc,pre,0.6666666666666666
llama3-8b,grace,mquake,4,single_hop,success,pre,0.5
llama3-8b,grace,mquake,4,single_hop,diff,pre,-0.049114836266503516
llama3-8b,grace,mquake,4,single_hop,acc,pre,0.3333333333333333
llama3-8b,grace,mquake,4,multihop,hit,pre,0.0
llama3-8b,grace,mquake,4,efficacy,success,post,1.0
llama3-8b,grace,mquake,4,efficacy,diff,post,0.9530510187213165
llama3-8b,grace,mquake,4,efficacy,acc,post,1.0
llama3-8b,grace,mquake,4,single_hop,success,post,1.0
llama3-8b,grace,mquake,4,single_hop,diff,post,0.476600735872487
llama3-8b,grace,mquake,4,single_hop,acc,post,0.5
llama3-8b,grace,mquake,4,multihop,hit,post,0.0
llama3-8b,grace,mquake,5,efficacy,success,pre,0.0
llama3-8b,grace,mquake,5,efficacy,diff,pre,-0.19261296640240017
llama3-8b,grace,mquake,5,efficacy,acc,pre,0.2
llama3-8b,grace,mquake,5,single_hop,success,pre,0.0
llama3-8b,grace,mquake,5,single_hop,diff,pre,-0.19261296640240017
llama3-8b,grace,mquake,5,single_hop,acc,pre,0.2
llama3-8b,grace,mquake,5,multihop,hit,pre,0.0
llama3-8b,grace,mquake,5,efficacy,success,post,1.0
llama3-8b,grace,mquake,5,efficacy,diff,post,0.9684350130864772
llama3-8b,grace,mquake,5,efficacy,acc,post,1.0
llama3-8b,grace,mquake,5,single_hop,success,post,1.0
llama3-8b,grace,mquake,5,single_hop,diff,post,0.9684350130864772
llama3-8b,grace,mquake,5,single_hop,acc,post,1.0
llama3-8b,grace,mquake,5,multihop,hit,post,0.0
llama3-8b,grace,ripple,ripple_popular_row0,efficacy,hit,pre,0.0
llama3-8b,grace,ripple,ripple_popular_row0,ripple_compositional_i,hit,pre,0.0
llama3-8b,grace,ripple,ripple_popular_row0,ripple_aliasing,hit,pre,0.0
llama3-8b,grace,ripple,ripple_popular_row0,ripple_relation_specificity,hit,pre,0.7777777777777778
llama3-8b,grace,ripple,ripple_popular_row0,ripple_preservation,hit,pre,0.0
llama3-8b,grace,ripple,ripple_popular_row0,efficacy,hit,post,1.0
llama3-8b,grace,ripple,ripple_popular_row0,ripple_compositional_i,hit,post,0.0
llama3-8b,grace,ripple,ripple_popular_row0,ripple_aliasing,hit,post,0.75
llama3-8b,grace,ripple,ripple_popular_row0,ripple_relation_specificity,hit,post,0.7777777777777778
llama3-8b,grace,ripple,ripple_popular_row0,ripple_preservation,hit,post,0.0
llama3-8b,grace,ripple,ripple_popular_row2,efficacy,hit,pre,0.0
llama3-8b,grace,ripple,ripple_popular_row2,ripple_logical,hit,pre,0.0
llama3-8b,grace,ripple,ripple_popular_row2,ripple_compositional_i,hit,pre,0.0
llama3-8b,grace,ripple,ripple_popular_row2,ripple_aliasing,hit,pre,0.0
llama3-8b,grace,ripple,ripple_popular_row2,ripple_relation_specificity,hit,pre,0.5555555555555556
llama3-8b,grace,ripple,ripple_popular_row2,ripple_preservation,hit,pre,1.0
llama3-8b,grace,ripple,ripple_popular_row2,efficacy,hit,post,1.0
llama3-8b,grace,ripple,ripple_popular_row2,ripple_logical,hit,post,0.0
llama3-8b,grace,ripple,ripple_popular_row2,ripple_compositional_i,hit,post,0.0
llama3-8b,grace,ripple,ripple_popular_row2,ripple_aliasing,hit,post,0.0
llama3-8b,grace,ripple,ripple_popular_row2,ripple_relation_specificity,hit,post,0.5555555555555556
llama3-8b,grace,ripple,ripple_popular_row2,ripple_preservation,hit,post,1.0
llama3-8b,grace,ripple,ripple_popular_row4,efficacy,hit,pre,0.0
llama3-8b,grace,ripple,ripple_popular_row4,ripple_logical,hit,pre,0.0
llama3-8b,grace,ripple,ripple_popular_row4,ripple_aliasing,hit,pre,0.0
llama3-8b,grace,ripple,ripple_popular_row4,ripple_relation_specificity,hit,pre,0.3333333333333333
llama3-8b,grace,ripple,ripple_popular_row4,ripple_preservation,hit,pre,0.0
llama3-8b,grace,ripple,ripple_popular_row4,efficacy,hit,post,1.0
llama3-8b,grace,ripple,ripple_popular_row4,ripple_logical,hit,post,0.0
llama3-8b,grace,ripple,ripple_popular_row4,ripple_aliasing,hit,post,0.0
llama3-8b,grace,ripple,ripple_popular_row4,ripple_relation_specificity,hit,post,0.3333333333333333
llama3-8b,grace,ripple,ripple_popular_row4,ripple_preservation,hit,post,0.0
llama3-8b,grace,ripple,ripple_random_row0,efficacy,hit,pre,0.0
llama3-8b,grace,ripple,ripple_random_row0,ripple_logical,hit,pre,0.0
llama3-8b,grace,ripple,ripple_random_row0,ripple_aliasing,hit,pre,0.0
llama3-8b,grace,ripple,ripple_random_row0,ripple_relation_specificity,hit,pre,0.0
llama3-8b,grace,ripple,ripple_random_row0,efficacy,hit,post,0.0
llama3-8b,grace,ripple,ripple_random_row0,ripple_logical,hit,post,0.0
llama3-8b,grace,ripple,ripple_random_row0,ripple_aliasing,hit,post,0.0
llama3-8b,grace,ripple,ripple_random_row0,ripple_relation_specificity,hit,post,0.0
llama3-8b,grace,ripple,ripple_random_row1,efficacy,hit,pre,0.0
llama3-8b,grace,ripple,ripple_random_row1,ripple_compositional_i,hit,pre,0.0
llama3-8b,grace,ripple,ripple_random_row1,ripple_aliasing,hit,pre,0.0
llama3-8b,grace,ripple,ripple_random_row1,ripple_relation_specificity,hit,pre,0.0
llama3-8b,grace,ripple,ripple_random_row1,efficacy,hit,post,1.0
llama3-8b,grace,ripple,ripple_random_row1,ripple_compositional_i,hit,post,0.0
llama3-8b,grace,ripple,ripple_random_row1,ripple_aliasing,hit,post,0.0
llama3-8b,grace,ripple,ripple_random_row1,ripple_relation_specificity,hit,post,0.0
llama3-8b,grace,ripple,ripple_random_row2,efficacy,hit,pre,0.0
llama3-8b,grace,ripple,ripple_random_row2,ripple_compositional_i,hit,pre,0.0
llama3-8b,grace,ripple,ripple_random_row2,ripple_aliasing,hit,pre,0.0
llama3-8b,grace,ripple,ripple_random_row2,efficacy,hit,post,1.0
llama3-8b,grace,ripple,ripple_random_row2,ripple_compositional_i,hit,post,0.0
llama3-8b,grace,ripple,ripple_random_row2,ripple_aliasing,hit,post,0.0
llama3-8b,grace,ripple,ripple_random_row3,efficacy,hit,pre,0.0
llama3-8b,grace,ripple,ripple_random_row3,ripple_aliasing,hit,pre,0.0
llama3-8b,grace,ripple,ripple_random_row3,ripple_relation_specificity,hit,pre,0.25
llama3-8b,grace,ripple,ripple_random_row3,ripple_preservation,hit,pre,0.0
llama3-8b,grace,ripple,ripple_random_row3,efficacy,hit,post,1.0
llama3-8b,grace,ripple,ripple_random_row3,ripple_aliasing,hit,post,0.0
llama3-8b,grace,ripple,ripple_random_row3,ripple_relation_specificity,hit,post,0.25
llama3-8b,grace,ripple,ripple_random_row3,ripple_preservation,hit,post,0.0
llama3-8b,grace,ripple,ripple_random_row4,efficacy,hit,pre,0.0
llama3-8b,grace,ripple,ripple_random_row4,ripple_aliasing,hit,pre,0.0
llama3-8b,grace,ripple,ripple_random_row4,ripple_relation_specificity,hit,pre,0.6666666666666666
llama3-8b,grace,ripple,ripple_random_row4,ripple_preservation,hit,pre,0.0
llama3-8b,grace,ripple,ripple_random_row4,efficacy,hit,post,1.0
llama3-8b,grace,ripple,ripple_random_row4,ripple_aliasing,hit,post,0.0
llama3-8b,grace,ripple,ripple_random_row4,ripple_relation_specificity,hit,post,0.6666666666666666
llama3-8b,grace,ripple,ripple_random_row4,ripple_preservation,hit,post,0.0
llama3-8b,grace,zsre,zsre_row0,efficacy,success,pre,1.0
llama3-8b,grace,zsre,zsre_row0,efficacy,diff,pre,0.0369414045465265
llama3-8b,grace,zsre,zsre_row0,efficacy,acc,pre,0.3333333333333333
llama3-8b,grace,zsre,zsre_row0,generalisation,success,pre,1.0
llama3-8b,grace,zsre,zsre_row0,generalisation,diff,pre,0.016267404748743455
llama3-8b,grace,zsre,zsre_row0,generalisation,acc,pre,0.3333333333333333
llama3-8b,grace,zsre,zsre_row0,specificity,success,pre,0.0
llama3-8b,grace,zsre,zsre_row0,specificity,diff,pre,-0.00038704909303236695
llama3-8b,grace,zsre,zsre_row0,specificity,acc,pre,0.6666666666666666
llama3-8b,grace,zsre,zsre_row0,efficacy,success,post,1.0
llama3-8b,grace,zsre,zsre_row0,efficacy,diff,post,0.5619831041235117
llama3-8b,grace,zsre,zsre_row0,efficacy,acc,post,1.0
llama3-8b,grace,zsre,zsre_row0,generalisation,success,post,1.0
llama3-8b,grace,zsre,zsre_row0,generalisation,diff,post,0.016267404748743455
llama3-8b,grace,zsre,zsre_row0,generalisation,acc,post,0.3333333333333333
llama3-8b,grace,zsre,zsre_row0,specificity,success,post,0.0
llama3-8b,grace,zsre,zsre_row0,specificity,diff,post,-0.00038704909303236695
llama3-8b,grace,zsre,zsre_row0,specificity,acc,post,0.6666666666666666
llama3-8b,grace,zsre,zsre_row1,efficacy,success,pre,0.0
llama3-8b,grace,zsre,zsre_row1,efficacy,diff,pre,-0.1378009694705405
llama3-8b,grace,zsre,zsre_row1,efficacy,acc,pre,0.0
llama3-8b,grace,zsre,zsre_row1,generalisation,success,pre,0.0
llama3-8b,grace,zsre,zsre_row1,generalisation,diff,pre,-0.1258746068663492
llama3-8b,grace,zsre,zsre_row1,generalisation,acc,pre,0.0
llama3-8b,grace,zsre,zsre_row1,specificity,success,pre,0.0
llama3-8b,grace,zsre,zsre_row1,specificity,diff,pre,-0.0034145509734565573
llama3-8b,grace,zsre,zsre_row1,specificity,acc,pre,0.5
llama3-8b,grace,zsre,zsre_row1,efficacy,success,post,1.0
llama3-8b,grace,zsre,zsre_row1,efficacy,diff,post,0.2856895598640712
llama3-8b,grace,zsre,zsre_row1,efficacy,acc,post,0.6666666666666666
llama3-8b,grace,zsre,zsre_row1,generalisation,success,post,0.0
llama3-8b,grace,zsre,zsre_row1,generalisation,diff,post,-0.1258746068663492
llama3-8b,grace,zsre,zsre_row1,generalisation,acc,post,0.0
llama3-8b,grace,zsre,zsre_row1,specificity,success,post,0.0
llama3-8b,grace,zsre,zsre_row1,specificity,diff,post,-0.0034145509734565573
llama3-8b,grace,zsre,zsre_row1,specificity,acc,post,0.5
llama3-8b,grace,zsre,zsre_row2,efficacy,success,pre,1.0
llama3-8b,grace,zsre,zsre_row2,efficacy,diff,pre,1.208607070673092e-06
llama3-8b,grace,zsre,zsre_row2,efficacy,acc,pre,0.0
llama3-8b,grace,zsre,zsre_row2,generalisation,success,pre,0.0
llama3-8b,grace,zsre,zsre_row2,generalisation,diff,pre,-3.4509760115199677e-06
llama3-8b,grace,zsre,zsre_row2,generalisation,acc,pre,0.0
llama3-8b,grace,zsre,zsre_row2,specificity,success,pre,0.0
llama3-8b,grace,zsre,zsre_row2,specificity,diff,pre,-0.004027526213683726
llama3-8b,grace,zsre,zsre_row2,specificity,acc,pre,0.3333333333333333
llama3-8b,grace,zsre,zsre_row2,efficacy,success,post,1.0
llama3-8b,grace,zsre,zsre_row2,efficacy,diff,post,1.0
llama3-8b,grace,zsre,zsre_row2,efficacy,acc,post,1.0
llama3-8b,grace,zsre,zsre_row2,generalisation,success,post,0.0
llama3-8b,grace,zsre,zsre_row2,generalisation,diff,post,-3.4509760115199677e-06
llama3-8b,grace,zsre,zsre_row2,generalisation,acc,post,0.0
llama3-8b,grace,zsre,zsre_row2,specificity,success,post,0.0
llama3-8b,grace,zsre,zsre_row2,specificity,diff,post,-0.004027526213683726
llama3-8b,grace,zsre,zsre_row2,specificity,acc,post,0.3333333333333333
llama3-8b,grace,zsre,zsre_row3,efficacy,success,pre,0.0
llama3-8b,grace,zsre,zsre_row3,efficacy,diff,pre,-0.058418318212685255
llama3-8b,grace,zsre,zsre_row3,efficacy,acc,pre,0.5
llama3-8b,grace,zsre,zsre_row3,generalisation,success,pre,0.0
llama3-8b,grace,zsre,zsre_row3,generalisation,diff,pre,-0.11300777712207462
llama3-8b,grace,zsre,zsre_row3,generalisation,acc,pre,0.75
llama3-8b,grace,zsre,zsre_row3,specificity,success,pre,1.0
llama3-8b,grace,zsre,zsre_row3,specificity,diff,pre,0.0058963752025680315
llama3-8b,grace,zsre,zsre_row3,specificity,acc,pre,0.5
llama3-8b,grace,zsre,zsre_row3,efficacy,success,post,1.0
llama3-8b,grace,zsre,zsre_row3,efficacy,diff,post,0.9861271661675818
llama3-8b,grace,zsre,zsre_row3,efficacy,acc,post,1.0
llama3-8b,grace,zsre,zsre_row3,generalisation,success,post,0.0
llama3-8b,grace,zsre,zsre_row3,generalisation,diff,post,-0.11300777712207462
llama3-8b,grace,zsre,zsre_row3,generalisation,acc,post,0.75
llama3-8b,grace,zsre,zsre_row3,specificity,success,post,1.0
llama3-8b,grace,zsre,zsre_row3,specificity,diff,post,0.0058963752025680315
llama3-8b,grace,zsre,zsre_row3,specificity,acc,post,0.5
llama3-8b,grace,zsre,zsre_row4,efficacy,success,pre,0.0
llama3-8b,grace,zsre,zsre_row4,efficacy,diff,pre,-0.14452349405602496
llama3-8b,grace,zsre,zsre_row4,efficacy,acc,pre,0.3333333333333333
llama3-8b,grace,zsre,zsre_row4,generalisation,success,pre,0.0
llama3-8b,grace,zsre,zsre_row4,generalisation,diff,pre,-0.14434793225138798
llama3-8b,grace,zsre,zsre_row4,generalisation,acc,pre,0.0
llama3-8b,grace,zsre,zsre_row4,specificity,success,pre,0.0
llama3-8b,grace,zsre,zsre_row4,specificity,diff,pre,-0.013939163292535884
llama3-8b,grace,zsre,zsre_row4,specificity,acc,pre,0.6
llama3-8b,grace,zsre,zsre_row4,efficacy,success,post,1.0
llama3-8b,grace,zsre,zsre_row4,efficacy,diff,post,0.994692487694323
llama3-8b,grace,zsre,zsre_row4,efficacy,acc,post,1.0
llama3-8b,grace,zsre,zsre_row4,generalisation,success,post,0.0
llama3-8b,grace,zsre,zsre_row4,generalisation,diff,post,-0.14434793225138798
llama3-8b,grace,zsre,zsre_row4,generalisation,acc,post,0.0
llama3-8b,grace,zsre,zsre_row4,specificity,success,post,0.0
llama3-8b,grace,zsre,zsre_row4,specificity,diff,post,-0.013939163292535884
llama3-8b,grace,zsre,zsre_row4,specificity,acc,post,0.6
llama3-8b,memit,counterfact,0,efficacy,success,pre,0.0
llama3-8b,memit,counterfact,0,efficacy,diff,pre,-0.554447759264991
llama3-8b,memit,counterfact,0,efficacy,acc,pre,0.0
llama3-8b,memit,counterfact,0,generalisation,success,pre,0.0
llama3-8b,memit,counterfact,0,generalisation,diff,pre,-0.017276258042719
llama3-8b,memit,counterfact,0,generalisation,acc,pre,0.0
llama3-8b,memit,counterfact,0,specificity,success,pre,0.0
llama3-8b,memit,counterfact,0,specificity,diff,pre,-0.3691831430535373
llama3-8b,memit,counterfact,0,specificity,acc,pre,0.5
llama3-8b,memit,counterfact,0,target_close_neighbour,success,pre,1.0
llama3-8b,memit,counterfact,0,target_close_neighbour,diff,pre,0.13501298562453548
llama3-8b,memit,counterfact,0,target_close_neighbour,acc,pre,0.4
llama3-8b,memit,counterfact,0,efficacy,success,post,1.0
llama3-8b,memit,counterfact,0,efficacy,diff,post,0.9998746094938612
llama3-8b,memit,counterfact,0,efficacy,acc,post,1.0
llama3-8b,memit,counterfact,0,generalisation,success,post,0.0
llama3-8b,memit,counterfact,0,generalisation,diff,post,-0.004239511408961838
llama3-8b,memit,counterfact,0,generalisation,acc,post,0.0
llama3-8b,memit,counterfact,0,specificity,success,post,0.0
llama3-8b,memit,counterfact,0,specificity,diff,post,-0.3931296543265583
llama3-8b,memit,counterfact,0,specificity,acc,post,0.6
llama3-8b,memit,counterfact,0,target_close_neighbour,success,post,1.0
llama3-8b,memit,counterfact,0,target_close_neighbour,diff,post,0.1546393632843881
llama3-8b,memit,counterfact,0,target_close_neighbour,acc,post,0.4
llama3-8b,memit,counterfact,1,efficacy,success,pre,0.0
llama3-8b,memit,counterfact,1,efficacy,diff,pre,-0.15195808065583227
llama3-8b,memit,counterfact,1,efficacy,acc,pre,0.0
llama3-8b,memit,counterfact,1,generalisation,success,pre,0.0
llama3-8b,memit,counterfact,1,generalisation,diff,pre,-0.03057342970014454
llama3-8b,memit,counterfact,1,generalisation,acc,pre,0.0
llama3-8b,memit,counterfact,1,specificity,success,pre,0.4
llama3-8b,memit,counterfact,1,specificity,diff,pre,-0.007853033098426339
llama3-8b,memit,counterfact,1,specificity,acc,pre,0.0
llama3-8b,memit,counterfact,1,target_close_neighbour,success,pre,1.0
llama3-8b,memit,counterfact,1,target_close_neighbour,diff,pre,0.12185462705339314
llama3-8b,memit,counterfact,1,target_close_neighbour,acc,pre,0.2
llama3-8b,memit,counterfact,1,efficacy,success,post,1.0
llama3-8b,memit,counterfact,1,efficacy,diff,post,0.9945631020646638
llama3-8b,memit,counterfact,1,efficacy,acc,post,1.0
llama3-8b,memit,counterfact,1,generalisation,success,post,1.0
llama3-8b,memit,counterfact,1,generalisation,diff,post,0.13075467142209218
llama3-8b,memit,counterfact,1,generalisation,acc,post,0.5
llama3-8b,memit,counterfact,1,specificity,success,post,0.4
llama3-8b,memit,counterfact,1,specificity,diff,post,-0.007712915848478293
llama3-8b,memit,counterfact,1,specificity,acc,post,0.0
llama3-8b,memit,counterfact,1,target_close_neighbour,success,post,1.0
llama3-8b,memit,counterfact,1,target_close_neighbour,diff,post,0.1341332864443223
llama3-8b,memit,counterfact,1,target_close_neighbour,acc,post,0.2
llama3-8b,memit,counterfact,2,efficacy,success,pre,1.0
llama3-8b,memit,counterfact,2,efficacy,diff,pre,2.1259822173694097e-05
llama3-8b,memit,counterfact,2,efficacy,acc,pre,0.0
llama3-8b,memit,counterfact,2,generalisation,success,pre,1.0
llama3-8b,memit,counterfact,2,generalisation,diff,pre,0.041588110685158136
llama3-8b,memit,counterfact,2,generalisation,acc,pre,0.5
llama3-8b,memit,counterfact,2,specificity,success,pre,0.6
llama3-8b,memit,counterfact,2,specificity,diff,pre,-0.016179983789135374
llama3-8b,memit,counterfact,2,specificity,acc,pre,0.2
llama3-8b,memit,counterfact,2,target_close_neighbour,success,pre,1.0
llama3-8b,memit,counterfact,2,target_close_neighbour,diff,pre,0.11117857836485087
llama3-8b,memit,counterfact,2,target_close_neighbour,acc,pre,0.6
llama3-8b,memit,counterfact,2,efficacy,success,post,1.0
llama3-8b,memit,counterfact,2,efficacy,diff,post,0.6329299936187073
llama3-8b,memit,counterfact,2,efficacy,acc,post,1.0
llama3-8b,memit,counterfact,2,generalisation,success,post,1.0
llama3-8b,memit,counterfact,2,generalisation,diff,post,0.12825864669725662
llama3-8b,memit,counterfact,2,generalisation,acc,post,0.5
llama3-8b,memit,counterfact,2,specificity,success,post,0.6
llama3-8b,memit,counterfact,2,specificity,diff,post,-0.015362265160967453
llama3-8b,memit,counterfact,2,specificity,acc,post,0.2
llama3-8b,memit,counterfact,2,target_close_neighbour,success,post,1.0
llama3-8b,memit,counterfact,2,target_close_neighbour,diff,post,0.12269319547549162
llama3-8b,memit,counterfact,2,target_close_neighbour,acc,post,0.6
llama3-8b,memit,counterfact,3,efficacy,success,pre,0.0
llama3-8b,memit,counterfact,3,efficacy,diff,pre,-0.1697459130973153
llama3-8b,memit,counterfact,3,efficacy,acc,pre,0.0
llama3-8b,memit,counterfact,3,generalisation,success,pre,0.0
llama3-8b,memit,counterfact,3,generalisation,diff,pre,-0.13498591406009813
llama3-8b,memit,counterfact,3,generalisation,acc,pre,0.0
llama3-8b,memit,counterfact,3,specificity,success,pre,0.3
llama3-8b,memit,counterfact,3,specificity,diff,pre,-0.03252874393447408
llama3-8b,memit,counterfact,3,specificity,acc,pre,0.0
llama3-8b,memit,counterfact,3,target_close_neighbour,success,pre,1.0
llama3-8b,memit,counterfact,3,target_close_neighbour,diff,pre,0.1456747153974075
llama3-8b,memit,counterfact,3,target_close_neighbour,acc,pre,0.1
llama3-8b,memit,counterfact,3,efficacy,success,post,1.0
llama3-8b,memit,counterfact,3,efficacy,diff,post,0.9824851804164653
llama3-8b,memit,counterfact,3,efficacy,acc,post,1.0
llama3-8b,memit,counterfact,3,generalisation,success,post,1.0
llama3-8b,memit,counterfact,3,generalisation,diff,post,0.8279313707295117
llama3-8b,memit,counterfact,3,generalisation,acc,post,1.0
llama3-8b,memit,counterfact,3,specificity,success,post,0.3
llama3-8b,memit,counterfact,3,specificity,diff,post,-0.03530367990231402
llama3-8b,memit,counterfact,3,specificity,acc,post,0.0
llama3-8b,memit,counterfact,3,target_close_neighbour,success,post,1.0
llama3-8b,memit,counterfact,3,target_close_neighbour,diff,post,0.15002509501777767
llama3-8b,memit,counterfact,3,target_close_neighbour,acc,post,0.1
llama3-8b,memit,counterfact,4,efficacy,success,pre,0.0
llama3-8b,memit,counterfact,4,efficacy,diff,pre,-2.2771917746545605e-05
llama3-8b,memit,counterfact,4,efficacy,acc,pre,0.0
llama3-8b,memit,counterfact,4,generalisation,success,pre,0.0
llama3-8b,memit,counterfact,4,generalisation,diff,pre,-1.0676113748920616e-05
llama3-8b,memit,counterfact,4,generalisation,acc,pre,0.0
llama3-8b,memit,counterfact,4,specificity,success,pre,0.2
llama3-8b,memit,counterfact,4,specificity,diff,pre,-0.00018899709688531834
llama3-8b,memit,counterfact,4,specificity,acc,pre,0.0
llama3-8b,memit,counterfact,4,target_close_neighbour,success,pre,0.9
llama3-8b,memit,counterfact,4,target_close_neighbour,diff,pre,0.001214846095154634
llama3-8b,memit,counterfact,4,target_close_neighbour,acc,pre,0.0
llama3-8b,memit,counterfact,4,efficacy,success,post,1.0
llama3-8b,memit,counterfact,4,efficacy,diff,post,0.9923450494227481
llama3-8b,memit,counterfact,4,efficacy,acc,post,1.0
llama3-8b,memit,counterfact,4,generalisation,success,post,1.0
llama3-8b,memit,counterfact,4,generalisation,diff,post,0.0001718666033577245
llama3-8b,memit,counterfact,4,generalisation,acc,post,0.0
llama3-8b,memit,counterfact,4,specificity,success,post,0.5
llama3-8b,memit,counterfact,4,specificity,diff,post,0.005435840911946105
llama3-8b,memit,counterfact,4,specificity,acc,post,0.0
llama3-8b,memit,counterfact,4,target_close_neighbour,success,post,1.0
llama3-8b,memit,counterfact,4,target_close_neighbour,diff,post,0.012736303949348271
llama3-8b,memit,counterfact,4,target_close_neighbour,acc,post,0.0
llama3-8b,memit,genie,composer_2,efficacy,success,pre,0.0
llama3-8b,memit,genie,composer_2,efficacy,diff,pre,-0.320825650779981
llama3-8b,memit,genie,composer_2,efficacy,acc,pre,0.0
llama3-8b,memit,genie,composer_2,paraphrase_1,success,pre,0.0
llama3-8b,memit,genie,composer_2,paraphrase_1,diff,pre,-0.8570532791137904
llama3-8b,memit,genie,composer_2,paraphrase_1,acc,pre,0.0
llama3-8b,memit,genie,composer_2,paraphrase_2,success,pre,0.0
llama3-8b,memit,genie,composer_2,paraphrase_2,diff,pre,-0.7712498457232887
llama3-8b,memit,genie,composer_2,paraphrase_2,acc,pre,0.0
llama3-8b,memit,genie,composer_2,paraphrase_3,success,pre,0.0
llama3-8b,memit,genie,composer_2,paraphrase_3,diff,pre,-0.7864061245154296
llama3-8b,memit,genie,composer_2,paraphrase_3,acc,pre,0.0
llama3-8b,memit,genie,composer_2,hop_1,success,pre,0.0
llama3-8b,memit,genie,composer_2,hop_1,diff,pre,-0.005889860054774254
llama3-8b,memit,genie,composer_2,hop_1,acc,pre,0.0
llama3-8b,memit,genie,composer_2,hop_2,success,pre,1.0
llama3-8b,memit,genie,composer_2,hop_2,diff,pre,0.080568657616478
llama3-8b,memit,genie,composer_2,hop_2,acc,pre,0.0
llama3-8b,memit,genie,composer_2,hop_3,success,pre,0.0
llama3-8b,memit,genie,composer_2,hop_3,diff,pre,-0.001435770909314531
llama3-8b,memit,genie,composer_2,hop_3,acc,pre,0.0
llama3-8b,memit,genie,composer_2,abstract_1,success,pre,1.0
llama3-8b,memit,genie,composer_2,abstract_1,diff,pre,0.6590349953898652
llama3-8b,memit,genie,composer_2,abstract_1,acc,pre,1.0
llama3-8b,memit,genie,composer_2,abstract_2,hit,pre,0.0
llama3-8b,memit,genie,composer_2,abstract_3,hit,pre,0.0
llama3-8b,memit,genie,composer_2,efficacy,success,post,1.0
llama3-8b,memit,genie,composer_2,efficacy,diff,post,0.990893209739587
llama3-8b,memit,genie,composer_2,efficacy,acc,post,1.0
llama3-8b,memit,genie,composer_2,paraphrase_1,success,post,1.0
llama3-8b,memit,genie,composer_2,paraphrase_1,diff,post,0.7544789537184596
llama3-8b,memit,genie,composer_2,paraphrase_1,acc,post,1.0
llama3-8b,memit,genie,composer_2,paraphrase_2,success,post,1.0
llama3-8b,memit,genie,composer_2,paraphrase_2,diff,post,0.7633321116675864
llama3-8b,memit,genie,composer_2,paraphrase_2,acc,post,1.0
llama3-8b,memit,genie,composer_2,paraphrase_3,success,post,1.0
llama3-8b,memit,genie,composer_2,paraphrase_3,diff,post,0.722248774021319
llama3-8b,memit,genie,composer_2,paraphrase_3,acc,post,1.0
llama3-8b,memit,genie,composer_2,hop_1,success,post,1.0
llama3-8b,memit,genie,composer_2,hop_1,diff,post,0.0004583505169547034
llama3-8b,memit,genie,composer_2,hop_1,acc,post,0.0
llama3-8b,memit,genie,composer_2,hop_2,success,post,1.0
llama3-8b,memit,genie,composer_2,hop_2,diff,post,0.3780479571734757
llama3-8b,memit,genie,composer_2,hop_2,acc,post,1.0
llama3-8b,memit,genie,composer_2,hop_3,success,post,1.0
llama3-8b,memit,genie,composer_2,hop_3,diff,post,0.011697401878385385
llama3-8b,memit,genie,composer_2,hop_3,acc,post,0.0
llama3-8b,memit,genie,composer_2,abstract_1,success,post,1.0
llama3-8b,memit,genie,composer_2,abstract_1,diff,post,0.6363700275346631
llama3-8b,memit,genie,composer_2,abstract_1,acc,post,1.0
llama3-8b,memit,genie,composer_2,abstract_2,hit,post,0.0
llama3-8b,memit,genie,composer_2,abstract_3,hit,post,0.0
llama3-8b,memit,genie,director_3,efficacy,success,pre,0.0
llama3-8b,memit,genie,director_3,efficacy,diff,pre,-0.41994310070278756
llama3-8b,memit,genie,director_3,efficacy,acc,pre,0.3333333333333333
llama3-8b,memit,genie,director_3,paraphrase_1,success,pre,0.0
llama3-8b,memit,genie,director_3,paraphrase_1,diff,pre,-0.7410503557634774
llama3-8b,memit,genie,director_3,paraphrase_1,acc,pre,0.3333333333333333
llama3-8b,memit,genie,director_3,paraphrase_2,success,pre,0.0
llama3-8b,memit,genie,director_3,paraphrase_2,diff,pre,-0.6673397510434274
llama3-8b,memit,genie,director_3,paraphrase_2,acc,pre,0.3333333333333333
llama3-8b,memit,genie,director_3,paraphrase_3,success,pre,0.0
llama3-8b,memit,genie,director_3,paraphrase_3,diff,pre,-0.6516008361765899
llama3-8b,memit,genie,director_3,paraphrase_3,acc,pre,0.3333333333333333
llama3-8b,memit,genie,director_3,hop_1,success,pre,0.0
llama3-8b,memit,genie,director_3,hop_1,diff,pre,-0.003378755560009996
llama3-8b,memit,genie,director_3,hop_1,acc,pre,0.0
llama3-8b,memit,genie,director_3,abstract_3,hit,pre,0.0
llama3-8b,memit,genie,director_3,efficacy,success,post,1.0
llama3-8b,memit,genie,director_3,efficacy,diff,post,0.9801531546727384
llama3-8b,memit,genie,director_3,efficacy,acc,post,1.0
llama3-8b,memit,genie,director_3,paraphrase_1,success,post,1.0
llama3-8b,memit,genie,director_3,paraphrase_1,diff,post,0.8849305545391976
llama3-8b,memit,genie,director_3,paraphrase_1,acc,post,1.0
llama3-8b,memit,genie,director_3,paraphrase_2,success,post,1.0
llama3-8b,memit,genie,director_3,paraphrase_2,diff,post,0.9901314100110967
llama3-8b,memit,genie,director_3,paraphrase_2,acc,post,1.0
llama3-8b,memit,genie,director_3,paraphrase_3,success,post,1.0
llama3-8b,memit,genie,director_3,paraphrase_3,diff,post,0.7912038557842289
llama3-8b,memit,genie,director_3,paraphrase_3,acc,post,1.0
llama3-8b,memit,genie,director_3,hop_1,success,post,1.0
llama3-8b,memit,genie,director_3,hop_1,diff,post,0.0007707613232302668
llama3-8b,memit,genie,director_3,hop_1,acc,post,0.0
llama3-8b,memit,genie,director_3,abstract_3,hit,post,1.0
llama3-8b,memit,genie,composer_4,efficacy,success,pre,0.0
llama3-8b,memit,genie,composer_4,efficacy,diff,pre,-0.598006381239636
llama3-8b,memit,genie,composer_4,efficacy,acc,pre,0.5
llama3-8b,memit,genie,composer_4,paraphrase_1,success,pre,0.0
llama3-8b,memit,genie,composer_4,paraphrase_1,diff,pre,-0.7785549235478918
llama3-8b,memit,genie,composer_4,paraphrase_1,acc,pre,0.5
llama3-8b,memit,genie,composer_4,paraphrase_2,success,pre,0.0
llama3-8b,memit,genie,composer_4,paraphrase_2,diff,pre,-0.9368923444906349
llama3-8b,memit,genie,composer_4,paraphrase_2,acc,pre,0.5
llama3-8b,memit,genie,composer_4,paraphrase_3,success,pre,0.0
llama3-8b,memit,genie,composer_4,paraphrase_3,diff,pre,-0.7820082972647027
llama3-8b,memit,genie,composer_4,paraphrase_3,acc,pre,0.5
llama3-8b,memit,genie,composer_4,hop_1,success,pre,0.0
llama3-8b,memit,genie,composer_4,hop_1,diff,pre,-0.08852083958012388
llama3-8b,memit,genie,composer_4,hop_1,acc,pre,0.5
llama3-8b,memit,genie,composer_4,abstract_2,hit,pre,0.0
llama3-8b,memit,genie,composer_4,abstract_3,hit,pre,0.0
llama3-8b,memit,genie,composer_4,efficacy,success,post,1.0
llama3-8b,memit,genie,composer_4,efficacy,diff,post,0.9914597239435624
llama3-8b,memit,genie,composer_4,efficacy,acc,post,1.0
llama3-8b,memit,genie,composer_4,paraphrase_1,success,post,1.0
llama3-8b,memit,genie,composer_4,paraphrase_1,diff,post,0.5525052680187401
llama3-8b,memit,genie,composer_4,paraphrase_1,acc,post,1.0
llama3-8b,memit,genie,composer_4,paraphrase_2,success,post,1.0
llama3-8b,memit,genie,composer_4,paraphrase_2,diff,post,0.9391006215163618
llama3-8b,memit,genie,composer_4,paraphrase_2,acc,post,1.0
llama3-8b,memit,genie,composer_4,paraphrase_3,success,post,1.0
llama3-8b,memit,genie,composer_4,paraphrase_3,diff,post,0.8756590679910973
llama3-8b,memit,genie,composer_4,paraphrase_3,acc,post,1.0
llama3-8b,memit,genie,composer_4,hop_1,success,post,0.0
llama3-8b,memit,genie,composer_4,hop_1,diff,post,-0.008340674335624854
llama3-8b,memit,genie,composer_4,hop_1,acc,post,0.5
llama3-8b,memit,genie,composer_4,abstract_2,hit,post,0.0
llama3-8b,memit,genie,composer_4,abstract_3,hit,post,0.0
llama3-8b,memit,genie,production_company_5,efficacy,success,pre,0.0
llama3-8b,memit,genie,production_company_5,efficacy,diff,pre,-0.06770304909204113
llama3-8b,memit,genie,production_company_5,efficacy,acc,pre,0.5
llama3-8b,memit,genie,production_company_5,paraphrase_1,success,pre,0.0
llama3-8b,memit,genie,production_company_5,paraphrase_1,diff,pre,-0.26988798561251076
llama3-8b,memit,genie,production_company_5,paraphrase_1,acc,pre,0.5
llama3-8b,memit,genie,production_company_5,paraphrase_2,success,pre,0.0
llama3-8b,memit,genie,production_company_5,paraphrase_2,diff,pre,-0.5448667024825531
llama3-8b,memit,genie,production_company_5,paraphrase_2,acc,pre,0.5
llama3-8b,memit,genie,production_company_5,paraphrase_3,success,pre,0.0
llama3-8b,memit,genie,production_company_5,paraphrase_3,diff,pre,-0.2504338707629176
llama3-8b,memit,genie,production_company_5,paraphrase_3,acc,pre,0.5
llama3-8b,memit,genie,production_company_5,hop_1,success,pre,0.0
llama3-8b,memit,genie,production_company_5,hop_1,diff,pre,-0.0009198993196863152
llama3-8b,memit,genie,production_company_5,hop_1,acc,pre,0.0
llama3-8b,memit,genie,production_company_5,abstract_1,success,pre,1.0
llama3-8b,memit,genie,production_company_5,abstract_1,diff,pre,0.5718697379593533
llama3-8b,memit,genie,production_company_5,abstract_1,acc,pre,0.75
llama3-8b,memit,genie,production_company_5,abstract_2,hit,pre,0.0
llama3-8b,memit,genie,production_company_5,abstract_3,hit,pre,0.0
llama3-8b,memit,genie,production_company_5,efficacy,success,post,1.0
llama3-8b,memit,genie,production_company_5,efficacy,diff,post,0.9206514317492057
llama3-8b,memit,genie,production_company_5,efficacy,acc,post,1.0
llama3-8b,memit,genie,production_company_5,paraphrase_1,success,post,1.0
llama3-8b,memit,genie,production_company_5,paraphrase_1,diff,post,0.6585963392621226
llama3-8b,memit,genie,production_company_5,paraphrase_1,acc,post,1.0
llama3-8b,memit,genie,production_company_5,paraphrase_2,success,post,1.0
llama3-8b,memit,genie,production_company_5,paraphrase_2,diff,post,0.795466847089493
llama3-8b,memit,genie,production_company_5,paraphrase_2,acc,post,1.0
llama3-8b,memit,genie,production_company_5,paraphrase_3,success,post,1.0
llama3-8b,memit,genie,production_company_5,paraphrase_3,diff,post,0.8810410735059772
llama3-8b,memit,genie,production_company_5,paraphrase_3,acc,post,1.0
llama3-8b,memit,genie,production_company_5,hop_1,success,post,1.0
llama3-8b,memit,genie,production_company_5,hop_1,diff,post,0.04715587831715551
llama3-8b,memit,genie,production_company_5,hop_1,acc,post,0.0
llama3-8b,memit,genie,production_company_5,abstract_1,success,post,1.0
llama3-8b,memit,genie,production_company_5,abstract_1,diff,post,0.603044753767034
llama3-8b,memit,genie,production_company_5,abstract_1,acc,post,0.75
llama3-8b,memit,genie,production_company_5,abstract_2,hit,post,1.0
llama3-8b,memit,genie,production_company_5,abstract_3,hit,post,1.0
llama3-8b,memit,genie,country_13,efficacy,success,pre,0.0
llama3-8b,memit,genie,country_13,efficacy,diff,pre,-0.04438034871032675
llama3-8b,memit,genie,country_13,efficacy,acc,pre,0.0
llama3-8b,memit,genie,country_13,paraphrase_1,success,pre,0.0
llama3-8b,memit,genie,country_13,paraphrase_1,diff,pre,-0.3156646634523208
llama3-8b,memit,genie,country_13,paraphrase_1,acc,pre,0.0
llama3-8b,memit,genie,country_13,paraphrase_2,success,pre,0.0
llama3-8b,memit,genie,country_13,paraphrase_2,diff,pre,-0.24617087017933548
llama3-8b,memit,genie,country_13,paraphrase_2,acc,pre,0.0
llama3-8b,memit,genie,country_13,paraphrase_3,success,pre,0.0
llama3-8b,memit,genie,country_13,paraphrase_3,diff,pre,-0.1390489186106315
llama3-8b,memit,genie,country_13,paraphrase_3,acc,pre,0.0
llama3-8b,memit,genie,country_13,hop_1,success,pre,0.0
llama3-8b,memit,genie,country_13,hop_1,diff,pre,-0.0144197723647481
llama3-8b,memit,genie,country_13,hop_1,acc,pre,0.0
llama3-8b,memit,genie,country_13,abstract_1,success,pre,1.0
llama3-8b,memit,genie,country_13,abstract_1,diff,pre,0.39571810950808356
llama3-8b,memit,genie,country_13,abstract_1,acc,pre,1.0
llama3-8b,memit,genie,country_13,abstract_3,hit,pre,0.0
llama3-8b,memit,genie,country_13,efficacy,success,post,1.0
llama3-8b,memit,genie,country_13,efficacy,diff,post,0.9427928794315988
llama3-8b,memit,genie,country_13,efficacy,acc,post,1.0
llama3-8b,memit,genie,country_13,paraphrase_1,success,post,1.0
llama3-8b,memit,genie,country_13,paraphrase_1,diff,post,0.2546354801220517
llama3-8b,memit,genie,country_13,paraphrase_1,acc,post,0.5
llama3-8b,memit,genie,country_13,paraphrase_2,success,post,1.0
llama3-8b,memit,genie,country_13,paraphrase_2,diff,post,0.36542376751447314
llama3-8b,memit,genie,country_13,paraphrase_2,acc,post,1.0
llama3-8b,memit,genie,country_13,paraphrase_3,success,post,1.0
llama3-8b,memit,genie,country_13,paraphrase_3,diff,post,0.42555808003762013
llama3-8b,memit,genie,country_13,paraphrase_3,acc,post,1.0
llama3-8b,memit,genie,country_13,hop_1,success,post,1.0
llama3-8b,memit,genie,country_13,hop_1,diff,post,0.21961279319834204
llama3-8b,memit,genie,country_13,hop_1,acc,post,1.0
llama3-8b,memit,genie,country_13,abstract_1,success,post,1.0
llama3-8b,memit,genie,country_13,abstract_1,diff,post,0.3591942673645845
llama3-8b,memit,genie,country_13,abstract_1,acc,post,0.75
llama3-8b,memit,genie,country_13,abstract_3,hit,post,0.0
llama3-8b,memit,mquake,1,efficacy,success,pre,0.5
llama3-8b,memit,mquake,1,efficacy,diff,pre,-0.12516460852795738
llama3-8b,memit,mquake,1,efficacy,acc,pre,0.3333333333333333
llama3-8b,memit,mquake,1,single_hop,success,pre,0.5
llama3-8b,memit,mquake,1,single_hop,diff,pre,-0.12516460852795738
llama3-8b,memit,mquake,1,single_hop,acc,pre,0.3333333333333333
llama3-8b,memit,mquake,1,multihop,hit,pre,0.0
llama3-8b,memit,mquake,1,efficacy,success,post,1.0
llama3-8b,memit,mquake,1,efficacy,diff,post,0.6048299676184188
llama3-8b,memit,mquake,1,efficacy,acc,post,0.75
llama3-8b,memit,mquake,1,single_hop,success,post,1.0
llama3-8b,memit,mquake,1,single_hop,diff,post,0.6048299676184188
llama3-8b,memit,mquake,1,single_hop,acc,post,0.75
llama3-8b,memit,mquake,1,multihop,hit,post,0.0
llama3-8b,memit,mquake,2,efficacy,success,pre,0.0
llama3-8b,memit,mquake,2,efficacy,diff,pre,-0.5267057367602159
llama3-8b,memit,mquake,2,efficacy,acc,pre,0.25
llama3-8b,memit,mquake,2,single_hop,success,pre,0.5
llama3-8b,memit,mquake,2,single_hop,diff,pre,-0.16526882502839385
llama3-8b,memit,mquake,2,single_hop,acc,pre,0.625
llama3-8b,memit,mquake,2,multihop,hit,pre,0.0
llama3-8b,memit,mquake,2,efficacy,success,post,1.0
llama3-8b,memit,mquake,2,efficacy,diff,post,0.7376685628934065
llama3-8b,memit,mquake,2,efficacy,acc,post,1.0
llama3-8b,memit,mquake,2,single_hop,success,post,1.0
llama3-8b,memit,mquake,2,single_hop,diff,post,0.46403662601248996
llama3-8b,memit,mquake,2,single_hop,acc,post,1.0
llama3-8b,memit,mquake,2,multihop,hit,post,0.3333333333333333
llama3-8b,memit,mquake,3,efficacy,success,pre,0.0
llama3-8b,memit,mquake,3,efficacy,diff,pre,-0.9471558434905721
llama3-8b,memit,mquake,3,efficacy,acc,pre,0.5
llama3-8b,memit,mquake,3,single_hop,success,pre,0.5
llama3-8b,memit,mquake,3,single_hop,diff,pre,-0.44308061206966204
llama3-8b,memit,mquake,3,single_hop,acc,pre,0.25
llama3-8b,memit,mquake,3,multihop,hit,pre,0.0
llama3-8b,memit,mquake,3,efficacy,success,post,1.0
llama3-8b,memit,mquake,3,efficacy,diff,post,0.9227311386621664
llama3-8b,memit,mquake,3,efficacy,acc,post,1.0
llama3-8b,memit,mquake,3,single_hop,success,post,1.0
llama3-8b,memit,mquake,3,single_hop,diff,post,0.501136972839802
llama3-8b,memit,mquake,3,single_hop,acc,post,0.5
llama3-8b,memit,mquake,3,multihop,hit,post,0.0
llama3-8b,memit,mquake,4,efficacy,success,pre,0.0
llama3-8b,memit,mquake,4,efficacy,diff,pre,-0.09838012555666456
llama3-8b,memit,mquake,4,efficacy,acc,pre,0.6666666666666666
llama3-8b,memit,mquake,4,single_hop,success,pre,0.5
llama3-8b,memit,mquake,4,single_hop,diff,pre,-0.049114836266503516
llama3-8b,memit,mquake,4,single_hop,acc,pre,0.3333333333333333
llama3-8b,memit,mquake,4,multihop,hit,pre,0.0
llama3-8b,memit,mquake,4,efficacy,success,post,1.0
llama3-8b,memit,mquake,4,efficacy,diff,post,0.9506918979689489
llama3-8b,memit,mquake,4,efficacy,acc,post,1.0
llama3-8b,memit,mquake,4,single_hop,success,post,1.0
llama3-8b,memit,mquake,4,single_hop,diff,post,0.47543831219967997
llama3-8b,memit,mquake,4,single_hop,acc,post,0.5
llama3-8b,memit,mquake,4,multihop,hit,post,0.0
llama3-8b,memit,mquake,5,efficacy,success,pre,0.0
llama3-8b,memit,mquake,5,efficacy,diff,pre,-0.19261296640240017
llama3-8b,memit,mquake,5,efficacy,acc,pre,0.2
llama3-8b,memit,mquake,5,single_hop,success,pre,0.0
llama3-8b,memit,mquake,5,single_hop,diff,pre,-0.19261296640240017
llama3-8b,memit,mquake,5,single_hop,acc,pre,0.2
llama3-8b,memit,mquake,5,multihop,hit,pre,0.0
llama3-8b,memit,mquake,5,efficacy,success,post,1.0
llama3-8b,memit,mquake,5,efficacy,diff,post,0.6349981101775721
llama3-8b,memit,mquake,5,efficacy,acc,post,0.75
llama3-8b,memit,mquake,5,single_hop,success,post,1.0
llama3-8b,memit,mquake,5,single_hop,diff,post,0.6349981101775721
llama3-8b,memit,mquake,5,single_hop,acc,post,0.75
llama3-8b,memit,mquake,5,multihop,hit,post,0.0
llama3-8b,memit,ripple,ripple_popular_row0,efficacy,hit,pre,0.0
llama3-8b,memit,ripple,ripple_popular_row0,ripple_compositional_i,hit,pre,0.0
llama3-8b,memit,ripple,ripple_popular_row0,ripple_aliasing,hit,pre,0.0
llama3-8b,memit,ripple,ripple_popular_row0,ripple_relation_specificity,hit,pre,0.7777777777777778
llama3-8b,memit,ripple,ripple_popular_row0,ripple_preservation,hit,pre,0.0
llama3-8b,memit,ripple,ripple_popular_row0,efficacy,hit,post,1.0
llama3-8b,memit,ripple,ripple_popular_row0,ripple_compositional_i,hit,post,0.5714285714285714
llama3-8b,memit,ripple,ripple_popular_row0,ripple_aliasing,hit,post,1.0
llama3-8b,memit,ripple,ripple_popular_row0,ripple_relation_specificity,hit,post,0.2222222222222222
llama3-8b,memit,ripple,ripple_popular_row0,ripple_preservation,hit,post,0.0
llama3-8b,memit,ripple,ripple_popular_row2,efficacy,hit,pre,0.0
llama3-8b,memit,ripple,ripple_popular_row2,ripple_logical,hit,pre,0.0
llama3-8b,memit,ripple,ripple_popular_row2,ripple_compositional_i,hit,pre,0.0
llama3-8b,memit,ripple,ripple_popular_row2,ripple_aliasing,hit,pre,0.0
llama3-8b,memit,ripple,ripple_popular_row2,ripple_relation_specificity,hit,pre,0.5555555555555556
llama3-8b,memit,ripple,ripple_popular_row2,ripple_preservation,hit,pre,1.0
llama3-8b,memit,ripple,ripple_popular_row2,efficacy,hit,post,1.0
llama3-8b,memit,ripple,ripple_popular_row2,ripple_logical,hit,post,0.0
llama3-8b,memit,ripple,ripple_popular_row2,ripple_compositional_i,hit,post,0.2
llama3-8b,memit,ripple,ripple_popular_row2,ripple_aliasing,hit,post,1.0
llama3-8b,memit,ripple,ripple_popular_row2,ripple_relation_specificity,hit,post,0.2222222222222222
llama3-8b,memit,ripple,ripple_popular_row2,ripple_preservation,hit,post,0.0
llama3-8b,memit,ripple,ripple_popular_row4,efficacy,hit,pre,0.0
llama3-8b,memit,ripple,ripple_popular_row4,ripple_logical,hit,pre,0.0
llama3-8b,memit,ripple,ripple_popular_row4,ripple_aliasing,hit,pre,0.0
llama3-8b,memit,ripple,ripple_popular_row4,ripple_relation_specificity,hit,pre,0.3333333333333333
llama3-8b,memit,ripple,ripple_popular_row4,ripple_preservation,hit,pre,0.0
llama3-8b,memit,ripple,ripple_popular_row4,efficacy,hit,post,1.0
llama3-8b,memit,ripple,ripple_popular_row4,ripple_logical,hit,post,0.0
llama3-8b,memit,ripple,ripple_popular_row4,ripple_aliasing,hit,post,1.0
llama3-8b,memit,ripple,ripple_popular_row4,ripple_relation_specificity,hit,post,0.3333333333333333
llama3-8b,memit,ripple,ripple_popular_row4,ripple_preservation,hit,post,0.0
llama3-8b,memit,ripple,ripple_random_row0,efficacy,hit,pre,0.0
llama3-8b,memit,ripple,ripple_random_row0,ripple_logical,hit,pre,0.0
llama3-8b,memit,ripple,ripple_random_row0,ripple_aliasing,hit,pre,0.0
llama3-8b,memit,ripple,ripple_random_row0,ripple_relation_specificity,hit,pre,0.0
llama3-8b,memit,ripple,ripple_random_row0,efficacy,hit,post,0.0
llama3-8b,memit,ripple,ripple_random_row0,ripple_logical,hit,post,0.0
llama3-8b,memit,ripple,ripple_random_row0,ripple_aliasing,hit,post,0.0
llama3-8b,memit,ripple,ripple_random_row0,ripple_relation_specificity,hit,post,0.0
llama3-8b,memit,ripple,ripple_random_row1,efficacy,hit,pre,0.0
llama3-8b,memit,ripple,ripple_random_row1,ripple_compositional_i,hit,pre,0.0
llama3-8b,memit,ripple,ripple_random_row1,ripple_aliasing,hit,pre,0.0
llama3-8b,memit,ripple,ripple_random_row1,ripple_relation_specificity,hit,pre,0.0
llama3-8b,memit,ripple,ripple_random_row1,efficacy,hit,post,1.0
llama3-8b,memit,ripple,ripple_random_row1,ripple_compositional_i,hit,post,0.0
llama3-8b,memit,ripple,ripple_random_row1,ripple_aliasing,hit,post,0.0
llama3-8b,memit,ripple,ripple_random_row1,ripple_relation_specificity,hit,post,0.0
llama3-8b,memit,ripple,ripple_random_row2,efficacy,hit,pre,0.0
llama3-8b,memit,ripple,ripple_random_row2,ripple_compositional_i,hit,pre,0.0
llama3-8b,memit,ripple,ripple_random_row2,ripple_aliasing,hit,pre,0.0
llama3-8b,memit,ripple,ripple_random_row2,efficacy,hit,post,0.0
llama3-8b,memit,ripple,ripple_random_row2,ripple_compositional_i,hit,post,1.0
llama3-8b,memit,ripple,ripple_random_row2,ripple_aliasing,hit,post,1.0
llama3-8b,memit,ripple,ripple_random_row3,efficacy,hit,pre,0.0
llama3-8b,memit,ripple,ripple_random_row3,ripple_aliasing,hit,pre,0.0
llama3-8b,memit,ripple,ripple_random_row3,ripple_relation_specificity,hit,pre,0.25
llama3-8b,memit,ripple,ripple_random_row3,ripple_preservation,hit,pre,0.0
llama3-8b,memit,ripple,ripple_random_row3,efficacy,hit,post,1.0
llama3-8b,memit,ripple,ripple_random_row3,ripple_aliasing,hit,post,0.0
llama3-8b,memit,ripple,ripple_random_row3,ripple_relation_specificity,hit,post,0.25
llama3-8b,memit,ripple,ripple_random_row3,ripple_preservation,hit,post,0.0
llama3-8b,memit,ripple,ripple_random_row4,efficacy,hit,pre,0.0
llama3-8b,memit,ripple,ripple_random_row4,ripple_aliasing,hit,pre,0.0
llama3-8b,memit,ripple,ripple_random_row4,ripple_relation_specificity,hit,pre,0.6666666666666666
llama3-8b,memit,ripple,ripple_random_row4,ripple_preservation,hit,pre,0.0
llama3-8b,memit,ripple,ripple_random_row4,efficacy,hit,post,1.0
llama3-8b,memit,ripple,ripple_random_row4,ripple_aliasing,hit,post,1.0
llama3-8b,memit,ripple,ripple_random_row4,ripple_relation_specificity,hit,post,0.6666666666666666
llama3-8b,memit,ripple,ripple_random_row4,ripple_preservation,hit,post,1.0
llama3-8b,memit,zsre,zsre_row0,efficacy,success,pre,1.0
llama3-8b,memit,zsre,zsre_row0,efficacy,diff,pre,0.0369414045465265
llama3-8b,memit,zsre,zsre_row0,efficacy,acc,pre,0.3333333333333333
llama3-8b,memit,zsre,zsre_row0,generalisation,success,pre,1.0
llama3-8b,memit,zsre,zsre_row0,generalisation,diff,pre,0.016267404748743455
llama3-8b,memit,zsre,zsre_row0,generalisation,acc,pre,0.3333333333333333
llama3-8b,memit,zsre,zsre_row0,specificity,success,pre,0.0
llama3-8b,memit,zsre,zsre_row0,specificity,diff,pre,-0.00038704909303236695
llama3-8b,memit,zsre,zsre_row0,specificity,acc,pre,0.6666666666666666
llama3-8b,memit,zsre,zsre_row0,efficacy,success,post,1.0
llama3-8b,memit,zsre,zsre_row0,efficacy,diff,post,0.9917442759239212
llama3-8b,memit,zsre,zsre_row0,efficacy,acc,post,1.0
llama3-8b,memit,zsre,zsre_row0,generalisation,success,post,1.0
llama3-8b,memit,zsre,zsre_row0,generalisation,diff,post,0.789282572839981
llama3-8b,memit,zsre,zsre_row0,generalisation,acc,post,1.0
llama3-8b,memit,zsre,zsre_row0,specificity,success,post,0.0
llama3-8b,memit,zsre,zsre_row0,specificity,diff,post,-0.00035736278088129665
llama3-8b,memit,zsre,zsre_row0,specificity,acc,post,0.6666666666666666
llama3-8b,memit,zsre,zsre_row1,efficacy,success,pre,0.0
llama3-8b,memit,zsre,zsre_row1,efficacy,diff,pre,-0.1378009694705405
llama3-8b,memit,zsre,zsre_row1,efficacy,acc,pre,0.0
llama3-8b,memit,zsre,zsre_row1,generalisation,success,pre,0.0
llama3-8b,memit,zsre,zsre_row1,generalisation,diff,pre,-0.1258746068663492
llama3-8b,memit,zsre,zsre_row1,generalisation,acc,pre,0.0
llama3-8b,memit,zsre,zsre_row1,specificity,success,pre,0.0
llama3-8b,memit,zsre,zsre_row1,specificity,diff,pre,-0.0034145509734565573
llama3-8b,memit,zsre,zsre_row1,specificity,acc,pre,0.5
llama3-8b,memit,zsre,zsre_row1,efficacy,success,post,1.0
llama3-8b,memit,zsre,zsre_row1,efficacy,diff,post,0.9995272800594724
llama3-8b,memit,zsre,zsre_row1,efficacy,acc,post,1.0
llama3-8b,memit,zsre,zsre_row1,generalisation,success,post,1.0
llama3-8b,memit,zsre,zsre_row1,generalisation,diff,post,0.9889932706582423
llama3-8b,memit,zsre,zsre_row1,generalisation,acc,post,1.0
llama3-8b,memit,zsre,zsre_row1,specificity,success,post,0.0
llama3-8b,memit,zsre,zsre_row1,specificity,diff,post,-0.0034078460285133783
llama3-8b,memit,zsre,zsre_row1,specificity,acc,post,0.5
llama3-8b,memit,zsre,zsre_row2,efficacy,success,pre,1.0
llama3-8b,memit,zsre,zsre_row2,efficacy,diff,pre,1.208607070673092e-06
llama3-8b,memit,zsre,zsre_row2,efficacy,acc,pre,0.0
llama3-8b,memit,zsre,zsre_row2,generalisation,success,pre,0.0
llama3-8b,memit,zsre,zsre_row2,generalisation,diff,pre,-3.4509760115199677e-06
llama3-8b,memit,zsre,zsre_row2,generalisation,acc,pre,0.0
llama3-8b,memit,zsre,zsre_row2,specificity,success,pre,0.0
llama3-8b,memit,zsre,zsre_row2,specificity,diff,pre,-0.004027526213683726
llama3-8b,memit,zsre,zsre_row2,specificity,acc,pre,0.3333333333333333
llama3-8b,memit,zsre,zsre_row2,efficacy,success,post,1.0
llama3-8b,memit,zsre,zsre_row2,efficacy,diff,post,0.9836544841034367
llama3-8b,memit,zsre,zsre_row2,efficacy,acc,post,1.0
llama3-8b,memit,zsre,zsre_row2,generalisation,success,post,1.0
llama3-8b,memit,zsre,zsre_row2,generalisation,diff,post,0.6725846756043611
llama3-8b,memit,zsre,zsre_row2,generalisation,acc,post,1.0
llama3-8b,memit,zsre,zsre_row2,specificity,success,post,0.0
llama3-8b,memit,zsre,zsre_row2,specificity,diff,post,-0.0040911192688968135
llama3-8b,memit,zsre,zsre_row2,specificity,acc,post,0.3333333333333333
llama3-8b,memit,zsre,zsre_row3,efficacy,success,pre,0.0
llama3-8b,memit,zsre,zsre_row3,efficacy,diff,pre,-0.058418318212685255
llama3-8b,memit,zsre,zsre_row3,efficacy,acc,pre,0.5
llama3-8b,memit,zsre,zsre_row3,generalisation,success,pre,0.0
llama3-8b,memit,zsre,zsre_row3,generalisation,diff,pre,-0.11300777712207462
llama3-8b,memit,zsre,zsre_row3,generalisation,acc,pre,0.75
llama3-8b,memit,zsre,zsre_row3,specificity,success,pre,1.0
llama3-8b,memit,zsre,zsre_row3,specificity,diff,pre,0.0058963752025680315
llama3-8b,memit,zsre,zsre_row3,specificity,acc,pre,0.5
llama3-8b,memit,zsre,zsre_row3,efficacy,success,post,0.0
llama3-8b,memit,zsre,zsre_row3,efficacy,diff,post,-0.07588463629481733
llama3-8b,memit,zsre,zsre_row3,efficacy,acc,post,0.75
llama3-8b,memit,zsre,zsre_row3,generalisation,success,post,0.0
llama3-8b,memit,zsre,zsre_row3,generalisation,diff,post,-0.0492443827664546
llama3-8b,memit,zsre,zsre_row3,generalisation,acc,post,0.75
llama3-8b,memit,zsre,zsre_row3,specificity,success,post,1.0
llama3-8b,memit,zsre,zsre_row3,specificity,diff,post,0.0060788679105211775
llama3-8b,memit,zsre,zsre_row3,specificity,acc,post,0.5
llama3-8b,memit,zsre,zsre_row4,efficacy,success,pre,0.0
llama3-8b,memit,zsre,zsre_row4,efficacy,diff,pre,-0.14452349405602496
llama3-8b,memit,zsre,zsre_row4,efficacy,acc,pre,0.3333333333333333
llama3-8b,memit,zsre,zsre_row4,generalisation,success,pre,0.0
llama3-8b,memit,zsre,zsre_row4,generalisation,diff,pre,-0.14434793225138798
llama3-8b,memit,zsre,zsre_row4,generalisation,acc,pre,0.0
llama3-8b,memit,zsre,zsre_row4,specificity,success,pre,0.0
llama3-8b,memit,zsre,zsre_row4,specificity,diff,pre,-0.013939163292535884
llama3-8b,memit,zsre,zsre_row4,specificity,acc,pre,0.6
llama3-8b,memit,zsre,zsre_row4,efficacy,success,post,1.0
llama3-8b,memit,zsre,zsre_row4,efficacy,diff,post,0.9180850649912127
llama3-8b,memit,zsre,zsre_row4,efficacy,acc,post,1.0
llama3-8b,memit,zsre,zsre_row4,generalisation,success,post,1.0
llama3-8b,memit,zsre,zsre_row4,generalisation,diff,post,0.029924589287461584
llama3-8b,memit,zsre,zsre_row4,generalisation,acc,post,0.6666666666666666
llama3-8b,memit,zsre,zsre_row4,specificity,success,post,0.0
llama3-8b,memit,zsre,zsre_row4,specificity,diff,post,-0.013992389820899695
llama3-8b,memit,zsre,zsre_row4,specificity,acc,post,0.6
llama3-8b,remedi,counterfact,0,efficacy,success,pre,0.0
llama3-8b,remedi,counterfact,0,efficacy,diff,pre,-0.554447759264991
llama3-8b,remedi,counterfact,0,efficacy,acc,pre,0.0
llama3-8b,remedi,counterfact,0,generalisation,success,pre,0.0
llama3-8b,remedi,counterfact,0,generalisation,diff,pre,-0.017276258042719
llama3-8b,remedi,counterfact,0,generalisation,acc,pre,0.0
llama3-8b,remedi,counterfact,0,specificity,success,pre,0.0
llama3-8b,remedi,counterfact,0,specificity,diff,pre,-0.3691831430535373
llama3-8b,remedi,counterfact,0,specificity,acc,pre,0.5
llama3-8b,remedi,counterfact,0,target_close_neighbour,success,pre,1.0
llama3-8b,remedi,counterfact,0,target_close_neighbour,diff,pre,0.13501298562453548
llama3-8b,remedi,counterfact,0,target_close_neighbour,acc,pre,0.4
llama3-8b,remedi,counterfact,0,efficacy,success,post,1.0
llama3-8b,remedi,counterfact,0,efficacy,diff,post,0.9998613577961112
llama3-8b,remedi,counterfact,0,efficacy,acc,post,1.0
llama3-8b,remedi,counterfact,0,generalisation,success,post,1.0
llama3-8b,remedi,counterfact,0,generalisation,diff,post,0.36286527114813266
llama3-8b,remedi,counterfact,0,generalisation,acc,post,0.5
llama3-8b,remedi,counterfact,0,specificity,success,post,0.0
llama3-8b,remedi,counterfact,0,specificity,diff,post,-0.3691831430535373
llama3-8b,remedi,counterfact,0,specificity,acc,post,0.5
llama3-8b,remedi,counterfact,0,target_close_neighbour,success,post,1.0
llama3-8b,remedi,counterfact,0,target_close_neighbour,diff,post,0.13501298562453548
llama3-8b,remedi,counterfact,0,target_close_neighbour,acc,post,0.4
llama3-8b,remedi,counterfact,1,efficacy,success,pre,0.0
llama3-8b,remedi,counterfact,1,efficacy,diff,pre,-0.15195808065583227
llama3-8b,remedi,counterfact,1,efficacy,acc,pre,0.0
llama3-8b,remedi,counterfact,1,generalisation,success,pre,0.0
llama3-8b,remedi,counterfact,1,generalisation,diff,pre,-0.03057342970014454
llama3-8b,remedi,counterfact,1,generalisation,acc,pre,0.0
llama3-8b,remedi,counterfact,1,specificity,success,pre,0.4
llama3-8b,remedi,counterfact,1,specificity,diff,pre,-0.007853033098426339
llama3-8b,remedi,counterfact,1,specificity,acc,pre,0.0
llama3-8b,remedi,counterfact,1,target_close_neighbour,success,pre,1.0
llama3-8b,remedi,counterfact,1,target_close_neighbour,diff,pre,0.12185462705339314
llama3-8b,remedi,counterfact,1,target_close_neighbour,acc,pre,0.2
llama3-8b,remedi,counterfact,1,efficacy,success,post,1.0
llama3-8b,remedi,counterfact,1,efficacy,diff,post,0.6121700347915654
llama3-8b,remedi,counterfact,1,efficacy,acc,post,1.0
llama3-8b,remedi,counterfact,1,generalisation,success,post,1.0
llama3-8b,remedi,counterfact,1,generalisation,diff,post,0.5336438971798212
llama3-8b,remedi,counterfact,1,generalisation,acc,post,0.5
llama3-8b,remedi,counterfact,1,specificity,success,post,0.4
llama3-8b,remedi,counterfact,1,specificity,diff,post,-0.007853033098426339
llama3-8b,remedi,counterfact,1,specificity,acc,post,0.0
llama3-8b,remedi,counterfact,1,target_close_neighbour,success,post,1.0
llama3-8b,remedi,counterfact,1,target_close_neighbour,diff,post,0.12185462705339314
llama3-8b,remedi,counterfact,1,target_close_neighbour,acc,post,0.2
llama3-8b,remedi,counterfact,2,efficacy,success,pre,1.0
llama3-8b,remedi,counterfact,2,efficacy,diff,pre,2.1259822173694097e-05
llama3-8b,remedi,counterfact,2,efficacy,acc,pre,0.0
llama3-8b,remedi,counterfact,2,generalisation,success,pre,1.0
llama3-8b,remedi,counterfact,2,generalisation,diff,pre,0.041588110685158136
llama3-8b,remedi,counterfact,2,generalisation,acc,pre,0.5
llama3-8b,remedi,counterfact,2,specificity,success,pre,0.6
llama3-8b,remedi,counterfact,2,specificity,diff,pre,-0.016179983789135374
llama3-8b,remedi,counterfact,2,specificity,acc,pre,0.2
llama3-8b,remedi,counterfact,2,target_close_neighbour,success,pre,1.0
llama3-8b,remedi,counterfact,2,target_close_neighbour,diff,pre,0.11117857836485087
llama3-8b,remedi,counterfact,2,target_close_neighbour,acc,pre,0.6
llama3-8b,remedi,counterfact,2,efficacy,success,post,1.0
llama3-8b,remedi,counterfact,2,efficacy,diff,post,0.8501570517764505
llama3-8b,remedi,counterfact,2,efficacy,acc,post,1.0
llama3-8b,remedi,counterfact,2,generalisation,success,post,1.0
llama3-8b,remedi,counterfact,2,generalisation,diff,post,0.33463790726983217
llama3-8b,remedi,counterfact,2,generalisation,acc,post,0.5
llama3-8b,remedi,counterfact,2,specificity,success,post,0.6
llama3-8b,remedi,counterfact,2,specificity,diff,post,-0.016179983789135374
llama3-8b,remedi,counterfact,2,specificity,acc,post,0.2
llama3-8b,remedi,counterfact,2,target_close_neighbour,success,post,1.0
llama3-8b,remedi,counterfact,2,target_close_neighbour,diff,post,0.11117857836485087
llama3-8b,remedi,counterfact,2,target_close_neighbour,acc,post,0.6
llama3-8b,remedi,counterfact,3,efficacy,success,pre,0.0
llama3-8b,remedi,counterfact,3,efficacy,diff,pre,-0.1697459130973153
llama3-8b,remedi,counterfact,3,efficacy,acc,pre,0.0
llama3-8b,remedi,counterfact,3,generalisation,success,pre,0.0
llama3-8b,remedi,counterfact,3,generalisation,diff,pre,-0.13498591406009813
llama3-8b,remedi,counterfact,3,generalisation,acc,pre,0.0
llama3-8b,remedi,counterfact,3,specificity,success,pre,0.3
llama3-8b,remedi,counterfact,3,specificity,diff,pre,-0.03252874393447408
llama3-8b,remedi,counterfact,3,specificity,acc,pre,0.0
llama3-8b,remedi,counterfact,3,target_close_neighbour,success,pre,1.0
llama3-8b,remedi,counterfact,3,target_close_neighbour,diff,pre,0.1456747153974075
llama3-8b,remedi,counterfact,3,target_close_neighbour,acc,pre,0.1
llama3-8b,remedi,counterfact,3,efficacy,success,post,1.0
llama3-8b,remedi,counterfact,3,efficacy,diff,post,0.852580198894072
llama3-8b,remedi,counterfact,3,efficacy,acc,post,1.0
llama3-8b,remedi,counterfact,3,generalisation,success,post,1.0
llama3-8b,remedi,counterfact,3,generalisation,diff,post,0.6287681985835266
llama3-8b,remedi,counterfact,3,generalisation,acc,post,1.0
llama3-8b,remedi,counterfact,3,specificity,success,post,0.3
llama3-8b,remedi,counterfact,3,specificity,diff,post,-0.03252874393447408
llama3-8b,remedi,counterfact,3,specificity,acc,post,0.0
llama3-8b,remedi,counterfact,3,target_close_neighbour,success,post,1.0
llama3-8b,remedi,counterfact,3,target_close_neighbour,diff,post,0.1456747153974075
llama3-8b,remedi,counterfact,3,target_close_neighbour,acc,post,0.1
llama3-8b,remedi,counterfact,4,efficacy,success,pre,0.0
llama3-8b,remedi,counterfact,4,efficacy,diff,pre,-2.2771917746545605e-05
llama3-8b,remedi,counterfact,4,efficacy,acc,pre,0.0
llama3-8b,remedi,counterfact,4,generalisation,success,pre,0.0
llama3-8b,remedi,counterfact,4,generalisation,diff,pre,-1.0676113748920616e-05
llama3-8b,remedi,counterfact,4,generalisation,acc,pre,0.0
llama3-8b,remedi,counterfact,4,specificity,success,pre,0.2
llama3-8b,remedi,counterfact,4,specificity,diff,pre,-0.00018899709688531834
llama3-8b,remedi,counterfact,4,specificity,acc,pre,0.0
llama3-8b,remedi,counterfact,4,target_close_neighbour,success,pre,0.9
llama3-8b,remedi,counterfact,4,target_close_neighbour,diff,pre,0.001214846095154634
llama3-8b,remedi,counterfact,4,target_close_neighbour,acc,pre,0.0
llama3-8b,remedi,counterfact,4,efficacy,success,post,1.0
llama3-8b,remedi,counterfact,4,efficacy,diff,post,0.45063300308530563
llama3-8b,remedi,counterfact,4,efficacy,acc,post,1.0
llama3-8b,remedi,counterfact,4,generalisation,success,post,1.0
llama3-8b,remedi,counterfact,4,generalisation,diff,post,0.5100617935451082
llama3-8b,remedi,counterfact,4,generalisation,acc,post,1.0
llama3-8b,remedi,counterfact,4,specificity,success,post,0.2
llama3-8b,remedi,counterfact,4,specificity,diff,post,-0.00018899709688531834
llama3-8b,remedi,counterfact,4,specificity,acc,post,0.0
llama3-8b,remedi,counterfact,4,target_close_neighbour,success,post,0.9
llama3-8b,remedi,counterfact,4,target_close_neighbour,diff,post,0.001214846095154634
llama3-8b,remedi,counterfact,4,target_close_neighbour,acc,post,0.0
llama3-8b,remedi,genie,composer_2,efficacy,success,pre,0.0
llama3-8b,remedi,genie,composer_2,efficacy,diff,pre,-0.320825650779981
llama3-8b,remedi,genie,composer_2,efficacy,acc,pre,0.0
llama3-8b,remedi,genie,composer_2,paraphrase_1,success,pre,0.0
llama3-8b,remedi,genie,composer_2,paraphrase_1,diff,pre,-0.8570532791137904
llama3-8b,remedi,genie,composer_2,paraphrase_1,acc,pre,0.0
llama3-8b,remedi,genie,composer_2,paraphrase_2,success,pre,0.0
llama3-8b,remedi,genie,composer_2,paraphrase_2,diff,pre,-0.7712498457232887
llama3-8b,remedi,genie,composer_2,paraphrase_2,acc,pre,0.0
llama3-8b,remedi,genie,composer_2,paraphrase_3,success,pre,0.0
llama3-8b,remedi,genie,composer_2,paraphrase_3,diff,pre,-0.7864061245154296
llama3-8b,remedi,genie,composer_2,paraphrase_3,acc,pre,0.0
llama3-8b,remedi,genie,composer_2,hop_1,success,pre,0.0
llama3-8b,remedi,genie,composer_2,hop_1,diff,pre,-0.005889860054774254
llama3-8b,remedi,genie,composer_2,hop_1,acc,pre,0.0
llama3-8b,remedi,genie,composer_2,hop_2,success,pre,1.0
llama3-8b,remedi,genie,composer_2,hop_2,diff,pre,0.080568657616478
llama3-8b,remedi,genie,composer_2,hop_2,acc,pre,0.0
llama3-8b,remedi,genie,composer_2,hop_3,success,pre,0.0
llama3-8b,remedi,genie,composer_2,hop_3,diff,pre,-0.001435770909314531
llama3-8b,remedi,genie,composer_2,hop_3,acc,pre,0.0
llama3-8b,remedi,genie,composer_2,abstract_1,success,pre,1.0
llama3-8b,remedi,genie,composer_2,abstract_1,diff,pre,0.6590349953898652
llama3-8b,remedi,genie,composer_2,abstract_1,acc,pre,1.0
llama3-8b,remedi,genie,composer_2,abstract_2,hit,pre,0.0
llama3-8b,remedi,genie,composer_2,abstract_3,hit,pre,0.0
llama3-8b,remedi,genie,composer_2,efficacy,success,post,1.0
llama3-8b,remedi,genie,composer_2,efficacy,diff,post,0.0339316317492868
llama3-8b,remedi,genie,composer_2,efficacy,acc,post,0.0
llama3-8b,remedi,genie,composer_2,paraphrase_1,success,post,1.0
llama3-8b,remedi,genie,composer_2,paraphrase_1,diff,post,0.032276508776620576
llama3-8b,remedi,genie,composer_2,paraphrase_1,acc,post,0.0
llama3-8b,remedi,genie,composer_2,paraphrase_2,success,post,0.0
llama3-8b,remedi,genie,composer_2,paraphrase_2,diff,post,-0.07134614292774533
llama3-8b,remedi,genie,composer_2,paraphrase_2,acc,post,0.5
llama3-8b,remedi,genie,composer_2,paraphrase_3,success,post,1.0
llama3-8b,remedi,genie,composer_2,paraphrase_3,diff,post,0.0020157241781524823
llama3-8b,remedi,genie,composer_2,paraphrase_3,acc,post,0.0
llama3-8b,remedi,genie,composer_2,hop_1,success,post,0.0
llama3-8b,remedi,genie,composer_2,hop_1,diff,post,-0.001324128191411094
llama3-8b,remedi,genie,composer_2,hop_1,acc,post,0.0
llama3-8b,remedi,genie,composer_2,hop_2,success,post,1.0
llama3-8b,remedi,genie,composer_2,hop_2,diff,post,0.11464661087578802
llama3-8b,remedi,genie,composer_2,hop_2,acc,post,0.0
llama3-8b,remedi,genie,composer_2,hop_3,success,post,1.0
llama3-8b,remedi,genie,composer_2,hop_3,diff,post,0.0005506754291870488
llama3-8b,remedi,genie,composer_2,hop_3,acc,post,0.0
llama3-8b,remedi,genie,composer_2,abstract_1,success,post,1.0
llama3-8b,remedi,genie,composer_2,abstract_1,diff,post,0.6294339448815852
llama3-8b,remedi,genie,composer_2,abstract_1,acc,post,0.75
llama3-8b,remedi,genie,composer_2,abstract_2,hit,post,0.0
llama3-8b,remedi,genie,composer_2,abstract_3,hit,post,0.0
llama3-8b,remedi,genie,director_3,efficacy,success,pre,0.0
llama3-8b,remedi,genie,director_3,efficacy,diff,pre,-0.41994310070278756
llama3-8b,remedi,genie,director_3,efficacy,acc,pre,0.3333333333333333
llama3-8b,remedi,genie,director_3,paraphrase_1,success,pre,0.0
llama3-8b,remedi,genie,director_3,paraphrase_1,diff,pre,-0.7410503557634774
llama3-8b,remedi,genie,director_3,paraphrase_1,acc,pre,0.3333333333333333
llama3-8b,remedi,genie,director_3,paraphrase_2,success,pre,0.0
llama3-8b,remedi,genie,director_3,paraphrase_2,diff,pre,-0.6673397510434274
llama3-8b,remedi,genie,director_3,paraphrase_2,acc,pre,0.3333333333333333
llama3-8b,remedi,genie,director_3,paraphrase_3,success,pre,0.0
llama3-8b,remedi,genie,director_3,paraphrase_3,diff,pre,-0.6516008361765899
llama3-8b,remedi,genie,director_3,paraphrase_3,acc,pre,0.3333333333333333
llama3-8b,remedi,genie,director_3,hop_1,success,pre,0.0
llama3-8b,remedi,genie,director_3,hop_1,diff,pre,-0.003378755560009996
llama3-8b,remedi,genie,director_3,hop_1,acc,pre,0.0
llama3-8b,remedi,genie,director_3,abstract_3,hit,pre,0.0
llama3-8b,remedi,genie,director_3,efficacy,success,post,0.0
llama3-8b,remedi,genie,director_3,efficacy,diff,post,-0.4585319732176152
llama3-8b,remedi,genie,director_3,efficacy,acc,post,0.3333333333333333
llama3-8b,remedi,genie,director_3,paraphrase_1,success,post,0.0
llama3-8b,remedi,genie,director_3,paraphrase_1,diff,post,-0.4692321256440907
llama3-8b,remedi,genie,director_3,paraphrase_1,acc,post,0.3333333333333333
llama3-8b,remedi,genie,director_3,paraphrase_2,success,post,0.0
llama3-8b,remedi,genie,director_3,paraphrase_2,diff,post,-0.6762763535173985
llama3-8b,remedi,genie,director_3,paraphrase_2,acc,post,0.3333333333333333
llama3-8b,remedi,genie,director_3,paraphrase_3,success,post,0.0
llama3-8b,remedi,genie,director_3,paraphrase_3,diff,post,-0.31677486070789834
llama3-8b,remedi,genie,director_3,paraphrase_3,acc,post,0.3333333333333333
llama3-8b,remedi,genie,director_3,hop_1,success,post,0.0
llama3-8b,remedi,genie,director_3,hop_1,diff,post,-0.001001690680187949
llama3-8b,remedi,genie,director_3,hop_1,acc,post,0.0
llama3-8b,remedi,genie,director_3,abstract_3,hit,post,0.0
llama3-8b,remedi,genie,composer_4,efficacy,success,pre,0.0
llama3-8b,remedi,genie,composer_4,efficacy,diff,pre,-0.598006381239636
llama3-8b,remedi,genie,composer_4,efficacy,acc,pre,0.5
llama3-8b,remedi,genie,composer_4,paraphrase_1,success,pre,0.0
llama3-8b,remedi,genie,composer_4,paraphrase_1,diff,pre,-0.7785549235478918
llama3-8b,remedi,genie,composer_4,paraphrase_1,acc,pre,0.5
llama3-8b,remedi,genie,composer_4,paraphrase_2,success,pre,0.0
llama3-8b,remedi,genie,composer_4,paraphrase_2,diff,pre,-0.9368923444906349
llama3-8b,remedi,genie,composer_4,paraphrase_2,acc,pre,0.5
llama3-8b,remedi,genie,composer_4,paraphrase_3,success,pre,0.0
llama3-8b,remedi,genie,composer_4,paraphrase_3,diff,pre,-0.7820082972647027
llama3-8b,remedi,genie,composer_4,paraphrase_3,acc,pre,0.5
llama3-8b,remedi,genie,composer_4,hop_1,success,pre,0.0
llama3-8b,remedi,genie,composer_4,hop_1,diff,pre,-0.08852083958012388
llama3-8b,remedi,genie,composer_4,hop_1,acc,pre,0.5
llama3-8b,remedi,genie,composer_4,abstract_2,hit,pre,0.0
llama3-8b,remedi,genie,composer_4,abstract_3,hit,pre,0.0
llama3-8b,remedi,genie,composer_4,efficacy,success,post,0.0
llama3-8b,remedi,genie,composer_4,efficacy,diff,post,-0.7289791854076331
llama3-8b,remedi,genie,composer_4,efficacy,acc,post,0.0
llama3-8b,remedi,genie,composer_4,paraphrase_1,success,post,0.0
llama3-8b,remedi,genie,composer_4,paraphrase_1,diff,post,-0.442493758602555
llama3-8b,remedi,genie,composer_4,paraphrase_1,acc,post,0.0
llama3-8b,remedi,genie,composer_4,paraphrase_2,success,post,0.0
llama3-8b,remedi,genie,composer_4,paraphrase_2,diff,post,-0.7997491368429902
llama3-8b,remedi,genie,composer_4,paraphrase_2,acc,post,0.5
llama3-8b,remedi,genie,composer_4,paraphrase_3,success,post,0.0
llama3-8b,remedi,genie,composer_4,paraphrase_3,diff,post,-0.7644227423785412
llama3-8b,remedi,genie,composer_4,paraphrase_3,acc,post,0.0
llama3-8b,remedi,genie,composer_4,hop_1,success,post,0.0
llama3-8b,remedi,genie,composer_4,hop_1,diff,post,-0.043059464645920593
llama3-8b,remedi,genie,composer_4,hop_1,acc,post,0.5
llama3-8b,remedi,genie,composer_4,abstract_2,hit,post,0.0
llama3-8b,remedi,genie,composer_4,abstract_3,hit,post,0.0
llama3-8b,remedi,genie,production_company_5,efficacy,success,pre,0.0
llama3-8b,remedi,genie,production_company_5,efficacy,diff,pre,-0.06770304909204113
llama3-8b,remedi,genie,production_company_5,efficacy,acc,pre,0.5
llama3-8b,remedi,genie,production_company_5,paraphrase_1,success,pre,0.0
llama3-8b,remedi,genie,production_company_5,paraphrase_1,diff,pre,-0.26988798561251076
llama3-8b,remedi,genie,production_company_5,paraphrase_1,acc,pre,0.5
llama3-8b,remedi,genie,production_company_5,paraphrase_2,success,pre,0.0
llama3-8b,remedi,genie,production_company_5,paraphrase_2,diff,pre,-0.5448667024825531
llama3-8b,remedi,genie,production_company_5,paraphrase_2,acc,pre,0.5
llama3-8b,remedi,genie,production_company_5,paraphrase_3,success,pre,0.0
llama3-8b,remedi,genie,production_company_5,paraphrase_3,diff,pre,-0.2504338707629176
llama3-8b,remedi,genie,production_company_5,paraphrase_3,acc,pre,0.5
llama3-8b,remedi,genie,production_company_5,hop_1,success,pre,0.0
llama3-8b,remedi,genie,production_company_5,hop_1,diff,pre,-0.0009198993196863152
llama3-8b,remedi,genie,production_company_5,hop_1,acc,pre,0.0
llama3-8b,remedi,genie,production_company_5,abstract_1,success,pre,1.0
llama3-8b,remedi,genie,production_company_5,abstract_1,diff,pre,0.5718697379593533
llama3-8b,remedi,genie,production_company_5,abstract_1,acc,pre,0.75
llama3-8b,remedi,genie,production_company_5,abstract_2,hit,pre,0.0
llama3-8b,remedi,genie,production_company_5,abstract_3,hit,pre,0.0
llama3-8b,remedi,genie,production_company_5,efficacy,success,post,0.0
llama3-8b,remedi,genie,production_company_5,efficacy,diff,post,-0.024164973691468708
llama3-8b,remedi,genie,production_company_5,efficacy,acc,post,0.5
llama3-8b,remedi,genie,production_company_5,paraphrase_1,success,post,0.0
llama3-8b,remedi,genie,production_company_5,paraphrase_1,diff,post,-0.02755327458722505
llama3-8b,remedi,genie,production_company_5,paraphrase_1,acc,post,0.5
llama3-8b,remedi,genie,production_company_5,paraphrase_2,success,post,0.0
llama3-8b,remedi,genie,production_company_5,paraphrase_2,diff,post,-0.12392549579865658
llama3-8b,remedi,genie,production_company_5,paraphrase_2,acc,post,0.5
llama3-8b,remedi,genie,production_company_5,paraphrase_3,success,post,0.0
llama3-8b,remedi,genie,production_company_5,paraphrase_3,diff,post,-0.16984007293917788
llama3-8b,remedi,genie,production_company_5,paraphrase_3,acc,post,0.5
llama3-8b,remedi,genie,production_company_5,hop_1,success,post,0.0
llama3-8b,remedi,genie,production_company_5,hop_1,diff,post,-0.0060532025090329
llama3-8b,remedi,genie,production_company_5,hop_1,acc,post,0.5
llama3-8b,remedi,genie,production_company_5,abstract_1,success,post,1.0
llama3-8b,remedi,genie,production_company_5,abstract_1,diff,post,0.5612549026305668
llama3-8b,remedi,genie,production_company_5,abstract_1,acc,post,0.75
llama3-8b,remedi,genie,production_company_5,abstract_2,hit,post,0.0
llama3-8b,remedi,genie,production_company_5,abstract_3,hit,post,0.0
llama3-8b,remedi,genie,country_13,efficacy,success,pre,0.0
llama3-8b,remedi,genie,country_13,efficacy,diff,pre,-0.04438034871032675
llama3-8b,remedi,genie,country_13,efficacy,acc,pre,0.0
llama3-8b,remedi,genie,country_13,paraphrase_1,success,pre,0.0
llama3-8b,remedi,genie,country_13,paraphrase_1,diff,pre,-0.3156646634523208
llama3-8b,remedi,genie,country_13,paraphrase_1,acc,pre,0.0
llama3-8b,remedi,genie,country_13,paraphrase_2,success,pre,0.0
llama3-8b,remedi,genie,country_13,paraphrase_2,diff,pre,-0.24617087017933548
llama3-8b,remedi,genie,country_13,paraphrase_2,acc,pre,0.0
llama3-8b,remedi,genie,country_13,paraphrase_3,success,pre,0.0
llama3-8b,remedi,genie,country_13,paraphrase_3,diff,pre,-0.1390489186106315
llama3-8b,remedi,genie,country_13,paraphrase_3,acc,pre,0.0
llama3-8b,remedi,genie,country_13,hop_1,success,pre,0.0
llama3-8b,remedi,genie,country_13,hop_1,diff,pre,-0.0144197723647481
llama3-8b,remedi,genie,country_13,hop_1,acc,pre,0.0
llama3-8b,remedi,genie,country_13,abstract_1,success,pre,1.0
llama3-8b,remedi,genie,country_13,abstract_1,diff,pre,0.39571810950808356
llama3-8b,remedi,genie,country_13,abstract_1,acc,pre,1.0
llama3-8b,remedi,genie,country_13,abstract_3,hit,pre,0.0
llama3-8b,remedi,genie,country_13,efficacy,success,post,1.0
llama3-8b,remedi,genie,country_13,efficacy,diff,post,0.1616742784889472
llama3-8b,remedi,genie,country_13,efficacy,acc,post,0.5
llama3-8b,remedi,genie,country_13,paraphrase_1,success,post,1.0
llama3-8b,remedi,genie,country_13,paraphrase_1,diff,post,0.2700157377181404
llama3-8b,remedi,genie,country_13,paraphrase_1,acc,post,0.5
llama3-8b,remedi,genie,country_13,paraphrase_2,success,post,1.0
llama3-8b,remedi,genie,country_13,paraphrase_2,diff,post,0.18920187196231164
llama3-8b,remedi,genie,country_13,paraphrase_2,acc,post,0.5
llama3-8b,remedi,genie,country_13,paraphrase_3,success,post,0.0
llama3-8b,remedi,genie,country_13,paraphrase_3,diff,post,-0.05002188444154852
llama3-8b,remedi,genie,country_13,paraphrase_3,acc,post,0.0
llama3-8b,remedi,genie,country_13,hop_1,success,post,1.0
llama3-8b,remedi,genie,country_13,hop_1,diff,post,0.09147301376929948
llama3-8b,remedi,genie,country_13,hop_1,acc,post,1.0
llama3-8b,remedi,genie,country_13,abstract_1,success,post,1.0
llama3-8b,remedi,genie,country_13,abstract_1,diff,post,0.4633276553481149
llama3-8b,remedi,genie,country_13,abstract_1,acc,post,0.75
llama3-8b,remedi,genie,country_13,abstract_3,hit,post,0.0
llama3-8b,remedi,mquake,1,efficacy,success,pre,0.5
llama3-8b,remedi,mquake,1,efficacy,diff,pre,-0.12516460852795738
llama3-8b,remedi,mquake,1,efficacy,acc,pre,0.3333333333333333
llama3-8b,remedi,mquake,1,single_hop,success,pre,0.5
llama3-8b,remedi,mquake,1,single_hop,diff,pre,-0.12516460852795738
llama3-8b,remedi,mquake,1,single_hop,acc,pre,0.3333333333333333
llama3-8b,remedi,mquake,1,multihop,hit,pre,0.0
llama3-8b,remedi,mquake,1,efficacy,success,post,1.0
llama3-8b,remedi,mquake,1,efficacy,diff,post,0.055264142232516425
llama3-8b,remedi,mquake,1,efficacy,acc,post,0.4166666666666667
llama3-8b,remedi,mquake,1,single_hop,success,post,1.0
llama3-8b,remedi,mquake,1,single_hop,diff,post,0.055264142232516425
llama3-8b,remedi,mquake,1,single_hop,acc,post,0.4166666666666667
llama3-8b,remedi,mquake,1,multihop,hit,post,0.0
llama3-8b,remedi,mquake,2,efficacy,success,pre,0.0
llama3-8b,remedi,mquake,2,efficacy,diff,pre,-0.5267057367602159
llama3-8b,remedi,mquake,2,efficacy,acc,pre,0.25
llama3-8b,remedi,mquake,2,single_hop,success,pre,0.5
llama3-8b,remedi,mquake,2,single_hop,diff,pre,-0.16526882502839385
llama3-8b,remedi,mquake,2,single_hop,acc,pre,0.625
llama3-8b,remedi,mquake,2,multihop,hit,pre,0.0
llama3-8b,remedi,mquake,2,efficacy,success,post,0.0
llama3-8b,remedi,mquake,2,efficacy,diff,post,-0.15380180816457376
llama3-8b,remedi,mquake,2,efficacy,acc,post,0.25
llama3-8b,remedi,mquake,2,single_hop,success,post,0.5
llama3-8b,remedi,mquake,2,single_hop,diff,post,0.021183139269427234
llama3-8b,remedi,mquake,2,single_hop,acc,post,0.625
llama3-8b,remedi,mquake,2,multihop,hit,post,1.0
llama3-8b,remedi,mquake,3,efficacy,success,pre,0.0
llama3-8b,remedi,mquake,3,efficacy,diff,pre,-0.9471558434905721
llama3-8b,remedi,mquake,3,efficacy,acc,pre,0.5
llama3-8b,remedi,mquake,3,single_hop,success,pre,0.5
llama3-8b,remedi,mquake,3,single_hop,diff,pre,-0.44308061206966204
llama3-8b,remedi,mquake,3,single_hop,acc,pre,0.25
llama3-8b,remedi,mquake,3,multihop,hit,pre,0.0
llama3-8b,remedi,mquake,3,efficacy,success,post,0.0
llama3-8b,remedi,mquake,3,efficacy,diff,post,-0.7880399419111059
llama3-8b,remedi,mquake,3,efficacy,acc,post,0.5
llama3-8b,remedi,mquake,3,single_hop,success,post,0.5
llama3-8b,remedi,mquake,3,single_hop,diff,post,-0.36352266127992894
llama3-8b,remedi,mquake,3,single_hop,acc,post,0.25
llama3-8b,remedi,mquake,3,multihop,hit,post,0.0
llama3-8b,remedi,mquake,4,efficacy,success,pre,0.0
llama3-8b,remedi,mquake,4,efficacy,diff,pre,-0.09838012555666456
llama3-8b,remedi,mquake,4,efficacy,acc,pre,0.6666666666666666
llama3-8b,remedi,mquake,4,single_hop,success,pre,0.5
llama3-8b,remedi,mquake,4,single_hop,diff,pre,-0.049114836266503516
llama3-8b,remedi,mquake,4,single_hop,acc,pre,0.3333333333333333
llama3-8b,remedi,mquake,4,multihop,hit,pre,0.0
llama3-8b,remedi,mquake,4,efficacy,success,post,1.0
llama3-8b,remedi,mquake,4,efficacy,diff,post,0.058445744622017536
llama3-8b,remedi,mquake,4,efficacy,acc,post,0.6666666666666666
llama3-8b,remedi,mquake,4,single_hop,success,post,1.0
llama3-8b,remedi,mquake,4,single_hop,diff,post,0.02929809882283753
llama3-8b,remedi,mquake,4,single_hop,acc,post,0.3333333333333333
llama3-8b,remedi,mquake,4,multihop,hit,post,0.0
llama3-8b,remedi,mquake,5,efficacy,success,pre,0.0
llama3-8b,remedi,mquake,5,efficacy,diff,pre,-0.19261296640240017
llama3-8b,remedi,mquake,5,efficacy,acc,pre,0.2
llama3-8b,remedi,mquake,5,single_hop,success,pre,0.0
llama3-8b,remedi,mquake,5,single_hop,diff,pre,-0.19261296640240017
llama3-8b,remedi,mquake,5,single_hop,acc,pre,0.2
llama3-8b,remedi,mquake,5,multihop,hit,pre,0.0
llama3-8b,remedi,mquake,5,efficacy,success,post,0.0
llama3-8b,remedi,mquake,5,efficacy,diff,post,-0.29649691484650936
llama3-8b,remedi,mquake,5,efficacy,acc,post,0.45
llama3-8b,remedi,mquake,5,single_hop,success,post,0.0
llama3-8b,remedi,mquake,5,single_hop,diff,post,-0.29649691484650936
llama3-8b,remedi,mquake,5,single_hop,acc,post,0.45
llama3-8b,remedi,mquake,5,multihop,hit,post,0.0
llama3-8b,remedi,ripple,ripple_popular_row0,efficacy,hit,pre,0.0
llama3-8b,remedi,ripple,ripple_popular_row0,ripple_compositional_i,hit,pre,0.0
llama3-8b,remedi,ripple,ripple_popular_row0,ripple_aliasing,hit,pre,0.0
llama3-8b,remedi,ripple,ripple_popular_row0,ripple_relation_specificity,hit,pre,0.7777777777777778
llama3-8b,remedi,ripple,ripple_popular_row0,ripple_preservation,hit,pre,0.0
llama3-8b,remedi,ripple,ripple_popular_row0,efficacy,hit,post,1.0
llama3-8b,remedi,ripple,ripple_popular_row0,ripple_compositional_i,hit,post,0.14285714285714285
llama3-8b,remedi,ripple,ripple_popular_row0,ripple_aliasing,hit,post,0.0
llama3-8b,remedi,ripple,ripple_popular_row0,ripple_relation_specificity,hit,post,0.2222222222222222
llama3-8b,remedi,ripple,ripple_popular_row0,ripple_preservation,hit,post,0.0
llama3-8b,remedi,ripple,ripple_popular_row2,efficacy,hit,pre,0.0
llama3-8b,remedi,ripple,ripple_popular_row2,ripple_logical,hit,pre,0.0
llama3-8b,remedi,ripple,ripple_popular_row2,ripple_compositional_i,hit,pre,0.0
llama3-8b,remedi,ripple,ripple_popular_row2,ripple_aliasing,hit,pre,0.0
llama3-8b,remedi,ripple,ripple_popular_row2,ripple_relation_specificity,hit,pre,0.5555555555555556
llama3-8b,remedi,ripple,ripple_popular_row2,ripple_preservation,hit,pre,1.0
llama3-8b,remedi,ripple,ripple_popular_row2,efficacy,hit,post,0.0
llama3-8b,remedi,ripple,ripple_popular_row2,ripple_logical,hit,post,0.0
llama3-8b,remedi,ripple,ripple_popular_row2,ripple_compositional_i,hit,post,0.0
llama3-8b,remedi,ripple,ripple_popular_row2,ripple_aliasing,hit,post,0.0
llama3-8b,remedi,ripple,ripple_popular_row2,ripple_relation_specificity,hit,post,0.2222222222222222
llama3-8b,remedi,ripple,ripple_popular_row2,ripple_preservation,hit,post,0.0
llama3-8b,remedi,ripple,ripple_popular_row4,efficacy,hit,pre,0.0
llama3-8b,remedi,ripple,ripple_popular_row4,ripple_logical,hit,pre,0.0
llama3-8b,remedi,ripple,ripple_popular_row4,ripple_aliasing,hit,pre,0.0
llama3-8b,remedi,ripple,ripple_popular_row4,ripple_relation_specificity,hit,pre,0.3333333333333333
llama3-8b,remedi,ripple,ripple_popular_row4,ripple_preservation,hit,pre,0.0
llama3-8b,remedi,ripple,ripple_popular_row4,efficacy,hit,post,0.0
llama3-8b,remedi,ripple,ripple_popular_row4,ripple_logical,hit,post,0.0
llama3-8b,remedi,ripple,ripple_popular_row4,ripple_aliasing,hit,post,0.0
llama3-8b,remedi,ripple,ripple_popular_row4,ripple_relation_specificity,hit,post,0.3333333333333333
llama3-8b,remedi,ripple,ripple_popular_row4,ripple_preservation,hit,post,0.0
llama3-8b,remedi,ripple,ripple_random_row0,efficacy,hit,pre,0.0
llama3-8b,remedi,ripple,ripple_random_row0,ripple_logical,hit,pre,0.0
llama3-8b,remedi,ripple,ripple_random_row0,ripple_aliasing,hit,pre,0.0
llama3-8b,remedi,ripple,ripple_random_row0,ripple_relation_specificity,hit,pre,0.0
llama3-8b,remedi,ripple,ripple_random_row0,efficacy,hit,post,0.0
llama3-8b,remedi,ripple,ripple_random_row0,ripple_logical,hit,post,0.0
llama3-8b,remedi,ripple,ripple_random_row0,ripple_aliasing,hit,post,0.0
llama3-8b,remedi,ripple,ripple_random_row0,ripple_relation_specificity,hit,post,0.0
llama3-8b,remedi,ripple,ripple_random_row1,efficacy,hit,pre,0.0
llama3-8b,remedi,ripple,ripple_random_row1,ripple_compositional_i,hit,pre,0.0
llama3-8b,remedi,ripple,ripple_random_row1,ripple_aliasing,hit,pre,0.0
llama3-8b,remedi,ripple,ripple_random_row1,ripple_relation_specificity,hit,pre,0.0
llama3-8b,remedi,ripple,ripple_random_row1,efficacy,hit,post,0.0
llama3-8b,remedi,ripple,ripple_random_row1,ripple_compositional_i,hit,post,0.0
llama3-8b,remedi,ripple,ripple_random_row1,ripple_aliasing,hit,post,0.0
llama3-8b,remedi,ripple,ripple_random_row1,ripple_relation_specificity,hit,post,0.0
llama3-8b,remedi,ripple,ripple_random_row2,efficacy,hit,pre,0.0
llama3-8b,remedi,ripple,ripple_random_row2,ripple_compositional_i,hit,pre,0.0
llama3-8b,remedi,ripple,ripple_random_row2,ripple_aliasing,hit,pre,0.0
llama3-8b,remedi,ripple,ripple_random_row2,efficacy,hit,post,0.0
llama3-8b,remedi,ripple,ripple_random_row2,ripple_compositional_i,hit,post,0.0
llama3-8b,remedi,ripple,ripple_random_row2,ripple_aliasing,hit,post,0.0
llama3-8b,remedi,ripple,ripple_random_row3,efficacy,hit,pre,0.0
llama3-8b,remedi,ripple,ripple_random_row3,ripple_aliasing,hit,pre,0.0
llama3-8b,remedi,ripple,ripple_random_row3,ripple_relation_specificity,hit,pre,0.25
llama3-8b,remedi,ripple,ripple_random_row3,ripple_preservation,hit,pre,0.0
llama3-8b,remedi,ripple,ripple_random_row3,efficacy,hit,post,0.0
llama3-8b,remedi,ripple,ripple_random_row3,ripple_aliasing,hit,post,0.0
llama3-8b,remedi,ripple,ripple_random_row3,ripple_relation_specificity,hit,post,0.25
llama3-8b,remedi,ripple,ripple_random_row3,ripple_preservation,hit,post,0.0
llama3-8b,remedi,ripple,ripple_random_row4,efficacy,hit,pre,0.0
llama3-8b,remedi,ripple,ripple_random_row4,ripple_aliasing,hit,pre,0.0
llama3-8b,remedi,ripple,ripple_random_row4,ripple_relation_specificity,hit,pre,0.6666666666666666
llama3-8b,remedi,ripple,ripple_random_row4,ripple_preservation,hit,pre,0.0
llama3-8b,remedi,ripple,ripple_random_row4,efficacy,hit,post,0.0
llama3-8b,remedi,ripple,ripple_random_row4,ripple_aliasing,hit,post,0.0
llama3-8b,remedi,ripple,ripple_random_row4,ripple_relation_specificity,hit,post,0.6666666666666666
llama3-8b,remedi,ripple,ripple_random_row4,ripple_preservation,hit,post,0.0
llama3-8b,remedi,zsre,zsre_row0,efficacy,success,pre,1.0
llama3-8b,remedi,zsre,zsre_row0,efficacy,diff,pre,0.0369414045465265
llama3-8b,remedi,zsre,zsre_row0,efficacy,acc,pre,0.3333333333333333
llama3-8b,remedi,zsre,zsre_row0,generalisation,success,pre,1.0
llama3-8b,remedi,zsre,zsre_row0,generalisation,diff,pre,0.016267404748743455
llama3-8b,remedi,zsre,zsre_row0,generalisation,acc,pre,0.3333333333333333
llama3-8b,remedi,zsre,zsre_row0,specificity,success,pre,0.0
llama3-8b,remedi,zsre,zsre_row0,specificity,diff,pre,-0.00038704909303236695
llama3-8b,remedi,zsre,zsre_row0,specificity,acc,pre,0.6666666666666666
llama3-8b,remedi,zsre,zsre_row0,efficacy,success,post,1.0
llama3-8b,remedi,zsre,zsre_row0,efficacy,diff,post,0.1655110033705182
llama3-8b,remedi,zsre,zsre_row0,efficacy,acc,post,0.6666666666666666
llama3-8b,remedi,zsre,zsre_row0,generalisation,success,post,1.0
llama3-8b,remedi,zsre,zsre_row0,generalisation,diff,post,0.08815579923718045
llama3-8b,remedi,zsre,zsre_row0,generalisation,acc,post,0.3333333333333333
llama3-8b,remedi,zsre,zsre_row0,specificity,success,post,0.0
llama3-8b,remedi,zsre,zsre_row0,specificity,diff,post,-0.00038704909303236695
llama3-8b,remedi,zsre,zsre_row0,specificity,acc,post,0.6666666666666666
llama3-8b,remedi,zsre,zsre_row1,efficacy,success,pre,0.0
llama3-8b,remedi,zsre,zsre_row1,efficacy,diff,pre,-0.1378009694705405
llama3-8b,remedi,zsre,zsre_row1,efficacy,acc,pre,0.0
llama3-8b,remedi,zsre,zsre_row1,generalisation,success,pre,0.0
llama3-8b,remedi,zsre,zsre_row1,generalisation,diff,pre,-0.1258746068663492
llama3-8b,remedi,zsre,zsre_row1,generalisation,acc,pre,0.0
llama3-8b,remedi,zsre,zsre_row1,specificity,success,pre,0.0
llama3-8b,remedi,zsre,zsre_row1,specificity,diff,pre,-0.0034145509734565573
llama3-8b,remedi,zsre,zsre_row1,specificity,acc,pre,0.5
llama3-8b,remedi,zsre,zsre_row1,efficacy,success,post,0.0
llama3-8b,remedi,zsre,zsre_row1,efficacy,diff,post,-0.13774798594359816
llama3-8b,remedi,zsre,zsre_row1,efficacy,acc,post,0.0
llama3-8b,remedi,zsre,zsre_row1,generalisation,success,post,0.0
llama3-8b,remedi,zsre,zsre_row1,generalisation,diff,post,-0.18753661601522872
llama3-8b,remedi,zsre,zsre_row1,generalisation,acc,post,0.0
llama3-8b,remedi,zsre,zsre_row1,specificity,success,post,0.0
llama3-8b,remedi,zsre,zsre_row1,specificity,diff,post,-0.0034145509734565573
llama3-8b,remedi,zsre,zsre_row1,specificity,acc,post,0.5
llama3-8b,remedi,zsre,zsre_row2,efficacy,success,pre,1.0
llama3-8b,remedi,zsre,zsre_row2,efficacy,diff,pre,1.208607070673092e-06
llama3-8b,remedi,zsre,zsre_row2,efficacy,acc,pre,0.0
llama3-8b,remedi,zsre,zsre_row2,generalisation,success,pre,0.0
llama3-8b,remedi,zsre,zsre_row2,generalisation,diff,pre,-3.4509760115199677e-06
llama3-8b,remedi,zsre,zsre_row2,generalisation,acc,pre,0.0
llama3-8b,remedi,zsre,zsre_row2,specificity,success,pre,0.0
llama3-8b,remedi,zsre,zsre_row2,specificity,diff,pre,-0.004027526213683726
llama3-8b,remedi,zsre,zsre_row2,specificity,acc,pre,0.3333333333333333
llama3-8b,remedi,zsre,zsre_row2,efficacy,success,post,1.0
llama3-8b,remedi,zsre,zsre_row2,efficacy,diff,post,5.792553934149875e-07
llama3-8b,remedi,zsre,zsre_row2,efficacy,acc,post,0.0
llama3-8b,remedi,zsre,zsre_row2,generalisation,success,post,0.0
llama3-8b,remedi,zsre,zsre_row2,generalisation,diff,post,-1.1237644045346495e-06
llama3-8b,remedi,zsre,zsre_row2,generalisation,acc,post,0.0
llama3-8b,remedi,zsre,zsre_row2,specificity,success,post,0.0
llama3-8b,remedi,zsre,zsre_row2,specificity,diff,post,-0.004027526213683726
llama3-8b,remedi,zsre,zsre_row2,specificity,acc,post,0.3333333333333333
llama3-8b,remedi,zsre,zsre_row3,efficacy,success,pre,0.0
llama3-8b,remedi,zsre,zsre_row3,efficacy,diff,pre,-0.058418318212685255
llama3-8b,remedi,zsre,zsre_row3,efficacy,acc,pre,0.5
llama3-8b,remedi,zsre,zsre_row3,generalisation,success,pre,0.0
llama3-8b,remedi,zsre,zsre_row3,generalisation,diff,pre,-0.11300777712207462
llama3-8b,remedi,zsre,zsre_row3,generalisation,acc,pre,0.75
llama3-8b,remedi,zsre,zsre_row3,specificity,success,pre,1.0
llama3-8b,remedi,zsre,zsre_row3,specificity,diff,pre,0.0058963752025680315
llama3-8b,remedi,zsre,zsre_row3,specificity,acc,pre,0.5
llama3-8b,remedi,zsre,zsre_row3,efficacy,success,post,0.0
llama3-8b,remedi,zsre,zsre_row3,efficacy,diff,post,-0.029520812369437828
llama3-8b,remedi,zsre,zsre_row3,efficacy,acc,post,0.5
llama3-8b,remedi,zsre,zsre_row3,generalisation,success,post,0.0
llama3-8b,remedi,zsre,zsre_row3,generalisation,diff,post,-0.03701705978469318
llama3-8b,remedi,zsre,zsre_row3,generalisation,acc,post,0.75
llama3-8b,remedi,zsre,zsre_row3,specificity,success,post,1.0
llama3-8b,remedi,zsre,zsre_row3,specificity,diff,post,0.0058963752025680315
llama3-8b,remedi,zsre,zsre_row3,specificity,acc,post,0.5
llama3-8b,remedi,zsre,zsre_row4,efficacy,success,pre,0.0
llama3-8b,remedi,zsre,zsre_row4,efficacy,diff,pre,-0.14452349405602496
llama3-8b,remedi,zsre,zsre_row4,efficacy,acc,pre,0.3333333333333333
llama3-8b,remedi,zsre,zsre_row4,generalisation,success,pre,0.0
llama3-8b,remedi,zsre,zsre_row4,generalisation,diff,pre,-0.14434793225138798
llama3-8b,remedi,zsre,zsre_row4,generalisation,acc,pre,0.0
llama3-8b,remedi,zsre,zsre_row4,specificity,success,pre,0.0
llama3-8b,remedi,zsre,zsre_row4,specificity,diff,pre,-0.013939163292535884
llama3-8b,remedi,zsre,zsre_row4,specificity,acc,pre,0.6
llama3-8b,remedi,zsre,zsre_row4,efficacy,success,post,0.0
llama3-8b,remedi,zsre,zsre_row4,efficacy,diff,post,-0.1550315897596371
llama3-8b,remedi,zsre,zsre_row4,efficacy,acc,post,0.3333333333333333
llama3-8b,remedi,zsre,zsre_row4,generalisation,success,post,0.0
llama3-8b,remedi,zsre,zsre_row4,generalisation,diff,post,-0.1593736347696728
llama3-8b,remedi,zsre,zsre_row4,generalisation,acc,post,0.3333333333333333
llama3-8b,remedi,zsre,zsre_row4,specificity,success,post,0.0
llama3-8b,remedi,zsre,zsre_row4,specificity,diff,post,-0.013939163292535884
llama3-8b,remedi,zsre,zsre_row4,specificity,acc,post,0.6
llama3-8b,rome,counterfact,0,efficacy,success,pre,0.0
llama3-8b,rome,counterfact,0,efficacy,diff,pre,-0.554447759264991
llama3-8b,rome,counterfact,0,efficacy,acc,pre,0.0
llama3-8b,rome,counterfact,0,generalisation,success,pre,0.0
llama3-8b,rome,counterfact,0,generalisation,diff,pre,-0.017276258042719
llama3-8b,rome,counterfact,0,generalisation,acc,pre,0.0
llama3-8b,rome,counterfact,0,specificity,success,pre,0.0
llama3-8b,rome,counterfact,0,specificity,diff,pre,-0.3691831430535373
llama3-8b,rome,counterfact,0,specificity,acc,pre,0.5
llama3-8b,rome,counterfact,0,target_close_neighbour,success,pre,1.0
llama3-8b,rome,counterfact,0,target_close_neighbour,diff,pre,0.13501298562453548
llama3-8b,rome,counterfact,0,target_close_neighbour,acc,pre,0.4
llama3-8b,rome,counterfact,0,efficacy,success,post,1.0
llama3-8b,rome,counterfact,0,efficacy,diff,post,0.9882747952839575
llama3-8b,rome,counterfact,0,efficacy,acc,post,1.0
llama3-8b,rome,counterfact,0,generalisation,success,post,1.0
llama3-8b,rome,counterfact,0,generalisation,diff,post,0.04070392751345754
llama3-8b,rome,counterfact,0,generalisation,acc,post,0.0
llama3-8b,rome,counterfact,0,specificity,success,post,0.2
llama3-8b,rome,counterfact,0,specificity,diff,post,-0.2778275170920362
llama3-8b,rome,counterfact,0,specificity,acc,post,0.5
llama3-8b,rome,counterfact,0,target_close_neighbour,success,post,1.0
llama3-8b,rome,counterfact,0,target_close_neighbour,diff,post,0.16036192210552666
llama3-8b,rome,counterfact,0,target_close_neighbour,acc,post,0.4
llama3-8b,rome,counterfact,1,efficacy,success,pre,0.0
llama3-8b,rome,counterfact,1,efficacy,diff,pre,-0.15195808065583227
llama3-8b,rome,counterfact,1,efficacy,acc,pre,0.0
llama3-8b,rome,counterfact,1,generalisation,success,pre,0.0
llama3-8b,rome,counterfact,1,generalisation,diff,pre,-0.03057342970014454
llama3-8b,rome,counterfact,1,generalisation,acc,pre,0.0
llama3-8b,rome,counterfact,1,specificity,success,pre,0.4
llama3-8b,rome,counterfact,1,specificity,diff,pre,-0.007853033098426339
llama3-8b,rome,counterfact,1,specificity,acc,pre,0.0
llama3-8b,rome,counterfact,1,target_close_neighbour,success,pre,1.0
llama3-8b,rome,counterfact,1,target_close_neighbour,diff,pre,0.12185462705339314
llama3-8b,rome,counterfact,1,target_close_neighbour,acc,pre,0.2
llama3-8b,rome,counterfact,1,efficacy,success,post,1.0
llama3-8b,rome,counterfact,1,efficacy,diff,post,0.9902909028687444
llama3-8b,rome,counterfact,1,efficacy,acc,post,1.0
llama3-8b,rome,counterfact,1,generalisation,success,post,1.0
llama3-8b,rome,counterfact,1,generalisation,diff,post,0.6942690940510237
llama3-8b,rome,counterfact,1,generalisation,acc,post,1.0
llama3-8b,rome,counterfact,1,specificity,success,post,0.5
llama3-8b,rome,counterfact,1,specificity,diff,post,0.0013016949351270803
llama3-8b,rome,counterfact,1,specificity,acc,post,0.0
llama3-8b,rome,counterfact,1,target_close_neighbour,success,post,1.0
llama3-8b,rome,counterfact,1,target_close_neighbour,diff,post,0.22630262159338313
llama3-8b,rome,counterfact,1,target_close_neighbour,acc,post,0.5
llama3-8b,rome,counterfact,2,efficacy,success,pre,1.0
llama3-8b,rome,counterfact,2,efficacy,diff,pre,2.1259822173694097e-05
llama3-8b,rome,counterfact,2,efficacy,acc,pre,0.0
llama3-8b,rome,counterfact,2,generalisation,success,pre,1.0
llama3-8b,rome,counterfact,2,generalisation,diff,pre,0.041588110685158136
llama3-8b,rome,counterfact,2,generalisation,acc,pre,0.5
llama3-8b,rome,counterfact,2,specificity,success,pre,0.6
llama3-8b,rome,counterfact,2,specificity,diff,pre,-0.016179983789135374
llama3-8b,rome,counterfact,2,specificity,acc,pre,0.2
llama3-8b,rome,counterfact,2,target_close_neighbour,success,pre,1.0
llama3-8b,rome,counterfact,2,target_close_neighbour,diff,pre,0.11117857836485087
llama3-8b,rome,counterfact,2,target_close_neighbour,acc,pre,0.6
llama3-8b,rome,counterfact,2,efficacy,success,post,1.0
llama3-8b,rome,counterfact,2,efficacy,diff,post,0.9994164850732976
llama3-8b,rome,counterfact,2,efficacy,acc,post,1.0
llama3-8b,rome,counterfact,2,generalisation,success,post,1.0
llama3-8b,rome,counterfact,2,generalisation,diff,post,0.13383758885299687
llama3-8b,rome,counterfact,2,generalisation,acc,post,0.5
llama3-8b,rome,counterfact,2,specificity,success,post,0.7
llama3-8b,rome,counterfact,2,specificity,diff,post,-0.005984190068784308
llama3-8b,rome,counterfact,2,specificity,acc,post,0.1
llama3-8b,rome,counterfact,2,target_close_neighbour,success,post,1.0
llama3-8b,rome,counterfact,2,target_close_neighbour,diff,post,0.12349656510846437
llama3-8b,rome,counterfact,2,target_close_neighbour,acc,post,0.6
llama3-8b,rome,counterfact,3,efficacy,success,pre,0.0
llama3-8b,rome,counterfact,3,efficacy,diff,pre,-0.1697459130973153
llama3-8b,rome,counterfact,3,efficacy,acc,pre,0.0
llama3-8b,rome,counterfact,3,generalisation,success,pre,0.0
llama3-8b,rome,counterfact,3,generalisation,diff,pre,-0.13498591406009813
llama3-8b,rome,counterfact,3,generalisation,acc,pre,0.0
llama3-8b,rome,counterfact,3,specificity,success,pre,0.3
llama3-8b,rome,counterfact,3,specificity,diff,pre,-0.03252874393447408
llama3-8b,rome,counterfact,3,specificity,acc,pre,0.0
llama3-8b,rome,counterfact,3,target_close_neighbour,success,pre,1.0
llama3-8b,rome,counterfact,3,target_close_neighbour,diff,pre,0.1456747153974075
llama3-8b,rome,counterfact,3,target_close_neighbour,acc,pre,0.1
llama3-8b,rome,counterfact,3,efficacy,success,post,1.0
llama3-8b,rome,counterfact,3,efficacy,diff,post,0.9692932616380753
llama3-8b,rome,counterfact,3,efficacy,acc,post,1.0
llama3-8b,rome,counterfact,3,generalisation,success,post,1.0
llama3-8b,rome,counterfact,3,generalisation,diff,post,0.833216824938906
llama3-8b,rome,counterfact,3,generalisation,acc,post,1.0
llama3-8b,rome,counterfact,3,specificity,success,post,0.5
llama3-8b,rome,counterfact,3,specificity,diff,post,-0.03149548699277876
llama3-8b,rome,counterfact,3,specificity,acc,post,0.0
llama3-8b,rome,counterfact,3,target_close_neighbour,success,post,1.0
llama3-8b,rome,counterfact,3,target_close_neighbour,diff,post,0.17567369696801466
llama3-8b,rome,counterfact,3,target_close_neighbour,acc,post,0.1
llama3-8b,rome,counterfact,4,efficacy,success,pre,0.0
llama3-8b,rome,counterfact,4,efficacy,diff,pre,-2.2771917746545605e-05
llama3-8b,rome,counterfact,4,efficacy,acc,pre,0.0
llama3-8b,rome,counterfact,4,generalisation,success,pre,0.0
llama3-8b,rome,counterfact,4,generalisation,diff,pre,-1.0676113748920616e-05
llama3-8b,rome,counterfact,4,generalisation,acc,pre,0.0
llama3-8b,rome,counterfact,4,specificity,success,pre,0.2
llama3-8b,rome,counterfact,4,specificity,diff,pre,-0.00018899709688531834
llama3-8b,rome,counterfact,4,specificity,acc,pre,0.0
llama3-8b,rome,counterfact,4,target_close_neighbour,success,pre,0.9
llama3-8b,rome,counterfact,4,target_close_neighbour,diff,pre,0.001214846095154634
llama3-8b,rome,counterfact,4,target_close_neighbour,acc,pre,0.0
llama3-8b,rome,counterfact,4,efficacy,success,post,1.0
llama3-8b,rome,counterfact,4,efficacy,diff,post,0.9949162233443506
llama3-8b,rome,counterfact,4,efficacy,acc,post,1.0
llama3-8b,rome,counterfact,4,generalisation,success,post,1.0
llama3-8b,rome,counterfact,4,generalisation,diff,post,0.20241129381394063
llama3-8b,rome,counterfact,4,generalisation,acc,post,0.5
llama3-8b,rome,counterfact,4,specificity,success,post,0.8
llama3-8b,rome,counterfact,4,specificity,diff,post,0.06879105659996215
llama3-8b,rome,counterfact,4,specificity,acc,post,0.0
llama3-8b,rome,counterfact,4,target_close_neighbour,success,post,1.0
llama3-8b,rome,counterfact,4,target_close_neighbour,diff,post,0.12174749908592697
llama3-8b,rome,counterfact,4,target_close_neighbour,acc,post,0.3
llama3-8b,rome,genie,composer_2,efficacy,success,pre,0.0
llama3-8b,rome,genie,composer_2,efficacy,diff,pre,-0.320825650779981
llama3-8b,rome,genie,composer_2,efficacy,acc,pre,0.0
llama3-8b,rome,genie,composer_2,paraphrase_1,success,pre,0.0
llama3-8b,rome,genie,composer_2,paraphrase_1,diff,pre,-0.8570532791137904
llama3-8b,rome,genie,composer_2,paraphrase_1,acc,pre,0.0
llama3-8b,rome,genie,composer_2,paraphrase_2,success,pre,0.0
llama3-8b,rome,genie,composer_2,paraphrase_2,diff,pre,-0.7712498457232887
llama3-8b,rome,genie,composer_2,paraphrase_2,acc,pre,0.0
llama3-8b,rome,genie,composer_2,paraphrase_3,success,pre,0.0
llama3-8b,rome,genie,composer_2,paraphrase_3,diff,pre,-0.7864061245154296
llama3-8b,rome,genie,composer_2,paraphrase_3,acc,pre,0.0
llama3-8b,rome,genie,composer_2,hop_1,success,pre,0.0
llama3-8b,rome,genie,composer_2,hop_1,diff,pre,-0.005889860054774254
llama3-8b,rome,genie,composer_2,hop_1,acc,pre,0.0
llama3-8b,rome,genie,composer_2,hop_2,success,pre,1.0
llama3-8b,rome,genie,composer_2,hop_2,diff,pre,0.080568657616478
llama3-8b,rome,genie,composer_2,hop_2,acc,pre,0.0
llama3-8b,rome,genie,composer_2,hop_3,success,pre,0.0
llama3-8b,rome,genie,composer_2,hop_3,diff,pre,-0.001435770909314531
llama3-8b,rome,genie,composer_2,hop_3,acc,pre,0.0
llama3-8b,rome,genie,composer_2,abstract_1,success,pre,1.0
llama3-8b,rome,genie,composer_2,abstract_1,diff,pre,0.6590349953898652
llama3-8b,rome,genie,composer_2,abstract_1,acc,pre,1.0
llama3-8b,rome,genie,composer_2,abstract_2,hit,pre,0.0
llama3-8b,rome,genie,composer_2,abstract_3,hit,pre,0.0
llama3-8b,rome,genie,composer_2,efficacy,success,post,1.0
llama3-8b,rome,genie,composer_2,efficacy,diff,post,0.011768304116321135
llama3-8b,rome,genie,composer_2,efficacy,acc,post,0.5
llama3-8b,rome,genie,composer_2,paraphrase_1,success,post,0.0
llama3-8b,rome,genie,composer_2,paraphrase_1,diff,post,-0.09169169689937215
llama3-8b,rome,genie,composer_2,paraphrase_1,acc,post,0.5
llama3-8b,rome,genie,composer_2,paraphrase_2,success,post,0.0
llama3-8b,rome,genie,composer_2,paraphrase_2,diff,post,-0.0027518638436216034
llama3-8b,rome,genie,composer_2,paraphrase_2,acc,post,0.5
llama3-8b,rome,genie,composer_2,paraphrase_3,success,post,0.0
llama3-8b,rome,genie,composer_2,paraphrase_3,diff,post,-0.022543184459805833
llama3-8b,rome,genie,composer_2,paraphrase_3,acc,post,0.5
llama3-8b,rome,genie,composer_2,hop_1,success,post,0.0
llama3-8b,rome,genie,composer_2,hop_1,diff,post,-0.0006059937147731735
llama3-8b,rome,genie,composer_2,hop_1,acc,post,0.0
llama3-8b,rome,genie,composer_2,hop_2,success,post,1.0
llama3-8b,rome,genie,composer_2,hop_2,diff,post,0.023186554656970636
llama3-8b,rome,genie,composer_2,hop_2,acc,post,0.0
llama3-8b,rome,genie,composer_2,hop_3,success,post,0.0
llama3-8b,rome,genie,composer_2,hop_3,diff,post,-0.0012256656682093437
llama3-8b,rome,genie,composer_2,hop_3,acc,post,0.0
llama3-8b,rome,genie,composer_2,abstract_1,success,post,1.0
llama3-8b,rome,genie,composer_2,abstract_1,diff,post,0.6492327298745951
llama3-8b,rome,genie,composer_2,abstract_1,acc,post,1.0
llama3-8b,rome,genie,composer_2,abstract_2,hit,post,0.0
llama3-8b,rome,genie,composer_2,abstract_3,hit,post,0.0
llama3-8b,rome,genie,director_3,efficacy,success,pre,0.0
llama3-8b,rome,genie,director_3,efficacy,diff,pre,-0.41994310070278756
llama3-8b,rome,genie,director_3,efficacy,acc,pre,0.3333333333333333
llama3-8b,rome,genie,director_3,paraphrase_1,success,pre,0.0
llama3-8b,rome,genie,director_3,paraphrase_1,diff,pre,-0.7410503557634774
llama3-8b,rome,genie,director_3,paraphrase_1,acc,pre,0.3333333333333333
llama3-8b,rome,genie,director_3,paraphrase_2,success,pre,0.0
llama3-8b,rome,genie,director_3,paraphrase_2,diff,pre,-0.6673397510434274
llama3-8b,rome,genie,director_3,paraphrase_2,acc,pre,0.3333333333333333
llama3-8b,rome,genie,director_3,paraphrase_3,success,pre,0.0
llama3-8b,rome,genie,director_3,paraphrase_3,diff,pre,-0.6516008361765899
llama3-8b,rome,genie,director_3,paraphrase_3,acc,pre,0.3333333333333333
llama3-8b,rome,genie,director_3,hop_1,success,pre,0.0
llama3-8b,rome,genie,director_3,hop_1,diff,pre,-0.003378755560009996
llama3-8b,rome,genie,director_3,hop_1,acc,pre,0.0
llama3-8b,rome,genie,director_3,abstract_3,hit,pre,0.0
llama3-8b,rome,genie,director_3,efficacy,success,post,1.0
llama3-8b,rome,genie,director_3,efficacy,diff,post,0.029605317594951382
llama3-8b,rome,genie,director_3,efficacy,acc,post,0.6666666666666666
llama3-8b,rome,genie,director_3,paraphrase_1,success,post,1.0
llama3-8b,rome,genie,director_3,paraphrase_1,diff,post,0.03279609377122365
llama3-8b,rome,genie,director_3,paraphrase_1,acc,post,0.6666666666666666
llama3-8b,rome,genie,director_3,paraphrase_2,success,post,1.0
llama3-8b,rome,genie,director_3,paraphrase_2,diff,post,0.05904329379470559
llama3-8b,rome,genie,director_3,paraphrase_2,acc,post,0.6666666666666666
llama3-8b,rome,genie,director_3,paraphrase_3,success,post,1.0
llama3-8b,rome,genie,director_3,paraphrase_3,diff,post,0.04711871110404435
llama3-8b,rome,genie,director_3,paraphrase_3,acc,post,0.6666666666666666
llama3-8b,rome,genie,director_3,hop_1,success,post,1.0
llama3-8b,rome,genie,director_3,hop_1,diff,post,2.601067907262287e-05
llama3-8b,rome,genie,director_3,hop_1,acc,post,0.0
llama3-8b,rome,genie,director_3,abstract_3,hit,post,0.0
llama3-8b,rome,genie,composer_4,efficacy,success,pre,0.0
llama3-8b,rome,genie,composer_4,efficacy,diff,pre,-0.598006381239636
llama3-8b,rome,genie,composer_4,efficacy,acc,pre,0.5
llama3-8b,rome,genie,composer_4,paraphrase_1,success,pre,0.0
llama3-8b,rome,genie,composer_4,paraphrase_1,diff,pre,-0.7785549235478918
llama3-8b,rome,genie,composer_4,paraphrase_1,acc,pre,0.5
llama3-8b,rome,genie,composer_4,paraphrase_2,success,pre,0.0
llama3-8b,rome,genie,composer_4,paraphrase_2,diff,pre,-0.9368923444906349
llama3-8b,rome,genie,composer_4,paraphrase_2,acc,pre,0.5
llama3-8b,rome,genie,composer_4,paraphrase_3,success,pre,0.0
llama3-8b,rome,genie,composer_4,paraphrase_3,diff,pre,-0.7820082972647027
llama3-8b,rome,genie,composer_4,paraphrase_3,acc,pre,0.5
llama3-8b,rome,genie,composer_4,hop_1,success,pre,0.0
llama3-8b,rome,genie,composer_4,hop_1,diff,pre,-0.08852083958012388
llama3-8b,rome,genie,composer_4,hop_1,acc,pre,0.5
llama3-8b,rome,genie,composer_4,abstract_2,hit,pre,0.0
llama3-8b,rome,genie,composer_4,abstract_3,hit,pre,0.0
llama3-8b,rome,genie,composer_4,efficacy,success,post,1.0
llama3-8b,rome,genie,composer_4,efficacy,diff,post,0.108563146098403
llama3-8b,rome,genie,composer_4,efficacy,acc,post,0.5
llama3-8b,rome,genie,composer_4,paraphrase_1,success,post,0.0
llama3-8b,rome,genie,composer_4,paraphrase_1,diff,post,-0.13373405635597657
llama3-8b,rome,genie,composer_4,paraphrase_1,acc,post,0.5
llama3-8b,rome,genie,composer_4,paraphrase_2,success,post,1.0
llama3-8b,rome,genie,composer_4,paraphrase_2,diff,post,0.10069266241913302
llama3-8b,rome,genie,composer_4,paraphrase_2,acc,post,0.5
llama3-8b,rome,genie,composer_4,paraphrase_3,success,post,1.0
llama3-8b,rome,genie,composer_4,paraphrase_3,diff,post,0.17283899889239757
llama3-8b,rome,genie,composer_4,paraphrase_3,acc,post,0.5
llama3-8b,rome,genie,composer_4,hop_1,success,post,1.0
llama3-8b,rome,genie,composer_4,hop_1,diff,post,0.0012797045465020168
llama3-8b,rome,genie,composer_4,hop_1,acc,post,0.3333333333333333
llama3-8b,rome,genie,composer_4,abstract_2,hit,post,0.0
llama3-8b,rome,genie,composer_4,abstract_3,hit,post,0.0
llama3-8b,rome,genie,production_company_5,efficacy,success,pre,0.0
llama3-8b,rome,genie,production_company_5,efficacy,diff,pre,-0.06770304909204113
llama3-8b,rome,genie,production_company_5,efficacy,acc,pre,0.5
llama3-8b,rome,genie,production_company_5,paraphrase_1,success,pre,0.0
llama3-8b,rome,genie,production_company_5,paraphrase_1,diff,pre,-0.26988798561251076
llama3-8b,rome,genie,production_company_5,paraphrase_1,acc,pre,0.5
llama3-8b,rome,genie,production_company_5,paraphrase_2,success,pre,0.0
llama3-8b,rome,genie,production_company_5,paraphrase_2,diff,pre,-0.5448667024825531
llama3-8b,rome,genie,production_company_5,paraphrase_2,acc,pre,0.5
llama3-8b,rome,genie,production_company_5,paraphrase_3,success,pre,0.0
llama3-8b,rome,genie,production_company_5,paraphrase_3,diff,pre,-0.2504338707629176
llama3-8b,rome,genie,production_company_5,paraphrase_3,acc,pre,0.5
llama3-8b,rome,genie,production_company_5,hop_1,success,pre,0.0
llama3-8b,rome,genie,production_company_5,hop_1,diff,pre,-0.0009198993196863152
llama3-8b,rome,genie,production_company_5,hop_1,acc,pre,0.0
llama3-8b,rome,genie,production_company_5,abstract_1,success,pre,1.0
llama3-8b,rome,genie,production_company_5,abstract_1,diff,pre,0.5718697379593533
llama3-8b,rome,genie,production_company_5,abstract_1,acc,pre,0.75
llama3-8b,rome,genie,production_company_5,abstract_2,hit,pre,0.0
llama3-8b,rome,genie,production_company_5,abstract_3,hit,pre,0.0
llama3-8b,rome,genie,production_company_5,efficacy,success,post,1.0
llama3-8b,rome,genie,production_company_5,efficacy,diff,post,0.69754465679479
llama3-8b,rome,genie,production_company_5,efficacy,acc,post,1.0
llama3-8b,rome,genie,production_company_5,paraphrase_1,success,post,1.0
llama3-8b,rome,genie,production_company_5,paraphrase_1,diff,post,0.6879647083301412
llama3-8b,rome,genie,production_company_5,paraphrase_1,acc,post,1.0
llama3-8b,rome,genie,production_company_5,paraphrase_2,success,post,1.0
llama3-8b,rome,genie,production_company_5,paraphrase_2,diff,post,0.6915129763390148
llama3-8b,rome,genie,production_company_5,paraphrase_2,acc,post,1.0
llama3-8b,rome,genie,production_company_5,paraphrase_3,success,post,1.0
llama3-8b,rome,genie,production_company_5,paraphrase_3,diff,post,0.7345186135018625
llama3-8b,rome,genie,production_company_5,paraphrase_3,acc,post,1.0
llama3-8b,rome,genie,production_company_5,hop_1,success,post,1.0
llama3-8b,rome,genie,production_company_5,hop_1,diff,post,0.0016449540432877923
llama3-8b,rome,genie,production_company_5,hop_1,acc,post,0.0
llama3-8b,rome,genie,production_company_5,abstract_1,success,post,1.0
llama3-8b,rome,genie,production_company_5,abstract_1,diff,post,0.5562781505418912
llama3-8b,rome,genie,production_company_5,abstract_1,acc,post,0.75
llama3-8b,rome,genie,production_company_5,abstract_2,hit,post,1.0
llama3-8b,rome,genie,production_company_5,abstract_3,hit,post,0.0
llama3-8b,rome,genie,country_13,efficacy,success,pre,0.0
llama3-8b,rome,genie,country_13,efficacy,diff,pre,-0.04438034871032675
llama3-8b,rome,genie,country_13,efficacy,acc,pre,0.0
llama3-8b,rome,genie,country_13,paraphrase_1,success,pre,0.0
llama3-8b,rome,genie,country_13,paraphrase_1,diff,pre,-0.3156646634523208
llama3-8b,rome,genie,country_13,paraphrase_1,acc,pre,0.0
llama3-8b,rome,genie,country_13,paraphrase_2,success,pre,0.0
llama3-8b,rome,genie,country_13,paraphrase_2,diff,pre,-0.24617087017933548
llama3-8b,rome,genie,country_13,paraphrase_2,acc,pre,0.0
llama3-8b,rome,genie,country_13,paraphrase_3,success,pre,0.0
llama3-8b,rome,genie,country_13,paraphrase_3,diff,pre,-0.1390489186106315
llama3-8b,rome,genie,country_13,paraphrase_3,acc,pre,0.0
llama3-8b,rome,genie,country_13,hop_1,success,pre,0.0
llama3-8b,rome,genie,country_13,hop_1,diff,pre,-0.0144197723647481
llama3-8b,rome,genie,country_13,hop_1,acc,pre,0.0
llama3-8b,rome,genie,country_13,abstract_1,success,pre,1.0
llama3-8b,rome,genie,country_13,abstract_1,diff,pre,0.39571810950808356
llama3-8b,rome,genie,country_13,abstract_1,acc,pre,1.0
llama3-8b,rome,genie,country_13,abstract_3,hit,pre,0.0
llama3-8b,rome,genie,country_13,efficacy,success,post,0.0
llama3-8b,rome,genie,country_13,efficacy,diff,post,-0.9620717004215492
llama3-8b,rome,genie,country_13,efficacy,acc,post,0.5
llama3-8b,rome,genie,country_13,paraphrase_1,success,post,0.0
llama3-8b,rome,genie,country_13,paraphrase_1,diff,post,-0.7229809199587099
llama3-8b,rome,genie,country_13,paraphrase_1,acc,post,0.5
llama3-8b,rome,genie,country_13,paraphrase_2,success,post,0.0
llama3-8b,rome,genie,country_13,paraphrase_2,diff,post,-0.7591665529145131
llama3-8b,rome,genie,country_13,paraphrase_2,acc,post,0.5
llama3-8b,rome,genie,country_13,paraphrase_3,success,post,0.0
llama3-8b,rome,genie,country_13,paraphrase_3,diff,post,-0.9029126273233895
llama3-8b,rome,genie,country_13,paraphrase_3,acc,post,0.5
llama3-8b,rome,genie,country_13,hop_1,success,post,0.0
llama3-8b,rome,genie,country_13,hop_1,diff,post,-0.09694925893599778
llama3-8b,rome,genie,country_13,hop_1,acc,post,0.0
llama3-8b,rome,genie,country_13,abstract_1,success,post,1.0
llama3-8b,rome,genie,country_13,abstract_1,diff,post,0.10071525576046375
llama3-8b,rome,genie,country_13,abstract_1,acc,post,0.75
llama3-8b,rome,genie,country_13,abstract_3,hit,post,0.0
llama3-8b,rome,mquake,1,efficacy,success,pre,0.5
llama3-8b,rome,mquake,1,efficacy,diff,pre,-0.12516460852795738
llama3-8b,rome,mquake,1,efficacy,acc,pre,0.3333333333333333
llama3-8b,rome,mquake,1,single_hop,success,pre,0.5
llama3-8b,rome,mquake,1,single_hop,diff,pre,-0.12516460852795738
llama3-8b,rome,mquake,1,single_hop,acc,pre,0.3333333333333333
llama3-8b,rome,mquake,1,multihop,hit,pre,0.0
llama3-8b,rome,mquake,1,efficacy,success,post,1.0
llama3-8b,rome,mquake,1,efficacy,diff,post,0.5148507310801338
llama3-8b,rome,mquake,1,efficacy,acc,post,0.75
llama3-8b,rome,mquake,1,single_hop,success,post,1.0
llama3-8b,rome,mquake,1,single_hop,diff,post,0.5148507310801338
llama3-8b,rome,mquake,1,single_hop,acc,post,0.75
llama3-8b,rome,mquake,1,multihop,hit,post,0.0
llama3-8b,rome,mquake,2,efficacy,success,pre,0.0
llama3-8b,rome,mquake,2,efficacy,diff,pre,-0.5267057367602159
llama3-8b,rome,mquake,2,efficacy,acc,pre,0.25
llama3-8b,rome,mquake,2,single_hop,success,pre,0.5
llama3-8b,rome,mquake,2,single_hop,diff,pre,-0.16526882502839385
llama3-8b,rome,mquake,2,single_hop,acc,pre,0.625
llama3-8b,rome,mquake,2,multihop,hit,pre,0.0
llama3-8b,rome,mquake,2,efficacy,success,post,0.0
llama3-8b,rome,mquake,2,efficacy,diff,post,-0.1297046403489053
llama3-8b,rome,mquake,2,efficacy,acc,post,0.25
llama3-8b,rome,mquake,2,single_hop,success,post,0.5
llama3-8b,rome,mquake,2,single_hop,diff,post,0.02239073147753952
llama3-8b,rome,mquake,2,single_hop,acc,post,0.625
llama3-8b,rome,mquake,2,multihop,hit,post,1.0
llama3-8b,rome,mquake,3,efficacy,success,pre,0.0
llama3-8b,rome,mquake,3,efficacy,diff,pre,-0.9471558434905721
llama3-8b,rome,mquake,3,efficacy,acc,pre,0.5
llama3-8b,rome,mquake,3,single_hop,success,pre,0.5
llama3-8b,rome,mquake,3,single_hop,diff,pre,-0.44308061206966204
llama3-8b,rome,mquake,3,single_hop,acc,pre,0.25
llama3-8b,rome,mquake,3,multihop,hit,pre,0.0
llama3-8b,rome,mquake,3,efficacy,success,post,1.0
llama3-8b,rome,mquake,3,efficacy,diff,post,0.9861279009078611
llama3-8b,rome,mquake,3,efficacy,acc,post,1.0
llama3-8b,rome,mquake,3,single_hop,success,post,1.0
llama3-8b,rome,mquake,3,single_hop,diff,post,0.5806276269732409
llama3-8b,rome,mquake,3,single_hop,acc,post,0.5
llama3-8b,rome,mquake,3,multihop,hit,post,0.0
llama3-8b,rome,mquake,4,efficacy,success,pre,0.0
llama3-8b,rome,mquake,4,efficacy,diff,pre,-0.09838012555666456
llama3-8b,rome,mquake,4,efficacy,acc,pre,0.6666666666666666
llama3-8b,rome,mquake,4,single_hop,success,pre,0.5
llama3-8b,rome,mquake,4,single_hop,diff,pre,-0.049114836266503516
llama3-8b,rome,mquake,4,single_hop,acc,pre,0.3333333333333333
llama3-8b,rome,mquake,4,multihop,hit,pre,0.0
llama3-8b,rome,mquake,4,efficacy,success,post,1.0
llama3-8b,rome,mquake,4,efficacy,diff,post,0.061624297468575874
llama3-8b,rome,mquake,4,efficacy,acc,post,0.8333333333333334
llama3-8b,rome,mquake,4,single_hop,success,post,1.0
llama3-8b,rome,mquake,4,single_hop,diff,post,0.030921688402856005
llama3-8b,rome,mquake,4,single_hop,acc,post,0.4166666666666667
llama3-8b,rome,mquake,4,multihop,hit,post,0.0
llama3-8b,rome,mquake,5,efficacy,success,pre,0.0
llama3-8b,rome,mquake,5,efficacy,diff,pre,-0.19261296640240017
llama3-8b,rome,mquake,5,efficacy,acc,pre,0.2
llama3-8b,rome,mquake,5,single_hop,success,pre,0.0
llama3-8b,rome,mquake,5,single_hop,diff,pre,-0.19261296640240017
llama3-8b,rome,mquake,5,single_hop,acc,pre,0.2
llama3-8b,rome,mquake,5,multihop,hit,pre,0.0
llama3-8b,rome,mquake,5,efficacy,success,post,0.5
llama3-8b,rome,mquake,5,efficacy,diff,post,0.22677514914709876
llama3-8b,rome,mquake,5,efficacy,acc,post,0.55
llama3-8b,rome,mquake,5,single_hop,success,post,0.5
llama3-8b,rome,mquake,5,single_hop,diff,post,0.22677514914709876
llama3-8b,rome,mquake,5,single_hop,acc,post,0.55
llama3-8b,rome,mquake,5,multihop,hit,post,0.0
llama3-8b,rome,ripple,ripple_popular_row0,efficacy,hit,pre,0.0
llama3-8b,rome,ripple,ripple_popular_row0,ripple_compositional_i,hit,pre,0.0
llama3-8b,rome,ripple,ripple_popular_row0,ripple_aliasing,hit,pre,0.0
llama3-8b,rome,ripple,ripple_popular_row0,ripple_relation_specificity,hit,pre,0.7777777777777778
llama3-8b,rome,ripple,ripple_popular_row0,ripple_preservation,hit,pre,0.0
llama3-8b,rome,ripple,ripple_popular_row0,efficacy,hit,post,1.0
llama3-8b,rome,ripple,ripple_popular_row0,ripple_compositional_i,hit,post,0.42857142857142855
llama3-8b,rome,ripple,ripple_popular_row0,ripple_aliasing,hit,post,1.0
llama3-8b,rome,ripple,ripple_popular_row0,ripple_relation_specificity,hit,post,0.1111111111111111
llama3-8b,rome,ripple,ripple_popular_row0,ripple_preservation,hit,post,0.0
llama3-8b,rome,ripple,ripple_popular_row2,efficacy,hit,pre,0.0
llama3-8b,rome,ripple,ripple_popular_row2,ripple_logical,hit,pre,0.0
llama3-8b,rome,ripple,ripple_popular_row2,ripple_compositional_i,hit,pre,0.0
llama3-8b,rome,ripple,ripple_popular_row2,ripple_aliasing,hit,pre,0.0
llama3-8b,rome,ripple,ripple_popular_row2,ripple_relation_specificity,hit,pre,0.5555555555555556
llama3-8b,rome,ripple,ripple_popular_row2,ripple_preservation,hit,pre,1.0
llama3-8b,rome,ripple,ripple_popular_row2,efficacy,hit,post,0.0
llama3-8b,rome,ripple,ripple_popular_row2,ripple_logical,hit,post,0.0
llama3-8b,rome,ripple,ripple_popular_row2,ripple_compositional_i,hit,post,0.0
llama3-8b,rome,ripple,ripple_popular_row2,ripple_aliasing,hit,post,0.8333333333333334
llama3-8b,rome,ripple,ripple_popular_row2,ripple_relation_specificity,hit,post,0.2222222222222222
llama3-8b,rome,ripple,ripple_popular_row2,ripple_preservation,hit,post,0.0
llama3-8b,rome,ripple,ripple_popular_row4,efficacy,hit,pre,0.0
llama3-8b,rome,ripple,ripple_popular_row4,ripple_logical,hit,pre,0.0
llama3-8b,rome,ripple,ripple_popular_row4,ripple_aliasing,hit,pre,0.0
llama3-8b,rome,ripple,ripple_popular_row4,ripple_relation_specificity,hit,pre,0.3333333333333333
llama3-8b,rome,ripple,ripple_popular_row4,ripple_preservation,hit,pre,0.0
llama3-8b,rome,ripple,ripple_popular_row4,efficacy,hit,post,0.0
llama3-8b,rome,ripple,ripple_popular_row4,ripple_logical,hit,post,0.0
llama3-8b,rome,ripple,ripple_popular_row4,ripple_aliasing,hit,post,0.0
llama3-8b,rome,ripple,ripple_popular_row4,ripple_relation_specificity,hit,post,0.3333333333333333
llama3-8b,rome,ripple,ripple_popular_row4,ripple_preservation,hit,post,0.0
llama3-8b,rome,ripple,ripple_random_row0,efficacy,hit,pre,0.0
llama3-8b,rome,ripple,ripple_random_row0,ripple_logical,hit,pre,0.0
llama3-8b,rome,ripple,ripple_random_row0,ripple_aliasing,hit,pre,0.0
llama3-8b,rome,ripple,ripple_random_row0,ripple_relation_specificity,hit,pre,0.0
llama3-8b,rome,ripple,ripple_random_row0,efficacy,hit,post,0.0
llama3-8b,rome,ripple,ripple_random_row0,ripple_logical,hit,post,0.0
llama3-8b,rome,ripple,ripple_random_row0,ripple_aliasing,hit,post,0.0
llama3-8b,rome,ripple,ripple_random_row0,ripple_relation_specificity,hit,post,0.0
llama3-8b,rome,ripple,ripple_random_row1,efficacy,hit,pre,0.0
llama3-8b,rome,ripple,ripple_random_row1,ripple_compositional_i,hit,pre,0.0
llama3-8b,rome,ripple,ripple_random_row1,ripple_aliasing,hit,pre,0.0
llama3-8b,rome,ripple,ripple_random_row1,ripple_relation_specificity,hit,pre,0.0
llama3-8b,rome,ripple,ripple_random_row1,efficacy,hit,post,0.0
llama3-8b,rome,ripple,ripple_random_row1,ripple_compositional_i,hit,post,0.0
llama3-8b,rome,ripple,ripple_random_row1,ripple_aliasing,hit,post,0.0
llama3-8b,rome,ripple,ripple_random_row1,ripple_relation_specificity,hit,post,0.0
llama3-8b,rome,ripple,ripple_random_row2,efficacy,hit,pre,0.0
llama3-8b,rome,ripple,ripple_random_row2,ripple_compositional_i,hit,pre,0.0
llama3-8b,rome,ripple,ripple_random_row2,ripple_aliasing,hit,pre,0.0
llama3-8b,rome,ripple,ripple_random_row2,efficacy,hit,post,0.0
llama3-8b,rome,ripple,ripple_random_row2,ripple_compositional_i,hit,post,0.0
llama3-8b,rome,ripple,ripple_random_row2,ripple_aliasing,hit,post,0.0
llama3-8b,rome,ripple,ripple_random_row3,efficacy,hit,pre,0.0
llama3-8b,rome,ripple,ripple_random_row3,ripple_aliasing,hit,pre,0.0
llama3-8b,rome,ripple,ripple_random_row3,ripple_relation_specificity,hit,pre,0.25
llama3-8b,rome,ripple,ripple_random_row3,ripple_preservation,hit,pre,0.0
llama3-8b,rome,ripple,ripple_random_row3,efficacy,hit,post,0.0
llama3-8b,rome,ripple,ripple_random_row3,ripple_aliasing,hit,post,0.0
llama3-8b,rome,ripple,ripple_random_row3,ripple_relation_specificity,hit,post,0.25
llama3-8b,rome,ripple,ripple_random_row3,ripple_preservation,hit,post,0.0
llama3-8b,rome,ripple,ripple_random_row4,efficacy,hit,pre,0.0
llama3-8b,rome,ripple,ripple_random_row4,ripple_aliasing,hit,pre,0.0
llama3-8b,rome,ripple,ripple_random_row4,ripple_relation_specificity,hit,pre,0.6666666666666666
llama3-8b,rome,ripple,ripple_random_row4,ripple_preservation,hit,pre,0.0
llama3-8b,rome,ripple,ripple_random_row4,efficacy,hit,post,0.0
llama3-8b,rome,ripple,ripple_random_row4,ripple_aliasing,hit,post,0.0
llama3-8b,rome,ripple,ripple_random_row4,ripple_relation_specificity,hit,post,0.3333333333333333
llama3-8b,rome,ripple,ripple_random_row4,ripple_preservation,hit,post,0.0
llama3-8b,rome,zsre,zsre_row0,efficacy,success,pre,1.0
llama3-8b,rome,zsre,zsre_row0,efficacy,diff,pre,0.0369414045465265
llama3-8b,rome,zsre,zsre_row0,efficacy,acc,pre,0.3333333333333333
llama3-8b,rome,zsre,zsre_row0,generalisation,success,pre,1.0
llama3-8b,rome,zsre,zsre_row0,generalisation,diff,pre,0.016267404748743455
llama3-8b,rome,zsre,zsre_row0,generalisation,acc,pre,0.3333333333333333
llama3-8b,rome,zsre,zsre_row0,specificity,success,pre,0.0
llama3-8b,rome,zsre,zsre_row0,specificity,diff,pre,-0.00038704909303236695
llama3-8b,rome,zsre,zsre_row0,specificity,acc,pre,0.6666666666666666
llama3-8b,rome,zsre,zsre_row0,efficacy,success,post,1.0
llama3-8b,rome,zsre,zsre_row0,efficacy,diff,post,0.10159332695554386
llama3-8b,rome,zsre,zsre_row0,efficacy,acc,post,0.6666666666666666
llama3-8b,rome,zsre,zsre_row0,generalisation,success,post,1.0
llama3-8b,rome,zsre,zsre_row0,generalisation,diff,post,0.2109535488610529
llama3-8b,rome,zsre,zsre_row0,generalisation,acc,post,0.6666666666666666
llama3-8b,rome,zsre,zsre_row0,specificity,success,post,0.0
llama3-8b,rome,zsre,zsre_row0,specificity,diff,post,-0.0006382007577875265
llama3-8b,rome,zsre,zsre_row0,specificity,acc,post,0.6666666666666666
llama3-8b,rome,zsre,zsre_row1,efficacy,success,pre,0.0
llama3-8b,rome,zsre,zsre_row1,efficacy,diff,pre,-0.1378009694705405
llama3-8b,rome,zsre,zsre_row1,efficacy,acc,pre,0.0
llama3-8b,rome,zsre,zsre_row1,generalisation,success,pre,0.0
llama3-8b,rome,zsre,zsre_row1,generalisation,diff,pre,-0.1258746068663492
llama3-8b,rome,zsre,zsre_row1,generalisation,acc,pre,0.0
llama3-8b,rome,zsre,zsre_row1,specificity,success,pre,0.0
llama3-8b,rome,zsre,zsre_row1,specificity,diff,pre,-0.0034145509734565573
llama3-8b,rome,zsre,zsre_row1,specificity,acc,pre,0.5
llama3-8b,rome,zsre,zsre_row1,efficacy,success,post,0.0
llama3-8b,rome,zsre,zsre_row1,efficacy,diff,post,-0.2272523415873008
llama3-8b,rome,zsre,zsre_row1,efficacy,acc,post,0.3333333333333333
llama3-8b,rome,zsre,zsre_row1,generalisation,success,post,0.0
llama3-8b,rome,zsre,zsre_row1,generalisation,diff,post,-0.2546090742433963
llama3-8b,rome,zsre,zsre_row1,generalisation,acc,post,0.3333333333333333
llama3-8b,rome,zsre,zsre_row1,specificity,success,post,0.0
llama3-8b,rome,zsre,zsre_row1,specificity,diff,post,-0.0029745555548865814
llama3-8b,rome,zsre,zsre_row1,specificity,acc,post,0.5
llama3-8b,rome,zsre,zsre_row2,efficacy,success,pre,1.0
llama3-8b,rome,zsre,zsre_row2,efficacy,diff,pre,1.208607070673092e-06
llama3-8b,rome,zsre,zsre_row2,efficacy,acc,pre,0.0
llama3-8b,rome,zsre,zsre_row2,generalisation,success,pre,0.0
llama3-8b,rome,zsre,zsre_row2,generalisation,diff,pre,-3.4509760115199677e-06
llama3-8b,rome,zsre,zsre_row2,generalisation,acc,pre,0.0
llama3-8b,rome,zsre,zsre_row2,specificity,success,pre,0.0
llama3-8b,rome,zsre,zsre_row2,specificity,diff,pre,-0.004027526213683726
llama3-8b,rome,zsre,zsre_row2,specificity,acc,pre,0.3333333333333333
llama3-8b,rome,zsre,zsre_row2,efficacy,success,post,1.0
llama3-8b,rome,zsre,zsre_row2,efficacy,diff,post,0.9946414309049814
llama3-8b,rome,zsre,zsre_row2,efficacy,acc,post,1.0
llama3-8b,rome,zsre,zsre_row2,generalisation,success,post,1.0
llama3-8b,rome,zsre,zsre_row2,generalisation,diff,post,0.9930044652758417
llama3-8b,rome,zsre,zsre_row2,generalisation,acc,post,1.0
llama3-8b,rome,zsre,zsre_row2,specificity,success,post,0.0
llama3-8b,rome,zsre,zsre_row2,specificity,diff,post,-0.003924161328151777
llama3-8b,rome,zsre,zsre_row2,specificity,acc,post,0.3333333333333333
llama3-8b,rome,zsre,zsre_row3,efficacy,success,pre,0.0
llama3-8b,rome,zsre,zsre_row3,efficacy,diff,pre,-0.058418318212685255
llama3-8b,rome,zsre,zsre_row3,efficacy,acc,pre,0.5
llama3-8b,rome,zsre,zsre_row3,generalisation,success,pre,0.0
llama3-8b,rome,zsre,zsre_row3,generalisation,diff,pre,-0.11300777712207462
llama3-8b,rome,zsre,zsre_row3,generalisation,acc,pre,0.75
llama3-8b,rome,zsre,zsre_row3,specificity,success,pre,1.0
llama3-8b,rome,zsre,zsre_row3,specificity,diff,pre,0.0058963752025680315
llama3-8b,rome,zsre,zsre_row3,specificity,acc,pre,0.5
llama3-8b,rome,zsre,zsre_row3,efficacy,success,post,1.0
llama3-8b,rome,zsre,zsre_row3,efficacy,diff,post,0.004429923912018321
llama3-8b,rome,zsre,zsre_row3,efficacy,acc,post,0.5
llama3-8b,rome,zsre,zsre_row3,generalisation,success,post,1.0
llama3-8b,rome,zsre,zsre_row3,generalisation,diff,post,0.006234953038704846
llama3-8b,rome,zsre,zsre_row3,generalisation,acc,post,0.5
llama3-8b,rome,zsre,zsre_row3,specificity,success,post,1.0
llama3-8b,rome,zsre,zsre_row3,specificity,diff,post,0.0048627638147541894
llama3-8b,rome,zsre,zsre_row3,specificity,acc,post,0.5
llama3-8b,rome,zsre,zsre_row4,efficacy,success,pre,0.0
llama3-8b,rome,zsre,zsre_row4,efficacy,diff,pre,-0.14452349405602496
llama3-8b,rome,zsre,zsre_row4,efficacy,acc,pre,0.3333333333333333
llama3-8b,rome,zsre,zsre_row4,generalisation,success,pre,0.0
llama3-8b,rome,zsre,zsre_row4,generalisation,diff,pre,-0.14434793225138798
llama3-8b,rome,zsre,zsre_row4,generalisation,acc,pre,0.0
llama3-8b,rome,zsre,zsre_row4,specificity,success,pre,0.0
llama3-8b,rome,zsre,zsre_row4,specificity,diff,pre,-0.013939163292535884
llama3-8b,rome,zsre,zsre_row4,specificity,acc,pre,0.6
llama3-8b,rome,zsre,zsre_row4,efficacy,success,post,1.0
llama3-8b,rome,zsre,zsre_row4,efficacy,diff,post,0.034432126556695024
llama3-8b,rome,zsre,zsre_row4,efficacy,acc,post,0.6666666666666666
llama3-8b,rome,zsre,zsre_row4,generalisation,success,post,0.0
llama3-8b,rome,zsre,zsre_row4,generalisation,diff,post,-0.10292668254317414
llama3-8b,rome,zsre,zsre_row4,generalisation,acc,post,0.3333333333333333
llama3-8b,rome,zsre,zsre_row4,specificity,success,post,0.0
llama3-8b,rome,zsre,zsre_row4,specificity,diff,post,-0.012424740797583548
llama3-8b,rome,zsre,zsre_row4,specificity,acc,post,0.6
